{"type":"FeatureCollection","features":[{"type":"Feature","properties":{"Country/Region":"France","Province/State":"Île-de-France","Code":"11","Population":{"Total":12278210,"Under19":3140965,"Under39":3409765,"Under59":3210447,"Under74":1658207,"Over75":858826},"Beds":{"Resuscitation":1147,"IntensiveCare":2512,"Total":3659},"Deaths":3300,"Recovered":8313,"Severe":12861,"Critical":2665,"Emergencies":{"Suspected":966,"Total":4284,"Severe":369,"Suspected/Accumulated":34207,"Total/Accumulated":223961,"Severe/Accumulated":11483},"MedicalActs":{"Suspected":121,"Total":865,"Suspected/Accumulated":8730,"Total/Accumulated":65510},"MedicalTests":{"Total":2829,"Confirmed":960,"Total/Accumulated":34299,"Confirmed/Accumulated":13143},"Confirmed":7660},"geometry":{"type":"Point","coordinates":[2.5292589766081885,48.704415292397634]}},{"type":"Feature","properties":{"Country/Region":"France","Province/State":"Centre-Val de Loire","Code":"24","Population":{"Total":2559073,"Under19":598570,"Under39":541141,"Under59":661150,"Under74":478923,"Over75":279289},"Beds":{"Resuscitation":180,"IntensiveCare":346,"Total":526},"Deaths":179,"Recovered":528,"Severe":894,"Critical":210,"Emergencies":{"Suspected":94,"Total":922,"Severe":18,"Suspected/Accumulated":2148,"Total/Accumulated":43952,"Severe/Accumulated":639},"MedicalActs":{"Suspected":20,"Total":139,"Suspected/Accumulated":538,"Total/Accumulated":12738},"MedicalTests":{"Total":582,"Confirmed":154,"Total/Accumulated":5564,"Confirmed/Accumulated":1345},"Confirmed":1157},"geometry":{"type":"Point","coordinates":[1.6429664800000017,47.54357092799999]}},{"type":"Feature","properties":{"Country/Region":"France","Province/State":"Bourgogne-Franche-Comté","Code":"27","Population":{"Total":2783039,"Under19":627017,"Under39":591411,"Under59":715664,"Under74":540051,"Over75":308896},"Beds":{"Resuscitation":198,"IntensiveCare":642,"Total":840},"Deaths":459,"Recovered":1309,"Severe":1282,"Critical":290,"Emergencies":{"Suspected":212,"Total":1201,"Severe":88,"Suspected/Accumulated":6689,"Total/Accumulated":56106,"Severe/Accumulated":2787},"MedicalActs":{"Suspected":20,"Total":128,"Suspected/Accumulated":1175,"Total/Accumulated":10688},"MedicalTests":{"Total":478,"Confirmed":82,"Total/Accumulated":4392,"Confirmed/Accumulated":861},"Confirmed":1569},"geometry":{"type":"Point","coordinates":[4.731409826897467,47.2969232490013]}},{"type":"Feature","properties":{"Country/Region":"France","Province/State":"Normandie","Code":"28","Population":{"Total":3303500,"Under19":781337,"Under39":727044,"Under59":842963,"Under74":615474,"Over75":336682},"Beds":{"Resuscitation":240,"IntensiveCare":548,"Total":788},"Deaths":188,"Recovered":512,"Severe":741,"Critical":210,"Emergencies":{"Suspected":86,"Total":1319,"Severe":47,"Suspected/Accumulated":2560,"Total/Accumulated":61194,"Severe/Accumulated":824},"MedicalActs":{"Suspected":26,"Total":248,"Suspected/Accumulated":1829,"Total/Accumulated":18448},"MedicalTests":{"Total":580,"Confirmed":82,"Total/Accumulated":5239,"Confirmed/Accumulated":859},"Confirmed":912},"geometry":{"type":"Point","coordinates":[-0.022673401869158984,49.066630336448576]}},{"type":"Feature","properties":{"Country/Region":"France","Province/State":"Hauts-de-France","Code":"32","Population":{"Total":5962662,"Under19":1525538,"Under39":1443348,"Under59":1522690,"Under74":994313,"Over75":476773},"Beds":{"Resuscitation":438,"IntensiveCare":1338,"Total":1776},"Deaths":762,"Recovered":1873,"Severe":2456,"Critical":564,"Emergencies":{"Suspected":259,"Total":2182,"Severe":90,"Suspected/Accumulated":6972,"Total/Accumulated":94137,"Severe/Accumulated":2421},"MedicalActs":{"Suspected":50,"Total":414,"Suspected/Accumulated":2722,"Total/Accumulated":37359},"MedicalTests":{"Total":643,"Confirmed":143,"Total/Accumulated":6947,"Confirmed/Accumulated":1985},"Confirmed":3011},"geometry":{"type":"Point","coordinates":[2.8852615671641804,49.86155781716422]}},{"type":"Feature","properties":{"Country/Region":"France","Province/State":"Grand Est","Code":"44","Population":{"Total":5511747,"Under19":1258123,"Under39":1291962,"Under59":1448828,"Under74":988178,"Over75":524656},"Beds":{"Resuscitation":465,"IntensiveCare":840,"Total":1305},"Deaths":1952,"Recovered":4445,"Severe":4899,"Critical":889,"Emergencies":{"Suspected":219,"Total":1860,"Severe":116,"Suspected/Accumulated":11625,"Total/Accumulated":97812,"Severe/Accumulated":5853},"MedicalActs":{"Suspected":97,"Total":724,"Suspected/Accumulated":4176,"Total/Accumulated":29964},"MedicalTests":{"Total":500,"Confirmed":79,"Total/Accumulated":10271,"Confirmed/Accumulated":2668},"Confirmed":5479},"geometry":{"type":"Point","coordinates":[5.509890203045682,48.670969771573546]}},{"type":"Feature","properties":{"Country/Region":"France","Province/State":"Pays de la Loire","Code":"52","Population":{"Total":3801797,"Under19":933509,"Under39":853729,"Under59":970508,"Under74":667531,"Over75":376520},"Beds":{"Resuscitation":181,"IntensiveCare":572,"Total":753},"Deaths":194,"Recovered":641,"Severe":772,"Critical":180,"Emergencies":{"Suspected":145,"Total":1206,"Severe":88,"Suspected/Accumulated":4303,"Total/Accumulated":50402,"Severe/Accumulated":1888},"MedicalActs":{"Suspected":27,"Total":313,"Suspected/Accumulated":1919,"Total/Accumulated":18883},"MedicalTests":{"Total":16,"Confirmed":1,"Total/Accumulated":539,"Confirmed/Accumulated":59},"Confirmed":1630},"geometry":{"type":"Point","coordinates":[-0.8763313771517983,47.44186302034428]}},{"type":"Feature","properties":{"Country/Region":"France","Province/State":"Bretagne","Code":"53","Population":{"Total":3340379,"Under19":773631,"Under39":714512,"Under59":866988,"Under74":632104,"Over75":353144},"Beds":{"Resuscitation":162,"IntensiveCare":462,"Total":624},"Deaths":121,"Recovered":431,"Severe":490,"Critical":127,"Emergencies":{"Suspected":62,"Total":1254,"Severe":42,"Suspected/Accumulated":3120,"Total/Accumulated":56197,"Severe/Accumulated":931},"MedicalActs":{"Suspected":16,"Total":222,"Suspected/Accumulated":728,"Total/Accumulated":14868},"MedicalTests":{"Total":8,"Total/Accumulated":135,"Confirmed/Accumulated":16},"Confirmed":962},"geometry":{"type":"Point","coordinates":[-3.104342941176476,48.146701189258316]}},{"type":"Feature","properties":{"Country/Region":"France","Province/State":"Nouvelle-Aquitaine","Code":"75","Population":{"Total":5999982,"Under19":1293321,"Under39":1274746,"Under59":1561754,"Under74":1177229,"Over75":692932},"Beds":{"Resuscitation":412,"IntensiveCare":946,"Total":1358},"Deaths":174,"Recovered":789,"Severe":775,"Critical":229,"Emergencies":{"Suspected":177,"Total":2345,"Severe":86,"Suspected/Accumulated":6268,"Total/Accumulated":103049,"Severe/Accumulated":2466},"MedicalActs":{"Suspected":57,"Total":678,"Suspected/Accumulated":4697,"Total/Accumulated":48560},"MedicalTests":{"Total":539,"Confirmed":31,"Total/Accumulated":7526,"Confirmed/Accumulated":627},"Confirmed":1007},"geometry":{"type":"Point","coordinates":[0.16186906163753495,45.156971701931916]}},{"type":"Feature","properties":{"Country/Region":"France","Province/State":"Occitanie","Code":"76","Population":{"Total":5924858,"Under19":1320456,"Under39":1330125,"Under59":1526711,"Under74":1099893,"Over75":647673},"Beds":{"Resuscitation":474,"IntensiveCare":1206,"Total":1680},"Deaths":222,"Recovered":1187,"Severe":958,"Critical":314,"Emergencies":{"Suspected":160,"Total":2331,"Severe":80,"Suspected/Accumulated":4853,"Total/Accumulated":105895,"Severe/Accumulated":2191},"MedicalActs":{"Suspected":34,"Total":255,"Suspected/Accumulated":1732,"Total/Accumulated":16791},"MedicalTests":{"Total":2039,"Confirmed":99,"Total/Accumulated":18448,"Confirmed/Accumulated":1716},"Confirmed":2374},"geometry":{"type":"Point","coordinates":[1.988214846153848,43.761180626373644]}},{"type":"Feature","properties":{"Country/Region":"France","Province/State":"Auvergne-Rhône-Alpes","Code":"84","Population":{"Total":8032377,"Under19":1940253,"Under39":1900702,"Under59":2079813,"Under74":1340003,"Over75":771606},"Beds":{"Resuscitation":559,"IntensiveCare":1136,"Total":1695},"Deaths":721,"Recovered":2691,"Severe":2950,"Critical":698,"Emergencies":{"Suspected":334,"Total":2865,"Severe":135,"Suspected/Accumulated":10307,"Total/Accumulated":136769,"Severe/Accumulated":4561},"MedicalActs":{"Suspected":84,"Total":651,"Suspected/Accumulated":4176,"Total/Accumulated":36884},"MedicalTests":{"Total":572,"Confirmed":92,"Total/Accumulated":8742,"Confirmed/Accumulated":1395},"Confirmed":2093},"geometry":{"type":"Point","coordinates":[4.515179591651545,45.475403602540794]}},{"type":"Feature","properties":{"Country/Region":"France","Province/State":"Guadeloupe","Code":"01","Population":{"Total":376879,"Under19":90617,"Under39":71707,"Under59":109452,"Under74":70936,"Over75":34167},"Beds":{"Resuscitation":27,"IntensiveCare":68,"Total":95},"Deaths":10,"Recovered":50,"Severe":33,"Critical":19,"Emergencies":{"Suspected":3,"Total":118,"Severe":2,"Suspected/Accumulated":114,"Total/Accumulated":7214,"Severe/Accumulated":53},"MedicalTests":{"Total":1,"Total/Accumulated":26,"Confirmed/Accumulated":12},"Confirmed":106},"geometry":{"type":"Point","coordinates":[-61.493846272189366,16.20469674556213]}},{"type":"Feature","properties":{"Country/Region":"France","Province/State":"Martinique","Code":"02","Population":{"Total":358749,"Under19":77005,"Under39":65776,"Under59":105638,"Under74":72163,"Over75":38167},"Beds":{"Resuscitation":26,"IntensiveCare":58,"Total":84},"Deaths":5,"Recovered":48,"Severe":44,"Critical":16,"MedicalActs":{"Suspected":4,"Total":93,"Suspected/Accumulated":62,"Total/Accumulated":4667},"MedicalTests":{"Total":1,"Total/Accumulated":15,"Confirmed/Accumulated":4},"Confirmed":111},"geometry":{"type":"Point","coordinates":[-60.98265692913386,14.6217557480315]}},{"type":"Feature","properties":{"Country/Region":"France","Province/State":"Provence-Alpes-Côte d'Azur","Code":"93","Population":{"Total":5055651,"Under19":1128765,"Under39":1109058,"Under59":1309879,"Under74":927347,"Over75":580602},"Beds":{"Resuscitation":460,"IntensiveCare":802,"Total":1262},"Deaths":299,"Recovered":1946,"Severe":1804,"Critical":441,"Emergencies":{"Suspected":210,"Total":2275,"Severe":98,"Suspected/Accumulated":6586,"Total/Accumulated":108362,"Severe/Accumulated":3378},"MedicalActs":{"Suspected":77,"Total":614,"Suspected/Accumulated":3675,"Total/Accumulated":33575},"MedicalTests":{"Total":2735,"Confirmed":208,"Total/Accumulated":25975,"Confirmed/Accumulated":3038},"Confirmed":1927},"geometry":{"type":"Point","coordinates":[5.940587832647462,43.96417941015098]}},{"type":"Feature","properties":{"Country/Region":"France","Province/State":"Corse","Code":"94","Population":{"Total":344679,"Under19":68555,"Under39":76985,"Under59":93175,"Under74":65675,"Over75":40289},"Beds":{"Resuscitation":18,"IntensiveCare":42,"Total":60},"Deaths":35,"Recovered":120,"Severe":78,"Critical":15,"Emergencies":{"Suspected":18,"Total":121,"Severe":17,"Suspected/Accumulated":1319,"Total/Accumulated":6363,"Severe/Accumulated":1271},"MedicalActs":{"Suspected":3,"Total":22,"Suspected/Accumulated":351,"Total/Accumulated":1910},"Confirmed":263},"geometry":{"type":"Point","coordinates":[9.019688964401293,42.118564077669916]}},{"type":"Feature","properties":{"Country/Region":"France","Province/State":"Guyane","Code":"03","Population":{"Total":290691,"Under19":120681,"Under39":80023,"Under59":61783,"Under74":22111,"Over75":6093},"Beds":{"Resuscitation":13,"IntensiveCare":12,"Total":25},"Recovered":15,"Severe":9,"Critical":1,"Emergencies":{"Suspected":2,"Total":145,"Severe":2,"Suspected/Accumulated":37,"Total/Accumulated":8001,"Severe/Accumulated":10},"Confirmed":43,"MedicalTests":{"Total/Accumulated":26,"Confirmed/Accumulated":4}},"geometry":{"type":"Point","coordinates":[-53.41731165390502,3.588901056661561]}},{"type":"Feature","properties":{"Country/Region":"France","Province/State":"La Réunion","Code":"04","Population":{"Total":859959,"Under19":256143,"Under39":202783,"Under59":239212,"Under74":117045,"Over75":44776},"Beds":{"Resuscitation":52,"IntensiveCare":154,"Total":206},"Recovered":58,"Severe":42,"Critical":3,"Emergencies":{"Suspected":11,"Total":313,"Severe":5,"Suspected/Accumulated":192,"Total/Accumulated":14506,"Severe/Accumulated":137},"Confirmed":94,"MedicalTests":{"Total/Accumulated":4}},"geometry":{"type":"Point","coordinates":[55.52943947368424,-21.1374047368421]}},{"type":"Feature","properties":{"Country/Region":"France","Province/State":"Mayotte","Code":"06","Population":{"Total":279471,"Under19":150257,"Under39":74348,"Under59":42900,"Under74":9521,"Over75":2445},"Beds":{"Resuscitation":6,"IntensiveCare":0,"Total":6},"Deaths":2,"Recovered":26,"Severe":20,"Critical":4,"Emergencies":{"Suspected":12,"Total":72,"Severe":3,"Suspected/Accumulated":184,"Total/Accumulated":3920,"Severe/Accumulated":43},"Confirmed":128,"MedicalTests":{"Total/Accumulated":2,"Confirmed/Accumulated":1}},"geometry":{"type":"Point","coordinates":[45.14160071428572,-12.835344166666673]}}]}