{"type":"FeatureCollection","features":[{"type":"Feature","properties":{"Country/Region":"France","Province/State":"Île-de-France","Code":"11","Population":{"Total":12278210,"Under19":3140965,"Under39":3409765,"Under59":3210447,"Under74":1658207,"Over75":858826},"Beds":{"Resuscitation":1147,"IntensiveCare":2512,"Total":3659},"Deaths":6085,"Recovered":17970,"Severe":10715,"Critical":1552,"Emergencies":{"Suspected":220,"Total":4466,"Severe":67,"Suspected/Accumulated":45612,"Total/Accumulated":314333,"Severe/Accumulated":14659},"MedicalActs":{"Suspected":83,"Total":1250,"Suspected/Accumulated":10698,"Total/Accumulated":87493},"MedicalTests":{"Total":350,"Confirmed":29,"Total/Accumulated":64016,"Confirmed/Accumulated":17483},"Confirmed":7660},"geometry":{"type":"Point","coordinates":[2.5292589766081885,48.704415292397634]}},{"type":"Feature","properties":{"Country/Region":"France","Province/State":"Centre-Val de Loire","Code":"24","Population":{"Total":2559073,"Under19":598570,"Under39":541141,"Under59":661150,"Under74":478923,"Over75":279289},"Beds":{"Resuscitation":180,"IntensiveCare":346,"Total":526},"Deaths":397,"Recovered":1229,"Severe":984,"Critical":112,"Emergencies":{"Suspected":63,"Total":1115,"Severe":11,"Suspected/Accumulated":4014,"Total/Accumulated":66351,"Severe/Accumulated":1008},"MedicalActs":{"Suspected":19,"Total":316,"Suspected/Accumulated":824,"Total/Accumulated":17266},"MedicalTests":{"Total":41,"Confirmed":2,"Total/Accumulated":12216,"Confirmed/Accumulated":1721},"Confirmed":1157},"geometry":{"type":"Point","coordinates":[1.6429664800000017,47.54357092799999]}},{"type":"Feature","properties":{"Country/Region":"France","Province/State":"Bourgogne-Franche-Comté","Code":"27","Population":{"Total":2783039,"Under19":627017,"Under39":591411,"Under59":715664,"Under74":540051,"Over75":308896},"Beds":{"Resuscitation":198,"IntensiveCare":642,"Total":840},"Deaths":850,"Recovered":2492,"Severe":1139,"Critical":172,"Emergencies":{"Suspected":68,"Total":1344,"Severe":36,"Suspected/Accumulated":9538,"Total/Accumulated":82811,"Severe/Accumulated":3919},"MedicalActs":{"Suspected":17,"Total":288,"Suspected/Accumulated":1538,"Total/Accumulated":14710},"MedicalTests":{"Total":11,"Confirmed":2,"Total/Accumulated":10170,"Confirmed/Accumulated":1254},"Confirmed":1569},"geometry":{"type":"Point","coordinates":[4.731409826897467,47.2969232490013]}},{"type":"Feature","properties":{"Country/Region":"France","Province/State":"Normandie","Code":"28","Population":{"Total":3303500,"Under19":781337,"Under39":727044,"Under59":842963,"Under74":615474,"Over75":336682},"Beds":{"Resuscitation":240,"IntensiveCare":548,"Total":788},"Deaths":350,"Recovered":1094,"Severe":574,"Critical":87,"Emergencies":{"Suspected":43,"Total":1475,"Severe":26,"Suspected/Accumulated":3701,"Total/Accumulated":90508,"Severe/Accumulated":1387},"MedicalActs":{"Suspected":17,"Total":486,"Suspected/Accumulated":2230,"Total/Accumulated":24991},"MedicalTests":{"Total":41,"Confirmed":2,"Total/Accumulated":10776,"Confirmed/Accumulated":1282},"Confirmed":912},"geometry":{"type":"Point","coordinates":[-0.022673401869158984,49.066630336448576]}},{"type":"Feature","properties":{"Country/Region":"France","Province/State":"Hauts-de-France","Code":"32","Population":{"Total":5962662,"Under19":1525538,"Under39":1443348,"Under59":1522690,"Under74":994313,"Over75":476773},"Beds":{"Resuscitation":438,"IntensiveCare":1338,"Total":1776},"Deaths":1396,"Recovered":4152,"Severe":2231,"Critical":346,"Emergencies":{"Suspected":101,"Total":2568,"Severe":46,"Suspected/Accumulated":10209,"Total/Accumulated":140699,"Severe/Accumulated":3630},"MedicalActs":{"Suspected":31,"Total":707,"Suspected/Accumulated":3422,"Total/Accumulated":48186},"MedicalTests":{"Total":62,"Confirmed":3,"Total/Accumulated":16356,"Confirmed/Accumulated":2991},"Confirmed":3011},"geometry":{"type":"Point","coordinates":[2.8852615671641804,49.86155781716422]}},{"type":"Feature","properties":{"Country/Region":"France","Province/State":"Grand Est","Code":"44","Population":{"Total":5511747,"Under19":1258123,"Under39":1291962,"Under59":1448828,"Under74":988178,"Over75":524656},"Beds":{"Resuscitation":465,"IntensiveCare":840,"Total":1305},"Deaths":2937,"Recovered":8253,"Severe":3817,"Critical":514,"Emergencies":{"Suspected":107,"Total":2175,"Severe":56,"Suspected/Accumulated":14858,"Total/Accumulated":140876,"Severe/Accumulated":7419},"MedicalActs":{"Suspected":55,"Total":793,"Suspected/Accumulated":5254,"Total/Accumulated":41930},"MedicalTests":{"Total":36,"Total/Accumulated":18444,"Confirmed/Accumulated":3535},"Confirmed":5479},"geometry":{"type":"Point","coordinates":[5.509890203045682,48.670969771573546]}},{"type":"Feature","properties":{"Country/Region":"France","Province/State":"Pays de la Loire","Code":"52","Population":{"Total":3801797,"Under19":933509,"Under39":853729,"Under59":970508,"Under74":667531,"Over75":376520},"Beds":{"Resuscitation":181,"IntensiveCare":572,"Total":753},"Deaths":348,"Recovered":1286,"Severe":624,"Critical":70,"Emergencies":{"Suspected":62,"Total":1309,"Severe":42,"Suspected/Accumulated":6199,"Total/Accumulated":75676,"Severe/Accumulated":2950},"MedicalActs":{"Suspected":16,"Total":522,"Suspected/Accumulated":2420,"Total/Accumulated":27261},"MedicalTests":{"Total":4,"Total/Accumulated":1086,"Confirmed/Accumulated":73},"Confirmed":1630},"geometry":{"type":"Point","coordinates":[-0.8763313771517983,47.44186302034428]}},{"type":"Feature","properties":{"Country/Region":"France","Province/State":"Bretagne","Code":"53","Population":{"Total":3340379,"Under19":773631,"Under39":714512,"Under59":866988,"Under74":632104,"Over75":353144},"Beds":{"Resuscitation":162,"IntensiveCare":462,"Total":624},"Deaths":216,"Recovered":855,"Severe":373,"Critical":45,"Emergencies":{"Suspected":22,"Total":1362,"Severe":14,"Suspected/Accumulated":4046,"Total/Accumulated":83280,"Severe/Accumulated":1551},"MedicalActs":{"Suspected":13,"Total":470,"Suspected/Accumulated":935,"Total/Accumulated":20791},"Confirmed":962,"MedicalTests":{"Total/Accumulated":437,"Confirmed/Accumulated":22}},"geometry":{"type":"Point","coordinates":[-3.104342941176476,48.146701189258316]}},{"type":"Feature","properties":{"Country/Region":"France","Province/State":"Nouvelle-Aquitaine","Code":"75","Population":{"Total":5999982,"Under19":1293321,"Under39":1274746,"Under59":1561754,"Under74":1177229,"Over75":692932},"Beds":{"Resuscitation":412,"IntensiveCare":946,"Total":1358},"Deaths":327,"Recovered":1474,"Severe":592,"Critical":109,"Emergencies":{"Suspected":72,"Total":2766,"Severe":28,"Suspected/Accumulated":8658,"Total/Accumulated":156481,"Severe/Accumulated":3677},"MedicalActs":{"Suspected":49,"Total":1242,"Suspected/Accumulated":5842,"Total/Accumulated":67544},"MedicalTests":{"Total":66,"Total/Accumulated":19474,"Confirmed/Accumulated":872},"Confirmed":1007},"geometry":{"type":"Point","coordinates":[0.16186906163753495,45.156971701931916]}},{"type":"Feature","properties":{"Country/Region":"France","Province/State":"Occitanie","Code":"76","Population":{"Total":5924858,"Under19":1320456,"Under39":1330125,"Under59":1526711,"Under74":1099893,"Over75":647673},"Beds":{"Resuscitation":474,"IntensiveCare":1206,"Total":1680},"Deaths":409,"Recovered":2142,"Severe":603,"Critical":137,"Emergencies":{"Suspected":69,"Total":2845,"Severe":34,"Suspected/Accumulated":6958,"Total/Accumulated":157796,"Severe/Accumulated":3070},"MedicalActs":{"Suspected":29,"Total":523,"Suspected/Accumulated":2233,"Total/Accumulated":24062},"MedicalTests":{"Total":481,"Confirmed":6,"Total/Accumulated":43022,"Confirmed/Accumulated":2337},"Confirmed":2374},"geometry":{"type":"Point","coordinates":[1.988214846153848,43.761180626373644]}},{"type":"Feature","properties":{"Country/Region":"France","Province/State":"Auvergne-Rhône-Alpes","Code":"84","Population":{"Total":8032377,"Under19":1940253,"Under39":1900702,"Under59":2079813,"Under74":1340003,"Over75":771606},"Beds":{"Resuscitation":559,"IntensiveCare":1136,"Total":1695},"Deaths":1355,"Recovered":5154,"Severe":2474,"Critical":359,"Emergencies":{"Suspected":88,"Total":3096,"Severe":39,"Suspected/Accumulated":14003,"Total/Accumulated":200080,"Severe/Accumulated":6049},"MedicalActs":{"Suspected":42,"Total":987,"Suspected/Accumulated":5410,"Total/Accumulated":52634},"MedicalTests":{"Total":92,"Total/Accumulated":18046,"Confirmed/Accumulated":2053},"Confirmed":2093},"geometry":{"type":"Point","coordinates":[4.515179591651545,45.475403602540794]}},{"type":"Feature","properties":{"Country/Region":"France","Province/State":"Guadeloupe","Code":"01","Population":{"Total":376879,"Under19":90617,"Under39":71707,"Under59":109452,"Under74":70936,"Over75":34167},"Beds":{"Resuscitation":27,"IntensiveCare":68,"Total":95},"Deaths":17,"Recovered":72,"Severe":16,"Critical":6,"Emergencies":{"Suspected":6,"Total":183,"Suspected/Accumulated":245,"Total/Accumulated":10601,"Severe/Accumulated":92},"Confirmed":106,"MedicalTests":{"Total/Accumulated":41,"Confirmed/Accumulated":15}},"geometry":{"type":"Point","coordinates":[-61.493846272189366,16.20469674556213]}},{"type":"Feature","properties":{"Country/Region":"France","Province/State":"Martinique","Code":"02","Population":{"Total":358749,"Under19":77005,"Under39":65776,"Under59":105638,"Under74":72163,"Over75":38167},"Beds":{"Resuscitation":26,"IntensiveCare":58,"Total":84},"Deaths":14,"Recovered":77,"Severe":21,"Critical":8,"MedicalActs":{"Suspected":3,"Total":84,"Suspected/Accumulated":125,"Total/Accumulated":6645},"Confirmed":111,"MedicalTests":{"Total/Accumulated":24,"Confirmed/Accumulated":5}},"geometry":{"type":"Point","coordinates":[-60.98265692913386,14.6217557480315]}},{"type":"Feature","properties":{"Country/Region":"France","Province/State":"Provence-Alpes-Côte d'Azur","Code":"93","Population":{"Total":5055651,"Under19":1128765,"Under39":1109058,"Under59":1309879,"Under74":927347,"Over75":580602},"Beds":{"Resuscitation":460,"IntensiveCare":802,"Total":1262},"Deaths":708,"Recovered":3890,"Severe":1493,"Critical":238,"Emergencies":{"Suspected":85,"Total":2827,"Severe":39,"Suspected/Accumulated":9407,"Total/Accumulated":159763,"Severe/Accumulated":4802},"MedicalActs":{"Suspected":53,"Total":958,"Suspected/Accumulated":4861,"Total/Accumulated":48224},"MedicalTests":{"Total":185,"Confirmed":5,"Total/Accumulated":56433,"Confirmed/Accumulated":3925},"Confirmed":1927},"geometry":{"type":"Point","coordinates":[5.940587832647462,43.96417941015098]}},{"type":"Feature","properties":{"Country/Region":"France","Province/State":"Corse","Code":"94","Population":{"Total":344679,"Under19":68555,"Under39":76985,"Under59":93175,"Under74":65675,"Over75":40289},"Beds":{"Resuscitation":18,"IntensiveCare":42,"Total":60},"Deaths":50,"Recovered":191,"Severe":57,"Critical":8,"Emergencies":{"Suspected":2,"Total":130,"Severe":1,"Suspected/Accumulated":1824,"Total/Accumulated":9469,"Severe/Accumulated":1761},"MedicalActs":{"Suspected":4,"Total":35,"Suspected/Accumulated":433,"Total/Accumulated":2640},"Confirmed":263},"geometry":{"type":"Point","coordinates":[9.019688964401293,42.118564077669916]}},{"type":"Feature","properties":{"Country/Region":"France","Province/State":"Guyane","Code":"03","Population":{"Total":290691,"Under19":120681,"Under39":80023,"Under59":61783,"Under74":22111,"Over75":6093},"Beds":{"Resuscitation":13,"IntensiveCare":12,"Total":25},"Deaths":1,"Recovered":36,"Severe":2,"Emergencies":{"Suspected":1,"Total":202,"Severe":1,"Suspected/Accumulated":72,"Total/Accumulated":11238,"Severe/Accumulated":22},"Confirmed":43,"MedicalTests":{"Total/Accumulated":31,"Confirmed/Accumulated":4}},"geometry":{"type":"Point","coordinates":[-53.41731165390502,3.588901056661561]}},{"type":"Feature","properties":{"Country/Region":"France","Province/State":"La Réunion","Code":"04","Population":{"Total":859959,"Under19":256143,"Under39":202783,"Under59":239212,"Under74":117045,"Over75":44776},"Beds":{"Resuscitation":52,"IntensiveCare":154,"Total":206},"Recovered":110,"Severe":5,"Critical":2,"Emergencies":{"Suspected":1,"Total":339,"Severe":1,"Suspected/Accumulated":253,"Total/Accumulated":21509,"Severe/Accumulated":174},"Confirmed":94,"MedicalTests":{"Total/Accumulated":12,"Confirmed/Accumulated":1}},"geometry":{"type":"Point","coordinates":[55.52943947368424,-21.1374047368421]}},{"type":"Feature","properties":{"Country/Region":"France","Province/State":"Mayotte","Code":"06","Population":{"Total":279471,"Under19":150257,"Under39":74348,"Under59":42900,"Under74":9521,"Over75":2445},"Beds":{"Resuscitation":6,"IntensiveCare":0,"Total":6},"Deaths":8,"Recovered":96,"Severe":31,"Critical":5,"Emergencies":{"Suspected":22,"Total":101,"Severe":2,"Suspected/Accumulated":511,"Total/Accumulated":6175,"Severe/Accumulated":109},"Confirmed":128,"MedicalTests":{"Total/Accumulated":2,"Confirmed/Accumulated":1}},"geometry":{"type":"Point","coordinates":[45.14160071428572,-12.835344166666673]}}]}