{"type":"FeatureCollection","features":[{"type":"Feature","properties":{"Country/Region":"France","Province/State":"Île-de-France","Code":"11","Population":{"Total":12278210,"Under19":3140965,"Under39":3409765,"Under59":3210447,"Under74":1658207,"Over75":858826},"Beds":{"Resuscitation":1147,"IntensiveCare":2512,"Total":3659},"Deaths":4140,"Recovered":10544,"Severe":13018,"Critical":2494,"Emergencies":{"Suspected":729,"Total":3996,"Severe":216,"Suspected/Accumulated":37925,"Total/Accumulated":243370,"Severe/Accumulated":12653},"MedicalActs":{"Suspected":108,"Total":871,"Suspected/Accumulated":9398,"Total/Accumulated":71146},"MedicalTests":{"Total":2503,"Confirmed":563,"Total/Accumulated":39532,"Confirmed/Accumulated":14497},"Confirmed":7660},"geometry":{"type":"Point","coordinates":[2.5292589766081885,48.704415292397634]}},{"type":"Feature","properties":{"Country/Region":"France","Province/State":"Centre-Val de Loire","Code":"24","Population":{"Total":2559073,"Under19":598570,"Under39":541141,"Under59":661150,"Under74":478923,"Over75":279289},"Beds":{"Resuscitation":180,"IntensiveCare":346,"Total":526},"Deaths":245,"Recovered":687,"Severe":996,"Critical":180,"Emergencies":{"Suspected":74,"Total":978,"Severe":16,"Suspected/Accumulated":2731,"Total/Accumulated":48684,"Severe/Accumulated":745},"MedicalActs":{"Suspected":8,"Total":182,"Suspected/Accumulated":622,"Total/Accumulated":13845},"MedicalTests":{"Total":358,"Confirmed":47,"Total/Accumulated":6473,"Confirmed/Accumulated":1449},"Confirmed":1157},"geometry":{"type":"Point","coordinates":[1.6429664800000017,47.54357092799999]}},{"type":"Feature","properties":{"Country/Region":"France","Province/State":"Bourgogne-Franche-Comté","Code":"27","Population":{"Total":2783039,"Under19":627017,"Under39":591411,"Under59":715664,"Under74":540051,"Over75":308896},"Beds":{"Resuscitation":198,"IntensiveCare":642,"Total":840},"Deaths":581,"Recovered":1594,"Severe":1341,"Critical":274,"Emergencies":{"Suspected":234,"Total":1226,"Severe":44,"Suspected/Accumulated":7649,"Total/Accumulated":61979,"Severe/Accumulated":3103},"MedicalActs":{"Suspected":20,"Total":178,"Suspected/Accumulated":1302,"Total/Accumulated":11698},"MedicalTests":{"Total":485,"Confirmed":59,"Total/Accumulated":5398,"Confirmed/Accumulated":1004},"Confirmed":1569},"geometry":{"type":"Point","coordinates":[4.731409826897467,47.2969232490013]}},{"type":"Feature","properties":{"Country/Region":"France","Province/State":"Normandie","Code":"28","Population":{"Total":3303500,"Under19":781337,"Under39":727044,"Under59":842963,"Under74":615474,"Over75":336682},"Beds":{"Resuscitation":240,"IntensiveCare":548,"Total":788},"Deaths":242,"Recovered":667,"Severe":686,"Critical":167,"Emergencies":{"Suspected":55,"Total":1251,"Severe":27,"Suspected/Accumulated":2876,"Total/Accumulated":67371,"Severe/Accumulated":968},"MedicalActs":{"Suspected":24,"Total":255,"Suspected/Accumulated":1967,"Total/Accumulated":20042},"MedicalTests":{"Total":481,"Confirmed":57,"Total/Accumulated":6551,"Confirmed/Accumulated":1005},"Confirmed":912},"geometry":{"type":"Point","coordinates":[-0.022673401869158984,49.066630336448576]}},{"type":"Feature","properties":{"Country/Region":"France","Province/State":"Hauts-de-France","Code":"32","Population":{"Total":5962662,"Under19":1525538,"Under39":1443348,"Under59":1522690,"Under74":994313,"Over75":476773},"Beds":{"Resuscitation":438,"IntensiveCare":1338,"Total":1776},"Deaths":975,"Recovered":2371,"Severe":2536,"Critical":533,"Emergencies":{"Suspected":181,"Total":2111,"Severe":69,"Suspected/Accumulated":8009,"Total/Accumulated":103985,"Severe/Accumulated":2767},"MedicalActs":{"Suspected":34,"Total":483,"Suspected/Accumulated":2965,"Total/Accumulated":40104},"MedicalTests":{"Total":612,"Confirmed":119,"Total/Accumulated":8242,"Confirmed/Accumulated":2248},"Confirmed":3011},"geometry":{"type":"Point","coordinates":[2.8852615671641804,49.86155781716422]}},{"type":"Feature","properties":{"Country/Region":"France","Province/State":"Grand Est","Code":"44","Population":{"Total":5511747,"Under19":1258123,"Under39":1291962,"Under59":1448828,"Under74":988178,"Over75":524656},"Beds":{"Resuscitation":465,"IntensiveCare":840,"Total":1305},"Deaths":2249,"Recovered":5324,"Severe":4877,"Critical":833,"Emergencies":{"Suspected":164,"Total":1854,"Severe":73,"Suspected/Accumulated":12674,"Total/Accumulated":107041,"Severe/Accumulated":6307},"MedicalActs":{"Suspected":44,"Total":465,"Suspected/Accumulated":4548,"Total/Accumulated":33221},"MedicalTests":{"Total":694,"Confirmed":98,"Total/Accumulated":12026,"Confirmed/Accumulated":2999},"Confirmed":5479},"geometry":{"type":"Point","coordinates":[5.509890203045682,48.670969771573546]}},{"type":"Feature","properties":{"Country/Region":"France","Province/State":"Pays de la Loire","Code":"52","Population":{"Total":3801797,"Under19":933509,"Under39":853729,"Under59":970508,"Under74":667531,"Over75":376520},"Beds":{"Resuscitation":181,"IntensiveCare":572,"Total":753},"Deaths":222,"Recovered":817,"Severe":794,"Critical":145,"Emergencies":{"Suspected":85,"Total":1201,"Severe":35,"Suspected/Accumulated":4918,"Total/Accumulated":55835,"Severe/Accumulated":2179},"MedicalActs":{"Suspected":25,"Total":313,"Suspected/Accumulated":2097,"Total/Accumulated":20959},"MedicalTests":{"Total":16,"Confirmed":1,"Total/Accumulated":572,"Confirmed/Accumulated":61},"Confirmed":1630},"geometry":{"type":"Point","coordinates":[-0.8763313771517983,47.44186302034428]}},{"type":"Feature","properties":{"Country/Region":"France","Province/State":"Bretagne","Code":"53","Population":{"Total":3340379,"Under19":773631,"Under39":714512,"Under59":866988,"Under74":632104,"Over75":353144},"Beds":{"Resuscitation":162,"IntensiveCare":462,"Total":624},"Deaths":159,"Recovered":540,"Severe":504,"Critical":106,"Emergencies":{"Suspected":54,"Total":1307,"Severe":38,"Suspected/Accumulated":3364,"Total/Accumulated":62113,"Severe/Accumulated":1078},"MedicalActs":{"Suspected":11,"Total":230,"Suspected/Accumulated":801,"Total/Accumulated":16496},"MedicalTests":{"Total":4,"Total/Accumulated":145,"Confirmed/Accumulated":16},"Confirmed":962},"geometry":{"type":"Point","coordinates":[-3.104342941176476,48.146701189258316]}},{"type":"Feature","properties":{"Country/Region":"France","Province/State":"Nouvelle-Aquitaine","Code":"75","Population":{"Total":5999982,"Under19":1293321,"Under39":1274746,"Under59":1561754,"Under74":1177229,"Over75":692932},"Beds":{"Resuscitation":412,"IntensiveCare":946,"Total":1358},"Deaths":214,"Recovered":924,"Severe":828,"Critical":236,"Emergencies":{"Suspected":140,"Total":2451,"Severe":59,"Suspected/Accumulated":7059,"Total/Accumulated":115124,"Severe/Accumulated":2848},"MedicalActs":{"Suspected":62,"Total":693,"Suspected/Accumulated":5074,"Total/Accumulated":53207},"MedicalTests":{"Total":809,"Confirmed":11,"Total/Accumulated":9607,"Confirmed/Accumulated":705},"Confirmed":1007},"geometry":{"type":"Point","coordinates":[0.16186906163753495,45.156971701931916]}},{"type":"Feature","properties":{"Country/Region":"France","Province/State":"Occitanie","Code":"76","Population":{"Total":5924858,"Under19":1320456,"Under39":1330125,"Under59":1526711,"Under74":1099893,"Over75":647673},"Beds":{"Resuscitation":474,"IntensiveCare":1206,"Total":1680},"Deaths":278,"Recovered":1454,"Severe":913,"Critical":265,"Emergencies":{"Suspected":131,"Total":2330,"Severe":54,"Suspected/Accumulated":5490,"Total/Accumulated":116960,"Severe/Accumulated":2468},"MedicalActs":{"Suspected":29,"Total":274,"Suspected/Accumulated":1892,"Total/Accumulated":18628},"MedicalTests":{"Total":1732,"Confirmed":54,"Total/Accumulated":22580,"Confirmed/Accumulated":1896},"Confirmed":2374},"geometry":{"type":"Point","coordinates":[1.988214846153848,43.761180626373644]}},{"type":"Feature","properties":{"Country/Region":"France","Province/State":"Auvergne-Rhône-Alpes","Code":"84","Population":{"Total":8032377,"Under19":1940253,"Under39":1900702,"Under59":2079813,"Under74":1340003,"Over75":771606},"Beds":{"Resuscitation":559,"IntensiveCare":1136,"Total":1695},"Deaths":885,"Recovered":3317,"Severe":3004,"Critical":639,"Emergencies":{"Suspected":206,"Total":2843,"Severe":88,"Suspected/Accumulated":11642,"Total/Accumulated":150557,"Severe/Accumulated":5078},"MedicalActs":{"Suspected":53,"Total":608,"Suspected/Accumulated":4586,"Total/Accumulated":40854},"MedicalTests":{"Total":886,"Confirmed":70,"Total/Accumulated":10947,"Confirmed/Accumulated":1650},"Confirmed":2093},"geometry":{"type":"Point","coordinates":[4.515179591651545,45.475403602540794]}},{"type":"Feature","properties":{"Country/Region":"France","Province/State":"Guadeloupe","Code":"01","Population":{"Total":376879,"Under19":90617,"Under39":71707,"Under59":109452,"Under74":70936,"Over75":34167},"Beds":{"Resuscitation":27,"IntensiveCare":68,"Total":95},"Deaths":10,"Recovered":57,"Severe":35,"Critical":17,"Emergencies":{"Suspected":5,"Total":139,"Severe":5,"Suspected/Accumulated":168,"Total/Accumulated":7882,"Severe/Accumulated":69},"Confirmed":106,"MedicalTests":{"Total/Accumulated":29,"Confirmed/Accumulated":13}},"geometry":{"type":"Point","coordinates":[-61.493846272189366,16.20469674556213]}},{"type":"Feature","properties":{"Country/Region":"France","Province/State":"Martinique","Code":"02","Population":{"Total":358749,"Under19":77005,"Under39":65776,"Under59":105638,"Under74":72163,"Over75":38167},"Beds":{"Resuscitation":26,"IntensiveCare":58,"Total":84},"Deaths":6,"Recovered":53,"Severe":38,"Critical":16,"MedicalActs":{"Suspected":6,"Total":92,"Suspected/Accumulated":85,"Total/Accumulated":5161},"Confirmed":111,"MedicalTests":{"Total/Accumulated":15,"Confirmed/Accumulated":4}},"geometry":{"type":"Point","coordinates":[-60.98265692913386,14.6217557480315]}},{"type":"Feature","properties":{"Country/Region":"France","Province/State":"Provence-Alpes-Côte d'Azur","Code":"93","Population":{"Total":5055651,"Under19":1128765,"Under39":1109058,"Under59":1309879,"Under74":927347,"Over75":580602},"Beds":{"Resuscitation":460,"IntensiveCare":802,"Total":1262},"Deaths":393,"Recovered":2345,"Severe":1909,"Critical":403,"Emergencies":{"Suspected":144,"Total":2208,"Severe":62,"Suspected/Accumulated":7352,"Total/Accumulated":119215,"Severe/Accumulated":3740},"MedicalActs":{"Suspected":51,"Total":587,"Suspected/Accumulated":4074,"Total/Accumulated":37226},"MedicalTests":{"Total":4028,"Confirmed":132,"Total/Accumulated":33886,"Confirmed/Accumulated":3361},"Confirmed":1927},"geometry":{"type":"Point","coordinates":[5.940587832647462,43.96417941015098]}},{"type":"Feature","properties":{"Country/Region":"France","Province/State":"Corse","Code":"94","Population":{"Total":344679,"Under19":68555,"Under39":76985,"Under59":93175,"Under74":65675,"Over75":40289},"Beds":{"Resuscitation":18,"IntensiveCare":42,"Total":60},"Deaths":41,"Recovered":131,"Severe":83,"Critical":16,"Emergencies":{"Suspected":29,"Total":146,"Severe":29,"Suspected/Accumulated":1394,"Total/Accumulated":7008,"Severe/Accumulated":1343},"MedicalActs":{"Suspected":3,"Total":31,"Suspected/Accumulated":376,"Total/Accumulated":2112},"Confirmed":263},"geometry":{"type":"Point","coordinates":[9.019688964401293,42.118564077669916]}},{"type":"Feature","properties":{"Country/Region":"France","Province/State":"Guyane","Code":"03","Population":{"Total":290691,"Under19":120681,"Under39":80023,"Under59":61783,"Under74":22111,"Over75":6093},"Beds":{"Resuscitation":13,"IntensiveCare":12,"Total":25},"Recovered":15,"Severe":19,"Emergencies":{"Suspected":3,"Total":162,"Severe":1,"Suspected/Accumulated":48,"Total/Accumulated":8728,"Severe/Accumulated":11},"Confirmed":43,"MedicalTests":{"Total/Accumulated":26,"Confirmed/Accumulated":4}},"geometry":{"type":"Point","coordinates":[-53.41731165390502,3.588901056661561]}},{"type":"Feature","properties":{"Country/Region":"France","Province/State":"La Réunion","Code":"04","Population":{"Total":859959,"Under19":256143,"Under39":202783,"Under59":239212,"Under74":117045,"Over75":44776},"Beds":{"Resuscitation":52,"IntensiveCare":154,"Total":206},"Recovered":76,"Severe":24,"Critical":3,"Emergencies":{"Suspected":7,"Total":327,"Severe":6,"Suspected/Accumulated":225,"Total/Accumulated":16071,"Severe/Accumulated":157},"Confirmed":94,"MedicalTests":{"Total/Accumulated":4}},"geometry":{"type":"Point","coordinates":[55.52943947368424,-21.1374047368421]}},{"type":"Feature","properties":{"Country/Region":"France","Province/State":"Mayotte","Code":"06","Population":{"Total":279471,"Under19":150257,"Under39":74348,"Under59":42900,"Under74":9521,"Over75":2445},"Beds":{"Resuscitation":6,"IntensiveCare":0,"Total":6},"Deaths":3,"Recovered":37,"Severe":18,"Critical":4,"Emergencies":{"Suspected":14,"Total":93,"Severe":5,"Suspected/Accumulated":234,"Total/Accumulated":4394,"Severe/Accumulated":60},"Confirmed":128,"MedicalTests":{"Total/Accumulated":2,"Confirmed/Accumulated":1}},"geometry":{"type":"Point","coordinates":[45.14160071428572,-12.835344166666673]}}]}