{"type":"FeatureCollection","features":[{"type":"Feature","properties":{"Country/Region":"France","Province/State":"Île-de-France","Code":"11","Population":{"Total":12278210,"Under19":3140965,"Under39":3409765,"Under59":3210447,"Under74":1658207,"Over75":858826},"Beds":{"Resuscitation":1147,"IntensiveCare":2512,"Total":3659},"Deaths":6594,"Recovered":20989,"Severe":8943,"Critical":1079,"Emergencies":{"Suspected":236,"Total":4605,"Severe":41,"Suspected/Accumulated":48747,"Total/Accumulated":359124,"Severe/Accumulated":15219},"MedicalActs":{"Suspected":51,"Total":865,"Suspected/Accumulated":11235,"Total/Accumulated":97482},"MedicalTests":{"Total":1541,"Confirmed":68,"Total/Accumulated":72774,"Confirmed/Accumulated":17908},"Confirmed":7660},"geometry":{"type":"Point","coordinates":[2.5292589766081885,48.704415292397634]}},{"type":"Feature","properties":{"Country/Region":"France","Province/State":"Centre-Val de Loire","Code":"24","Population":{"Total":2559073,"Under19":598570,"Under39":541141,"Under59":661150,"Under74":478923,"Over75":279289},"Beds":{"Resuscitation":180,"IntensiveCare":346,"Total":526},"Deaths":454,"Recovered":1484,"Severe":829,"Critical":73,"Emergencies":{"Suspected":51,"Total":1173,"Severe":19,"Suspected/Accumulated":4484,"Total/Accumulated":77767,"Severe/Accumulated":1149},"MedicalActs":{"Suspected":17,"Total":196,"Suspected/Accumulated":941,"Total/Accumulated":19554},"MedicalTests":{"Total":552,"Confirmed":2,"Total/Accumulated":15819,"Confirmed/Accumulated":1804},"Confirmed":1157},"geometry":{"type":"Point","coordinates":[1.6429664800000017,47.54357092799999]}},{"type":"Feature","properties":{"Country/Region":"France","Province/State":"Bourgogne-Franche-Comté","Code":"27","Population":{"Total":2783039,"Under19":627017,"Under39":591411,"Under59":715664,"Under74":540051,"Over75":308896},"Beds":{"Resuscitation":198,"IntensiveCare":642,"Total":840},"Deaths":947,"Recovered":2847,"Severe":896,"Critical":105,"Emergencies":{"Suspected":67,"Total":1397,"Severe":30,"Suspected/Accumulated":10142,"Total/Accumulated":96453,"Severe/Accumulated":4199},"MedicalActs":{"Suspected":18,"Total":176,"Suspected/Accumulated":1655,"Total/Accumulated":16625},"MedicalTests":{"Total":393,"Confirmed":1,"Total/Accumulated":12865,"Confirmed/Accumulated":1309},"Confirmed":1569},"geometry":{"type":"Point","coordinates":[4.731409826897467,47.2969232490013]}},{"type":"Feature","properties":{"Country/Region":"France","Province/State":"Normandie","Code":"28","Population":{"Total":3303500,"Under19":781337,"Under39":727044,"Under59":842963,"Under74":615474,"Over75":336682},"Beds":{"Resuscitation":240,"IntensiveCare":548,"Total":788},"Deaths":383,"Recovered":1234,"Severe":520,"Critical":43,"Emergencies":{"Suspected":49,"Total":1507,"Severe":17,"Suspected/Accumulated":4018,"Total/Accumulated":105323,"Severe/Accumulated":1534},"MedicalActs":{"Suspected":12,"Total":269,"Suspected/Accumulated":2384,"Total/Accumulated":28192},"MedicalTests":{"Total":510,"Confirmed":5,"Total/Accumulated":13504,"Confirmed/Accumulated":1330},"Confirmed":912},"geometry":{"type":"Point","coordinates":[-0.022673401869158984,49.066630336448576]}},{"type":"Feature","properties":{"Country/Region":"France","Province/State":"Hauts-de-France","Code":"32","Population":{"Total":5962662,"Under19":1525538,"Under39":1443348,"Under59":1522690,"Under74":994313,"Over75":476773},"Beds":{"Resuscitation":438,"IntensiveCare":1338,"Total":1776},"Deaths":1570,"Recovered":4795,"Severe":1916,"Critical":221,"Emergencies":{"Suspected":89,"Total":2419,"Severe":24,"Suspected/Accumulated":11052,"Total/Accumulated":164604,"Severe/Accumulated":3960},"MedicalActs":{"Suspected":18,"Total":431,"Suspected/Accumulated":3625,"Total/Accumulated":53376},"MedicalTests":{"Total":1293,"Confirmed":29,"Total/Accumulated":22986,"Confirmed/Accumulated":3224},"Confirmed":3011},"geometry":{"type":"Point","coordinates":[2.8852615671641804,49.86155781716422]}},{"type":"Feature","properties":{"Country/Region":"France","Province/State":"Grand Est","Code":"44","Population":{"Total":5511747,"Under19":1258123,"Under39":1291962,"Under59":1448828,"Under74":988178,"Over75":524656},"Beds":{"Resuscitation":465,"IntensiveCare":840,"Total":1305},"Deaths":3171,"Recovered":9095,"Severe":3244,"Critical":300,"Emergencies":{"Suspected":99,"Total":2282,"Severe":38,"Suspected/Accumulated":15693,"Total/Accumulated":162203,"Severe/Accumulated":7777},"MedicalActs":{"Suspected":23,"Total":400,"Suspected/Accumulated":5571,"Total/Accumulated":47319},"MedicalTests":{"Total":173,"Confirmed":10,"Total/Accumulated":20607,"Confirmed/Accumulated":3590},"Confirmed":5479},"geometry":{"type":"Point","coordinates":[5.509890203045682,48.670969771573546]}},{"type":"Feature","properties":{"Country/Region":"France","Province/State":"Pays de la Loire","Code":"52","Population":{"Total":3801797,"Under19":933509,"Under39":853729,"Under59":970508,"Under74":667531,"Over75":376520},"Beds":{"Resuscitation":181,"IntensiveCare":572,"Total":753},"Deaths":388,"Recovered":1454,"Severe":552,"Critical":50,"Emergencies":{"Suspected":72,"Total":1377,"Severe":31,"Suspected/Accumulated":6796,"Total/Accumulated":88654,"Severe/Accumulated":3292},"MedicalActs":{"Suspected":10,"Total":311,"Suspected/Accumulated":2590,"Total/Accumulated":31119},"MedicalTests":{"Total":62,"Total/Accumulated":1381,"Confirmed/Accumulated":76},"Confirmed":1630},"geometry":{"type":"Point","coordinates":[-0.8763313771517983,47.44186302034428]}},{"type":"Feature","properties":{"Country/Region":"France","Province/State":"Bretagne","Code":"53","Population":{"Total":3340379,"Under19":773631,"Under39":714512,"Under59":866988,"Under74":632104,"Over75":353144},"Beds":{"Resuscitation":162,"IntensiveCare":462,"Total":624},"Deaths":231,"Recovered":961,"Severe":317,"Critical":35,"Emergencies":{"Suspected":32,"Total":1407,"Severe":20,"Suspected/Accumulated":4366,"Total/Accumulated":97281,"Severe/Accumulated":1770},"MedicalActs":{"Suspected":10,"Total":218,"Suspected/Accumulated":1036,"Total/Accumulated":23584},"MedicalTests":{"Total":19,"Confirmed":1,"Total/Accumulated":507,"Confirmed/Accumulated":23},"Confirmed":962},"geometry":{"type":"Point","coordinates":[-3.104342941176476,48.146701189258316]}},{"type":"Feature","properties":{"Country/Region":"France","Province/State":"Nouvelle-Aquitaine","Code":"75","Population":{"Total":5999982,"Under19":1293321,"Under39":1274746,"Under59":1561754,"Under74":1177229,"Over75":692932},"Beds":{"Resuscitation":412,"IntensiveCare":946,"Total":1358},"Deaths":362,"Recovered":1677,"Severe":458,"Critical":75,"Emergencies":{"Suspected":49,"Total":2681,"Severe":21,"Suspected/Accumulated":9209,"Total/Accumulated":183783,"Severe/Accumulated":3972},"MedicalActs":{"Suspected":29,"Total":812,"Suspected/Accumulated":6188,"Total/Accumulated":76570},"MedicalTests":{"Total":1234,"Confirmed":14,"Total/Accumulated":24879,"Confirmed/Accumulated":929},"Confirmed":1007},"geometry":{"type":"Point","coordinates":[0.16186906163753495,45.156971701931916]}},{"type":"Feature","properties":{"Country/Region":"France","Province/State":"Occitanie","Code":"76","Population":{"Total":5924858,"Under19":1320456,"Under39":1330125,"Under59":1526711,"Under74":1099893,"Over75":647673},"Beds":{"Resuscitation":474,"IntensiveCare":1206,"Total":1680},"Deaths":459,"Recovered":2394,"Severe":407,"Critical":94,"Emergencies":{"Suspected":57,"Total":2671,"Severe":32,"Suspected/Accumulated":7469,"Total/Accumulated":185369,"Severe/Accumulated":3321},"MedicalActs":{"Suspected":11,"Total":254,"Suspected/Accumulated":2390,"Total/Accumulated":27474},"MedicalTests":{"Total":2563,"Confirmed":22,"Total/Accumulated":58036,"Confirmed/Accumulated":2542},"Confirmed":2374},"geometry":{"type":"Point","coordinates":[1.988214846153848,43.761180626373644]}},{"type":"Feature","properties":{"Country/Region":"France","Province/State":"Auvergne-Rhône-Alpes","Code":"84","Population":{"Total":8032377,"Under19":1940253,"Under39":1900702,"Under59":2079813,"Under74":1340003,"Over75":771606},"Beds":{"Resuscitation":559,"IntensiveCare":1136,"Total":1695},"Deaths":1517,"Recovered":5866,"Severe":2026,"Critical":236,"Emergencies":{"Suspected":91,"Total":3301,"Severe":30,"Suspected/Accumulated":15054,"Total/Accumulated":233815,"Severe/Accumulated":6489},"MedicalActs":{"Suspected":30,"Total":567,"Suspected/Accumulated":5790,"Total/Accumulated":59764},"MedicalTests":{"Total":582,"Confirmed":7,"Total/Accumulated":21999,"Confirmed/Accumulated":2123},"Confirmed":2093},"geometry":{"type":"Point","coordinates":[4.515179591651545,45.475403602540794]}},{"type":"Feature","properties":{"Country/Region":"France","Province/State":"Guadeloupe","Code":"01","Population":{"Total":376879,"Under19":90617,"Under39":71707,"Under59":109452,"Under74":70936,"Over75":34167},"Beds":{"Resuscitation":27,"IntensiveCare":68,"Total":95},"Deaths":19,"Recovered":72,"Severe":14,"Critical":4,"Emergencies":{"Suspected":3,"Total":194,"Suspected/Accumulated":274,"Total/Accumulated":12496,"Severe/Accumulated":99},"Confirmed":106,"MedicalTests":{"Total/Accumulated":47,"Confirmed/Accumulated":17}},"geometry":{"type":"Point","coordinates":[-61.493846272189366,16.20469674556213]}},{"type":"Feature","properties":{"Country/Region":"France","Province/State":"Martinique","Code":"02","Population":{"Total":358749,"Under19":77005,"Under39":65776,"Under59":105638,"Under74":72163,"Over75":38167},"Beds":{"Resuscitation":26,"IntensiveCare":58,"Total":84},"Deaths":14,"Recovered":79,"Severe":19,"Critical":5,"MedicalActs":{"Total":99,"Suspected/Accumulated":131,"Total/Accumulated":7509},"Confirmed":111,"MedicalTests":{"Total/Accumulated":26,"Confirmed/Accumulated":6}},"geometry":{"type":"Point","coordinates":[-60.98265692913386,14.6217557480315]}},{"type":"Feature","properties":{"Country/Region":"France","Province/State":"Provence-Alpes-Côte d'Azur","Code":"93","Population":{"Total":5055651,"Under19":1128765,"Under39":1109058,"Under59":1309879,"Under74":927347,"Over75":580602},"Beds":{"Resuscitation":460,"IntensiveCare":802,"Total":1262},"Deaths":805,"Recovered":4325,"Severe":1268,"Critical":155,"Emergencies":{"Suspected":57,"Total":2698,"Severe":29,"Suspected/Accumulated":9951,"Total/Accumulated":186325,"Severe/Accumulated":5097},"MedicalActs":{"Suspected":28,"Total":573,"Suspected/Accumulated":5171,"Total/Accumulated":54894},"MedicalTests":{"Total":1686,"Confirmed":18,"Total/Accumulated":67396,"Confirmed/Accumulated":4102},"Confirmed":1927},"geometry":{"type":"Point","coordinates":[5.940587832647462,43.96417941015098]}},{"type":"Feature","properties":{"Country/Region":"France","Province/State":"Corse","Code":"94","Population":{"Total":344679,"Under19":68555,"Under39":76985,"Under59":93175,"Under74":65675,"Over75":40289},"Beds":{"Resuscitation":18,"IntensiveCare":42,"Total":60},"Deaths":53,"Recovered":204,"Severe":51,"Critical":9,"Emergencies":{"Suspected":26,"Total":198,"Severe":26,"Suspected/Accumulated":2019,"Total/Accumulated":11168,"Severe/Accumulated":1949},"MedicalActs":{"Total":16,"Suspected/Accumulated":448,"Total/Accumulated":2949},"Confirmed":263},"geometry":{"type":"Point","coordinates":[9.019688964401293,42.118564077669916]}},{"type":"Feature","properties":{"Country/Region":"France","Province/State":"Guyane","Code":"03","Population":{"Total":290691,"Under19":120681,"Under39":80023,"Under59":61783,"Under74":22111,"Over75":6093},"Beds":{"Resuscitation":13,"IntensiveCare":12,"Total":25},"Deaths":1,"Recovered":38,"Severe":11,"Emergencies":{"Suspected":1,"Total":176,"Suspected/Accumulated":89,"Total/Accumulated":12789,"Severe/Accumulated":26},"Confirmed":43,"MedicalTests":{"Total/Accumulated":34,"Confirmed/Accumulated":4}},"geometry":{"type":"Point","coordinates":[-53.41731165390502,3.588901056661561]}},{"type":"Feature","properties":{"Country/Region":"France","Province/State":"La Réunion","Code":"04","Population":{"Total":859959,"Under19":256143,"Under39":202783,"Under59":239212,"Under74":117045,"Over75":44776},"Beds":{"Resuscitation":52,"IntensiveCare":154,"Total":206},"Recovered":112,"Severe":14,"Critical":4,"Emergencies":{"Total":374,"Suspected/Accumulated":262,"Total/Accumulated":25065,"Severe/Accumulated":181},"Confirmed":94,"MedicalTests":{"Total/Accumulated":15,"Confirmed/Accumulated":1}},"geometry":{"type":"Point","coordinates":[55.52943947368424,-21.1374047368421]}},{"type":"Feature","properties":{"Country/Region":"France","Province/State":"Mayotte","Code":"06","Population":{"Total":279471,"Under19":150257,"Under39":74348,"Under59":42900,"Under74":9521,"Over75":2445},"Beds":{"Resuscitation":6,"IntensiveCare":0,"Total":6},"Deaths":16,"Recovered":150,"Severe":45,"Critical":8,"Emergencies":{"Suspected":32,"Total":127,"Severe":3,"Suspected/Accumulated":854,"Total/Accumulated":7392,"Severe/Accumulated":147},"Confirmed":128,"MedicalTests":{"Total/Accumulated":3,"Confirmed/Accumulated":1}},"geometry":{"type":"Point","coordinates":[45.14160071428572,-12.835344166666673]}}]}