{"type":"FeatureCollection","features":[{"type":"Feature","properties":{"Country/Region":"France","Province/State":"Île-de-France","Code":"11","Population":{"Total":12278210,"Under19":3140965,"Under39":3409765,"Under59":3210447,"Under74":1658207,"Over75":858826},"Beds":{"Resuscitation":1147,"IntensiveCare":2512,"Total":3659},"Deaths":5219,"Recovered":14278,"Severe":12134,"Critical":2055,"Emergencies":{"Suspected":475,"Total":4133,"Severe":124,"Suspected/Accumulated":41108,"Total/Accumulated":272136,"Severe/Accumulated":13714},"MedicalActs":{"Suspected":85,"Total":933,"Suspected/Accumulated":10055,"Total/Accumulated":77910},"MedicalTests":{"Total":2337,"Confirmed":301,"Total/Accumulated":52262,"Confirmed/Accumulated":16509},"Confirmed":7660},"geometry":{"type":"Point","coordinates":[2.5292589766081885,48.704415292397634]}},{"type":"Feature","properties":{"Country/Region":"France","Province/State":"Centre-Val de Loire","Code":"24","Population":{"Total":2559073,"Under19":598570,"Under39":541141,"Under59":661150,"Under74":478923,"Over75":279289},"Beds":{"Resuscitation":180,"IntensiveCare":346,"Total":526},"Deaths":328,"Recovered":977,"Severe":973,"Critical":151,"Emergencies":{"Suspected":85,"Total":1037,"Severe":14,"Suspected/Accumulated":3183,"Total/Accumulated":55866,"Severe/Accumulated":848},"MedicalActs":{"Suspected":10,"Total":162,"Suspected/Accumulated":713,"Total/Accumulated":15197},"MedicalTests":{"Total":477,"Confirmed":21,"Total/Accumulated":8373,"Confirmed/Accumulated":1596},"Confirmed":1157},"geometry":{"type":"Point","coordinates":[1.6429664800000017,47.54357092799999]}},{"type":"Feature","properties":{"Country/Region":"France","Province/State":"Bourgogne-Franche-Comté","Code":"27","Population":{"Total":2783039,"Under19":627017,"Under39":591411,"Under59":715664,"Under74":540051,"Over75":308896},"Beds":{"Resuscitation":198,"IntensiveCare":642,"Total":840},"Deaths":721,"Recovered":2018,"Severe":1334,"Critical":234,"Emergencies":{"Suspected":118,"Total":1192,"Severe":63,"Suspected/Accumulated":8523,"Total/Accumulated":70409,"Severe/Accumulated":3497},"MedicalActs":{"Suspected":14,"Total":159,"Suspected/Accumulated":1401,"Total/Accumulated":12875},"MedicalTests":{"Total":757,"Confirmed":17,"Total/Accumulated":8124,"Confirmed/Accumulated":1169},"Confirmed":1569},"geometry":{"type":"Point","coordinates":[4.731409826897467,47.2969232490013]}},{"type":"Feature","properties":{"Country/Region":"France","Province/State":"Normandie","Code":"28","Population":{"Total":3303500,"Under19":781337,"Under39":727044,"Under59":842963,"Under74":615474,"Over75":336682},"Beds":{"Resuscitation":240,"IntensiveCare":548,"Total":788},"Deaths":299,"Recovered":896,"Severe":625,"Critical":133,"Emergencies":{"Suspected":49,"Total":1291,"Severe":25,"Suspected/Accumulated":3222,"Total/Accumulated":76714,"Severe/Accumulated":1161},"MedicalActs":{"Suspected":17,"Total":236,"Suspected/Accumulated":2092,"Total/Accumulated":21952},"MedicalTests":{"Total":331,"Confirmed":27,"Total/Accumulated":8674,"Confirmed/Accumulated":1181},"Confirmed":912},"geometry":{"type":"Point","coordinates":[-0.022673401869158984,49.066630336448576]}},{"type":"Feature","properties":{"Country/Region":"France","Province/State":"Hauts-de-France","Code":"32","Population":{"Total":5962662,"Under19":1525538,"Under39":1443348,"Under59":1522690,"Under74":994313,"Over75":476773},"Beds":{"Resuscitation":438,"IntensiveCare":1338,"Total":1776},"Deaths":1198,"Recovered":3338,"Severe":2460,"Critical":427,"Emergencies":{"Suspected":140,"Total":2210,"Severe":65,"Suspected/Accumulated":8969,"Total/Accumulated":118574,"Severe/Accumulated":3230},"MedicalActs":{"Suspected":25,"Total":412,"Suspected/Accumulated":3175,"Total/Accumulated":43264},"MedicalTests":{"Total":603,"Confirmed":60,"Total/Accumulated":11328,"Confirmed/Accumulated":2604},"Confirmed":3011},"geometry":{"type":"Point","coordinates":[2.8852615671641804,49.86155781716422]}},{"type":"Feature","properties":{"Country/Region":"France","Province/State":"Grand Est","Code":"44","Population":{"Total":5511747,"Under19":1258123,"Under39":1291962,"Under59":1448828,"Under74":988178,"Over75":524656},"Beds":{"Resuscitation":465,"IntensiveCare":840,"Total":1305},"Deaths":2612,"Recovered":6672,"Severe":4487,"Critical":692,"Emergencies":{"Suspected":115,"Total":1939,"Severe":50,"Suspected/Accumulated":13610,"Total/Accumulated":120725,"Severe/Accumulated":6833},"MedicalActs":{"Suspected":43,"Total":422,"Suspected/Accumulated":4910,"Total/Accumulated":36787},"MedicalTests":{"Total":738,"Confirmed":29,"Total/Accumulated":16238,"Confirmed/Accumulated":3405},"Confirmed":5479},"geometry":{"type":"Point","coordinates":[5.509890203045682,48.670969771573546]}},{"type":"Feature","properties":{"Country/Region":"France","Province/State":"Pays de la Loire","Code":"52","Population":{"Total":3801797,"Under19":933509,"Under39":853729,"Under59":970508,"Under74":667531,"Over75":376520},"Beds":{"Resuscitation":181,"IntensiveCare":572,"Total":753},"Deaths":285,"Recovered":1026,"Severe":747,"Critical":107,"Emergencies":{"Suspected":76,"Total":1169,"Severe":50,"Suspected/Accumulated":5412,"Total/Accumulated":63694,"Severe/Accumulated":2493},"MedicalActs":{"Suspected":19,"Total":337,"Suspected/Accumulated":2251,"Total/Accumulated":23552},"MedicalTests":{"Total":114,"Confirmed":3,"Total/Accumulated":837,"Confirmed/Accumulated":69},"Confirmed":1630},"geometry":{"type":"Point","coordinates":[-0.8763313771517983,47.44186302034428]}},{"type":"Feature","properties":{"Country/Region":"France","Province/State":"Bretagne","Code":"53","Population":{"Total":3340379,"Under19":773631,"Under39":714512,"Under59":866988,"Under74":632104,"Over75":353144},"Beds":{"Resuscitation":162,"IntensiveCare":462,"Total":624},"Deaths":193,"Recovered":702,"Severe":430,"Critical":74,"Emergencies":{"Suspected":31,"Total":1232,"Severe":20,"Suspected/Accumulated":3705,"Total/Accumulated":70757,"Severe/Accumulated":1324},"MedicalActs":{"Suspected":11,"Total":212,"Suspected/Accumulated":867,"Total/Accumulated":18223},"MedicalTests":{"Total":90,"Confirmed":2,"Total/Accumulated":330,"Confirmed/Accumulated":21},"Confirmed":962},"geometry":{"type":"Point","coordinates":[-3.104342941176476,48.146701189258316]}},{"type":"Feature","properties":{"Country/Region":"France","Province/State":"Nouvelle-Aquitaine","Code":"75","Population":{"Total":5999982,"Under19":1293321,"Under39":1274746,"Under59":1561754,"Under74":1177229,"Over75":692932},"Beds":{"Resuscitation":412,"IntensiveCare":946,"Total":1358},"Deaths":267,"Recovered":1144,"Severe":800,"Critical":161,"Emergencies":{"Suspected":89,"Total":2443,"Severe":50,"Suspected/Accumulated":7721,"Total/Accumulated":130623,"Severe/Accumulated":3255},"MedicalActs":{"Suspected":33,"Total":675,"Suspected/Accumulated":5443,"Total/Accumulated":58868},"MedicalTests":{"Total":1057,"Confirmed":21,"Total/Accumulated":14254,"Confirmed/Accumulated":829},"Confirmed":1007},"geometry":{"type":"Point","coordinates":[0.16186906163753495,45.156971701931916]}},{"type":"Feature","properties":{"Country/Region":"France","Province/State":"Occitanie","Code":"76","Population":{"Total":5924858,"Under19":1320456,"Under39":1330125,"Under59":1526711,"Under74":1099893,"Over75":647673},"Beds":{"Resuscitation":474,"IntensiveCare":1206,"Total":1680},"Deaths":328,"Recovered":1826,"Severe":857,"Critical":211,"Emergencies":{"Suspected":98,"Total":2218,"Severe":33,"Suspected/Accumulated":6186,"Total/Accumulated":133050,"Severe/Accumulated":2763},"MedicalActs":{"Suspected":26,"Total":268,"Suspected/Accumulated":2056,"Total/Accumulated":20744},"MedicalTests":{"Total":1731,"Confirmed":32,"Total/Accumulated":32282,"Confirmed/Accumulated":2119},"Confirmed":2374},"geometry":{"type":"Point","coordinates":[1.988214846153848,43.761180626373644]}},{"type":"Feature","properties":{"Country/Region":"France","Province/State":"Auvergne-Rhône-Alpes","Code":"84","Population":{"Total":8032377,"Under19":1940253,"Under39":1900702,"Under59":2079813,"Under74":1340003,"Over75":771606},"Beds":{"Resuscitation":559,"IntensiveCare":1136,"Total":1695},"Deaths":1133,"Recovered":4253,"Severe":2816,"Critical":516,"Emergencies":{"Suspected":137,"Total":3046,"Severe":58,"Suspected/Accumulated":12622,"Total/Accumulated":170671,"Severe/Accumulated":5540},"MedicalActs":{"Suspected":51,"Total":589,"Suspected/Accumulated":4970,"Total/Accumulated":45569},"MedicalTests":{"Total":604,"Confirmed":34,"Total/Accumulated":14377,"Confirmed/Accumulated":1865},"Confirmed":2093},"geometry":{"type":"Point","coordinates":[4.515179591651545,45.475403602540794]}},{"type":"Feature","properties":{"Country/Region":"France","Province/State":"Guadeloupe","Code":"01","Population":{"Total":376879,"Under19":90617,"Under39":71707,"Under59":109452,"Under74":70936,"Over75":34167},"Beds":{"Resuscitation":27,"IntensiveCare":68,"Total":95},"Deaths":12,"Recovered":69,"Severe":25,"Critical":13,"Emergencies":{"Suspected":7,"Total":154,"Severe":3,"Suspected/Accumulated":167,"Total/Accumulated":8912,"Severe/Accumulated":81},"MedicalTests":{"Total":1,"Total/Accumulated":33,"Confirmed/Accumulated":13},"Confirmed":106},"geometry":{"type":"Point","coordinates":[-61.493846272189366,16.20469674556213]}},{"type":"Feature","properties":{"Country/Region":"France","Province/State":"Martinique","Code":"02","Population":{"Total":358749,"Under19":77005,"Under39":65776,"Under59":105638,"Under74":72163,"Over75":38167},"Beds":{"Resuscitation":26,"IntensiveCare":58,"Total":84},"Deaths":13,"Recovered":62,"Severe":34,"Critical":9,"MedicalActs":{"Suspected":3,"Total":100,"Suspected/Accumulated":104,"Total/Accumulated":5842},"MedicalTests":{"Total":1,"Total/Accumulated":20,"Confirmed/Accumulated":5},"Confirmed":111},"geometry":{"type":"Point","coordinates":[-60.98265692913386,14.6217557480315]}},{"type":"Feature","properties":{"Country/Region":"France","Province/State":"Provence-Alpes-Côte d'Azur","Code":"93","Population":{"Total":5055651,"Under19":1128765,"Under39":1109058,"Under59":1309879,"Under74":927347,"Over75":580602},"Beds":{"Resuscitation":460,"IntensiveCare":802,"Total":1262},"Deaths":561,"Recovered":3046,"Severe":1799,"Critical":326,"Emergencies":{"Suspected":128,"Total":2205,"Severe":63,"Suspected/Accumulated":8345,"Total/Accumulated":135106,"Severe/Accumulated":4292},"MedicalActs":{"Suspected":51,"Total":576,"Suspected/Accumulated":4450,"Total/Accumulated":41596},"MedicalTests":{"Total":2202,"Confirmed":55,"Total/Accumulated":46743,"Confirmed/Accumulated":3713},"Confirmed":1927},"geometry":{"type":"Point","coordinates":[5.940587832647462,43.96417941015098]}},{"type":"Feature","properties":{"Country/Region":"France","Province/State":"Corse","Code":"94","Population":{"Total":344679,"Under19":68555,"Under39":76985,"Under59":93175,"Under74":65675,"Over75":40289},"Beds":{"Resuscitation":18,"IntensiveCare":42,"Total":60},"Deaths":49,"Recovered":162,"Severe":69,"Critical":11,"Emergencies":{"Suspected":31,"Total":120,"Severe":31,"Suspected/Accumulated":1582,"Total/Accumulated":7947,"Severe/Accumulated":1528},"MedicalActs":{"Suspected":7,"Total":23,"Suspected/Accumulated":404,"Total/Accumulated":2319},"Confirmed":263},"geometry":{"type":"Point","coordinates":[9.019688964401293,42.118564077669916]}},{"type":"Feature","properties":{"Country/Region":"France","Province/State":"Guyane","Code":"03","Population":{"Total":290691,"Under19":120681,"Under39":80023,"Under59":61783,"Under74":22111,"Over75":6093},"Beds":{"Resuscitation":13,"IntensiveCare":12,"Total":25},"Deaths":1,"Recovered":32,"Severe":2,"Critical":1,"Emergencies":{"Suspected":1,"Total":161,"Severe":1,"Suspected/Accumulated":60,"Total/Accumulated":9772,"Severe/Accumulated":17},"MedicalTests":{"Total":1,"Total/Accumulated":30,"Confirmed/Accumulated":4},"Confirmed":43},"geometry":{"type":"Point","coordinates":[-53.41731165390502,3.588901056661561]}},{"type":"Feature","properties":{"Country/Region":"France","Province/State":"La Réunion","Code":"04","Population":{"Total":859959,"Under19":256143,"Under39":202783,"Under59":239212,"Under74":117045,"Over75":44776},"Beds":{"Resuscitation":52,"IntensiveCare":154,"Total":206},"Recovered":96,"Severe":12,"Critical":2,"Emergencies":{"Suspected":1,"Total":307,"Severe":1,"Suspected/Accumulated":229,"Total/Accumulated":18289,"Severe/Accumulated":161},"Confirmed":94,"MedicalTests":{"Total/Accumulated":8,"Confirmed/Accumulated":1}},"geometry":{"type":"Point","coordinates":[55.52943947368424,-21.1374047368421]}},{"type":"Feature","properties":{"Country/Region":"France","Province/State":"Mayotte","Code":"06","Population":{"Total":279471,"Under19":150257,"Under39":74348,"Under59":42900,"Under74":9521,"Over75":2445},"Beds":{"Resuscitation":6,"IntensiveCare":0,"Total":6},"Deaths":6,"Recovered":54,"Severe":23,"Critical":4,"Emergencies":{"Suspected":8,"Total":107,"Severe":3,"Suspected/Accumulated":322,"Total/Accumulated":5093,"Severe/Accumulated":80},"Confirmed":128,"MedicalTests":{"Total/Accumulated":2,"Confirmed/Accumulated":1}},"geometry":{"type":"Point","coordinates":[45.14160071428572,-12.835344166666673]}}]}