{"type":"FeatureCollection","features":[{"type":"Feature","properties":{"Country/Region":"France","Province/State":"Île-de-France","Code":"11","Population":{"Total":12278210,"Under19":3140965,"Under39":3409765,"Under59":3210447,"Under74":1658207,"Over75":858826},"Beds":{"Resuscitation":1147,"IntensiveCare":2512,"Total":3659},"Deaths":4942,"Recovered":13095,"Severe":13209,"Critical":2668,"Emergencies":{"Suspected":648,"Total":4429,"Severe":190,"Suspected/Accumulated":40062,"Total/Accumulated":263797,"Severe/Accumulated":13482},"MedicalActs":{"Suspected":101,"Total":923,"Suspected/Accumulated":9901,"Total/Accumulated":76093},"MedicalTests":{"Total":977,"Confirmed":144,"Total/Accumulated":44789,"Confirmed/Accumulated":15308},"Confirmed":7660},"geometry":{"type":"Point","coordinates":[2.5292589766081885,48.704415292397634]}},{"type":"Feature","properties":{"Country/Region":"France","Province/State":"Centre-Val de Loire","Code":"24","Population":{"Total":2559073,"Under19":598570,"Under39":541141,"Under59":661150,"Under74":478923,"Over75":279289},"Beds":{"Resuscitation":180,"IntensiveCare":346,"Total":526},"Deaths":298,"Recovered":896,"Severe":996,"Critical":213,"Emergencies":{"Suspected":96,"Total":1146,"Severe":24,"Suspected/Accumulated":2968,"Total/Accumulated":53477,"Severe/Accumulated":817},"MedicalActs":{"Suspected":22,"Total":167,"Suspected/Accumulated":693,"Total/Accumulated":14845},"MedicalTests":{"Total":166,"Confirmed":14,"Total/Accumulated":6967,"Confirmed/Accumulated":1438},"Confirmed":1157},"geometry":{"type":"Point","coordinates":[1.6429664800000017,47.54357092799999]}},{"type":"Feature","properties":{"Country/Region":"France","Province/State":"Bourgogne-Franche-Comté","Code":"27","Population":{"Total":2783039,"Under19":627017,"Under39":591411,"Under59":715664,"Under74":540051,"Over75":308896},"Beds":{"Resuscitation":198,"IntensiveCare":642,"Total":840},"Deaths":677,"Recovered":1864,"Severe":1380,"Critical":295,"Emergencies":{"Suspected":156,"Total":1392,"Severe":67,"Suspected/Accumulated":8303,"Total/Accumulated":68074,"Severe/Accumulated":3382},"MedicalActs":{"Suspected":9,"Total":120,"Suspected/Accumulated":1365,"Total/Accumulated":12574},"MedicalTests":{"Total":318,"Confirmed":27,"Total/Accumulated":6176,"Confirmed/Accumulated":1058},"Confirmed":1569},"geometry":{"type":"Point","coordinates":[4.731409826897467,47.2969232490013]}},{"type":"Feature","properties":{"Country/Region":"France","Province/State":"Normandie","Code":"28","Population":{"Total":3303500,"Under19":781337,"Under39":727044,"Under59":842963,"Under74":615474,"Over75":336682},"Beds":{"Resuscitation":240,"IntensiveCare":548,"Total":788},"Deaths":283,"Recovered":821,"Severe":741,"Critical":225,"Emergencies":{"Suspected":53,"Total":1501,"Severe":26,"Suspected/Accumulated":3104,"Total/Accumulated":73906,"Severe/Accumulated":1102},"MedicalActs":{"Suspected":19,"Total":277,"Suspected/Accumulated":2067,"Total/Accumulated":21500},"MedicalTests":{"Total":201,"Confirmed":19,"Total/Accumulated":7503,"Confirmed/Accumulated":1111},"Confirmed":912},"geometry":{"type":"Point","coordinates":[-0.022673401869158984,49.066630336448576]}},{"type":"Feature","properties":{"Country/Region":"France","Province/State":"Hauts-de-France","Code":"32","Population":{"Total":5962662,"Under19":1525538,"Under39":1443348,"Under59":1522690,"Under74":994313,"Over75":476773},"Beds":{"Resuscitation":438,"IntensiveCare":1338,"Total":1776},"Deaths":1127,"Recovered":2909,"Severe":2578,"Critical":583,"Emergencies":{"Suspected":178,"Total":2191,"Severe":68,"Suspected/Accumulated":8602,"Total/Accumulated":113499,"Severe/Accumulated":3063},"MedicalActs":{"Suspected":27,"Total":507,"Suspected/Accumulated":3123,"Total/Accumulated":42429},"MedicalTests":{"Total":417,"Confirmed":51,"Total/Accumulated":9488,"Confirmed/Accumulated":2394},"Confirmed":3011},"geometry":{"type":"Point","coordinates":[2.8852615671641804,49.86155781716422]}},{"type":"Feature","properties":{"Country/Region":"France","Province/State":"Grand Est","Code":"44","Population":{"Total":5511747,"Under19":1258123,"Under39":1291962,"Under59":1448828,"Under74":988178,"Over75":524656},"Beds":{"Resuscitation":465,"IntensiveCare":840,"Total":1305},"Deaths":2515,"Recovered":6219,"Severe":4993,"Critical":971,"Emergencies":{"Suspected":181,"Total":2134,"Severe":103,"Suspected/Accumulated":13375,"Total/Accumulated":116813,"Severe/Accumulated":6721},"MedicalActs":{"Suspected":54,"Total":458,"Suspected/Accumulated":4819,"Total/Accumulated":35927},"MedicalTests":{"Total":280,"Confirmed":15,"Total/Accumulated":13867,"Confirmed/Accumulated":3209},"Confirmed":5479},"geometry":{"type":"Point","coordinates":[5.509890203045682,48.670969771573546]}},{"type":"Feature","properties":{"Country/Region":"France","Province/State":"Pays de la Loire","Code":"52","Population":{"Total":3801797,"Under19":933509,"Under39":853729,"Under59":970508,"Under74":667531,"Over75":376520},"Beds":{"Resuscitation":181,"IntensiveCare":572,"Total":753},"Deaths":268,"Recovered":957,"Severe":823,"Critical":182,"Emergencies":{"Suspected":133,"Total":1208,"Severe":74,"Suspected/Accumulated":5256,"Total/Accumulated":61409,"Severe/Accumulated":2406},"MedicalActs":{"Suspected":17,"Total":334,"Suspected/Accumulated":2216,"Total/Accumulated":22886},"MedicalTests":{"Total":16,"Confirmed":1,"Total/Accumulated":589,"Confirmed/Accumulated":62},"Confirmed":1630},"geometry":{"type":"Point","coordinates":[-0.8763313771517983,47.44186302034428]}},{"type":"Feature","properties":{"Country/Region":"France","Province/State":"Bretagne","Code":"53","Population":{"Total":3340379,"Under19":773631,"Under39":714512,"Under59":866988,"Under74":632104,"Over75":353144},"Beds":{"Resuscitation":162,"IntensiveCare":462,"Total":624},"Deaths":189,"Recovered":650,"Severe":514,"Critical":141,"Emergencies":{"Suspected":61,"Total":1214,"Severe":43,"Suspected/Accumulated":3778,"Total/Accumulated":67804,"Severe/Accumulated":1244},"MedicalActs":{"Suspected":15,"Total":209,"Suspected/Accumulated":849,"Total/Accumulated":17785},"MedicalTests":{"Total":7,"Total/Accumulated":157,"Confirmed/Accumulated":17},"Confirmed":962},"geometry":{"type":"Point","coordinates":[-3.104342941176476,48.146701189258316]}},{"type":"Feature","properties":{"Country/Region":"France","Province/State":"Nouvelle-Aquitaine","Code":"75","Population":{"Total":5999982,"Under19":1293321,"Under39":1274746,"Under59":1561754,"Under74":1177229,"Over75":692932},"Beds":{"Resuscitation":412,"IntensiveCare":946,"Total":1358},"Deaths":259,"Recovered":1083,"Severe":866,"Critical":264,"Emergencies":{"Suspected":114,"Total":2550,"Severe":70,"Suspected/Accumulated":7499,"Total/Accumulated":125707,"Severe/Accumulated":3136},"MedicalActs":{"Suspected":63,"Total":778,"Suspected/Accumulated":5373,"Total/Accumulated":57493},"MedicalTests":{"Total":286,"Confirmed":1,"Total/Accumulated":9262,"Confirmed/Accumulated":626},"Confirmed":1007},"geometry":{"type":"Point","coordinates":[0.16186906163753495,45.156971701931916]}},{"type":"Feature","properties":{"Country/Region":"France","Province/State":"Occitanie","Code":"76","Population":{"Total":5924858,"Under19":1320456,"Under39":1330125,"Under59":1526711,"Under74":1099893,"Over75":647673},"Beds":{"Resuscitation":474,"IntensiveCare":1206,"Total":1680},"Deaths":312,"Recovered":1728,"Severe":1047,"Critical":336,"Emergencies":{"Suspected":151,"Total":2447,"Severe":47,"Suspected/Accumulated":5929,"Total/Accumulated":128140,"Severe/Accumulated":2650},"MedicalActs":{"Suspected":19,"Total":268,"Suspected/Accumulated":2007,"Total/Accumulated":20226},"MedicalTests":{"Total":107,"Confirmed":1,"Total/Accumulated":3978,"Confirmed/Accumulated":368},"Confirmed":2374},"geometry":{"type":"Point","coordinates":[1.988214846153848,43.761180626373644]}},{"type":"Feature","properties":{"Country/Region":"France","Province/State":"Auvergne-Rhône-Alpes","Code":"84","Population":{"Total":8032377,"Under19":1940253,"Under39":1900702,"Under59":2079813,"Under74":1340003,"Over75":771606},"Beds":{"Resuscitation":559,"IntensiveCare":1136,"Total":1695},"Deaths":1062,"Recovered":3904,"Severe":3055,"Critical":783,"Emergencies":{"Suspected":183,"Total":2973,"Severe":87,"Suspected/Accumulated":12309,"Total/Accumulated":164467,"Severe/Accumulated":5386},"MedicalActs":{"Suspected":51,"Total":600,"Suspected/Accumulated":4875,"Total/Accumulated":44395},"MedicalTests":{"Total":213,"Confirmed":26,"Total/Accumulated":8895,"Confirmed/Accumulated":1566},"Confirmed":2093},"geometry":{"type":"Point","coordinates":[4.515179591651545,45.475403602540794]}},{"type":"Feature","properties":{"Country/Region":"France","Province/State":"Guadeloupe","Code":"01","Population":{"Total":376879,"Under19":90617,"Under39":71707,"Under59":109452,"Under74":70936,"Over75":34167},"Beds":{"Resuscitation":27,"IntensiveCare":68,"Total":95},"Deaths":12,"Recovered":62,"Severe":44,"Critical":20,"Emergencies":{"Suspected":3,"Total":153,"Severe":1,"Suspected/Accumulated":153,"Total/Accumulated":8527,"Severe/Accumulated":74},"Confirmed":106,"MedicalTests":{"Total/Accumulated":29,"Confirmed/Accumulated":13}},"geometry":{"type":"Point","coordinates":[-61.493846272189366,16.20469674556213]}},{"type":"Feature","properties":{"Country/Region":"France","Province/State":"Martinique","Code":"02","Population":{"Total":358749,"Under19":77005,"Under39":65776,"Under59":105638,"Under74":72163,"Over75":38167},"Beds":{"Resuscitation":26,"IntensiveCare":58,"Total":84},"Deaths":9,"Recovered":60,"Severe":64,"Critical":21,"MedicalActs":{"Suspected":3,"Total":111,"Suspected/Accumulated":101,"Total/Accumulated":5657},"Confirmed":111,"MedicalTests":{"Total/Accumulated":18,"Confirmed/Accumulated":5}},"geometry":{"type":"Point","coordinates":[-60.98265692913386,14.6217557480315]}},{"type":"Feature","properties":{"Country/Region":"France","Province/State":"Provence-Alpes-Côte d'Azur","Code":"93","Population":{"Total":5055651,"Under19":1128765,"Under39":1109058,"Under59":1309879,"Under74":927347,"Over75":580602},"Beds":{"Resuscitation":460,"IntensiveCare":802,"Total":1262},"Deaths":499,"Recovered":2834,"Severe":1909,"Critical":441,"Emergencies":{"Suspected":144,"Total":2360,"Severe":88,"Suspected/Accumulated":8050,"Total/Accumulated":130440,"Severe/Accumulated":4145},"MedicalActs":{"Suspected":47,"Total":620,"Suspected/Accumulated":4353,"Total/Accumulated":40442},"MedicalTests":{"Total":804,"Confirmed":34,"Total/Accumulated":29854,"Confirmed/Accumulated":2635},"Confirmed":1927},"geometry":{"type":"Point","coordinates":[5.940587832647462,43.96417941015098]}},{"type":"Feature","properties":{"Country/Region":"France","Province/State":"Corse","Code":"94","Population":{"Total":344679,"Under19":68555,"Under39":76985,"Under59":93175,"Under74":65675,"Over75":40289},"Beds":{"Resuscitation":18,"IntensiveCare":42,"Total":60},"Deaths":47,"Recovered":152,"Severe":108,"Critical":26,"Emergencies":{"Suspected":36,"Total":123,"Severe":36,"Suspected/Accumulated":1518,"Total/Accumulated":7689,"Severe/Accumulated":1464},"MedicalActs":{"Suspected":1,"Total":29,"Suspected/Accumulated":392,"Total/Accumulated":2270},"Confirmed":263},"geometry":{"type":"Point","coordinates":[9.019688964401293,42.118564077669916]}},{"type":"Feature","properties":{"Country/Region":"France","Province/State":"Guyane","Code":"03","Population":{"Total":290691,"Under19":120681,"Under39":80023,"Under59":61783,"Under74":22111,"Over75":6093},"Beds":{"Resuscitation":13,"IntensiveCare":12,"Total":25},"Recovered":29,"Severe":19,"Critical":2,"Confirmed":43,"Emergencies":{"Suspected/Accumulated":40,"Total/Accumulated":8247,"Severe/Accumulated":10},"MedicalTests":{"Total/Accumulated":24,"Confirmed/Accumulated":3}},"geometry":{"type":"Point","coordinates":[-53.41731165390502,3.588901056661561]}},{"type":"Feature","properties":{"Country/Region":"France","Province/State":"La Réunion","Code":"04","Population":{"Total":859959,"Under19":256143,"Under39":202783,"Under59":239212,"Under74":117045,"Over75":44776},"Beds":{"Resuscitation":52,"IntensiveCare":154,"Total":206},"Recovered":93,"Severe":57,"Critical":6,"Emergencies":{"Suspected":1,"Total":368,"Severe":1,"Suspected/Accumulated":226,"Total/Accumulated":17621,"Severe/Accumulated":158},"Confirmed":94,"MedicalTests":{"Total/Accumulated":6}},"geometry":{"type":"Point","coordinates":[55.52943947368424,-21.1374047368421]}},{"type":"Feature","properties":{"Country/Region":"France","Province/State":"Mayotte","Code":"06","Population":{"Total":279471,"Under19":150257,"Under39":74348,"Under59":42900,"Under74":9521,"Over75":2445},"Beds":{"Resuscitation":6,"IntensiveCare":0,"Total":6},"Deaths":6,"Recovered":47,"Severe":25,"Critical":6,"Emergencies":{"Suspected":23,"Total":100,"Severe":1,"Suspected/Accumulated":301,"Total/Accumulated":4890,"Severe/Accumulated":70},"Confirmed":128,"MedicalTests":{"Total/Accumulated":2,"Confirmed/Accumulated":1}},"geometry":{"type":"Point","coordinates":[45.14160071428572,-12.835344166666673]}}]}