{"type":"FeatureCollection","features":[{"type":"Feature","properties":{"Country/Region":"France","Province/State":"Île-de-France","Code":"11","Population":{"Total":12278210,"Under19":3140965,"Under39":3409765,"Under59":3210447,"Under74":1658207,"Over75":858826},"Beds":{"Resuscitation":1147,"IntensiveCare":2512,"Total":3659},"Confirmed":3818,"Deaths":99,"Recovered":350,"Severe":1785,"Critical":484,"Emergencies":{"Suspected":986,"Total":5029,"Severe":301,"Suspected/Accumulated":6263,"Total/Accumulated":127944,"Severe/Accumulated":1695},"MedicalActs":{"Suspected":287,"Total":1371,"Suspected/Accumulated":1962,"Total/Accumulated":38827},"MedicalTests":{"Total":777,"Confirmed":381,"Total/Accumulated":3471,"Confirmed/Accumulated":1336}},"geometry":{"type":"Point","coordinates":[2.5292589766081885,48.704415292397634]}},{"type":"Feature","properties":{"Country/Region":"France","Province/State":"Centre-Val de Loire","Code":"24","Population":{"Total":2559073,"Under19":598570,"Under39":541141,"Under59":661150,"Under74":478923,"Over75":279289},"Beds":{"Resuscitation":180,"IntensiveCare":346,"Total":526},"Confirmed":219,"Deaths":2,"Recovered":2,"Severe":58,"Critical":13,"Emergencies":{"Suspected":51,"Total":930,"Severe":16,"Suspected/Accumulated":260,"Total/Accumulated":25911,"Severe/Accumulated":62},"MedicalActs":{"Suspected":15,"Total":246,"Suspected/Accumulated":82,"Total/Accumulated":8334},"MedicalTests":{"Total":50,"Confirmed":9,"Total/Accumulated":172,"Confirmed/Accumulated":31}},"geometry":{"type":"Point","coordinates":[1.6429664800000017,47.54357092799999]}},{"type":"Feature","properties":{"Country/Region":"France","Province/State":"Bourgogne-Franche-Comté","Code":"27","Population":{"Total":2783039,"Under19":627017,"Under39":591411,"Under59":715664,"Under74":540051,"Over75":308896},"Beds":{"Resuscitation":198,"IntensiveCare":642,"Total":840},"Confirmed":770,"Deaths":28,"Recovered":68,"Severe":270,"Critical":73,"Emergencies":{"Suspected":224,"Total":1194,"Severe":97,"Suspected/Accumulated":1593,"Total/Accumulated":32431,"Severe/Accumulated":605},"MedicalActs":{"Suspected":35,"Total":195,"Suspected/Accumulated":299,"Total/Accumulated":6470},"MedicalTests":{"Total":84,"Confirmed":13,"Total/Accumulated":214,"Confirmed/Accumulated":42}},"geometry":{"type":"Point","coordinates":[4.731409826897467,47.2969232490013]}},{"type":"Feature","properties":{"Country/Region":"France","Province/State":"Normandie","Code":"28","Population":{"Total":3303500,"Under19":781337,"Under39":727044,"Under59":842963,"Under74":615474,"Over75":336682},"Beds":{"Resuscitation":240,"IntensiveCare":548,"Total":788},"Confirmed":287,"Deaths":7,"Recovered":14,"Severe":71,"Critical":13,"Emergencies":{"Suspected":60,"Total":1095,"Severe":12,"Suspected/Accumulated":549,"Total/Accumulated":36660,"Severe/Accumulated":79},"MedicalActs":{"Suspected":73,"Total":337,"Suspected/Accumulated":360,"Total/Accumulated":11695},"MedicalTests":{"Total":90,"Confirmed":15,"Total/Accumulated":246,"Confirmed/Accumulated":27}},"geometry":{"type":"Point","coordinates":[-0.022673401869158984,49.066630336448576]}},{"type":"Feature","properties":{"Country/Region":"France","Province/State":"Hauts-de-France","Code":"32","Population":{"Total":5962662,"Under19":1525538,"Under39":1443348,"Under59":1522690,"Under74":994313,"Over75":476773},"Beds":{"Resuscitation":438,"IntensiveCare":1338,"Total":1776},"Confirmed":759,"Deaths":81,"Recovered":156,"Severe":432,"Critical":136,"Emergencies":{"Suspected":167,"Total":1663,"Severe":58,"Suspected/Accumulated":1159,"Total/Accumulated":54994,"Severe/Accumulated":352},"MedicalActs":{"Suspected":103,"Total":775,"Suspected/Accumulated":497,"Total/Accumulated":24806},"MedicalTests":{"Total":48,"Confirmed":19,"Total/Accumulated":189,"Confirmed/Accumulated":57}},"geometry":{"type":"Point","coordinates":[2.8852615671641804,49.86155781716422]}},{"type":"Feature","properties":{"Country/Region":"France","Province/State":"Grand Est","Code":"44","Population":{"Total":5511747,"Under19":1258123,"Under39":1291962,"Under59":1448828,"Under74":988178,"Over75":524656},"Beds":{"Resuscitation":465,"IntensiveCare":840,"Total":1305},"Confirmed":3006,"Deaths":183,"Recovered":284,"Severe":1551,"Critical":352,"Emergencies":{"Suspected":464,"Total":2060,"Severe":212,"Suspected/Accumulated":2431,"Total/Accumulated":56752,"Severe/Accumulated":1110},"MedicalActs":{"Suspected":94,"Total":717,"Suspected/Accumulated":716,"Total/Accumulated":15835},"MedicalTests":{"Total":107,"Confirmed":41,"Total/Accumulated":415,"Confirmed/Accumulated":147}},"geometry":{"type":"Point","coordinates":[5.509890203045682,48.670969771573546]}},{"type":"Feature","properties":{"Country/Region":"France","Province/State":"Pays de la Loire","Code":"52","Population":{"Total":3801797,"Under19":933509,"Under39":853729,"Under59":970508,"Under74":667531,"Over75":376520},"Beds":{"Resuscitation":181,"IntensiveCare":572,"Total":753},"Confirmed":190,"Deaths":3,"Recovered":62,"Severe":73,"Critical":25,"Emergencies":{"Suspected":80,"Total":1094,"Severe":41,"Suspected/Accumulated":961,"Total/Accumulated":28871,"Severe/Accumulated":258},"MedicalActs":{"Suspected":70,"Total":459,"Suspected/Accumulated":427,"Total/Accumulated":10740},"MedicalTests":{"Total":13,"Confirmed":3,"Total/Accumulated":28,"Confirmed/Accumulated":7}},"geometry":{"type":"Point","coordinates":[-0.8763313771517983,47.44186302034428]}},{"type":"Feature","properties":{"Country/Region":"France","Province/State":"Bretagne","Code":"53","Population":{"Total":3340379,"Under19":773631,"Under39":714512,"Under59":866988,"Under74":632104,"Over75":353144},"Beds":{"Resuscitation":162,"IntensiveCare":462,"Total":624},"Confirmed":346,"Deaths":12,"Recovered":77,"Severe":96,"Critical":27,"Emergencies":{"Suspected":78,"Total":1280,"Severe":16,"Suspected/Accumulated":1138,"Total/Accumulated":32647,"Severe/Accumulated":112},"MedicalActs":{"Suspected":24,"Total":326,"Suspected/Accumulated":145,"Total/Accumulated":8800},"MedicalTests":{"Total":4,"Total/Accumulated":15,"Confirmed/Accumulated":3}},"geometry":{"type":"Point","coordinates":[-3.104342941176476,48.146701189258316]}},{"type":"Feature","properties":{"Country/Region":"France","Province/State":"Nouvelle-Aquitaine","Code":"75","Population":{"Total":5999982,"Under19":1293321,"Under39":1274746,"Under59":1561754,"Under74":1177229,"Over75":692932},"Beds":{"Resuscitation":412,"IntensiveCare":946,"Total":1358},"Confirmed":432,"Deaths":4,"Recovered":31,"Severe":65,"Critical":15,"Emergencies":{"Suspected":164,"Total":2106,"Severe":60,"Suspected/Accumulated":1352,"Total/Accumulated":59726,"Severe/Accumulated":268},"MedicalActs":{"Suspected":170,"Total":1091,"Suspected/Accumulated":1294,"Total/Accumulated":28391},"MedicalTests":{"Total":105,"Confirmed":11,"Total/Accumulated":528,"Confirmed/Accumulated":36}},"geometry":{"type":"Point","coordinates":[0.16186906163753495,45.156971701931916]}},{"type":"Feature","properties":{"Country/Region":"France","Province/State":"Occitanie","Code":"76","Population":{"Total":5924858,"Under19":1320456,"Under39":1330125,"Under59":1526711,"Under74":1099893,"Over75":647673},"Beds":{"Resuscitation":474,"IntensiveCare":1206,"Total":1680},"Confirmed":537,"Deaths":23,"Recovered":73,"Severe":185,"Critical":67,"Emergencies":{"Suspected":90,"Total":2018,"Severe":31,"Suspected/Accumulated":1079,"Total/Accumulated":63723,"Severe/Accumulated":411},"MedicalActs":{"Suspected":41,"Total":359,"Suspected/Accumulated":333,"Total/Accumulated":9572},"MedicalTests":{"Total":68,"Confirmed":8,"Total/Accumulated":192,"Confirmed/Accumulated":26}},"geometry":{"type":"Point","coordinates":[1.988214846153848,43.761180626373644]}},{"type":"Feature","properties":{"Country/Region":"France","Province/State":"Auvergne-Rhône-Alpes","Code":"84","Population":{"Total":8032377,"Under19":1940253,"Under39":1900702,"Under59":2079813,"Under74":1340003,"Over75":771606},"Beds":{"Resuscitation":559,"IntensiveCare":1136,"Total":1695},"Confirmed":1101,"Deaths":39,"Recovered":179,"Severe":463,"Critical":87,"Emergencies":{"Suspected":226,"Total":2699,"Severe":117,"Suspected/Accumulated":1267,"Total/Accumulated":81798,"Severe/Accumulated":562},"MedicalActs":{"Suspected":139,"Total":824,"Suspected/Accumulated":970,"Total/Accumulated":20500},"MedicalTests":{"Total":446,"Confirmed":101,"Total/Accumulated":1391,"Confirmed/Accumulated":264}},"geometry":{"type":"Point","coordinates":[4.515179591651545,45.475403602540794]}},{"type":"Feature","properties":{"Country/Region":"France","Province/State":"Guadeloupe","Code":"01","Population":{"Total":376879,"Under19":90617,"Under39":71707,"Under59":109452,"Under74":70936,"Over75":34167},"Beds":{"Resuscitation":27,"IntensiveCare":68,"Total":95},"Confirmed":51,"Deaths":1,"Severe":11,"Critical":4,"Emergencies":{"Suspected":1,"Total":155,"Suspected/Accumulated":2,"Total/Accumulated":4308,"Severe/Accumulated":1},"MedicalTests":{"Total/Accumulated":1,"Confirmed/Accumulated":1}},"geometry":{"type":"Point","coordinates":[-61.493846272189366,16.20469674556213]}},{"type":"Feature","properties":{"Country/Region":"France","Province/State":"Martinique","Code":"02","Population":{"Total":358749,"Under19":77005,"Under39":65776,"Under59":105638,"Under74":72163,"Over75":38167},"Beds":{"Resuscitation":26,"IntensiveCare":58,"Total":84},"Confirmed":35,"Deaths":1,"Severe":19,"Critical":7,"MedicalActs":{"Total":104,"Total/Accumulated":2601}},"geometry":{"type":"Point","coordinates":[-60.98265692913386,14.6217557480315]}},{"type":"Feature","properties":{"Country/Region":"France","Province/State":"Provence-Alpes-Côte d'Azur","Code":"93","Population":{"Total":5055651,"Under19":1128765,"Under39":1109058,"Under59":1309879,"Under74":927347,"Over75":580602},"Beds":{"Resuscitation":460,"IntensiveCare":802,"Total":1262},"Confirmed":826,"Deaths":11,"Recovered":280,"Severe":281,"Critical":59,"Emergencies":{"Suspected":225,"Total":2212,"Severe":82,"Suspected/Accumulated":1378,"Total/Accumulated":63598,"Severe/Accumulated":659},"MedicalActs":{"Suspected":109,"Total":761,"Suspected/Accumulated":821,"Total/Accumulated":18168},"MedicalTests":{"Total":171,"Confirmed":29,"Total/Accumulated":688,"Confirmed/Accumulated":90}},"geometry":{"type":"Point","coordinates":[5.940587832647462,43.96417941015098]}},{"type":"Feature","properties":{"Country/Region":"France","Province/State":"Corse","Code":"94","Population":{"Total":344679,"Under19":68555,"Under39":76985,"Under59":93175,"Under74":65675,"Over75":40289},"Beds":{"Resuscitation":18,"IntensiveCare":42,"Total":60},"Confirmed":168,"Deaths":7,"Recovered":33,"Severe":66,"Critical":14,"Emergencies":{"Suspected":39,"Total":147,"Severe":39,"Suspected/Accumulated":440,"Total/Accumulated":3535,"Severe/Accumulated":429},"MedicalActs":{"Suspected":10,"Total":33,"Suspected/Accumulated":96,"Total/Accumulated":1134}},"geometry":{"type":"Point","coordinates":[9.019688964401293,42.118564077669916]}},{"type":"Feature","properties":{"Country/Region":"France","Province/State":"Guyane","Code":"03","Population":{"Total":290691,"Under19":120681,"Under39":80023,"Under59":61783,"Under74":22111,"Over75":6093},"Beds":{"Resuscitation":13,"IntensiveCare":12,"Total":25},"Confirmed":18,"Recovered":6,"Emergencies":{"Total":148,"Suspected/Accumulated":3,"Total/Accumulated":4883},"MedicalTests":{"Total":4,"Total/Accumulated":8}},"geometry":{"type":"Point","coordinates":[-53.41731165390502,3.588901056661561]}},{"type":"Feature","properties":{"Country/Region":"France","Province/State":"La Réunion","Code":"04","Population":{"Total":859959,"Under19":256143,"Under39":202783,"Under59":239212,"Under74":117045,"Over75":44776},"Beds":{"Resuscitation":52,"IntensiveCare":154,"Total":206},"Confirmed":38,"Severe":2,"Critical":2,"Emergencies":{"Total":313,"Suspected/Accumulated":58,"Total/Accumulated":8891,"Severe/Accumulated":54}},"geometry":{"type":"Point","coordinates":[55.52943947368424,-21.1374047368421]}},{"type":"Feature","properties":{"Country/Region":"France","Province/State":"Mayotte","Code":"06","Population":{"Total":279471,"Under19":150257,"Under39":74348,"Under59":42900,"Under74":9521,"Over75":2445},"Beds":{"Resuscitation":6,"IntensiveCare":0,"Total":6},"Confirmed":7,"Severe":4,"Critical":1,"Emergencies":{"Suspected":1,"Total":73,"Severe":1,"Suspected/Accumulated":7,"Total/Accumulated":2280,"Severe/Accumulated":1}},"geometry":{"type":"Point","coordinates":[45.14160071428572,-12.835344166666673]}}]}