{"type":"FeatureCollection","features":[{"type":"Feature","properties":{"Country/Region":"France","Province/State":"Île-de-France","Code":"11","Population":{"Total":12278210,"Under19":3140965,"Under39":3409765,"Under59":3210447,"Under74":1658207,"Over75":858826},"Beds":{"Resuscitation":1147,"IntensiveCare":2512,"Total":3659},"Deaths":2355,"Recovered":5597,"Severe":11762,"Critical":2537,"Emergencies":{"Suspected":1308,"Total":4382,"Severe":481,"Suspected/Accumulated":30803,"Total/Accumulated":207284,"Severe/Accumulated":10178},"MedicalActs":{"Suspected":212,"Total":1076,"Suspected/Accumulated":8055,"Total/Accumulated":61764},"MedicalTests":{"Total":1652,"Confirmed":596,"Total/Accumulated":25153,"Confirmed/Accumulated":10189},"Confirmed":7660},"geometry":{"type":"Point","coordinates":[2.5292589766081885,48.704415292397634]}},{"type":"Feature","properties":{"Country/Region":"France","Province/State":"Centre-Val de Loire","Code":"24","Population":{"Total":2559073,"Under19":598570,"Under39":541141,"Under59":661150,"Under74":478923,"Over75":279289},"Beds":{"Resuscitation":180,"IntensiveCare":346,"Total":526},"Deaths":132,"Recovered":329,"Severe":793,"Critical":203,"Emergencies":{"Suspected":110,"Total":864,"Severe":34,"Suspected/Accumulated":1903,"Total/Accumulated":40280,"Severe/Accumulated":544},"MedicalActs":{"Suspected":32,"Total":188,"Suspected/Accumulated":464,"Total/Accumulated":12120},"MedicalTests":{"Total":388,"Confirmed":96,"Total/Accumulated":3794,"Confirmed/Accumulated":906},"Confirmed":1157},"geometry":{"type":"Point","coordinates":[1.6429664800000017,47.54357092799999]}},{"type":"Feature","properties":{"Country/Region":"France","Province/State":"Bourgogne-Franche-Comté","Code":"27","Population":{"Total":2783039,"Under19":627017,"Under39":591411,"Under59":715664,"Under74":540051,"Over75":308896},"Beds":{"Resuscitation":198,"IntensiveCare":642,"Total":840},"Deaths":367,"Recovered":986,"Severe":1176,"Critical":285,"Emergencies":{"Suspected":230,"Total":1198,"Severe":104,"Suspected/Accumulated":5907,"Total/Accumulated":51450,"Severe/Accumulated":2446},"MedicalActs":{"Suspected":41,"Total":177,"Suspected/Accumulated":1089,"Total/Accumulated":10135},"MedicalTests":{"Total":344,"Confirmed":76,"Total/Accumulated":3045,"Confirmed/Accumulated":600},"Confirmed":1569},"geometry":{"type":"Point","coordinates":[4.731409826897467,47.2969232490013]}},{"type":"Feature","properties":{"Country/Region":"France","Province/State":"Normandie","Code":"28","Population":{"Total":3303500,"Under19":781337,"Under39":727044,"Under59":842963,"Under74":615474,"Over75":336682},"Beds":{"Resuscitation":240,"IntensiveCare":548,"Total":788},"Deaths":127,"Recovered":338,"Severe":712,"Critical":223,"Emergencies":{"Suspected":94,"Total":1307,"Severe":30,"Suspected/Accumulated":2278,"Total/Accumulated":56114,"Severe/Accumulated":694},"MedicalActs":{"Suspected":56,"Total":277,"Suspected/Accumulated":1696,"Total/Accumulated":17488},"MedicalTests":{"Total":437,"Confirmed":62,"Total/Accumulated":3413,"Confirmed/Accumulated":575},"Confirmed":912},"geometry":{"type":"Point","coordinates":[-0.022673401869158984,49.066630336448576]}},{"type":"Feature","properties":{"Country/Region":"France","Province/State":"Hauts-de-France","Code":"32","Population":{"Total":5962662,"Under19":1525538,"Under39":1443348,"Under59":1522690,"Under74":994313,"Over75":476773},"Beds":{"Resuscitation":438,"IntensiveCare":1338,"Total":1776},"Deaths":577,"Recovered":1219,"Severe":2227,"Critical":567,"Emergencies":{"Suspected":295,"Total":1984,"Severe":98,"Suspected/Accumulated":6130,"Total/Accumulated":85879,"Severe/Accumulated":2078},"MedicalActs":{"Suspected":81,"Total":557,"Suspected/Accumulated":2495,"Total/Accumulated":35615},"MedicalTests":{"Total":505,"Confirmed":133,"Total/Accumulated":4308,"Confirmed/Accumulated":1377},"Confirmed":3011},"geometry":{"type":"Point","coordinates":[2.8852615671641804,49.86155781716422]}},{"type":"Feature","properties":{"Country/Region":"France","Province/State":"Grand Est","Code":"44","Population":{"Total":5511747,"Under19":1258123,"Under39":1291962,"Under59":1448828,"Under74":988178,"Over75":524656},"Beds":{"Resuscitation":465,"IntensiveCare":840,"Total":1305},"Deaths":1574,"Recovered":3115,"Severe":4801,"Critical":937,"Emergencies":{"Suspected":366,"Total":2047,"Severe":188,"Suspected/Accumulated":10632,"Total/Accumulated":90234,"Severe/Accumulated":5280},"MedicalActs":{"Suspected":116,"Total":543,"Suspected/Accumulated":3809,"Total/Accumulated":27752},"MedicalTests":{"Total":565,"Confirmed":126,"Total/Accumulated":6957,"Confirmed/Accumulated":2012},"Confirmed":5479},"geometry":{"type":"Point","coordinates":[5.509890203045682,48.670969771573546]}},{"type":"Feature","properties":{"Country/Region":"France","Province/State":"Pays de la Loire","Code":"52","Population":{"Total":3801797,"Under19":933509,"Under39":853729,"Under59":970508,"Under74":667531,"Over75":376520},"Beds":{"Resuscitation":181,"IntensiveCare":572,"Total":753},"Confirmed":1412,"Deaths":164,"Recovered":456,"Severe":685,"Critical":182,"Emergencies":{"Suspected":185,"Total":1109,"Severe":91,"Suspected/Accumulated":3840,"Total/Accumulated":46010,"Severe/Accumulated":1611},"MedicalActs":{"Suspected":41,"Total":320,"Suspected/Accumulated":1784,"Total/Accumulated":17631},"MedicalTests":{"Total":29,"Confirmed":3,"Total/Accumulated":456,"Confirmed/Accumulated":57}},"geometry":{"type":"Point","coordinates":[-0.8763313771517983,47.44186302034428]}},{"type":"Feature","properties":{"Country/Region":"France","Province/State":"Bretagne","Code":"53","Population":{"Total":3340379,"Under19":773631,"Under39":714512,"Under59":866988,"Under74":632104,"Over75":353144},"Beds":{"Resuscitation":162,"IntensiveCare":462,"Total":624},"Deaths":88,"Recovered":296,"Severe":471,"Critical":141,"Emergencies":{"Suspected":91,"Total":1251,"Severe":50,"Suspected/Accumulated":2815,"Total/Accumulated":51330,"Severe/Accumulated":764},"MedicalActs":{"Suspected":12,"Total":229,"Suspected/Accumulated":674,"Total/Accumulated":14023},"MedicalTests":{"Total":7,"Confirmed":1,"Total/Accumulated":111,"Confirmed/Accumulated":16},"Confirmed":962},"geometry":{"type":"Point","coordinates":[-3.104342941176476,48.146701189258316]}},{"type":"Feature","properties":{"Country/Region":"France","Province/State":"Nouvelle-Aquitaine","Code":"75","Population":{"Total":5999982,"Under19":1293321,"Under39":1274746,"Under59":1561754,"Under74":1177229,"Over75":692932},"Beds":{"Resuscitation":412,"IntensiveCare":946,"Total":1358},"Deaths":138,"Recovered":610,"Severe":783,"Critical":247,"Emergencies":{"Suspected":222,"Total":2251,"Severe":111,"Suspected/Accumulated":5582,"Total/Accumulated":94817,"Severe/Accumulated":2076},"MedicalActs":{"Suspected":85,"Total":770,"Suspected/Accumulated":4399,"Total/Accumulated":45685},"MedicalTests":{"Total":465,"Confirmed":44,"Total/Accumulated":5351,"Confirmed/Accumulated":517},"Confirmed":1007},"geometry":{"type":"Point","coordinates":[0.16186906163753495,45.156971701931916]}},{"type":"Feature","properties":{"Country/Region":"France","Province/State":"Occitanie","Code":"76","Population":{"Total":5924858,"Under19":1320456,"Under39":1330125,"Under59":1526711,"Under74":1099893,"Over75":647673},"Beds":{"Resuscitation":474,"IntensiveCare":1206,"Total":1680},"Deaths":172,"Recovered":803,"Severe":1047,"Critical":333,"Emergencies":{"Suspected":202,"Total":2186,"Severe":99,"Suspected/Accumulated":4243,"Total/Accumulated":97292,"Severe/Accumulated":1881},"MedicalActs":{"Suspected":38,"Total":249,"Suspected/Accumulated":1611,"Total/Accumulated":15812},"MedicalTests":{"Total":1137,"Confirmed":86,"Total/Accumulated":11873,"Confirmed/Accumulated":1415},"Confirmed":2374},"geometry":{"type":"Point","coordinates":[1.988214846153848,43.761180626373644]}},{"type":"Feature","properties":{"Country/Region":"France","Province/State":"Auvergne-Rhône-Alpes","Code":"84","Population":{"Total":8032377,"Under19":1940253,"Under39":1900702,"Under59":2079813,"Under74":1340003,"Over75":771606},"Beds":{"Resuscitation":559,"IntensiveCare":1136,"Total":1695},"Deaths":555,"Recovered":1866,"Severe":3030,"Critical":783,"Emergencies":{"Suspected":434,"Total":2802,"Severe":175,"Suspected/Accumulated":9038,"Total/Accumulated":125878,"Severe/Accumulated":4005},"MedicalActs":{"Suspected":125,"Total":648,"Suspected/Accumulated":3811,"Total/Accumulated":34409},"MedicalTests":{"Total":474,"Confirmed":83,"Total/Accumulated":6789,"Confirmed/Accumulated":1104},"Confirmed":2093},"geometry":{"type":"Point","coordinates":[4.515179591651545,45.475403602540794]}},{"type":"Feature","properties":{"Country/Region":"France","Province/State":"Guadeloupe","Code":"01","Population":{"Total":376879,"Under19":90617,"Under39":71707,"Under59":109452,"Under74":70936,"Over75":34167},"Beds":{"Resuscitation":27,"IntensiveCare":68,"Total":95},"Deaths":8,"Recovered":37,"Severe":40,"Critical":18,"Emergencies":{"Suspected":8,"Total":144,"Severe":4,"Suspected/Accumulated":95,"Total/Accumulated":6679,"Severe/Accumulated":38},"Confirmed":106,"MedicalTests":{"Total/Accumulated":23,"Confirmed/Accumulated":12}},"geometry":{"type":"Point","coordinates":[-61.493846272189366,16.20469674556213]}},{"type":"Feature","properties":{"Country/Region":"France","Province/State":"Martinique","Code":"02","Population":{"Total":358749,"Under19":77005,"Under39":65776,"Under59":105638,"Under74":72163,"Over75":38167},"Beds":{"Resuscitation":26,"IntensiveCare":58,"Total":84},"Deaths":4,"Recovered":37,"Severe":55,"Critical":20,"MedicalActs":{"Suspected":2,"Total":102,"Suspected/Accumulated":50,"Total/Accumulated":4289},"MedicalTests":{"Total":2,"Total/Accumulated":12,"Confirmed/Accumulated":4},"Confirmed":111},"geometry":{"type":"Point","coordinates":[-60.98265692913386,14.6217557480315]}},{"type":"Feature","properties":{"Country/Region":"France","Province/State":"Provence-Alpes-Côte d'Azur","Code":"93","Population":{"Total":5055651,"Under19":1128765,"Under39":1109058,"Under59":1309879,"Under74":927347,"Over75":580602},"Beds":{"Resuscitation":460,"IntensiveCare":802,"Total":1262},"Deaths":231,"Recovered":1383,"Severe":1827,"Critical":440,"Emergencies":{"Suspected":208,"Total":2124,"Severe":128,"Suspected/Accumulated":5774,"Total/Accumulated":99890,"Severe/Accumulated":2991},"MedicalActs":{"Suspected":82,"Total":647,"Suspected/Accumulated":3331,"Total/Accumulated":31130},"MedicalTests":{"Total":1606,"Confirmed":196,"Total/Accumulated":17072,"Confirmed/Accumulated":2332},"Confirmed":1927},"geometry":{"type":"Point","coordinates":[5.940587832647462,43.96417941015098]}},{"type":"Feature","properties":{"Country/Region":"France","Province/State":"Corse","Code":"94","Population":{"Total":344679,"Under19":68555,"Under39":76985,"Under59":93175,"Under74":65675,"Over75":40289},"Beds":{"Resuscitation":18,"IntensiveCare":42,"Total":60},"Deaths":30,"Recovered":117,"Severe":92,"Critical":24,"Emergencies":{"Suspected":23,"Total":131,"Severe":21,"Suspected/Accumulated":1240,"Total/Accumulated":5863,"Severe/Accumulated":1198},"MedicalActs":{"Suspected":3,"Total":31,"Suspected/Accumulated":338,"Total/Accumulated":1821},"Confirmed":263},"geometry":{"type":"Point","coordinates":[9.019688964401293,42.118564077669916]}},{"type":"Feature","properties":{"Country/Region":"France","Province/State":"Guyane","Code":"03","Population":{"Total":290691,"Under19":120681,"Under39":80023,"Under59":61783,"Under74":22111,"Over75":6093},"Beds":{"Resuscitation":13,"IntensiveCare":12,"Total":25},"Recovered":15,"Severe":7,"Critical":1,"Emergencies":{"Suspected":4,"Total":163,"Severe":1,"Suspected/Accumulated":31,"Total/Accumulated":7442,"Severe/Accumulated":6},"Confirmed":43,"MedicalTests":{"Total/Accumulated":15,"Confirmed/Accumulated":2}},"geometry":{"type":"Point","coordinates":[-53.41731165390502,3.588901056661561]}},{"type":"Feature","properties":{"Country/Region":"France","Province/State":"La Réunion","Code":"04","Population":{"Total":859959,"Under19":256143,"Under39":202783,"Under59":239212,"Under74":117045,"Over75":44776},"Beds":{"Resuscitation":52,"IntensiveCare":154,"Total":206},"Recovered":43,"Severe":45,"Critical":4,"Emergencies":{"Suspected":9,"Total":300,"Severe":5,"Suspected/Accumulated":158,"Total/Accumulated":13347,"Severe/Accumulated":116},"Confirmed":94,"MedicalTests":{"Total/Accumulated":3}},"geometry":{"type":"Point","coordinates":[55.52943947368424,-21.1374047368421]}},{"type":"Feature","properties":{"Country/Region":"France","Province/State":"Mayotte","Code":"06","Population":{"Total":279471,"Under19":150257,"Under39":74348,"Under59":42900,"Under74":9521,"Over75":2445},"Beds":{"Resuscitation":6,"IntensiveCare":0,"Total":6},"Deaths":2,"Recovered":13,"Severe":16,"Critical":3,"Emergencies":{"Suspected":11,"Total":81,"Severe":5,"Suspected/Accumulated":148,"Total/Accumulated":3584,"Severe/Accumulated":31},"Confirmed":128,"MedicalTests":{"Total/Accumulated":2,"Confirmed/Accumulated":1}},"geometry":{"type":"Point","coordinates":[45.14160071428572,-12.835344166666673]}}]}