{"type":"FeatureCollection","features":[{"type":"Feature","properties":{"Country/Region":"France","Province/State":"Île-de-France","Code":"11","Population":{"Total":12278210,"Under19":3140965,"Under39":3409765,"Under59":3210447,"Under74":1658207,"Over75":858826},"Beds":{"Resuscitation":1147,"IntensiveCare":2512,"Total":3659},"Deaths":6285,"Recovered":18870,"Severe":10222,"Critical":1416,"Emergencies":{"Suspected":571,"Total":4489,"Severe":62,"Suspected/Accumulated":46812,"Total/Accumulated":327430,"Severe/Accumulated":14850},"MedicalActs":{"Suspected":42,"Total":786,"Suspected/Accumulated":10863,"Total/Accumulated":90402},"MedicalTests":{"Total":1476,"Confirmed":49,"Total/Accumulated":66842,"Confirmed/Accumulated":17635},"Confirmed":7660},"geometry":{"type":"Point","coordinates":[2.5292589766081885,48.704415292397634]}},{"type":"Feature","properties":{"Country/Region":"France","Province/State":"Centre-Val de Loire","Code":"24","Population":{"Total":2559073,"Under19":598570,"Under39":541141,"Under59":661150,"Under74":478923,"Over75":279289},"Beds":{"Resuscitation":180,"IntensiveCare":346,"Total":526},"Deaths":421,"Recovered":1304,"Severe":974,"Critical":105,"Emergencies":{"Suspected":42,"Total":1170,"Severe":13,"Suspected/Accumulated":4182,"Total/Accumulated":69754,"Severe/Accumulated":1052},"MedicalActs":{"Suspected":8,"Total":205,"Suspected/Accumulated":856,"Total/Accumulated":17924},"MedicalTests":{"Total":817,"Confirmed":17,"Total/Accumulated":13623,"Confirmed/Accumulated":1759},"Confirmed":1157},"geometry":{"type":"Point","coordinates":[1.6429664800000017,47.54357092799999]}},{"type":"Feature","properties":{"Country/Region":"France","Province/State":"Bourgogne-Franche-Comté","Code":"27","Population":{"Total":2783039,"Under19":627017,"Under39":591411,"Under59":715664,"Under74":540051,"Over75":308896},"Beds":{"Resuscitation":198,"IntensiveCare":642,"Total":840},"Deaths":884,"Recovered":2582,"Severe":1113,"Critical":135,"Emergencies":{"Suspected":70,"Total":1295,"Severe":28,"Suspected/Accumulated":9730,"Total/Accumulated":86702,"Severe/Accumulated":4006},"MedicalActs":{"Suspected":4,"Total":123,"Suspected/Accumulated":1577,"Total/Accumulated":15272},"MedicalTests":{"Total":467,"Confirmed":11,"Total/Accumulated":10931,"Confirmed/Accumulated":1273},"Confirmed":1569},"geometry":{"type":"Point","coordinates":[4.731409826897467,47.2969232490013]}},{"type":"Feature","properties":{"Country/Region":"France","Province/State":"Normandie","Code":"28","Population":{"Total":3303500,"Under19":781337,"Under39":727044,"Under59":842963,"Under74":615474,"Over75":336682},"Beds":{"Resuscitation":240,"IntensiveCare":548,"Total":788},"Deaths":363,"Recovered":1137,"Severe":578,"Critical":78,"Emergencies":{"Suspected":28,"Total":1402,"Severe":11,"Suspected/Accumulated":3799,"Total/Accumulated":94833,"Severe/Accumulated":1431},"MedicalActs":{"Suspected":10,"Total":251,"Suspected/Accumulated":2270,"Total/Accumulated":25861},"MedicalTests":{"Total":481,"Confirmed":7,"Total/Accumulated":11692,"Confirmed/Accumulated":1302},"Confirmed":912},"geometry":{"type":"Point","coordinates":[-0.022673401869158984,49.066630336448576]}},{"type":"Feature","properties":{"Country/Region":"France","Province/State":"Hauts-de-France","Code":"32","Population":{"Total":5962662,"Under19":1525538,"Under39":1443348,"Under59":1522690,"Under74":994313,"Over75":476773},"Beds":{"Resuscitation":438,"IntensiveCare":1338,"Total":1776},"Deaths":1461,"Recovered":4338,"Severe":2139,"Critical":300,"Emergencies":{"Suspected":87,"Total":2234,"Severe":26,"Suspected/Accumulated":10496,"Total/Accumulated":147386,"Severe/Accumulated":3743},"MedicalActs":{"Suspected":22,"Total":432,"Suspected/Accumulated":3489,"Total/Accumulated":49614},"MedicalTests":{"Total":1236,"Confirmed":49,"Total/Accumulated":18487,"Confirmed/Accumulated":3094},"Confirmed":3011},"geometry":{"type":"Point","coordinates":[2.8852615671641804,49.86155781716422]}},{"type":"Feature","properties":{"Country/Region":"France","Province/State":"Grand Est","Code":"44","Population":{"Total":5511747,"Under19":1258123,"Under39":1291962,"Under59":1448828,"Under74":988178,"Over75":524656},"Beds":{"Resuscitation":465,"IntensiveCare":840,"Total":1305},"Deaths":3011,"Recovered":8553,"Severe":3671,"Critical":464,"Emergencies":{"Suspected":102,"Total":2033,"Severe":40,"Suspected/Accumulated":15120,"Total/Accumulated":146368,"Severe/Accumulated":7528},"MedicalActs":{"Suspected":24,"Total":434,"Suspected/Accumulated":5360,"Total/Accumulated":43511},"MedicalTests":{"Total":552,"Confirmed":17,"Total/Accumulated":19600,"Confirmed/Accumulated":3567},"Confirmed":5479},"geometry":{"type":"Point","coordinates":[5.509890203045682,48.670969771573546]}},{"type":"Feature","properties":{"Country/Region":"France","Province/State":"Pays de la Loire","Code":"52","Population":{"Total":3801797,"Under19":933509,"Under39":853729,"Under59":970508,"Under74":667531,"Over75":376520},"Beds":{"Resuscitation":181,"IntensiveCare":572,"Total":753},"Deaths":362,"Recovered":1334,"Severe":613,"Critical":67,"Emergencies":{"Suspected":72,"Total":1343,"Severe":42,"Suspected/Accumulated":6396,"Total/Accumulated":79430,"Severe/Accumulated":3073},"MedicalActs":{"Suspected":16,"Total":300,"Suspected/Accumulated":2474,"Total/Accumulated":28305},"MedicalTests":{"Total":56,"Confirmed":1,"Total/Accumulated":1186,"Confirmed/Accumulated":74},"Confirmed":1630},"geometry":{"type":"Point","coordinates":[-0.8763313771517983,47.44186302034428]}},{"type":"Feature","properties":{"Country/Region":"France","Province/State":"Bretagne","Code":"53","Population":{"Total":3340379,"Under19":773631,"Under39":714512,"Under59":866988,"Under74":632104,"Over75":353144},"Beds":{"Resuscitation":162,"IntensiveCare":462,"Total":624},"Deaths":222,"Recovered":883,"Severe":359,"Critical":40,"Emergencies":{"Suspected":32,"Total":1355,"Severe":24,"Suspected/Accumulated":4151,"Total/Accumulated":87255,"Severe/Accumulated":1623},"MedicalActs":{"Suspected":7,"Total":225,"Suspected/Accumulated":965,"Total/Accumulated":21576},"MedicalTests":{"Total":13,"Total/Accumulated":453,"Confirmed/Accumulated":22},"Confirmed":962},"geometry":{"type":"Point","coordinates":[-3.104342941176476,48.146701189258316]}},{"type":"Feature","properties":{"Country/Region":"France","Province/State":"Nouvelle-Aquitaine","Code":"75","Population":{"Total":5999982,"Under19":1293321,"Under39":1274746,"Under59":1561754,"Under74":1177229,"Over75":692932},"Beds":{"Resuscitation":412,"IntensiveCare":946,"Total":1358},"Deaths":336,"Recovered":1529,"Severe":567,"Critical":102,"Emergencies":{"Suspected":68,"Total":2720,"Severe":44,"Suspected/Accumulated":8848,"Total/Accumulated":164448,"Severe/Accumulated":3794},"MedicalActs":{"Suspected":34,"Total":711,"Suspected/Accumulated":5944,"Total/Accumulated":69967},"MedicalTests":{"Total":806,"Confirmed":9,"Total/Accumulated":21041,"Confirmed/Accumulated":884},"Confirmed":1007},"geometry":{"type":"Point","coordinates":[0.16186906163753495,45.156971701931916]}},{"type":"Feature","properties":{"Country/Region":"France","Province/State":"Occitanie","Code":"76","Population":{"Total":5924858,"Under19":1320456,"Under39":1330125,"Under59":1526711,"Under74":1099893,"Over75":647673},"Beds":{"Resuscitation":474,"IntensiveCare":1206,"Total":1680},"Deaths":436,"Recovered":2215,"Severe":536,"Critical":118,"Emergencies":{"Suspected":56,"Total":2654,"Severe":24,"Suspected/Accumulated":7102,"Total/Accumulated":165708,"Severe/Accumulated":3142},"MedicalActs":{"Suspected":11,"Total":226,"Suspected/Accumulated":2273,"Total/Accumulated":24930},"MedicalTests":{"Total":2203,"Confirmed":38,"Total/Accumulated":47631,"Confirmed/Accumulated":2425},"Confirmed":2374},"geometry":{"type":"Point","coordinates":[1.988214846153848,43.761180626373644]}},{"type":"Feature","properties":{"Country/Region":"France","Province/State":"Auvergne-Rhône-Alpes","Code":"84","Population":{"Total":8032377,"Under19":1940253,"Under39":1900702,"Under59":2079813,"Under74":1340003,"Over75":771606},"Beds":{"Resuscitation":559,"IntensiveCare":1136,"Total":1695},"Deaths":1419,"Recovered":5326,"Severe":2399,"Critical":314,"Emergencies":{"Suspected":124,"Total":3128,"Severe":58,"Suspected/Accumulated":14338,"Total/Accumulated":209521,"Severe/Accumulated":6205},"MedicalActs":{"Suspected":28,"Total":564,"Suspected/Accumulated":5508,"Total/Accumulated":54658},"MedicalTests":{"Total":675,"Confirmed":16,"Total/Accumulated":19475,"Confirmed/Accumulated":2090},"Confirmed":2093},"geometry":{"type":"Point","coordinates":[4.515179591651545,45.475403602540794]}},{"type":"Feature","properties":{"Country/Region":"France","Province/State":"Guadeloupe","Code":"01","Population":{"Total":376879,"Under19":90617,"Under39":71707,"Under59":109452,"Under74":70936,"Over75":34167},"Beds":{"Resuscitation":27,"IntensiveCare":68,"Total":95},"Deaths":18,"Recovered":72,"Severe":16,"Critical":5,"Emergencies":{"Suspected":3,"Total":201,"Severe":2,"Suspected/Accumulated":254,"Total/Accumulated":11165,"Severe/Accumulated":94},"MedicalTests":{"Total":2,"Total/Accumulated":45,"Confirmed/Accumulated":16},"Confirmed":106},"geometry":{"type":"Point","coordinates":[-61.493846272189366,16.20469674556213]}},{"type":"Feature","properties":{"Country/Region":"France","Province/State":"Martinique","Code":"02","Population":{"Total":358749,"Under19":77005,"Under39":65776,"Under59":105638,"Under74":72163,"Over75":38167},"Beds":{"Resuscitation":26,"IntensiveCare":58,"Total":84},"Deaths":14,"Recovered":78,"Severe":19,"Critical":7,"MedicalActs":{"Suspected":1,"Total":97,"Suspected/Accumulated":127,"Total/Accumulated":6908},"Confirmed":111,"MedicalTests":{"Total/Accumulated":25,"Confirmed/Accumulated":5}},"geometry":{"type":"Point","coordinates":[-60.98265692913386,14.6217557480315]}},{"type":"Feature","properties":{"Country/Region":"France","Province/State":"Provence-Alpes-Côte d'Azur","Code":"93","Population":{"Total":5055651,"Under19":1128765,"Under39":1109058,"Under59":1309879,"Under74":927347,"Over75":580602},"Beds":{"Resuscitation":460,"IntensiveCare":802,"Total":1262},"Deaths":746,"Recovered":4061,"Severe":1385,"Critical":210,"Emergencies":{"Suspected":69,"Total":2521,"Severe":36,"Suspected/Accumulated":9604,"Total/Accumulated":167337,"Severe/Accumulated":4910},"MedicalActs":{"Suspected":27,"Total":592,"Suspected/Accumulated":4948,"Total/Accumulated":50176},"MedicalTests":{"Total":1988,"Confirmed":64,"Total/Accumulated":60570,"Confirmed/Accumulated":4013},"Confirmed":1927},"geometry":{"type":"Point","coordinates":[5.940587832647462,43.96417941015098]}},{"type":"Feature","properties":{"Country/Region":"France","Province/State":"Corse","Code":"94","Population":{"Total":344679,"Under19":68555,"Under39":76985,"Under59":93175,"Under74":65675,"Over75":40289},"Beds":{"Resuscitation":18,"IntensiveCare":42,"Total":60},"Deaths":51,"Recovered":194,"Severe":56,"Critical":6,"Emergencies":{"Suspected":29,"Total":175,"Severe":29,"Suspected/Accumulated":1887,"Total/Accumulated":9968,"Severe/Accumulated":1823},"MedicalActs":{"Total":30,"Suspected/Accumulated":436,"Total/Accumulated":2740},"Confirmed":263},"geometry":{"type":"Point","coordinates":[9.019688964401293,42.118564077669916]}},{"type":"Feature","properties":{"Country/Region":"France","Province/State":"Guyane","Code":"03","Population":{"Total":290691,"Under19":120681,"Under39":80023,"Under59":61783,"Under74":22111,"Over75":6093},"Beds":{"Resuscitation":13,"IntensiveCare":12,"Total":25},"Deaths":1,"Recovered":36,"Severe":5,"Emergencies":{"Suspected":1,"Total":143,"Suspected/Accumulated":80,"Total/Accumulated":11702,"Severe/Accumulated":23},"Confirmed":43,"MedicalTests":{"Total/Accumulated":33,"Confirmed/Accumulated":4}},"geometry":{"type":"Point","coordinates":[-53.41731165390502,3.588901056661561]}},{"type":"Feature","properties":{"Country/Region":"France","Province/State":"La Réunion","Code":"04","Population":{"Total":859959,"Under19":256143,"Under39":202783,"Under59":239212,"Under74":117045,"Over75":44776},"Beds":{"Resuscitation":52,"IntensiveCare":154,"Total":206},"Recovered":112,"Severe":5,"Critical":2,"Emergencies":{"Suspected":1,"Total":372,"Severe":1,"Suspected/Accumulated":255,"Total/Accumulated":22587,"Severe/Accumulated":175},"Confirmed":94,"MedicalTests":{"Total/Accumulated":12,"Confirmed/Accumulated":1}},"geometry":{"type":"Point","coordinates":[55.52943947368424,-21.1374047368421]}},{"type":"Feature","properties":{"Country/Region":"France","Province/State":"Mayotte","Code":"06","Population":{"Total":279471,"Under19":150257,"Under39":74348,"Under59":42900,"Under74":9521,"Over75":2445},"Beds":{"Resuscitation":6,"IntensiveCare":0,"Total":6},"Deaths":11,"Recovered":105,"Severe":44,"Critical":6,"Emergencies":{"Suspected":49,"Total":147,"Severe":3,"Suspected/Accumulated":615,"Total/Accumulated":6588,"Severe/Accumulated":116},"Confirmed":128,"MedicalTests":{"Total/Accumulated":2,"Confirmed/Accumulated":1}},"geometry":{"type":"Point","coordinates":[45.14160071428572,-12.835344166666673]}}]}