{"type":"FeatureCollection","features":[{"type":"Feature","properties":{"Country/Region":"France","Province/State":"Île-de-France","Code":"11","Population":{"Total":12278210,"Under19":3140965,"Under39":3409765,"Under59":3210447,"Under74":1658207,"Over75":858826},"Beds":{"Resuscitation":1147,"IntensiveCare":2512,"Total":3659},"Confirmed":5283,"Deaths":140,"Recovered":513,"Severe":2485,"Critical":640,"Emergencies":{"Suspected":1015,"Total":4391,"Severe":312,"Suspected/Accumulated":8232,"Total/Accumulated":136904,"Severe/Accumulated":2295},"MedicalActs":{"Suspected":421,"Total":1688,"Suspected/Accumulated":2730,"Total/Accumulated":42186},"MedicalTests":{"Total":376,"Confirmed":195,"Total/Accumulated":4211,"Confirmed/Accumulated":1722}},"geometry":{"type":"Point","coordinates":[2.5292589766081885,48.704415292397634]}},{"type":"Feature","properties":{"Country/Region":"France","Province/State":"Centre-Val de Loire","Code":"24","Population":{"Total":2559073,"Under19":598570,"Under39":541141,"Under59":661150,"Under74":478923,"Over75":279289},"Beds":{"Resuscitation":180,"IntensiveCare":346,"Total":526},"Confirmed":291,"Deaths":3,"Recovered":10,"Severe":74,"Critical":21,"Emergencies":{"Suspected":52,"Total":775,"Severe":13,"Suspected/Accumulated":365,"Total/Accumulated":27538,"Severe/Accumulated":92},"MedicalActs":{"Suspected":28,"Total":307,"Suspected/Accumulated":130,"Total/Accumulated":9010},"MedicalTests":{"Total":14,"Confirmed":2,"Total/Accumulated":213,"Confirmed/Accumulated":41}},"geometry":{"type":"Point","coordinates":[1.6429664800000017,47.54357092799999]}},{"type":"Feature","properties":{"Country/Region":"France","Province/State":"Bourgogne-Franche-Comté","Code":"27","Population":{"Total":2783039,"Under19":627017,"Under39":591411,"Under59":715664,"Under74":540051,"Over75":308896},"Beds":{"Resuscitation":198,"IntensiveCare":642,"Total":840},"Confirmed":1178,"Deaths":51,"Recovered":165,"Severe":359,"Critical":100,"Emergencies":{"Suspected":184,"Total":981,"Severe":81,"Suspected/Accumulated":1948,"Total/Accumulated":34579,"Severe/Accumulated":755},"MedicalActs":{"Suspected":63,"Total":311,"Suspected/Accumulated":429,"Total/Accumulated":7106},"MedicalTests":{"Total":4,"Total/Accumulated":243,"Confirmed/Accumulated":50}},"geometry":{"type":"Point","coordinates":[4.731409826897467,47.2969232490013]}},{"type":"Feature","properties":{"Country/Region":"France","Province/State":"Normandie","Code":"28","Population":{"Total":3303500,"Under19":781337,"Under39":727044,"Under59":842963,"Under74":615474,"Over75":336682},"Beds":{"Resuscitation":240,"IntensiveCare":548,"Total":788},"Confirmed":462,"Deaths":9,"Recovered":15,"Severe":126,"Critical":25,"Emergencies":{"Suspected":40,"Total":919,"Severe":15,"Suspected/Accumulated":668,"Total/Accumulated":38712,"Severe/Accumulated":121},"MedicalActs":{"Suspected":103,"Total":512,"Suspected/Accumulated":562,"Total/Accumulated":12727},"MedicalTests":{"Total":7,"Confirmed":2,"Total/Accumulated":288,"Confirmed/Accumulated":35}},"geometry":{"type":"Point","coordinates":[-0.022673401869158984,49.066630336448576]}},{"type":"Feature","properties":{"Country/Region":"France","Province/State":"Hauts-de-France","Code":"32","Population":{"Total":5962662,"Under19":1525538,"Under39":1443348,"Under59":1522690,"Under74":994313,"Over75":476773},"Beds":{"Resuscitation":438,"IntensiveCare":1338,"Total":1776},"Confirmed":943,"Deaths":97,"Recovered":173,"Severe":485,"Critical":151,"Emergencies":{"Suspected":148,"Total":1531,"Severe":48,"Suspected/Accumulated":1460,"Total/Accumulated":58084,"Severe/Accumulated":453},"MedicalActs":{"Suspected":142,"Total":813,"Suspected/Accumulated":814,"Total/Accumulated":26612},"MedicalTests":{"Total":18,"Confirmed":6,"Total/Accumulated":225,"Confirmed/Accumulated":70}},"geometry":{"type":"Point","coordinates":[2.8852615671641804,49.86155781716422]}},{"type":"Feature","properties":{"Country/Region":"France","Province/State":"Grand Est","Code":"44","Population":{"Total":5511747,"Under19":1258123,"Under39":1291962,"Under59":1448828,"Under74":988178,"Over75":524656},"Beds":{"Resuscitation":465,"IntensiveCare":840,"Total":1305},"Confirmed":3395,"Deaths":252,"Recovered":391,"Severe":1767,"Critical":435,"Emergencies":{"Suspected":416,"Total":1918,"Severe":207,"Suspected/Accumulated":3223,"Total/Accumulated":60609,"Severe/Accumulated":1507},"MedicalActs":{"Suspected":196,"Total":941,"Suspected/Accumulated":1104,"Total/Accumulated":17760},"MedicalTests":{"Total":7,"Confirmed":4,"Total/Accumulated":436,"Confirmed/Accumulated":154}},"geometry":{"type":"Point","coordinates":[5.509890203045682,48.670969771573546]}},{"type":"Feature","properties":{"Country/Region":"France","Province/State":"Pays de la Loire","Code":"52","Population":{"Total":3801797,"Under19":933509,"Under39":853729,"Under59":970508,"Under74":667531,"Over75":376520},"Beds":{"Resuscitation":181,"IntensiveCare":572,"Total":753},"Confirmed":270,"Deaths":4,"Recovered":71,"Severe":99,"Critical":25,"Emergencies":{"Suspected":111,"Total":810,"Severe":48,"Suspected/Accumulated":1157,"Total/Accumulated":30633,"Severe/Accumulated":342},"MedicalActs":{"Suspected":101,"Total":562,"Suspected/Accumulated":647,"Total/Accumulated":11807},"MedicalTests":{"Total":1,"Confirmed":1,"Total/Accumulated":35,"Confirmed/Accumulated":9}},"geometry":{"type":"Point","coordinates":[-0.8763313771517983,47.44186302034428]}},{"type":"Feature","properties":{"Country/Region":"France","Province/State":"Bretagne","Code":"53","Population":{"Total":3340379,"Under19":773631,"Under39":714512,"Under59":866988,"Under74":632104,"Over75":353144},"Beds":{"Resuscitation":162,"IntensiveCare":462,"Total":624},"Confirmed":446,"Deaths":17,"Recovered":77,"Severe":133,"Critical":32,"Emergencies":{"Suspected":91,"Total":922,"Severe":20,"Suspected/Accumulated":1306,"Total/Accumulated":34693,"Severe/Accumulated":157},"MedicalActs":{"Suspected":35,"Total":462,"Suspected/Accumulated":220,"Total/Accumulated":9767},"MedicalTests":{"Total":1,"Total/Accumulated":17,"Confirmed/Accumulated":3}},"geometry":{"type":"Point","coordinates":[-3.104342941176476,48.146701189258316]}},{"type":"Feature","properties":{"Country/Region":"France","Province/State":"Nouvelle-Aquitaine","Code":"75","Population":{"Total":5999982,"Under19":1293321,"Under39":1274746,"Under59":1561754,"Under74":1177229,"Over75":692932},"Beds":{"Resuscitation":412,"IntensiveCare":946,"Total":1358},"Confirmed":612,"Deaths":8,"Recovered":39,"Severe":146,"Critical":40,"Emergencies":{"Suspected":167,"Total":1750,"Severe":70,"Suspected/Accumulated":1679,"Total/Accumulated":63528,"Severe/Accumulated":405},"MedicalActs":{"Suspected":272,"Total":1416,"Suspected/Accumulated":1812,"Total/Accumulated":31273},"MedicalTests":{"Total":11,"Confirmed":5,"Total/Accumulated":568,"Confirmed/Accumulated":44}},"geometry":{"type":"Point","coordinates":[0.16186906163753495,45.156971701931916]}},{"type":"Feature","properties":{"Country/Region":"France","Province/State":"Occitanie","Code":"76","Population":{"Total":5924858,"Under19":1320456,"Under39":1330125,"Under59":1526711,"Under74":1099893,"Over75":647673},"Beds":{"Resuscitation":474,"IntensiveCare":1206,"Total":1680},"Confirmed":671,"Deaths":30,"Recovered":123,"Severe":293,"Critical":86,"Emergencies":{"Suspected":97,"Total":1820,"Severe":32,"Suspected/Accumulated":1283,"Total/Accumulated":67515,"Severe/Accumulated":484},"MedicalActs":{"Suspected":114,"Total":552,"Suspected/Accumulated":531,"Total/Accumulated":10639},"MedicalTests":{"Total":2,"Confirmed":2,"Total/Accumulated":202,"Confirmed/Accumulated":31}},"geometry":{"type":"Point","coordinates":[1.988214846153848,43.761180626373644]}},{"type":"Feature","properties":{"Country/Region":"France","Province/State":"Auvergne-Rhône-Alpes","Code":"84","Population":{"Total":8032377,"Under19":1940253,"Under39":1900702,"Under59":2079813,"Under74":1340003,"Over75":771606},"Beds":{"Resuscitation":559,"IntensiveCare":1136,"Total":1695},"Confirmed":1431,"Deaths":72,"Recovered":212,"Severe":641,"Critical":106,"Emergencies":{"Suspected":236,"Total":2228,"Severe":120,"Suspected/Accumulated":1763,"Total/Accumulated":86724,"Severe/Accumulated":787},"MedicalActs":{"Suspected":216,"Total":1013,"Suspected/Accumulated":1388,"Total/Accumulated":22608},"MedicalTests":{"Total":41,"Confirmed":13,"Total/Accumulated":1508,"Confirmed/Accumulated":285}},"geometry":{"type":"Point","coordinates":[4.515179591651545,45.475403602540794]}},{"type":"Feature","properties":{"Country/Region":"France","Province/State":"Guadeloupe","Code":"01","Population":{"Total":376879,"Under19":90617,"Under39":71707,"Under59":109452,"Under74":70936,"Over75":34167},"Beds":{"Resuscitation":27,"IntensiveCare":68,"Total":95},"Confirmed":58,"Severe":16,"Critical":6,"Emergencies":{"Total":111,"Suspected/Accumulated":5,"Total/Accumulated":4556,"Severe/Accumulated":3},"Deaths":1,"MedicalTests":{"Total/Accumulated":1,"Confirmed/Accumulated":1}},"geometry":{"type":"Point","coordinates":[-61.493846272189366,16.20469674556213]}},{"type":"Feature","properties":{"Country/Region":"France","Province/State":"Martinique","Code":"02","Population":{"Total":358749,"Under19":77005,"Under39":65776,"Under59":105638,"Under74":72163,"Over75":38167},"Beds":{"Resuscitation":26,"IntensiveCare":58,"Total":84},"Confirmed":44,"Deaths":1,"Severe":19,"Critical":7,"MedicalActs":{"Total":97,"Total/Accumulated":2797}},"geometry":{"type":"Point","coordinates":[-60.98265692913386,14.6217557480315]}},{"type":"Feature","properties":{"Country/Region":"France","Province/State":"Provence-Alpes-Côte d'Azur","Code":"93","Population":{"Total":5055651,"Under19":1128765,"Under39":1109058,"Under59":1309879,"Under74":927347,"Over75":580602},"Beds":{"Resuscitation":460,"IntensiveCare":802,"Total":1262},"Confirmed":1372,"Deaths":15,"Recovered":327,"Severe":388,"Critical":85,"Emergencies":{"Suspected":186,"Total":2103,"Severe":90,"Suspected/Accumulated":1727,"Total/Accumulated":67902,"Severe/Accumulated":841},"MedicalActs":{"Suspected":182,"Total":903,"Suspected/Accumulated":1183,"Total/Accumulated":20166},"MedicalTests":{"Total":5,"Confirmed":3,"Total/Accumulated":727,"Confirmed/Accumulated":101}},"geometry":{"type":"Point","coordinates":[5.940587832647462,43.96417941015098]}},{"type":"Feature","properties":{"Country/Region":"France","Province/State":"Corse","Code":"94","Population":{"Total":344679,"Under19":68555,"Under39":76985,"Under59":93175,"Under74":65675,"Over75":40289},"Beds":{"Resuscitation":18,"IntensiveCare":42,"Total":60},"Confirmed":183,"Deaths":7,"Recovered":36,"Severe":68,"Critical":14,"Emergencies":{"Suspected":40,"Total":131,"Severe":40,"Suspected/Accumulated":506,"Total/Accumulated":3794,"Severe/Accumulated":493},"MedicalActs":{"Suspected":19,"Total":50,"Suspected/Accumulated":132,"Total/Accumulated":1246}},"geometry":{"type":"Point","coordinates":[9.019688964401293,42.118564077669916]}},{"type":"Feature","properties":{"Country/Region":"France","Province/State":"Guyane","Code":"03","Population":{"Total":290691,"Under19":120681,"Under39":80023,"Under59":61783,"Under74":22111,"Over75":6093},"Beds":{"Resuscitation":13,"IntensiveCare":12,"Total":25},"Confirmed":20,"Recovered":6,"Emergencies":{"Total":153,"Suspected/Accumulated":3,"Total/Accumulated":5203},"MedicalTests":{"Total/Accumulated":8}},"geometry":{"type":"Point","coordinates":[-53.41731165390502,3.588901056661561]}},{"type":"Feature","properties":{"Country/Region":"France","Province/State":"La Réunion","Code":"04","Population":{"Total":859959,"Under19":256143,"Under39":202783,"Under59":239212,"Under74":117045,"Over75":44776},"Beds":{"Resuscitation":52,"IntensiveCare":154,"Total":206},"Confirmed":64,"Severe":2,"Critical":2,"Emergencies":{"Total":223,"Suspected/Accumulated":59,"Total/Accumulated":9402,"Severe/Accumulated":54}},"geometry":{"type":"Point","coordinates":[55.52943947368424,-21.1374047368421]}},{"type":"Feature","properties":{"Country/Region":"France","Province/State":"Mayotte","Code":"06","Population":{"Total":279471,"Under19":150257,"Under39":74348,"Under59":42900,"Under74":9521,"Over75":2445},"Beds":{"Resuscitation":6,"IntensiveCare":0,"Total":6},"Confirmed":14,"Severe":4,"Critical":1,"Emergencies":{"Total":72,"Suspected/Accumulated":8,"Total/Accumulated":2441,"Severe/Accumulated":1}},"geometry":{"type":"Point","coordinates":[45.14160071428572,-12.835344166666673]}}]}