{"type":"FeatureCollection","features":[{"type":"Feature","properties":{"Country/Region":"France","Province/State":"Île-de-France","Code":"11","Population":{"Total":12278210,"Under19":3140965,"Under39":3409765,"Under59":3210447,"Under74":1658207,"Over75":858826},"Beds":{"Resuscitation":1147,"IntensiveCare":2512,"Total":3659},"Deaths":4510,"Recovered":11927,"Severe":12766,"Critical":2341,"Emergencies":{"Suspected":611,"Total":4356,"Severe":209,"Suspected/Accumulated":39148,"Total/Accumulated":251675,"Severe/Accumulated":13055},"MedicalActs":{"Suspected":105,"Total":905,"Suspected/Accumulated":9610,"Total/Accumulated":72877},"MedicalTests":{"Total":2609,"Confirmed":494,"Total/Accumulated":44639,"Confirmed/Accumulated":15477},"Confirmed":7660},"geometry":{"type":"Point","coordinates":[2.5292589766081885,48.704415292397634]}},{"type":"Feature","properties":{"Country/Region":"France","Province/State":"Centre-Val de Loire","Code":"24","Population":{"Total":2559073,"Under19":598570,"Under39":541141,"Under59":661150,"Under74":478923,"Over75":279289},"Beds":{"Resuscitation":180,"IntensiveCare":346,"Total":526},"Deaths":264,"Recovered":821,"Severe":973,"Critical":174,"Emergencies":{"Suspected":107,"Total":1020,"Severe":18,"Suspected/Accumulated":2947,"Total/Accumulated":50698,"Severe/Accumulated":776},"MedicalActs":{"Suspected":14,"Total":161,"Suspected/Accumulated":647,"Total/Accumulated":14192},"MedicalTests":{"Total":300,"Confirmed":35,"Total/Accumulated":7145,"Confirmed/Accumulated":1515},"Confirmed":1157},"geometry":{"type":"Point","coordinates":[1.6429664800000017,47.54357092799999]}},{"type":"Feature","properties":{"Country/Region":"France","Province/State":"Bourgogne-Franche-Comté","Code":"27","Population":{"Total":2783039,"Under19":627017,"Under39":591411,"Under59":715664,"Under74":540051,"Over75":308896},"Beds":{"Resuscitation":198,"IntensiveCare":642,"Total":840},"Deaths":623,"Recovered":1728,"Severe":1380,"Critical":262,"Emergencies":{"Suspected":156,"Total":1191,"Severe":65,"Suspected/Accumulated":7969,"Total/Accumulated":64345,"Severe/Accumulated":3238},"MedicalActs":{"Suspected":15,"Total":165,"Suspected/Accumulated":1330,"Total/Accumulated":12008},"MedicalTests":{"Total":354,"Confirmed":44,"Total/Accumulated":6281,"Confirmed/Accumulated":1075},"Confirmed":1569},"geometry":{"type":"Point","coordinates":[4.731409826897467,47.2969232490013]}},{"type":"Feature","properties":{"Country/Region":"France","Province/State":"Normandie","Code":"28","Population":{"Total":3303500,"Under19":781337,"Under39":727044,"Under59":842963,"Under74":615474,"Over75":336682},"Beds":{"Resuscitation":240,"IntensiveCare":548,"Total":788},"Deaths":262,"Recovered":743,"Severe":660,"Critical":152,"Emergencies":{"Suspected":72,"Total":1381,"Severe":39,"Suspected/Accumulated":3015,"Total/Accumulated":70041,"Severe/Accumulated":1041},"MedicalActs":{"Suspected":20,"Total":241,"Suspected/Accumulated":2008,"Total/Accumulated":20508},"MedicalTests":{"Total":505,"Confirmed":36,"Total/Accumulated":7482,"Confirmed/Accumulated":1097},"Confirmed":912},"geometry":{"type":"Point","coordinates":[-0.022673401869158984,49.066630336448576]}},{"type":"Feature","properties":{"Country/Region":"France","Province/State":"Hauts-de-France","Code":"32","Population":{"Total":5962662,"Under19":1525538,"Under39":1443348,"Under59":1522690,"Under74":994313,"Over75":476773},"Beds":{"Resuscitation":438,"IntensiveCare":1338,"Total":1776},"Deaths":1054,"Recovered":2662,"Severe":2517,"Critical":494,"Emergencies":{"Suspected":202,"Total":2228,"Severe":82,"Suspected/Accumulated":8382,"Total/Accumulated":108303,"Severe/Accumulated":2933},"MedicalActs":{"Suspected":21,"Total":388,"Suspected/Accumulated":3019,"Total/Accumulated":40915},"MedicalTests":{"Total":480,"Confirmed":57,"Total/Accumulated":9248,"Confirmed/Accumulated":2380},"Confirmed":3011},"geometry":{"type":"Point","coordinates":[2.8852615671641804,49.86155781716422]}},{"type":"Feature","properties":{"Country/Region":"France","Province/State":"Grand Est","Code":"44","Population":{"Total":5511747,"Under19":1258123,"Under39":1291962,"Under59":1448828,"Under74":988178,"Over75":524656},"Beds":{"Resuscitation":465,"IntensiveCare":840,"Total":1305},"Deaths":2358,"Recovered":5828,"Severe":4725,"Critical":789,"Emergencies":{"Suspected":206,"Total":2101,"Severe":96,"Suspected/Accumulated":13067,"Total/Accumulated":111081,"Severe/Accumulated":6474},"MedicalActs":{"Suspected":46,"Total":460,"Suspected/Accumulated":4648,"Total/Accumulated":34162},"MedicalTests":{"Total":883,"Confirmed":101,"Total/Accumulated":14030,"Confirmed/Accumulated":3262},"Confirmed":5479},"geometry":{"type":"Point","coordinates":[5.509890203045682,48.670969771573546]}},{"type":"Feature","properties":{"Country/Region":"France","Province/State":"Pays de la Loire","Code":"52","Population":{"Total":3801797,"Under19":933509,"Under39":853729,"Under59":970508,"Under74":667531,"Over75":376520},"Beds":{"Resuscitation":181,"IntensiveCare":572,"Total":753},"Deaths":242,"Recovered":910,"Severe":802,"Critical":131,"Emergencies":{"Suspected":101,"Total":1156,"Severe":58,"Suspected/Accumulated":5117,"Total/Accumulated":58102,"Severe/Accumulated":2280},"MedicalActs":{"Suspected":23,"Total":339,"Suspected/Accumulated":2155,"Total/Accumulated":21648},"MedicalTests":{"Total":13,"Confirmed":1,"Total/Accumulated":595,"Confirmed/Accumulated":63},"Confirmed":1630},"geometry":{"type":"Point","coordinates":[-0.8763313771517983,47.44186302034428]}},{"type":"Feature","properties":{"Country/Region":"France","Province/State":"Bretagne","Code":"53","Population":{"Total":3340379,"Under19":773631,"Under39":714512,"Under59":866988,"Under74":632104,"Over75":353144},"Beds":{"Resuscitation":162,"IntensiveCare":462,"Total":624},"Deaths":171,"Recovered":596,"Severe":483,"Critical":93,"Emergencies":{"Suspected":51,"Total":1243,"Severe":37,"Suspected/Accumulated":3468,"Total/Accumulated":64606,"Severe/Accumulated":1153},"MedicalActs":{"Suspected":8,"Total":211,"Suspected/Accumulated":823,"Total/Accumulated":16915},"MedicalTests":{"Total":4,"Total/Accumulated":155,"Confirmed/Accumulated":17},"Confirmed":962},"geometry":{"type":"Point","coordinates":[-3.104342941176476,48.146701189258316]}},{"type":"Feature","properties":{"Country/Region":"France","Province/State":"Nouvelle-Aquitaine","Code":"75","Population":{"Total":5999982,"Under19":1293321,"Under39":1274746,"Under59":1561754,"Under74":1177229,"Over75":692932},"Beds":{"Resuscitation":412,"IntensiveCare":946,"Total":1358},"Deaths":233,"Recovered":1002,"Severe":830,"Critical":203,"Emergencies":{"Suspected":143,"Total":2446,"Severe":70,"Suspected/Accumulated":7324,"Total/Accumulated":119886,"Severe/Accumulated":2971},"MedicalActs":{"Suspected":46,"Total":756,"Suspected/Accumulated":5183,"Total/Accumulated":54731},"MedicalTests":{"Total":902,"Confirmed":16,"Total/Accumulated":11284,"Confirmed/Accumulated":749},"Confirmed":1007},"geometry":{"type":"Point","coordinates":[0.16186906163753495,45.156971701931916]}},{"type":"Feature","properties":{"Country/Region":"France","Province/State":"Occitanie","Code":"76","Population":{"Total":5924858,"Under19":1320456,"Under39":1330125,"Under59":1526711,"Under74":1099893,"Over75":647673},"Beds":{"Resuscitation":474,"IntensiveCare":1206,"Total":1680},"Deaths":290,"Recovered":1583,"Severe":866,"Critical":243,"Emergencies":{"Suspected":129,"Total":2502,"Severe":49,"Suspected/Accumulated":5709,"Total/Accumulated":121733,"Severe/Accumulated":2555},"MedicalActs":{"Suspected":24,"Total":268,"Suspected/Accumulated":1930,"Total/Accumulated":19124},"MedicalTests":{"Total":1967,"Confirmed":57,"Total/Accumulated":26335,"Confirmed/Accumulated":2006},"Confirmed":2374},"geometry":{"type":"Point","coordinates":[1.988214846153848,43.761180626373644]}},{"type":"Feature","properties":{"Country/Region":"France","Province/State":"Auvergne-Rhône-Alpes","Code":"84","Population":{"Total":8032377,"Under19":1940253,"Under39":1900702,"Under59":2079813,"Under74":1340003,"Over75":771606},"Beds":{"Resuscitation":559,"IntensiveCare":1136,"Total":1695},"Deaths":954,"Recovered":3637,"Severe":2965,"Critical":601,"Emergencies":{"Suspected":197,"Total":2984,"Severe":80,"Suspected/Accumulated":12056,"Total/Accumulated":156445,"Severe/Accumulated":5246},"MedicalActs":{"Suspected":53,"Total":665,"Suspected/Accumulated":4697,"Total/Accumulated":42113},"MedicalTests":{"Total":613,"Confirmed":35,"Total/Accumulated":12152,"Confirmed/Accumulated":1753},"Confirmed":2093},"geometry":{"type":"Point","coordinates":[4.515179591651545,45.475403602540794]}},{"type":"Feature","properties":{"Country/Region":"France","Province/State":"Guadeloupe","Code":"01","Population":{"Total":376879,"Under19":90617,"Under39":71707,"Under59":109452,"Under74":70936,"Over75":34167},"Beds":{"Resuscitation":27,"IntensiveCare":68,"Total":95},"Deaths":10,"Recovered":59,"Severe":36,"Critical":19,"Emergencies":{"Suspected":8,"Total":138,"Severe":3,"Suspected/Accumulated":179,"Total/Accumulated":8144,"Severe/Accumulated":74},"MedicalTests":{"Total":1,"Total/Accumulated":30,"Confirmed/Accumulated":13},"Confirmed":106},"geometry":{"type":"Point","coordinates":[-61.493846272189366,16.20469674556213]}},{"type":"Feature","properties":{"Country/Region":"France","Province/State":"Martinique","Code":"02","Population":{"Total":358749,"Under19":77005,"Under39":65776,"Under59":105638,"Under74":72163,"Over75":38167},"Beds":{"Resuscitation":26,"IntensiveCare":58,"Total":84},"Deaths":6,"Recovered":59,"Severe":38,"Critical":17,"MedicalActs":{"Suspected":1,"Total":110,"Suspected/Accumulated":89,"Total/Accumulated":5357},"MedicalTests":{"Total":2,"Confirmed":1,"Total/Accumulated":18,"Confirmed/Accumulated":5},"Confirmed":111},"geometry":{"type":"Point","coordinates":[-60.98265692913386,14.6217557480315]}},{"type":"Feature","properties":{"Country/Region":"France","Province/State":"Provence-Alpes-Côte d'Azur","Code":"93","Population":{"Total":5055651,"Under19":1128765,"Under39":1109058,"Under59":1309879,"Under74":927347,"Over75":580602},"Beds":{"Resuscitation":460,"IntensiveCare":802,"Total":1262},"Deaths":447,"Recovered":2572,"Severe":1889,"Critical":378,"Emergencies":{"Suspected":161,"Total":2349,"Severe":97,"Suspected/Accumulated":7666,"Total/Accumulated":123736,"Severe/Accumulated":3933},"MedicalActs":{"Suspected":61,"Total":568,"Suspected/Accumulated":4200,"Total/Accumulated":38388},"MedicalTests":{"Total":2835,"Confirmed":81,"Total/Accumulated":40035,"Confirmed/Accumulated":3536},"Confirmed":1927},"geometry":{"type":"Point","coordinates":[5.940587832647462,43.96417941015098]}},{"type":"Feature","properties":{"Country/Region":"France","Province/State":"Corse","Code":"94","Population":{"Total":344679,"Under19":68555,"Under39":76985,"Under59":93175,"Under74":65675,"Over75":40289},"Beds":{"Resuscitation":18,"IntensiveCare":42,"Total":60},"Deaths":42,"Recovered":135,"Severe":84,"Critical":14,"Emergencies":{"Suspected":36,"Total":152,"Severe":35,"Suspected/Accumulated":1471,"Total/Accumulated":7309,"Severe/Accumulated":1419},"MedicalActs":{"Suspected":3,"Total":25,"Suspected/Accumulated":383,"Total/Accumulated":2163},"Confirmed":263},"geometry":{"type":"Point","coordinates":[9.019688964401293,42.118564077669916]}},{"type":"Feature","properties":{"Country/Region":"France","Province/State":"Guyane","Code":"03","Population":{"Total":290691,"Under19":120681,"Under39":80023,"Under59":61783,"Under74":22111,"Over75":6093},"Beds":{"Resuscitation":13,"IntensiveCare":12,"Total":25},"Recovered":25,"Severe":8,"Critical":2,"Emergencies":{"Suspected":2,"Total":168,"Severe":1,"Suspected/Accumulated":57,"Total/Accumulated":9045,"Severe/Accumulated":13},"Confirmed":43,"MedicalTests":{"Total/Accumulated":26,"Confirmed/Accumulated":4}},"geometry":{"type":"Point","coordinates":[-53.41731165390502,3.588901056661561]}},{"type":"Feature","properties":{"Country/Region":"France","Province/State":"La Réunion","Code":"04","Population":{"Total":859959,"Under19":256143,"Under39":202783,"Under59":239212,"Under74":117045,"Over75":44776},"Beds":{"Resuscitation":52,"IntensiveCare":154,"Total":206},"Recovered":86,"Severe":17,"Critical":3,"Emergencies":{"Suspected":1,"Total":298,"Suspected/Accumulated":229,"Total/Accumulated":16702,"Severe/Accumulated":160},"MedicalTests":{"Total":2,"Confirmed":1,"Total/Accumulated":7,"Confirmed/Accumulated":1},"Confirmed":94},"geometry":{"type":"Point","coordinates":[55.52943947368424,-21.1374047368421]}},{"type":"Feature","properties":{"Country/Region":"France","Province/State":"Mayotte","Code":"06","Population":{"Total":279471,"Under19":150257,"Under39":74348,"Under59":42900,"Under74":9521,"Over75":2445},"Beds":{"Resuscitation":6,"IntensiveCare":0,"Total":6},"Deaths":4,"Recovered":41,"Severe":22,"Critical":6,"Emergencies":{"Suspected":14,"Total":96,"Severe":2,"Suspected/Accumulated":265,"Total/Accumulated":4582,"Severe/Accumulated":67},"Confirmed":128,"MedicalTests":{"Total/Accumulated":2,"Confirmed/Accumulated":1}},"geometry":{"type":"Point","coordinates":[45.14160071428572,-12.835344166666673]}}]}