{"type":"FeatureCollection","features":[{"type":"Feature","properties":{"Country/Region":"France","Province/State":"Île-de-France","Code":"11","Population":{"Total":12278210,"Under19":3140965,"Under39":3409765,"Under59":3210447,"Under74":1658207,"Over75":858826},"Beds":{"Resuscitation":1147,"IntensiveCare":2512,"Total":3659},"Deaths":10890,"Recovered":48886,"Severe":5726,"Critical":793,"Emergencies":{"Suspected":149,"Total":6132,"Severe":57,"Suspected/Accumulated":85199,"Total/Accumulated":1633913,"Severe/Accumulated":26406},"MedicalActs":{"Suspected":59,"Total":1509,"Suspected/Accumulated":31507,"Total/Accumulated":371485},"Confirmed":7660,"MedicalTests":{"Total/Accumulated":85340,"Confirmed/Accumulated":18277},"PCRTests":{"Total/Accumulated":4002940,"Confirmed/Accumulated":450462}},"geometry":{"type":"Point","coordinates":[2.5292589766081885,48.704415292397634]}},{"type":"Feature","properties":{"Country/Region":"France","Province/State":"Centre-Val de Loire","Code":"24","Population":{"Total":2559073,"Under19":598570,"Under39":541141,"Under59":661150,"Under74":478923,"Over75":279289},"Beds":{"Resuscitation":180,"IntensiveCare":346,"Total":526},"Deaths":1020,"Recovered":4375,"Severe":906,"Critical":127,"Emergencies":{"Suspected":28,"Total":1265,"Severe":10,"Suspected/Accumulated":8517,"Total/Accumulated":359346,"Severe/Accumulated":2329},"MedicalActs":{"Suspected":13,"Total":377,"Suspected/Accumulated":4276,"Total/Accumulated":97374},"Confirmed":1157,"MedicalTests":{"Total/Accumulated":20197,"Confirmed/Accumulated":1858},"PCRTests":{"Total/Accumulated":676312,"Confirmed/Accumulated":56797}},"geometry":{"type":"Point","coordinates":[1.6429664800000017,47.54357092799999]}},{"type":"Feature","properties":{"Country/Region":"France","Province/State":"Bourgogne-Franche-Comté","Code":"27","Population":{"Total":2783039,"Under19":627017,"Under39":591411,"Under59":715664,"Under74":540051,"Over75":308896},"Beds":{"Resuscitation":198,"IntensiveCare":642,"Total":840},"Deaths":1927,"Recovered":7435,"Severe":1744,"Critical":230,"Emergencies":{"Suspected":63,"Total":1646,"Severe":36,"Suspected/Accumulated":18965,"Total/Accumulated":473824,"Severe/Accumulated":8329},"MedicalActs":{"Suspected":17,"Total":242,"Suspected/Accumulated":5224,"Total/Accumulated":69809},"Confirmed":1569,"MedicalTests":{"Total/Accumulated":15673,"Confirmed/Accumulated":1330},"PCRTests":{"Total/Accumulated":830970,"Confirmed/Accumulated":85739}},"geometry":{"type":"Point","coordinates":[4.731409826897467,47.2969232490013]}},{"type":"Feature","properties":{"Country/Region":"France","Province/State":"Normandie","Code":"28","Population":{"Total":3303500,"Under19":781337,"Under39":727044,"Under59":842963,"Under74":615474,"Over75":336682},"Beds":{"Resuscitation":240,"IntensiveCare":548,"Total":788},"Deaths":1157,"Recovered":4556,"Severe":1229,"Critical":114,"Emergencies":{"Suspected":8,"Total":1784,"Severe":7,"Suspected/Accumulated":8809,"Total/Accumulated":508169,"Severe/Accumulated":4115},"MedicalActs":{"Suspected":23,"Total":465,"Suspected/Accumulated":8867,"Total/Accumulated":122677},"Confirmed":912,"MedicalTests":{"Total/Accumulated":17253,"Confirmed/Accumulated":1385},"PCRTests":{"Total/Accumulated":850130,"Confirmed/Accumulated":72235}},"geometry":{"type":"Point","coordinates":[-0.022673401869158984,49.066630336448576]}},{"type":"Feature","properties":{"Country/Region":"France","Province/State":"Hauts-de-France","Code":"32","Population":{"Total":5962662,"Under19":1525538,"Under39":1443348,"Under59":1522690,"Under74":994313,"Over75":476773},"Beds":{"Resuscitation":438,"IntensiveCare":1338,"Total":1776},"Deaths":3523,"Recovered":14452,"Severe":2811,"Critical":383,"Emergencies":{"Suspected":52,"Total":2787,"Severe":25,"Suspected/Accumulated":21001,"Total/Accumulated":771126,"Severe/Accumulated":8046},"MedicalActs":{"Suspected":29,"Total":960,"Suspected/Accumulated":12799,"Total/Accumulated":239653},"Confirmed":3011,"MedicalTests":{"Total/Accumulated":31790,"Confirmed/Accumulated":3410},"PCRTests":{"Total/Accumulated":1985575,"Confirmed/Accumulated":214747}},"geometry":{"type":"Point","coordinates":[2.8852615671641804,49.86155781716422]}},{"type":"Feature","properties":{"Country/Region":"France","Province/State":"Grand Est","Code":"44","Population":{"Total":5511747,"Under19":1258123,"Under39":1291962,"Under59":1448828,"Under74":988178,"Over75":524656},"Beds":{"Resuscitation":465,"IntensiveCare":840,"Total":1305},"Deaths":4797,"Recovered":17887,"Severe":2489,"Critical":314,"Emergencies":{"Suspected":90,"Total":2709,"Severe":46,"Suspected/Accumulated":24580,"Total/Accumulated":766513,"Severe/Accumulated":12529},"MedicalActs":{"Suspected":34,"Total":576,"Suspected/Accumulated":12179,"Total/Accumulated":175383},"Confirmed":5479,"MedicalTests":{"Total/Accumulated":24982,"Confirmed/Accumulated":3702},"PCRTests":{"Total/Accumulated":1755486,"Confirmed/Accumulated":131235}},"geometry":{"type":"Point","coordinates":[5.509890203045682,48.670969771573546]}},{"type":"Feature","properties":{"Country/Region":"France","Province/State":"Pays de la Loire","Code":"52","Population":{"Total":3801797,"Under19":933509,"Under39":853729,"Under59":970508,"Under74":667531,"Over75":376520},"Beds":{"Resuscitation":181,"IntensiveCare":572,"Total":753},"Deaths":996,"Recovered":4903,"Severe":950,"Critical":112,"Emergencies":{"Suspected":40,"Total":1635,"Severe":28,"Suspected/Accumulated":13519,"Total/Accumulated":443356,"Severe/Accumulated":7244},"MedicalActs":{"Suspected":16,"Total":458,"Suspected/Accumulated":7648,"Total/Accumulated":132148},"Confirmed":1630,"MedicalTests":{"Total/Accumulated":1941,"Confirmed/Accumulated":78},"PCRTests":{"Total/Accumulated":1042106,"Confirmed/Accumulated":77750}},"geometry":{"type":"Point","coordinates":[-0.8763313771517983,47.44186302034428]}},{"type":"Feature","properties":{"Country/Region":"France","Province/State":"Bretagne","Code":"53","Population":{"Total":3340379,"Under19":773631,"Under39":714512,"Under59":866988,"Under74":632104,"Over75":353144},"Beds":{"Resuscitation":162,"IntensiveCare":462,"Total":624},"Deaths":557,"Recovered":2813,"Severe":546,"Critical":76,"Emergencies":{"Suspected":12,"Total":1604,"Severe":11,"Suspected/Accumulated":9026,"Total/Accumulated":470708,"Severe/Accumulated":3613},"MedicalActs":{"Suspected":8,"Total":323,"Suspected/Accumulated":4690,"Total/Accumulated":98061},"Confirmed":962,"MedicalTests":{"Total/Accumulated":698,"Confirmed/Accumulated":25},"PCRTests":{"Total/Accumulated":811009,"Confirmed/Accumulated":47538}},"geometry":{"type":"Point","coordinates":[-3.104342941176476,48.146701189258316]}},{"type":"Feature","properties":{"Country/Region":"France","Province/State":"Nouvelle-Aquitaine","Code":"75","Population":{"Total":5999982,"Under19":1293321,"Under39":1274746,"Under59":1561754,"Under74":1177229,"Over75":692932},"Beds":{"Resuscitation":412,"IntensiveCare":946,"Total":1358},"Deaths":1247,"Recovered":5979,"Severe":1552,"Critical":202,"Emergencies":{"Suspected":50,"Total":3023,"Severe":34,"Suspected/Accumulated":17018,"Total/Accumulated":907012,"Severe/Accumulated":8140},"MedicalActs":{"Suspected":29,"Total":1143,"Suspected/Accumulated":17604,"Total/Accumulated":315741},"Confirmed":1007,"MedicalTests":{"Total/Accumulated":33043,"Confirmed/Accumulated":961},"PCRTests":{"Total/Accumulated":1521099,"Confirmed/Accumulated":111615}},"geometry":{"type":"Point","coordinates":[0.16186906163753495,45.156971701931916]}},{"type":"Feature","properties":{"Country/Region":"France","Province/State":"Occitanie","Code":"76","Population":{"Total":5924858,"Under19":1320456,"Under39":1330125,"Under59":1526711,"Under74":1099893,"Over75":647673},"Beds":{"Resuscitation":474,"IntensiveCare":1206,"Total":1680},"Deaths":1695,"Recovered":8406,"Severe":1689,"Critical":295,"Emergencies":{"Suspected":53,"Total":3079,"Severe":24,"Suspected/Accumulated":17437,"Total/Accumulated":924000,"Severe/Accumulated":8029},"MedicalActs":{"Suspected":18,"Total":325,"Suspected/Accumulated":6854,"Total/Accumulated":109957},"Confirmed":2374,"MedicalTests":{"Total/Accumulated":83743,"Confirmed/Accumulated":2680},"PCRTests":{"Total/Accumulated":1755552,"Confirmed/Accumulated":161627}},"geometry":{"type":"Point","coordinates":[1.988214846153848,43.761180626373644]}},{"type":"Feature","properties":{"Country/Region":"France","Province/State":"Auvergne-Rhône-Alpes","Code":"84","Population":{"Total":8032377,"Under19":1940253,"Under39":1900702,"Under59":2079813,"Under74":1340003,"Over75":771606},"Beds":{"Resuscitation":559,"IntensiveCare":1136,"Total":1695},"Deaths":5249,"Recovered":22424,"Severe":5611,"Critical":654,"Emergencies":{"Suspected":155,"Total":3690,"Severe":98,"Suspected/Accumulated":38663,"Total/Accumulated":1150739,"Severe/Accumulated":17509},"MedicalActs":{"Suspected":59,"Total":921,"Suspected/Accumulated":22923,"Total/Accumulated":247945},"Confirmed":2093,"MedicalTests":{"Total/Accumulated":27674,"Confirmed/Accumulated":2153},"PCRTests":{"Total/Accumulated":2519153,"Confirmed/Accumulated":378694}},"geometry":{"type":"Point","coordinates":[4.515179591651545,45.475403602540794]}},{"type":"Feature","properties":{"Country/Region":"France","Province/State":"Guadeloupe","Code":"01","Population":{"Total":376879,"Under19":90617,"Under39":71707,"Under59":109452,"Under74":70936,"Over75":34167},"Beds":{"Resuscitation":27,"IntensiveCare":68,"Total":95},"Deaths":163,"Recovered":706,"Severe":92,"Critical":9,"Confirmed":106,"Emergencies":{"Suspected/Accumulated":1634,"Total/Accumulated":56192,"Severe/Accumulated":744},"MedicalTests":{"Total/Accumulated":51,"Confirmed/Accumulated":17},"PCRTests":{"Total/Accumulated":68913,"Confirmed/Accumulated":8138}},"geometry":{"type":"Point","coordinates":[-61.493846272189366,16.20469674556213]}},{"type":"Feature","properties":{"Country/Region":"France","Province/State":"Martinique","Code":"02","Population":{"Total":358749,"Under19":77005,"Under39":65776,"Under59":105638,"Under74":72163,"Over75":38167},"Beds":{"Resuscitation":26,"IntensiveCare":58,"Total":84},"Deaths":41,"Recovered":336,"Severe":35,"Critical":10,"MedicalActs":{"Suspected":1,"Total":128,"Suspected/Accumulated":600,"Total/Accumulated":29946},"Confirmed":111,"MedicalTests":{"Total/Accumulated":29,"Confirmed/Accumulated":6},"PCRTests":{"Total/Accumulated":81889,"Confirmed/Accumulated":5556}},"geometry":{"type":"Point","coordinates":[-60.98265692913386,14.6217557480315]}},{"type":"Feature","properties":{"Country/Region":"France","Province/State":"Provence-Alpes-Côte d'Azur","Code":"93","Population":{"Total":5055651,"Under19":1128765,"Under39":1109058,"Under59":1309879,"Under74":927347,"Over75":580602},"Beds":{"Resuscitation":460,"IntensiveCare":802,"Total":1262},"Deaths":2782,"Recovered":15619,"Severe":2710,"Critical":398,"Emergencies":{"Suspected":74,"Total":2863,"Severe":50,"Suspected/Accumulated":24105,"Total/Accumulated":918116,"Severe/Accumulated":12914},"MedicalActs":{"Suspected":37,"Total":773,"Suspected/Accumulated":15062,"Total/Accumulated":221750},"Confirmed":1927,"MedicalTests":{"Total/Accumulated":80858,"Confirmed/Accumulated":4204},"PCRTests":{"Total/Accumulated":1879344,"Confirmed/Accumulated":177514}},"geometry":{"type":"Point","coordinates":[5.940587832647462,43.96417941015098]}},{"type":"Feature","properties":{"Country/Region":"France","Province/State":"Corse","Code":"94","Population":{"Total":344679,"Under19":68555,"Under39":76985,"Under59":93175,"Under74":65675,"Over75":40289},"Beds":{"Resuscitation":18,"IntensiveCare":42,"Total":60},"Deaths":110,"Recovered":469,"Severe":45,"Critical":9,"Emergencies":{"Suspected":1,"Total":208,"Suspected/Accumulated":2628,"Total/Accumulated":61837,"Severe/Accumulated":2323},"MedicalActs":{"Suspected":3,"Total":121,"Suspected/Accumulated":1437,"Total/Accumulated":20707},"Confirmed":263,"PCRTests":{"Total/Accumulated":112491,"Confirmed/Accumulated":6567}},"geometry":{"type":"Point","coordinates":[9.019688964401293,42.118564077669916]}},{"type":"Feature","properties":{"Country/Region":"France","Province/State":"Guyane","Code":"03","Population":{"Total":290691,"Under19":120681,"Under39":80023,"Under59":61783,"Under74":22111,"Over75":6093},"Beds":{"Resuscitation":13,"IntensiveCare":12,"Total":25},"Deaths":66,"Recovered":1866,"Severe":16,"Critical":1,"Emergencies":{"Suspected":1,"Total":231,"Severe":1,"Suspected/Accumulated":2028,"Total/Accumulated":52563,"Severe/Accumulated":952},"Confirmed":43,"MedicalTests":{"Total/Accumulated":35,"Confirmed/Accumulated":4},"PCRTests":{"Total/Accumulated":76873,"Confirmed/Accumulated":9857}},"geometry":{"type":"Point","coordinates":[-53.41731165390502,3.588901056661561]}},{"type":"Feature","properties":{"Country/Region":"France","Province/State":"La Réunion","Code":"04","Population":{"Total":859959,"Under19":256143,"Under39":202783,"Under59":239212,"Under74":117045,"Over75":44776},"Beds":{"Resuscitation":52,"IntensiveCare":154,"Total":206},"Deaths":49,"Recovered":625,"Severe":68,"Critical":10,"Emergencies":{"Suspected":4,"Total":424,"Severe":2,"Suspected/Accumulated":805,"Total/Accumulated":104114,"Severe/Accumulated":476},"Confirmed":94,"MedicalTests":{"Total/Accumulated":19,"Confirmed/Accumulated":1},"PCRTests":{"Total/Accumulated":241065,"Confirmed/Accumulated":8007}},"geometry":{"type":"Point","coordinates":[55.52943947368424,-21.1374047368421]}},{"type":"Feature","properties":{"Country/Region":"France","Province/State":"Mayotte","Code":"06","Population":{"Total":279471,"Under19":150257,"Under39":74348,"Under59":42900,"Under74":9521,"Over75":2445},"Beds":{"Resuscitation":6,"IntensiveCare":0,"Total":6},"Deaths":35,"Recovered":513,"Severe":10,"Critical":2,"Emergencies":{"Total":135,"Suspected/Accumulated":1959,"Total/Accumulated":29171,"Severe/Accumulated":279},"Confirmed":128,"MedicalTests":{"Total/Accumulated":4,"Confirmed/Accumulated":1},"PCRTests":{"Total/Accumulated":33398,"Confirmed/Accumulated":3536}},"geometry":{"type":"Point","coordinates":[45.14160071428572,-12.835344166666673]}}]}