{"type":"FeatureCollection","features":[{"type":"Feature","properties":{"Country/Region":"France","Province/State":"Île-de-France","Code":"11","Population":{"Total":12278210,"Under19":3140965,"Under39":3409765,"Under59":3210447,"Under74":1658207,"Over75":858826},"Beds":{"Resuscitation":1147,"IntensiveCare":2512,"Total":3659},"Deaths":7037,"Recovered":24384,"Severe":6518,"Critical":614,"Emergencies":{"Suspected":166,"Total":5704,"Severe":18,"Suspected/Accumulated":51994,"Total/Accumulated":442862,"Severe/Accumulated":15760},"MedicalActs":{"Suspected":27,"Total":990,"Suspected/Accumulated":12010,"Total/Accumulated":113558},"Confirmed":7660,"MedicalTests":{"Total/Accumulated":85340,"Confirmed/Accumulated":18277}},"geometry":{"type":"Point","coordinates":[2.5292589766081885,48.704415292397634]}},{"type":"Feature","properties":{"Country/Region":"France","Province/State":"Centre-Val de Loire","Code":"24","Population":{"Total":2559073,"Under19":598570,"Under39":541141,"Under59":661150,"Under74":478923,"Over75":279289},"Beds":{"Resuscitation":180,"IntensiveCare":346,"Total":526},"Deaths":502,"Recovered":1723,"Severe":638,"Critical":42,"Emergencies":{"Suspected":19,"Total":1400,"Severe":2,"Suspected/Accumulated":4928,"Total/Accumulated":98228,"Severe/Accumulated":1269},"MedicalActs":{"Suspected":8,"Total":298,"Suspected/Accumulated":1135,"Total/Accumulated":23773},"Confirmed":1157,"MedicalTests":{"Total/Accumulated":20197,"Confirmed/Accumulated":1858}},"geometry":{"type":"Point","coordinates":[1.6429664800000017,47.54357092799999]}},{"type":"Feature","properties":{"Country/Region":"France","Province/State":"Bourgogne-Franche-Comté","Code":"27","Population":{"Total":2783039,"Under19":627017,"Under39":591411,"Under59":715664,"Under74":540051,"Over75":308896},"Beds":{"Resuscitation":198,"IntensiveCare":642,"Total":840},"Deaths":1004,"Recovered":3423,"Severe":448,"Critical":48,"Emergencies":{"Suspected":20,"Total":1729,"Severe":8,"Suspected/Accumulated":10763,"Total/Accumulated":121548,"Severe/Accumulated":4486},"MedicalActs":{"Suspected":7,"Total":184,"Suspected/Accumulated":1868,"Total/Accumulated":19870},"Confirmed":1569,"MedicalTests":{"Total/Accumulated":15673,"Confirmed/Accumulated":1330}},"geometry":{"type":"Point","coordinates":[4.731409826897467,47.2969232490013]}},{"type":"Feature","properties":{"Country/Region":"France","Province/State":"Normandie","Code":"28","Population":{"Total":3303500,"Under19":781337,"Under39":727044,"Under59":842963,"Under74":615474,"Over75":336682},"Beds":{"Resuscitation":240,"IntensiveCare":548,"Total":788},"Deaths":418,"Recovered":1456,"Severe":355,"Critical":20,"Emergencies":{"Suspected":14,"Total":1652,"Severe":11,"Suspected/Accumulated":4413,"Total/Accumulated":132826,"Severe/Accumulated":1783},"MedicalActs":{"Suspected":10,"Total":329,"Suspected/Accumulated":2704,"Total/Accumulated":33564},"Confirmed":912,"MedicalTests":{"Total/Accumulated":17253,"Confirmed/Accumulated":1385}},"geometry":{"type":"Point","coordinates":[-0.022673401869158984,49.066630336448576]}},{"type":"Feature","properties":{"Country/Region":"France","Province/State":"Hauts-de-France","Code":"32","Population":{"Total":5962662,"Under19":1525538,"Under39":1443348,"Under59":1522690,"Under74":994313,"Over75":476773},"Beds":{"Resuscitation":438,"IntensiveCare":1338,"Total":1776},"Deaths":1716,"Recovered":5600,"Severe":1486,"Critical":131,"Emergencies":{"Suspected":23,"Total":2571,"Severe":15,"Suspected/Accumulated":11918,"Total/Accumulated":206902,"Severe/Accumulated":4301},"MedicalActs":{"Suspected":5,"Total":617,"Suspected/Accumulated":3888,"Total/Accumulated":62598},"Confirmed":3011,"MedicalTests":{"Total/Accumulated":31790,"Confirmed/Accumulated":3410}},"geometry":{"type":"Point","coordinates":[2.8852615671641804,49.86155781716422]}},{"type":"Feature","properties":{"Country/Region":"France","Province/State":"Grand Est","Code":"44","Population":{"Total":5511747,"Under19":1258123,"Under39":1291962,"Under59":1448828,"Under74":988178,"Over75":524656},"Beds":{"Resuscitation":465,"IntensiveCare":840,"Total":1305},"Deaths":3397,"Recovered":10668,"Severe":2223,"Critical":179,"Emergencies":{"Suspected":46,"Total":2666,"Severe":18,"Suspected/Accumulated":16742,"Total/Accumulated":204019,"Severe/Accumulated":8207},"MedicalActs":{"Suspected":27,"Total":450,"Suspected/Accumulated":6061,"Total/Accumulated":55611},"Confirmed":5479,"MedicalTests":{"Total/Accumulated":24982,"Confirmed/Accumulated":3702}},"geometry":{"type":"Point","coordinates":[5.509890203045682,48.670969771573546]}},{"type":"Feature","properties":{"Country/Region":"France","Province/State":"Pays de la Loire","Code":"52","Population":{"Total":3801797,"Under19":933509,"Under39":853729,"Under59":970508,"Under74":667531,"Over75":376520},"Beds":{"Resuscitation":181,"IntensiveCare":572,"Total":753},"Deaths":434,"Recovered":1705,"Severe":408,"Critical":22,"Emergencies":{"Suspected":31,"Total":1636,"Severe":14,"Suspected/Accumulated":7563,"Total/Accumulated":113362,"Severe/Accumulated":3725},"MedicalActs":{"Suspected":23,"Total":388,"Suspected/Accumulated":2894,"Total/Accumulated":37709},"Confirmed":1630,"MedicalTests":{"Total/Accumulated":1941,"Confirmed/Accumulated":78}},"geometry":{"type":"Point","coordinates":[-0.8763313771517983,47.44186302034428]}},{"type":"Feature","properties":{"Country/Region":"France","Province/State":"Bretagne","Code":"53","Population":{"Total":3340379,"Under19":773631,"Under39":714512,"Under59":866988,"Under74":632104,"Over75":353144},"Beds":{"Resuscitation":162,"IntensiveCare":462,"Total":624},"Deaths":249,"Recovered":1123,"Severe":206,"Critical":20,"Emergencies":{"Suspected":24,"Total":1657,"Severe":12,"Suspected/Accumulated":4844,"Total/Accumulated":122991,"Severe/Accumulated":2014},"MedicalActs":{"Suspected":15,"Total":297,"Suspected/Accumulated":1224,"Total/Accumulated":28322},"Confirmed":962,"MedicalTests":{"Total/Accumulated":698,"Confirmed/Accumulated":25}},"geometry":{"type":"Point","coordinates":[-3.104342941176476,48.146701189258316]}},{"type":"Feature","properties":{"Country/Region":"France","Province/State":"Nouvelle-Aquitaine","Code":"75","Population":{"Total":5999982,"Under19":1293321,"Under39":1274746,"Under59":1561754,"Under74":1177229,"Over75":692932},"Beds":{"Resuscitation":412,"IntensiveCare":946,"Total":1358},"Deaths":394,"Recovered":1897,"Severe":323,"Critical":42,"Emergencies":{"Suspected":16,"Total":3140,"Severe":8,"Suspected/Accumulated":9854,"Total/Accumulated":231639,"Severe/Accumulated":4252},"MedicalActs":{"Suspected":16,"Total":884,"Suspected/Accumulated":6699,"Total/Accumulated":91841},"Confirmed":1007,"MedicalTests":{"Total/Accumulated":33043,"Confirmed/Accumulated":961}},"geometry":{"type":"Point","coordinates":[0.16186906163753495,45.156971701931916]}},{"type":"Feature","properties":{"Country/Region":"France","Province/State":"Occitanie","Code":"76","Population":{"Total":5924858,"Under19":1320456,"Under39":1330125,"Under59":1526711,"Under74":1099893,"Over75":647673},"Beds":{"Resuscitation":474,"IntensiveCare":1206,"Total":1680},"Deaths":491,"Recovered":2665,"Severe":253,"Critical":50,"Emergencies":{"Suspected":27,"Total":3322,"Severe":16,"Suspected/Accumulated":8200,"Total/Accumulated":236376,"Severe/Accumulated":3696},"MedicalActs":{"Suspected":9,"Total":296,"Suspected/Accumulated":2628,"Total/Accumulated":33053},"Confirmed":2374,"MedicalTests":{"Total/Accumulated":83743,"Confirmed/Accumulated":2680}},"geometry":{"type":"Point","coordinates":[1.988214846153848,43.761180626373644]}},{"type":"Feature","properties":{"Country/Region":"France","Province/State":"Auvergne-Rhône-Alpes","Code":"84","Population":{"Total":8032377,"Under19":1940253,"Under39":1900702,"Under59":2079813,"Under74":1340003,"Over75":771606},"Beds":{"Resuscitation":559,"IntensiveCare":1136,"Total":1695},"Deaths":1661,"Recovered":6900,"Severe":1240,"Critical":117,"Emergencies":{"Suspected":33,"Total":4033,"Severe":11,"Suspected/Accumulated":16084,"Total/Accumulated":296827,"Severe/Accumulated":6866},"MedicalActs":{"Suspected":36,"Total":743,"Suspected/Accumulated":6499,"Total/Accumulated":71993},"Confirmed":2093,"MedicalTests":{"Total/Accumulated":27674,"Confirmed/Accumulated":2153}},"geometry":{"type":"Point","coordinates":[4.515179591651545,45.475403602540794]}},{"type":"Feature","properties":{"Country/Region":"France","Province/State":"Guadeloupe","Code":"01","Population":{"Total":376879,"Under19":90617,"Under39":71707,"Under59":109452,"Under74":70936,"Over75":34167},"Beds":{"Resuscitation":27,"IntensiveCare":68,"Total":95},"Deaths":19,"Recovered":73,"Severe":13,"Critical":1,"Emergencies":{"Total":178,"Suspected/Accumulated":295,"Total/Accumulated":15149,"Severe/Accumulated":102},"Confirmed":106,"MedicalTests":{"Total/Accumulated":51,"Confirmed/Accumulated":17}},"geometry":{"type":"Point","coordinates":[-61.493846272189366,16.20469674556213]}},{"type":"Feature","properties":{"Country/Region":"France","Province/State":"Martinique","Code":"02","Population":{"Total":358749,"Under19":77005,"Under39":65776,"Under59":105638,"Under74":72163,"Over75":38167},"Beds":{"Resuscitation":26,"IntensiveCare":58,"Total":84},"Deaths":14,"Recovered":81,"Severe":17,"Critical":2,"MedicalActs":{"Total":100,"Suspected/Accumulated":146,"Total/Accumulated":8922},"Confirmed":111,"MedicalTests":{"Total/Accumulated":29,"Confirmed/Accumulated":6}},"geometry":{"type":"Point","coordinates":[-60.98265692913386,14.6217557480315]}},{"type":"Feature","properties":{"Country/Region":"France","Province/State":"Provence-Alpes-Côte d'Azur","Code":"93","Population":{"Total":5055651,"Under19":1128765,"Under39":1109058,"Under59":1309879,"Under74":927347,"Over75":580602},"Beds":{"Resuscitation":460,"IntensiveCare":802,"Total":1262},"Deaths":893,"Recovered":4846,"Severe":912,"Critical":86,"Emergencies":{"Suspected":33,"Total":3270,"Severe":19,"Suspected/Accumulated":10526,"Total/Accumulated":235240,"Severe/Accumulated":5428},"MedicalActs":{"Suspected":25,"Total":592,"Suspected/Accumulated":5660,"Total/Accumulated":65515},"Confirmed":1927,"MedicalTests":{"Total/Accumulated":80858,"Confirmed/Accumulated":4204}},"geometry":{"type":"Point","coordinates":[5.940587832647462,43.96417941015098]}},{"type":"Feature","properties":{"Country/Region":"France","Province/State":"Corse","Code":"94","Population":{"Total":344679,"Under19":68555,"Under39":76985,"Under59":93175,"Under74":65675,"Over75":40289},"Beds":{"Resuscitation":18,"IntensiveCare":42,"Total":60},"Deaths":58,"Recovered":225,"Severe":29,"Critical":5,"Emergencies":{"Suspected":5,"Total":198,"Severe":5,"Suspected/Accumulated":2100,"Total/Accumulated":14099,"Severe/Accumulated":2011},"MedicalActs":{"Total":62,"Suspected/Accumulated":478,"Total/Accumulated":3566},"Confirmed":263},"geometry":{"type":"Point","coordinates":[9.019688964401293,42.118564077669916]}},{"type":"Feature","properties":{"Country/Region":"France","Province/State":"Guyane","Code":"03","Population":{"Total":290691,"Under19":120681,"Under39":80023,"Under59":61783,"Under74":22111,"Over75":6093},"Beds":{"Resuscitation":13,"IntensiveCare":12,"Total":25},"Deaths":1,"Recovered":70,"Severe":20,"Critical":2,"Emergencies":{"Suspected":35,"Total":216,"Severe":2,"Suspected/Accumulated":206,"Total/Accumulated":15678,"Severe/Accumulated":52},"Confirmed":43,"MedicalTests":{"Total/Accumulated":35,"Confirmed/Accumulated":4}},"geometry":{"type":"Point","coordinates":[-53.41731165390502,3.588901056661561]}},{"type":"Feature","properties":{"Country/Region":"France","Province/State":"La Réunion","Code":"04","Population":{"Total":859959,"Under19":256143,"Under39":202783,"Under59":239212,"Under74":117045,"Over75":44776},"Beds":{"Resuscitation":52,"IntensiveCare":154,"Total":206},"Deaths":1,"Recovered":116,"Severe":21,"Critical":2,"Emergencies":{"Suspected":1,"Total":350,"Severe":1,"Suspected/Accumulated":270,"Total/Accumulated":30870,"Severe/Accumulated":187},"Confirmed":94,"MedicalTests":{"Total/Accumulated":19,"Confirmed/Accumulated":1}},"geometry":{"type":"Point","coordinates":[55.52943947368424,-21.1374047368421]}},{"type":"Feature","properties":{"Country/Region":"France","Province/State":"Mayotte","Code":"06","Population":{"Total":279471,"Under19":150257,"Under39":74348,"Under59":42900,"Under74":9521,"Over75":2445},"Beds":{"Resuscitation":6,"IntensiveCare":0,"Total":6},"Deaths":19,"Recovered":227,"Severe":45,"Critical":12,"Emergencies":{"Suspected":28,"Total":109,"Severe":1,"Suspected/Accumulated":1278,"Total/Accumulated":9076,"Severe/Accumulated":194},"Confirmed":128,"MedicalTests":{"Total/Accumulated":4,"Confirmed/Accumulated":1}},"geometry":{"type":"Point","coordinates":[45.14160071428572,-12.835344166666673]}}]}