{"type":"FeatureCollection","features":[{"type":"Feature","properties":{"Country/Region":"France","Province/State":"Île-de-France","Code":"11","Population":{"Total":12278210,"Under19":3140965,"Under39":3409765,"Under59":3210447,"Under74":1658207,"Over75":858826},"Beds":{"Resuscitation":1147,"IntensiveCare":2512,"Total":3659},"Deaths":14622,"Recovered":65144,"Severe":5088,"Critical":805,"Emergencies":{"Suspected":278,"Total":6718,"Severe":120,"Suspected/Accumulated":98861,"Total/Accumulated":2157043,"Severe/Accumulated":32599},"MedicalActs":{"Suspected":72,"Total":1515,"Suspected/Accumulated":36672,"Total/Accumulated":511026},"PCRTests":{"Total":70046,"Confirmed":6923,"Total/Accumulated":9498125,"Confirmed/Accumulated":745894},"Confirmed":7660,"MedicalTests":{"Total/Accumulated":85340,"Confirmed/Accumulated":18277}},"geometry":{"type":"Point","coordinates":[2.5292589766081885,48.704415292397634]}},{"type":"Feature","properties":{"Country/Region":"France","Province/State":"Centre-Val de Loire","Code":"24","Population":{"Total":2559073,"Under19":598570,"Under39":541141,"Under59":661150,"Under74":478923,"Over75":279289},"Beds":{"Resuscitation":180,"IntensiveCare":346,"Total":526},"Deaths":1940,"Recovered":7514,"Severe":1030,"Critical":132,"Emergencies":{"Suspected":39,"Total":1329,"Severe":13,"Suspected/Accumulated":10985,"Total/Accumulated":464382,"Severe/Accumulated":3157},"MedicalActs":{"Suspected":15,"Total":366,"Suspected/Accumulated":5273,"Total/Accumulated":127320},"PCRTests":{"Total":12270,"Confirmed":808,"Total/Accumulated":1557265,"Confirmed/Accumulated":106287},"Confirmed":1157,"MedicalTests":{"Total/Accumulated":20197,"Confirmed/Accumulated":1858}},"geometry":{"type":"Point","coordinates":[1.6429664800000017,47.54357092799999]}},{"type":"Feature","properties":{"Country/Region":"France","Province/State":"Bourgogne-Franche-Comté","Code":"27","Population":{"Total":2783039,"Under19":627017,"Under39":591411,"Under59":715664,"Under74":540051,"Over75":308896},"Beds":{"Resuscitation":198,"IntensiveCare":642,"Total":840},"Deaths":3718,"Recovered":13816,"Severe":1503,"Critical":151,"Emergencies":{"Suspected":39,"Total":1842,"Severe":19,"Suspected/Accumulated":24513,"Total/Accumulated":612891,"Severe/Accumulated":11676},"MedicalActs":{"Suspected":8,"Total":266,"Suspected/Accumulated":6318,"Total/Accumulated":93601},"PCRTests":{"Total":11202,"Confirmed":783,"Total/Accumulated":1944327,"Confirmed/Accumulated":161464},"Confirmed":1569,"MedicalTests":{"Total/Accumulated":15673,"Confirmed/Accumulated":1330}},"geometry":{"type":"Point","coordinates":[4.731409826897467,47.2969232490013]}},{"type":"Feature","properties":{"Country/Region":"France","Province/State":"Normandie","Code":"28","Population":{"Total":3303500,"Under19":781337,"Under39":727044,"Under59":842963,"Under74":615474,"Over75":336682},"Beds":{"Resuscitation":240,"IntensiveCare":548,"Total":788},"Deaths":2195,"Recovered":8386,"Severe":1248,"Critical":128,"Emergencies":{"Suspected":27,"Total":2057,"Severe":14,"Suspected/Accumulated":11070,"Total/Accumulated":666956,"Severe/Accumulated":5401},"MedicalActs":{"Suspected":28,"Total":553,"Suspected/Accumulated":10781,"Total/Accumulated":167812},"PCRTests":{"Total":14950,"Confirmed":955,"Total/Accumulated":2055174,"Confirmed/Accumulated":129541},"Confirmed":912,"MedicalTests":{"Total/Accumulated":17253,"Confirmed/Accumulated":1385}},"geometry":{"type":"Point","coordinates":[-0.022673401869158984,49.066630336448576]}},{"type":"Feature","properties":{"Country/Region":"France","Province/State":"Hauts-de-France","Code":"32","Population":{"Total":5962662,"Under19":1525538,"Under39":1443348,"Under59":1522690,"Under74":994313,"Over75":476773},"Beds":{"Resuscitation":438,"IntensiveCare":1338,"Total":1776},"Deaths":6051,"Recovered":23326,"Severe":2700,"Critical":360,"Emergencies":{"Suspected":86,"Total":3124,"Severe":53,"Suspected/Accumulated":26452,"Total/Accumulated":1008297,"Severe/Accumulated":10698},"MedicalActs":{"Suspected":53,"Total":1031,"Suspected/Accumulated":16114,"Total/Accumulated":320830},"PCRTests":{"Total":37006,"Confirmed":3473,"Total/Accumulated":4407296,"Confirmed/Accumulated":356604},"Confirmed":3011,"MedicalTests":{"Total/Accumulated":31790,"Confirmed/Accumulated":3410}},"geometry":{"type":"Point","coordinates":[2.8852615671641804,49.86155781716422]}},{"type":"Feature","properties":{"Country/Region":"France","Province/State":"Grand Est","Code":"44","Population":{"Total":5511747,"Under19":1258123,"Under39":1291962,"Under59":1448828,"Under74":988178,"Over75":524656},"Beds":{"Resuscitation":465,"IntensiveCare":840,"Total":1305},"Deaths":7929,"Recovered":27641,"Severe":2330,"Critical":293,"Emergencies":{"Suspected":87,"Total":2813,"Severe":61,"Suspected/Accumulated":32623,"Total/Accumulated":997789,"Severe/Accumulated":17701},"MedicalActs":{"Suspected":33,"Total":651,"Suspected/Accumulated":15118,"Total/Accumulated":232981},"PCRTests":{"Total":30360,"Confirmed":1660,"Total/Accumulated":4298922,"Confirmed/Accumulated":271642},"Confirmed":5479,"MedicalTests":{"Total/Accumulated":24982,"Confirmed/Accumulated":3702}},"geometry":{"type":"Point","coordinates":[5.509890203045682,48.670969771573546]}},{"type":"Feature","properties":{"Country/Region":"France","Province/State":"Pays de la Loire","Code":"52","Population":{"Total":3801797,"Under19":933509,"Under39":853729,"Under59":970508,"Under74":667531,"Over75":376520},"Beds":{"Resuscitation":181,"IntensiveCare":572,"Total":753},"Deaths":1975,"Recovered":8412,"Severe":820,"Critical":86,"Emergencies":{"Suspected":38,"Total":1780,"Severe":24,"Suspected/Accumulated":16798,"Total/Accumulated":580292,"Severe/Accumulated":9309},"MedicalActs":{"Suspected":25,"Total":577,"Suspected/Accumulated":9222,"Total/Accumulated":176538},"PCRTests":{"Total":17225,"Confirmed":956,"Total/Accumulated":2351496,"Confirmed/Accumulated":135055},"Confirmed":1630,"MedicalTests":{"Total/Accumulated":1941,"Confirmed/Accumulated":78}},"geometry":{"type":"Point","coordinates":[-0.8763313771517983,47.44186302034428]}},{"type":"Feature","properties":{"Country/Region":"France","Province/State":"Bretagne","Code":"53","Population":{"Total":3340379,"Under19":773631,"Under39":714512,"Under59":866988,"Under74":632104,"Over75":353144},"Beds":{"Resuscitation":162,"IntensiveCare":462,"Total":624},"Deaths":1110,"Recovered":4630,"Severe":728,"Critical":50,"Emergencies":{"Suspected":19,"Total":1907,"Severe":10,"Suspected/Accumulated":10882,"Total/Accumulated":617478,"Severe/Accumulated":4551},"MedicalActs":{"Suspected":8,"Total":385,"Suspected/Accumulated":5780,"Total/Accumulated":129917},"PCRTests":{"Total":13572,"Confirmed":586,"Total/Accumulated":1817726,"Confirmed/Accumulated":80554},"Confirmed":962,"MedicalTests":{"Total/Accumulated":698,"Confirmed/Accumulated":25}},"geometry":{"type":"Point","coordinates":[-3.104342941176476,48.146701189258316]}},{"type":"Feature","properties":{"Country/Region":"France","Province/State":"Nouvelle-Aquitaine","Code":"75","Population":{"Total":5999982,"Under19":1293321,"Under39":1274746,"Under59":1561754,"Under74":1177229,"Over75":692932},"Beds":{"Resuscitation":412,"IntensiveCare":946,"Total":1358},"Deaths":2740,"Recovered":11061,"Severe":1279,"Critical":175,"Emergencies":{"Suspected":49,"Total":3476,"Severe":30,"Suspected/Accumulated":22109,"Total/Accumulated":1172035,"Severe/Accumulated":11516},"MedicalActs":{"Suspected":24,"Total":1240,"Suspected/Accumulated":20932,"Total/Accumulated":423837},"PCRTests":{"Total":26637,"Confirmed":1304,"Total/Accumulated":3708191,"Confirmed/Accumulated":201404},"Confirmed":1007,"MedicalTests":{"Total/Accumulated":33043,"Confirmed/Accumulated":961}},"geometry":{"type":"Point","coordinates":[0.16186906163753495,45.156971701931916]}},{"type":"Feature","properties":{"Country/Region":"France","Province/State":"Occitanie","Code":"76","Population":{"Total":5924858,"Under19":1320456,"Under39":1330125,"Under59":1526711,"Under74":1099893,"Over75":647673},"Beds":{"Resuscitation":474,"IntensiveCare":1206,"Total":1680},"Deaths":3141,"Recovered":13776,"Severe":1660,"Critical":281,"Emergencies":{"Suspected":72,"Total":3338,"Severe":43,"Suspected/Accumulated":22769,"Total/Accumulated":1193006,"Severe/Accumulated":11244},"MedicalActs":{"Suspected":17,"Total":413,"Suspected/Accumulated":8294,"Total/Accumulated":146608},"PCRTests":{"Total":28886,"Confirmed":1470,"Total/Accumulated":4238943,"Confirmed/Accumulated":272377},"Confirmed":2374,"MedicalTests":{"Total/Accumulated":83743,"Confirmed/Accumulated":2680}},"geometry":{"type":"Point","coordinates":[1.988214846153848,43.761180626373644]}},{"type":"Feature","properties":{"Country/Region":"France","Province/State":"Auvergne-Rhône-Alpes","Code":"84","Population":{"Total":8032377,"Under19":1940253,"Under39":1900702,"Under59":2079813,"Under74":1340003,"Over75":771606},"Beds":{"Resuscitation":559,"IntensiveCare":1136,"Total":1695},"Deaths":8915,"Recovered":36452,"Severe":3395,"Critical":411,"Emergencies":{"Suspected":111,"Total":4444,"Severe":77,"Suspected/Accumulated":48962,"Total/Accumulated":1489282,"Severe/Accumulated":23589},"MedicalActs":{"Suspected":39,"Total":976,"Suspected/Accumulated":26889,"Total/Accumulated":330087},"PCRTests":{"Total":35810,"Confirmed":2761,"Total/Accumulated":5772829,"Confirmed/Accumulated":578458},"Confirmed":2093,"MedicalTests":{"Total/Accumulated":27674,"Confirmed/Accumulated":2153}},"geometry":{"type":"Point","coordinates":[4.515179591651545,45.475403602540794]}},{"type":"Feature","properties":{"Country/Region":"France","Province/State":"Guadeloupe","Code":"01","Population":{"Total":376879,"Under19":90617,"Under39":71707,"Under59":109452,"Under74":70936,"Over75":34167},"Beds":{"Resuscitation":27,"IntensiveCare":68,"Total":95},"Deaths":176,"Recovered":840,"Severe":27,"Critical":8,"Emergencies":{"Suspected":1,"Total":70,"Suspected/Accumulated":1725,"Total/Accumulated":75511,"Severe/Accumulated":783},"PCRTests":{"Total":754,"Confirmed":65,"Total/Accumulated":114407,"Confirmed/Accumulated":9648},"Confirmed":106,"MedicalTests":{"Total/Accumulated":51,"Confirmed/Accumulated":17}},"geometry":{"type":"Point","coordinates":[-61.493846272189366,16.20469674556213]}},{"type":"Feature","properties":{"Country/Region":"France","Province/State":"Martinique","Code":"02","Population":{"Total":358749,"Under19":77005,"Under39":65776,"Under59":105638,"Under74":72163,"Over75":38167},"Beds":{"Resuscitation":26,"IntensiveCare":58,"Total":84},"Deaths":45,"Recovered":402,"Severe":14,"Critical":4,"MedicalActs":{"Suspected":1,"Total":85,"Suspected/Accumulated":702,"Total/Accumulated":38281},"PCRTests":{"Total":595,"Confirmed":19,"Total/Accumulated":130313,"Confirmed/Accumulated":6493},"Confirmed":111,"MedicalTests":{"Total/Accumulated":29,"Confirmed/Accumulated":6}},"geometry":{"type":"Point","coordinates":[-60.98265692913386,14.6217557480315]}},{"type":"Feature","properties":{"Country/Region":"France","Province/State":"Provence-Alpes-Côte d'Azur","Code":"93","Population":{"Total":5055651,"Under19":1128765,"Under39":1109058,"Under59":1309879,"Under74":927347,"Over75":580602},"Beds":{"Resuscitation":460,"IntensiveCare":802,"Total":1262},"Deaths":5524,"Recovered":26137,"Severe":3452,"Critical":457,"Emergencies":{"Suspected":151,"Total":3331,"Severe":98,"Suspected/Accumulated":34983,"Total/Accumulated":1184823,"Severe/Accumulated":20049},"MedicalActs":{"Suspected":49,"Total":909,"Suspected/Accumulated":19268,"Total/Accumulated":297759},"PCRTests":{"Total":41746,"Confirmed":3363,"Total/Accumulated":4879628,"Confirmed/Accumulated":359082},"Confirmed":1927,"MedicalTests":{"Total/Accumulated":80858,"Confirmed/Accumulated":4204}},"geometry":{"type":"Point","coordinates":[5.940587832647462,43.96417941015098]}},{"type":"Feature","properties":{"Country/Region":"France","Province/State":"Corse","Code":"94","Population":{"Total":344679,"Under19":68555,"Under39":76985,"Under59":93175,"Under74":65675,"Over75":40289},"Beds":{"Resuscitation":18,"IntensiveCare":42,"Total":60},"Deaths":143,"Recovered":613,"Severe":95,"Critical":8,"Emergencies":{"Suspected":1,"Total":201,"Severe":1,"Suspected/Accumulated":2860,"Total/Accumulated":77283,"Severe/Accumulated":2464},"MedicalActs":{"Suspected":1,"Total":124,"Suspected/Accumulated":1664,"Total/Accumulated":30152},"PCRTests":{"Total":2478,"Confirmed":82,"Total/Accumulated":301496,"Confirmed/Accumulated":9891},"Confirmed":263},"geometry":{"type":"Point","coordinates":[9.019688964401293,42.118564077669916]}},{"type":"Feature","properties":{"Country/Region":"France","Province/State":"Guyane","Code":"03","Population":{"Total":290691,"Under19":120681,"Under39":80023,"Under59":61783,"Under74":22111,"Over75":6093},"Beds":{"Resuscitation":13,"IntensiveCare":12,"Total":25},"Deaths":80,"Recovered":2206,"Severe":27,"Critical":8,"Emergencies":{"Suspected":1,"Total":214,"Suspected/Accumulated":2398,"Total/Accumulated":72894,"Severe/Accumulated":1080},"PCRTests":{"Total":550,"Confirmed":17,"Total/Accumulated":153823,"Confirmed/Accumulated":15156},"Confirmed":43,"MedicalTests":{"Total/Accumulated":35,"Confirmed/Accumulated":4}},"geometry":{"type":"Point","coordinates":[-53.41731165390502,3.588901056661561]}},{"type":"Feature","properties":{"Country/Region":"France","Province/State":"La Réunion","Code":"04","Population":{"Total":859959,"Under19":256143,"Under39":202783,"Under59":239212,"Under74":117045,"Over75":44776},"Beds":{"Resuscitation":52,"IntensiveCare":154,"Total":206},"Deaths":62,"Recovered":870,"Severe":121,"Critical":52,"Emergencies":{"Suspected":9,"Total":414,"Severe":6,"Suspected/Accumulated":1099,"Total/Accumulated":137694,"Severe/Accumulated":639},"PCRTests":{"Total":3771,"Confirmed":148,"Total/Accumulated":431195,"Confirmed/Accumulated":12689},"Confirmed":94,"MedicalTests":{"Total/Accumulated":19,"Confirmed/Accumulated":1}},"geometry":{"type":"Point","coordinates":[55.52943947368424,-21.1374047368421]}},{"type":"Feature","properties":{"Country/Region":"France","Province/State":"Mayotte","Code":"06","Population":{"Total":279471,"Under19":150257,"Under39":74348,"Under59":42900,"Under74":9521,"Over75":2445},"Beds":{"Resuscitation":6,"IntensiveCare":0,"Total":6},"Deaths":77,"Recovered":857,"Severe":143,"Critical":26,"Emergencies":{"Suspected":18,"Total":78,"Severe":9,"Suspected/Accumulated":2446,"Total/Accumulated":38206,"Severe/Accumulated":468},"PCRTests":{"Total":1181,"Confirmed":251,"Total/Accumulated":96365,"Confirmed/Accumulated":15080},"Confirmed":128,"MedicalTests":{"Total/Accumulated":4,"Confirmed/Accumulated":1}},"geometry":{"type":"Point","coordinates":[45.14160071428572,-12.835344166666673]}}]}