{"type":"FeatureCollection","features":[{"type":"Feature","properties":{"Country/Region":"France","Province/State":"Île-de-France","Code":"11","Population":{"Total":12278210,"Under19":3140965,"Under39":3409765,"Under59":3210447,"Under74":1658207,"Over75":858826},"Beds":{"Resuscitation":1147,"IntensiveCare":2512,"Total":3659},"Deaths":7244,"Recovered":25740,"Severe":5423,"Critical":461,"Emergencies":{"Suspected":99,"Total":5565,"Severe":13,"Suspected/Accumulated":53236,"Total/Accumulated":507849,"Severe/Accumulated":15957},"MedicalActs":{"Suspected":20,"Total":1107,"Suspected/Accumulated":12430,"Total/Accumulated":126942},"Confirmed":7660,"MedicalTests":{"Total/Accumulated":85340,"Confirmed/Accumulated":18277}},"geometry":{"type":"Point","coordinates":[2.5292589766081885,48.704415292397634]}},{"type":"Feature","properties":{"Country/Region":"France","Province/State":"Centre-Val de Loire","Code":"24","Population":{"Total":2559073,"Under19":598570,"Under39":541141,"Under59":661150,"Under74":478923,"Over75":279289},"Beds":{"Resuscitation":180,"IntensiveCare":346,"Total":526},"Deaths":522,"Recovered":1805,"Severe":557,"Critical":31,"Emergencies":{"Suspected":5,"Total":1186,"Suspected/Accumulated":5047,"Total/Accumulated":112701,"Severe/Accumulated":1292},"MedicalActs":{"Suspected":1,"Total":306,"Suspected/Accumulated":1209,"Total/Accumulated":27305},"Confirmed":1157,"MedicalTests":{"Total/Accumulated":20197,"Confirmed/Accumulated":1858}},"geometry":{"type":"Point","coordinates":[1.6429664800000017,47.54357092799999]}},{"type":"Feature","properties":{"Country/Region":"France","Province/State":"Bourgogne-Franche-Comté","Code":"27","Population":{"Total":2783039,"Under19":627017,"Under39":591411,"Under59":715664,"Under74":540051,"Over75":308896},"Beds":{"Resuscitation":198,"IntensiveCare":642,"Total":840},"Deaths":1023,"Recovered":3607,"Severe":321,"Critical":22,"Emergencies":{"Suspected":12,"Total":1565,"Severe":1,"Suspected/Accumulated":11029,"Total/Accumulated":140863,"Severe/Accumulated":4601},"MedicalActs":{"Suspected":16,"Total":208,"Suspected/Accumulated":1963,"Total/Accumulated":22421},"Confirmed":1569,"MedicalTests":{"Total/Accumulated":15673,"Confirmed/Accumulated":1330}},"geometry":{"type":"Point","coordinates":[4.731409826897467,47.2969232490013]}},{"type":"Feature","properties":{"Country/Region":"France","Province/State":"Normandie","Code":"28","Population":{"Total":3303500,"Under19":781337,"Under39":727044,"Under59":842963,"Under74":615474,"Over75":336682},"Beds":{"Resuscitation":240,"IntensiveCare":548,"Total":788},"Deaths":425,"Recovered":1520,"Severe":301,"Critical":14,"Emergencies":{"Suspected":8,"Total":1829,"Severe":5,"Suspected/Accumulated":4540,"Total/Accumulated":153261,"Severe/Accumulated":1871},"MedicalActs":{"Suspected":14,"Total":366,"Suspected/Accumulated":2865,"Total/Accumulated":38101},"Confirmed":912,"MedicalTests":{"Total/Accumulated":17253,"Confirmed/Accumulated":1385}},"geometry":{"type":"Point","coordinates":[-0.022673401869158984,49.066630336448576]}},{"type":"Feature","properties":{"Country/Region":"France","Province/State":"Hauts-de-France","Code":"32","Population":{"Total":5962662,"Under19":1525538,"Under39":1443348,"Under59":1522690,"Under74":994313,"Over75":476773},"Beds":{"Resuscitation":438,"IntensiveCare":1338,"Total":1776},"Deaths":1783,"Recovered":5908,"Severe":1286,"Critical":104,"Emergencies":{"Suspected":13,"Total":2380,"Severe":4,"Suspected/Accumulated":12208,"Total/Accumulated":237017,"Severe/Accumulated":4414},"MedicalActs":{"Suspected":15,"Total":708,"Suspected/Accumulated":4051,"Total/Accumulated":70596},"Confirmed":3011,"MedicalTests":{"Total/Accumulated":31790,"Confirmed/Accumulated":3410}},"geometry":{"type":"Point","coordinates":[2.8852615671641804,49.86155781716422]}},{"type":"Feature","properties":{"Country/Region":"France","Province/State":"Grand Est","Code":"44","Population":{"Total":5511747,"Under19":1258123,"Under39":1291962,"Under59":1448828,"Under74":988178,"Over75":524656},"Beds":{"Resuscitation":465,"IntensiveCare":840,"Total":1305},"Deaths":3495,"Recovered":11353,"Severe":1698,"Critical":120,"Emergencies":{"Suspected":23,"Total":2640,"Severe":9,"Suspected/Accumulated":17091,"Total/Accumulated":235701,"Severe/Accumulated":8347},"MedicalActs":{"Suspected":18,"Total":508,"Suspected/Accumulated":6308,"Total/Accumulated":62381},"Confirmed":5479,"MedicalTests":{"Total/Accumulated":24982,"Confirmed/Accumulated":3702}},"geometry":{"type":"Point","coordinates":[5.509890203045682,48.670969771573546]}},{"type":"Feature","properties":{"Country/Region":"France","Province/State":"Pays de la Loire","Code":"52","Population":{"Total":3801797,"Under19":933509,"Under39":853729,"Under59":970508,"Under74":667531,"Over75":376520},"Beds":{"Resuscitation":181,"IntensiveCare":572,"Total":753},"Deaths":454,"Recovered":1852,"Severe":311,"Critical":18,"Emergencies":{"Suspected":18,"Total":1492,"Severe":15,"Suspected/Accumulated":7927,"Total/Accumulated":131245,"Severe/Accumulated":3965},"MedicalActs":{"Suspected":10,"Total":458,"Suspected/Accumulated":3072,"Total/Accumulated":43127},"Confirmed":1630,"MedicalTests":{"Total/Accumulated":1941,"Confirmed/Accumulated":78}},"geometry":{"type":"Point","coordinates":[-0.8763313771517983,47.44186302034428]}},{"type":"Feature","properties":{"Country/Region":"France","Province/State":"Bretagne","Code":"53","Population":{"Total":3340379,"Under19":773631,"Under39":714512,"Under59":866988,"Under74":632104,"Over75":353144},"Beds":{"Resuscitation":162,"IntensiveCare":462,"Total":624},"Deaths":255,"Recovered":1189,"Severe":163,"Critical":13,"Emergencies":{"Suspected":15,"Total":1509,"Severe":4,"Suspected/Accumulated":5042,"Total/Accumulated":142263,"Severe/Accumulated":2108},"MedicalActs":{"Suspected":2,"Total":269,"Suspected/Accumulated":1319,"Total/Accumulated":32232},"Confirmed":962,"MedicalTests":{"Total/Accumulated":698,"Confirmed/Accumulated":25}},"geometry":{"type":"Point","coordinates":[-3.104342941176476,48.146701189258316]}},{"type":"Feature","properties":{"Country/Region":"France","Province/State":"Nouvelle-Aquitaine","Code":"75","Population":{"Total":5999982,"Under19":1293321,"Under39":1274746,"Under59":1561754,"Under74":1177229,"Over75":692932},"Beds":{"Resuscitation":412,"IntensiveCare":946,"Total":1358},"Deaths":403,"Recovered":2050,"Severe":195,"Critical":21,"Emergencies":{"Suspected":11,"Total":2976,"Severe":4,"Suspected/Accumulated":10110,"Total/Accumulated":268836,"Severe/Accumulated":4363},"MedicalActs":{"Suspected":12,"Total":981,"Suspected/Accumulated":6990,"Total/Accumulated":104139},"Confirmed":1007,"MedicalTests":{"Total/Accumulated":33043,"Confirmed/Accumulated":961}},"geometry":{"type":"Point","coordinates":[0.16186906163753495,45.156971701931916]}},{"type":"Feature","properties":{"Country/Region":"France","Province/State":"Occitanie","Code":"76","Population":{"Total":5924858,"Under19":1320456,"Under39":1330125,"Under59":1526711,"Under74":1099893,"Over75":647673},"Beds":{"Resuscitation":474,"IntensiveCare":1206,"Total":1680},"Deaths":502,"Recovered":2762,"Severe":172,"Critical":20,"Emergencies":{"Suspected":7,"Total":2067,"Severe":3,"Suspected/Accumulated":8459,"Total/Accumulated":273475,"Severe/Accumulated":3822},"MedicalActs":{"Suspected":12,"Total":306,"Suspected/Accumulated":2753,"Total/Accumulated":37462},"Confirmed":2374,"MedicalTests":{"Total/Accumulated":83743,"Confirmed/Accumulated":2680}},"geometry":{"type":"Point","coordinates":[1.988214846153848,43.761180626373644]}},{"type":"Feature","properties":{"Country/Region":"France","Province/State":"Auvergne-Rhône-Alpes","Code":"84","Population":{"Total":8032377,"Under19":1940253,"Under39":1900702,"Under59":2079813,"Under74":1340003,"Over75":771606},"Beds":{"Resuscitation":559,"IntensiveCare":1136,"Total":1695},"Deaths":1704,"Recovered":7305,"Severe":907,"Critical":81,"Emergencies":{"Suspected":24,"Total":3821,"Severe":7,"Suspected/Accumulated":16379,"Total/Accumulated":343945,"Severe/Accumulated":6988},"MedicalActs":{"Suspected":25,"Total":838,"Suspected/Accumulated":6808,"Total/Accumulated":81671},"Confirmed":2093,"MedicalTests":{"Total/Accumulated":27674,"Confirmed/Accumulated":2153}},"geometry":{"type":"Point","coordinates":[4.515179591651545,45.475403602540794]}},{"type":"Feature","properties":{"Country/Region":"France","Province/State":"Guadeloupe","Code":"01","Population":{"Total":376879,"Under19":90617,"Under39":71707,"Under59":109452,"Under74":70936,"Over75":34167},"Beds":{"Resuscitation":27,"IntensiveCare":68,"Total":95},"Deaths":19,"Recovered":74,"Severe":12,"Confirmed":106,"Emergencies":{"Suspected/Accumulated":295,"Total/Accumulated":17101,"Severe/Accumulated":102},"MedicalTests":{"Total/Accumulated":51,"Confirmed/Accumulated":17}},"geometry":{"type":"Point","coordinates":[-61.493846272189366,16.20469674556213]}},{"type":"Feature","properties":{"Country/Region":"France","Province/State":"Martinique","Code":"02","Population":{"Total":358749,"Under19":77005,"Under39":65776,"Under59":105638,"Under74":72163,"Over75":38167},"Beds":{"Resuscitation":26,"IntensiveCare":58,"Total":84},"Deaths":14,"Recovered":87,"Severe":10,"Confirmed":111,"MedicalActs":{"Suspected/Accumulated":148,"Total/Accumulated":9815},"MedicalTests":{"Total/Accumulated":29,"Confirmed/Accumulated":6}},"geometry":{"type":"Point","coordinates":[-60.98265692913386,14.6217557480315]}},{"type":"Feature","properties":{"Country/Region":"France","Province/State":"Provence-Alpes-Côte d'Azur","Code":"93","Population":{"Total":5055651,"Under19":1128765,"Under39":1109058,"Under59":1309879,"Under74":927347,"Over75":580602},"Beds":{"Resuscitation":460,"IntensiveCare":802,"Total":1262},"Deaths":917,"Recovered":5061,"Severe":783,"Critical":65,"Emergencies":{"Suspected":13,"Total":3199,"Severe":6,"Suspected/Accumulated":10860,"Total/Accumulated":272584,"Severe/Accumulated":5528},"MedicalActs":{"Suspected":15,"Total":650,"Suspected/Accumulated":5860,"Total/Accumulated":74009},"Confirmed":1927,"MedicalTests":{"Total/Accumulated":80858,"Confirmed/Accumulated":4204}},"geometry":{"type":"Point","coordinates":[5.940587832647462,43.96417941015098]}},{"type":"Feature","properties":{"Country/Region":"France","Province/State":"Corse","Code":"94","Population":{"Total":344679,"Under19":68555,"Under39":76985,"Under59":93175,"Under74":65675,"Over75":40289},"Beds":{"Resuscitation":18,"IntensiveCare":42,"Total":60},"Deaths":58,"Recovered":233,"Severe":26,"Critical":6,"Emergencies":{"Suspected":2,"Total":225,"Suspected/Accumulated":2128,"Total/Accumulated":16282,"Severe/Accumulated":2028},"MedicalActs":{"Total":14,"Suspected/Accumulated":483,"Total/Accumulated":3950},"Confirmed":263},"geometry":{"type":"Point","coordinates":[9.019688964401293,42.118564077669916]}},{"type":"Feature","properties":{"Country/Region":"France","Province/State":"Guyane","Code":"03","Population":{"Total":290691,"Under19":120681,"Under39":80023,"Under59":61783,"Under74":22111,"Over75":6093},"Beds":{"Resuscitation":13,"IntensiveCare":12,"Total":25},"Deaths":1,"Recovered":105,"Severe":40,"Critical":3,"Confirmed":43,"Emergencies":{"Suspected/Accumulated":310,"Total/Accumulated":17657,"Severe/Accumulated":70},"MedicalTests":{"Total/Accumulated":35,"Confirmed/Accumulated":4}},"geometry":{"type":"Point","coordinates":[-53.41731165390502,3.588901056661561]}},{"type":"Feature","properties":{"Country/Region":"France","Province/State":"La Réunion","Code":"04","Population":{"Total":859959,"Under19":256143,"Under39":202783,"Under59":239212,"Under74":117045,"Over75":44776},"Beds":{"Resuscitation":52,"IntensiveCare":154,"Total":206},"Deaths":1,"Recovered":122,"Severe":20,"Critical":4,"Emergencies":{"Total":357,"Suspected/Accumulated":273,"Total/Accumulated":34994,"Severe/Accumulated":189},"Confirmed":94,"MedicalTests":{"Total/Accumulated":19,"Confirmed/Accumulated":1}},"geometry":{"type":"Point","coordinates":[55.52943947368424,-21.1374047368421]}},{"type":"Feature","properties":{"Country/Region":"France","Province/State":"Mayotte","Code":"06","Population":{"Total":279471,"Under19":150257,"Under39":74348,"Under59":42900,"Under74":9521,"Over75":2445},"Beds":{"Resuscitation":6,"IntensiveCare":0,"Total":6},"Deaths":22,"Recovered":279,"Severe":44,"Critical":12,"Emergencies":{"Suspected":20,"Total":106,"Suspected/Accumulated":1466,"Total/Accumulated":10270,"Severe/Accumulated":209},"Confirmed":128,"MedicalTests":{"Total/Accumulated":4,"Confirmed/Accumulated":1}},"geometry":{"type":"Point","coordinates":[45.14160071428572,-12.835344166666673]}}]}