{"type":"FeatureCollection","features":[{"type":"Feature","properties":{"Country/Region":"France","Province/State":"Île-de-France","Code":"11","Population":{"Total":12278210,"Under19":3140965,"Under39":3409765,"Under59":3210447,"Under74":1658207,"Over75":858826},"Beds":{"Resuscitation":1147,"IntensiveCare":2512,"Total":3659},"Deaths":6727,"Recovered":22186,"Severe":8108,"Critical":893,"Emergencies":{"Suspected":109,"Total":4761,"Severe":36,"Suspected/Accumulated":49650,"Total/Accumulated":383220,"Severe/Accumulated":15419},"MedicalActs":{"Suspected":69,"Total":1148,"Suspected/Accumulated":11494,"Total/Accumulated":102243},"MedicalTests":{"Total":77,"Confirmed":3,"Total/Accumulated":77553,"Confirmed/Accumulated":18081},"Confirmed":7660},"geometry":{"type":"Point","coordinates":[2.5292589766081885,48.704415292397634]}},{"type":"Feature","properties":{"Country/Region":"France","Province/State":"Centre-Val de Loire","Code":"24","Population":{"Total":2559073,"Under19":598570,"Under39":541141,"Under59":661150,"Under74":478923,"Over75":279289},"Beds":{"Resuscitation":180,"IntensiveCare":346,"Total":526},"Deaths":473,"Recovered":1581,"Severe":751,"Critical":60,"Emergencies":{"Suspected":26,"Total":1156,"Severe":10,"Suspected/Accumulated":4647,"Total/Accumulated":83650,"Severe/Accumulated":1196},"MedicalActs":{"Suspected":4,"Total":199,"Suspected/Accumulated":1005,"Total/Accumulated":20715},"MedicalTests":{"Total":7,"Total/Accumulated":17214,"Confirmed/Accumulated":1829},"Confirmed":1157},"geometry":{"type":"Point","coordinates":[1.6429664800000017,47.54357092799999]}},{"type":"Feature","properties":{"Country/Region":"France","Province/State":"Bourgogne-Franche-Comté","Code":"27","Population":{"Total":2783039,"Under19":627017,"Under39":591411,"Under59":715664,"Under74":540051,"Over75":308896},"Beds":{"Resuscitation":198,"IntensiveCare":642,"Total":840},"Deaths":959,"Recovered":2977,"Severe":810,"Critical":94,"Emergencies":{"Suspected":39,"Total":1513,"Severe":13,"Suspected/Accumulated":10379,"Total/Accumulated":103649,"Severe/Accumulated":4285},"MedicalActs":{"Suspected":8,"Total":220,"Suspected/Accumulated":1733,"Total/Accumulated":17502},"MedicalTests":{"Total":3,"Confirmed":1,"Total/Accumulated":13997,"Confirmed/Accumulated":1324},"Confirmed":1569},"geometry":{"type":"Point","coordinates":[4.731409826897467,47.2969232490013]}},{"type":"Feature","properties":{"Country/Region":"France","Province/State":"Normandie","Code":"28","Population":{"Total":3303500,"Under19":781337,"Under39":727044,"Under59":842963,"Under74":615474,"Over75":336682},"Beds":{"Resuscitation":240,"IntensiveCare":548,"Total":788},"Deaths":394,"Recovered":1303,"Severe":470,"Critical":36,"Emergencies":{"Suspected":19,"Total":1594,"Severe":11,"Suspected/Accumulated":4164,"Total/Accumulated":113466,"Severe/Accumulated":1622},"MedicalActs":{"Suspected":17,"Total":327,"Suspected/Accumulated":2469,"Total/Accumulated":29779},"MedicalTests":{"Total":8,"Total/Accumulated":15113,"Confirmed/Accumulated":1346},"Confirmed":912},"geometry":{"type":"Point","coordinates":[-0.022673401869158984,49.066630336448576]}},{"type":"Feature","properties":{"Country/Region":"France","Province/State":"Hauts-de-France","Code":"32","Population":{"Total":5962662,"Under19":1525538,"Under39":1443348,"Under59":1522690,"Under74":994313,"Over75":476773},"Beds":{"Resuscitation":438,"IntensiveCare":1338,"Total":1776},"Deaths":1625,"Recovered":5119,"Severe":1766,"Critical":182,"Emergencies":{"Suspected":46,"Total":2407,"Severe":19,"Suspected/Accumulated":11387,"Total/Accumulated":176890,"Severe/Accumulated":4089},"MedicalActs":{"Suspected":13,"Total":488,"Suspected/Accumulated":3712,"Total/Accumulated":55980},"MedicalTests":{"Total":40,"Total/Accumulated":26573,"Confirmed/Accumulated":3305},"Confirmed":3011},"geometry":{"type":"Point","coordinates":[2.8852615671641804,49.86155781716422]}},{"type":"Feature","properties":{"Country/Region":"France","Province/State":"Grand Est","Code":"44","Population":{"Total":5511747,"Under19":1258123,"Under39":1291962,"Under59":1448828,"Under74":988178,"Over75":524656},"Beds":{"Resuscitation":465,"IntensiveCare":840,"Total":1305},"Deaths":3272,"Recovered":9738,"Severe":2806,"Critical":234,"Emergencies":{"Suspected":39,"Total":2479,"Severe":17,"Suspected/Accumulated":16034,"Total/Accumulated":175053,"Severe/Accumulated":7927},"MedicalActs":{"Suspected":35,"Total":617,"Suspected/Accumulated":5750,"Total/Accumulated":49797},"MedicalTests":{"Total":1,"Total/Accumulated":22346,"Confirmed/Accumulated":3651},"Confirmed":5479},"geometry":{"type":"Point","coordinates":[5.509890203045682,48.670969771573546]}},{"type":"Feature","properties":{"Country/Region":"France","Province/State":"Pays de la Loire","Code":"52","Population":{"Total":3801797,"Under19":933509,"Under39":853729,"Under59":970508,"Under74":667531,"Over75":376520},"Beds":{"Resuscitation":181,"IntensiveCare":572,"Total":753},"Deaths":407,"Recovered":1540,"Severe":500,"Critical":39,"Emergencies":{"Suspected":43,"Total":1425,"Severe":27,"Suspected/Accumulated":7095,"Total/Accumulated":95758,"Severe/Accumulated":3450},"MedicalActs":{"Suspected":21,"Total":427,"Suspected/Accumulated":2694,"Total/Accumulated":33040},"MedicalTests":{"Total":2,"Total/Accumulated":1601,"Confirmed/Accumulated":78},"Confirmed":1630},"geometry":{"type":"Point","coordinates":[-0.8763313771517983,47.44186302034428]}},{"type":"Feature","properties":{"Country/Region":"France","Province/State":"Bretagne","Code":"53","Population":{"Total":3340379,"Under19":773631,"Under39":714512,"Under59":866988,"Under74":632104,"Over75":353144},"Beds":{"Resuscitation":162,"IntensiveCare":462,"Total":624},"Deaths":236,"Recovered":1038,"Severe":262,"Critical":29,"Emergencies":{"Suspected":19,"Total":1463,"Severe":14,"Suspected/Accumulated":4478,"Total/Accumulated":104522,"Severe/Accumulated":1844},"MedicalActs":{"Suspected":26,"Total":352,"Suspected/Accumulated":1101,"Total/Accumulated":25034},"Confirmed":962,"MedicalTests":{"Total/Accumulated":541,"Confirmed/Accumulated":23}},"geometry":{"type":"Point","coordinates":[-3.104342941176476,48.146701189258316]}},{"type":"Feature","properties":{"Country/Region":"France","Province/State":"Nouvelle-Aquitaine","Code":"75","Population":{"Total":5999982,"Under19":1293321,"Under39":1274746,"Under59":1561754,"Under74":1177229,"Over75":692932},"Beds":{"Resuscitation":412,"IntensiveCare":946,"Total":1358},"Deaths":373,"Recovered":1740,"Severe":428,"Critical":63,"Emergencies":{"Suspected":29,"Total":2795,"Severe":13,"Suspected/Accumulated":9437,"Total/Accumulated":197984,"Severe/Accumulated":4090},"MedicalActs":{"Suspected":36,"Total":1022,"Suspected/Accumulated":6368,"Total/Accumulated":81169},"MedicalTests":{"Total":5,"Total/Accumulated":28036,"Confirmed/Accumulated":950},"Confirmed":1007},"geometry":{"type":"Point","coordinates":[0.16186906163753495,45.156971701931916]}},{"type":"Feature","properties":{"Country/Region":"France","Province/State":"Occitanie","Code":"76","Population":{"Total":5924858,"Under19":1320456,"Under39":1330125,"Under59":1526711,"Under74":1099893,"Over75":647673},"Beds":{"Resuscitation":474,"IntensiveCare":1206,"Total":1680},"Deaths":470,"Recovered":2502,"Severe":348,"Critical":80,"Emergencies":{"Suspected":40,"Total":2866,"Severe":26,"Suspected/Accumulated":7748,"Total/Accumulated":199806,"Severe/Accumulated":3474},"MedicalActs":{"Suspected":24,"Total":426,"Suspected/Accumulated":2472,"Total/Accumulated":29252},"MedicalTests":{"Total":125,"Total/Accumulated":66058,"Confirmed/Accumulated":2582},"Confirmed":2374},"geometry":{"type":"Point","coordinates":[1.988214846153848,43.761180626373644]}},{"type":"Feature","properties":{"Country/Region":"France","Province/State":"Auvergne-Rhône-Alpes","Code":"84","Population":{"Total":8032377,"Under19":1940253,"Under39":1900702,"Under59":2079813,"Under74":1340003,"Over75":771606},"Beds":{"Resuscitation":559,"IntensiveCare":1136,"Total":1695},"Deaths":1564,"Recovered":6239,"Severe":1782,"Critical":189,"Emergencies":{"Suspected":49,"Total":3762,"Severe":19,"Suspected/Accumulated":15432,"Total/Accumulated":251646,"Severe/Accumulated":6625},"MedicalActs":{"Suspected":47,"Total":820,"Suspected/Accumulated":6049,"Total/Accumulated":63391},"MedicalTests":{"Total":16,"Total/Accumulated":23878,"Confirmed/Accumulated":2133},"Confirmed":2093},"geometry":{"type":"Point","coordinates":[4.515179591651545,45.475403602540794]}},{"type":"Feature","properties":{"Country/Region":"France","Province/State":"Guadeloupe","Code":"01","Population":{"Total":376879,"Under19":90617,"Under39":71707,"Under59":109452,"Under74":70936,"Over75":34167},"Beds":{"Resuscitation":27,"IntensiveCare":68,"Total":95},"Deaths":19,"Recovered":72,"Severe":14,"Critical":3,"Emergencies":{"Total":91,"Suspected/Accumulated":283,"Total/Accumulated":13285,"Severe/Accumulated":100},"Confirmed":106,"MedicalTests":{"Total/Accumulated":48,"Confirmed/Accumulated":17}},"geometry":{"type":"Point","coordinates":[-61.493846272189366,16.20469674556213]}},{"type":"Feature","properties":{"Country/Region":"France","Province/State":"Martinique","Code":"02","Population":{"Total":358749,"Under19":77005,"Under39":65776,"Under59":105638,"Under74":72163,"Over75":38167},"Beds":{"Resuscitation":26,"IntensiveCare":58,"Total":84},"Deaths":14,"Recovered":80,"Severe":19,"Critical":5,"MedicalActs":{"Suspected":1,"Total":66,"Suspected/Accumulated":133,"Total/Accumulated":7909},"Confirmed":111,"MedicalTests":{"Total/Accumulated":29,"Confirmed/Accumulated":6}},"geometry":{"type":"Point","coordinates":[-60.98265692913386,14.6217557480315]}},{"type":"Feature","properties":{"Country/Region":"France","Province/State":"Provence-Alpes-Côte d'Azur","Code":"93","Population":{"Total":5055651,"Under19":1128765,"Under39":1109058,"Under59":1309879,"Under74":927347,"Over75":580602},"Beds":{"Resuscitation":460,"IntensiveCare":802,"Total":1262},"Deaths":840,"Recovered":4542,"Severe":1121,"Critical":121,"Emergencies":{"Suspected":42,"Total":2740,"Severe":25,"Suspected/Accumulated":10168,"Total/Accumulated":200170,"Severe/Accumulated":5233},"MedicalActs":{"Suspected":42,"Total":744,"Suspected/Accumulated":5349,"Total/Accumulated":58203},"MedicalTests":{"Total":19,"Total/Accumulated":71874,"Confirmed/Accumulated":4135},"Confirmed":1927},"geometry":{"type":"Point","coordinates":[5.940587832647462,43.96417941015098]}},{"type":"Feature","properties":{"Country/Region":"France","Province/State":"Corse","Code":"94","Population":{"Total":344679,"Under19":68555,"Under39":76985,"Under59":93175,"Under74":65675,"Over75":40289},"Beds":{"Resuscitation":18,"IntensiveCare":42,"Total":60},"Deaths":56,"Recovered":211,"Severe":42,"Critical":5,"Emergencies":{"Suspected":5,"Total":161,"Severe":3,"Suspected/Accumulated":2044,"Total/Accumulated":11997,"Severe/Accumulated":1969},"MedicalActs":{"Suspected":4,"Total":30,"Suspected/Accumulated":464,"Total/Accumulated":3127},"Confirmed":263},"geometry":{"type":"Point","coordinates":[9.019688964401293,42.118564077669916]}},{"type":"Feature","properties":{"Country/Region":"France","Province/State":"Guyane","Code":"03","Population":{"Total":290691,"Under19":120681,"Under39":80023,"Under59":61783,"Under74":22111,"Over75":6093},"Beds":{"Resuscitation":13,"IntensiveCare":12,"Total":25},"Deaths":1,"Recovered":43,"Severe":9,"Emergencies":{"Suspected":4,"Total":147,"Severe":2,"Suspected/Accumulated":99,"Total/Accumulated":13589,"Severe/Accumulated":32},"Confirmed":43,"MedicalTests":{"Total/Accumulated":35,"Confirmed/Accumulated":4}},"geometry":{"type":"Point","coordinates":[-53.41731165390502,3.588901056661561]}},{"type":"Feature","properties":{"Country/Region":"France","Province/State":"La Réunion","Code":"04","Population":{"Total":859959,"Under19":256143,"Under39":202783,"Under59":239212,"Under74":117045,"Over75":44776},"Beds":{"Resuscitation":52,"IntensiveCare":154,"Total":206},"Recovered":115,"Severe":12,"Critical":4,"Emergencies":{"Suspected":1,"Total":376,"Suspected/Accumulated":264,"Total/Accumulated":26917,"Severe/Accumulated":182},"Confirmed":94,"MedicalTests":{"Total/Accumulated":17,"Confirmed/Accumulated":1}},"geometry":{"type":"Point","coordinates":[55.52943947368424,-21.1374047368421]}},{"type":"Feature","properties":{"Country/Region":"France","Province/State":"Mayotte","Code":"06","Population":{"Total":279471,"Under19":150257,"Under39":74348,"Under59":42900,"Under74":9521,"Over75":2445},"Beds":{"Resuscitation":6,"IntensiveCare":0,"Total":6},"Deaths":17,"Recovered":178,"Severe":54,"Critical":10,"Emergencies":{"Suspected":15,"Total":100,"Suspected/Accumulated":996,"Total/Accumulated":7924,"Severe/Accumulated":164},"Confirmed":128,"MedicalTests":{"Total/Accumulated":3,"Confirmed/Accumulated":1}},"geometry":{"type":"Point","coordinates":[45.14160071428572,-12.835344166666673]}}]}