{"type":"FeatureCollection","features":[{"type":"Feature","properties":{"Country/Region":"France","Province/State":"Île-de-France","Code":"11","Population":{"Total":12278210,"Under19":3140965,"Under39":3409765,"Under59":3210447,"Under74":1658207,"Over75":858826},"Beds":{"Resuscitation":1147,"IntensiveCare":2512,"Total":3659},"Deaths":5938,"Recovered":17140,"Severe":11085,"Critical":1680,"Emergencies":{"Suspected":581,"Total":4180,"Severe":95,"Suspected/Accumulated":44666,"Total/Accumulated":301577,"Severe/Accumulated":14422},"MedicalActs":{"Suspected":56,"Total":904,"Suspected/Accumulated":10485,"Total/Accumulated":84355},"MedicalTests":{"Total":1535,"Confirmed":98,"Total/Accumulated":61767,"Confirmed/Accumulated":17333},"Confirmed":7660},"geometry":{"type":"Point","coordinates":[2.5292589766081885,48.704415292397634]}},{"type":"Feature","properties":{"Country/Region":"France","Province/State":"Centre-Val de Loire","Code":"24","Population":{"Total":2559073,"Under19":598570,"Under39":541141,"Under59":661150,"Under74":478923,"Over75":279289},"Beds":{"Resuscitation":180,"IntensiveCare":346,"Total":526},"Deaths":383,"Recovered":1170,"Severe":961,"Critical":126,"Emergencies":{"Suspected":67,"Total":997,"Severe":18,"Suspected/Accumulated":3838,"Total/Accumulated":63191,"Severe/Accumulated":965},"MedicalActs":{"Suspected":15,"Total":186,"Suspected/Accumulated":787,"Total/Accumulated":16512},"MedicalTests":{"Total":630,"Confirmed":15,"Total/Accumulated":11596,"Confirmed/Accumulated":1708},"Confirmed":1157},"geometry":{"type":"Point","coordinates":[1.6429664800000017,47.54357092799999]}},{"type":"Feature","properties":{"Country/Region":"France","Province/State":"Bourgogne-Franche-Comté","Code":"27","Population":{"Total":2783039,"Under19":627017,"Under39":591411,"Under59":715664,"Under74":540051,"Over75":308896},"Beds":{"Resuscitation":198,"IntensiveCare":642,"Total":840},"Deaths":832,"Recovered":2375,"Severe":1186,"Critical":186,"Emergencies":{"Suspected":103,"Total":1169,"Severe":41,"Suspected/Accumulated":9321,"Total/Accumulated":79041,"Severe/Accumulated":3813},"MedicalActs":{"Suspected":17,"Total":149,"Suspected/Accumulated":1499,"Total/Accumulated":14057},"MedicalTests":{"Total":338,"Confirmed":18,"Total/Accumulated":9913,"Confirmed/Accumulated":1239},"Confirmed":1569},"geometry":{"type":"Point","coordinates":[4.731409826897467,47.2969232490013]}},{"type":"Feature","properties":{"Country/Region":"France","Province/State":"Normandie","Code":"28","Population":{"Total":3303500,"Under19":781337,"Under39":727044,"Under59":842963,"Under74":615474,"Over75":336682},"Beds":{"Resuscitation":240,"IntensiveCare":548,"Total":788},"Deaths":343,"Recovered":1054,"Severe":582,"Critical":98,"Emergencies":{"Suspected":38,"Total":1354,"Severe":24,"Suspected/Accumulated":3565,"Total/Accumulated":86411,"Severe/Accumulated":1315},"MedicalActs":{"Suspected":5,"Total":257,"Suspected/Accumulated":2185,"Total/Accumulated":23863},"MedicalTests":{"Total":332,"Confirmed":16,"Total/Accumulated":10333,"Confirmed/Accumulated":1269},"Confirmed":912},"geometry":{"type":"Point","coordinates":[-0.022673401869158984,49.066630336448576]}},{"type":"Feature","properties":{"Country/Region":"France","Province/State":"Hauts-de-France","Code":"32","Population":{"Total":5962662,"Under19":1525538,"Under39":1443348,"Under59":1522690,"Under74":994313,"Over75":476773},"Beds":{"Resuscitation":438,"IntensiveCare":1338,"Total":1776},"Deaths":1355,"Recovered":3955,"Severe":2279,"Critical":367,"Emergencies":{"Suspected":115,"Total":2115,"Severe":32,"Suspected/Accumulated":9903,"Total/Accumulated":133817,"Severe/Accumulated":3503},"MedicalActs":{"Suspected":20,"Total":420,"Suspected/Accumulated":3344,"Total/Accumulated":46470},"MedicalTests":{"Total":976,"Confirmed":80,"Total/Accumulated":15592,"Confirmed/Accumulated":2945},"Confirmed":3011},"geometry":{"type":"Point","coordinates":[2.8852615671641804,49.86155781716422]}},{"type":"Feature","properties":{"Country/Region":"France","Province/State":"Grand Est","Code":"44","Population":{"Total":5511747,"Under19":1258123,"Under39":1291962,"Under59":1448828,"Under74":988178,"Over75":524656},"Beds":{"Resuscitation":465,"IntensiveCare":840,"Total":1305},"Deaths":2863,"Recovered":7844,"Severe":3987,"Critical":573,"Emergencies":{"Suspected":116,"Total":1852,"Severe":64,"Suspected/Accumulated":14530,"Total/Accumulated":134080,"Severe/Accumulated":7257},"MedicalActs":{"Suspected":26,"Total":417,"Suspected/Accumulated":5122,"Total/Accumulated":40061},"MedicalTests":{"Total":378,"Confirmed":32,"Total/Accumulated":18107,"Confirmed/Accumulated":3519},"Confirmed":5479},"geometry":{"type":"Point","coordinates":[5.509890203045682,48.670969771573546]}},{"type":"Feature","properties":{"Country/Region":"France","Province/State":"Pays de la Loire","Code":"52","Population":{"Total":3801797,"Under19":933509,"Under39":853729,"Under59":970508,"Under74":667531,"Over75":376520},"Beds":{"Resuscitation":181,"IntensiveCare":572,"Total":753},"Deaths":336,"Recovered":1227,"Severe":650,"Critical":80,"Emergencies":{"Suspected":73,"Total":1089,"Severe":43,"Suspected/Accumulated":5999,"Total/Accumulated":72047,"Severe/Accumulated":2805},"MedicalActs":{"Suspected":17,"Total":288,"Suspected/Accumulated":2359,"Total/Accumulated":25935},"MedicalTests":{"Total":28,"Total/Accumulated":1053,"Confirmed/Accumulated":72},"Confirmed":1630},"geometry":{"type":"Point","coordinates":[-0.8763313771517983,47.44186302034428]}},{"type":"Feature","properties":{"Country/Region":"France","Province/State":"Bretagne","Code":"53","Population":{"Total":3340379,"Under19":773631,"Under39":714512,"Under59":866988,"Under74":632104,"Over75":353144},"Beds":{"Resuscitation":162,"IntensiveCare":462,"Total":624},"Deaths":210,"Recovered":809,"Severe":392,"Critical":50,"Emergencies":{"Suspected":40,"Total":1228,"Severe":26,"Suspected/Accumulated":3973,"Total/Accumulated":79387,"Severe/Accumulated":1506},"MedicalActs":{"Suspected":6,"Total":202,"Suspected/Accumulated":909,"Total/Accumulated":19772},"MedicalTests":{"Total":10,"Total/Accumulated":426,"Confirmed/Accumulated":22},"Confirmed":962},"geometry":{"type":"Point","coordinates":[-3.104342941176476,48.146701189258316]}},{"type":"Feature","properties":{"Country/Region":"France","Province/State":"Nouvelle-Aquitaine","Code":"75","Population":{"Total":5999982,"Under19":1293321,"Under39":1274746,"Under59":1561754,"Under74":1177229,"Over75":692932},"Beds":{"Resuscitation":412,"IntensiveCare":946,"Total":1358},"Deaths":313,"Recovered":1385,"Severe":663,"Critical":117,"Emergencies":{"Suspected":81,"Total":2359,"Severe":41,"Suspected/Accumulated":8443,"Total/Accumulated":147648,"Severe/Accumulated":3572},"MedicalActs":{"Suspected":32,"Total":730,"Suspected/Accumulated":5707,"Total/Accumulated":64398},"MedicalTests":{"Total":1148,"Confirmed":12,"Total/Accumulated":19032,"Confirmed/Accumulated":867},"Confirmed":1007},"geometry":{"type":"Point","coordinates":[0.16186906163753495,45.156971701931916]}},{"type":"Feature","properties":{"Country/Region":"France","Province/State":"Occitanie","Code":"76","Population":{"Total":5924858,"Under19":1320456,"Under39":1330125,"Under59":1526711,"Under74":1099893,"Over75":647673},"Beds":{"Resuscitation":474,"IntensiveCare":1206,"Total":1680},"Deaths":390,"Recovered":2122,"Severe":665,"Critical":147,"Emergencies":{"Suspected":69,"Total":2412,"Severe":28,"Suspected/Accumulated":6762,"Total/Accumulated":149884,"Severe/Accumulated":2963},"MedicalActs":{"Suspected":9,"Total":258,"Suspected/Accumulated":2172,"Total/Accumulated":22794},"MedicalTests":{"Total":2112,"Confirmed":44,"Total/Accumulated":40230,"Confirmed/Accumulated":2311},"Confirmed":2374},"geometry":{"type":"Point","coordinates":[1.988214846153848,43.761180626373644]}},{"type":"Feature","properties":{"Country/Region":"France","Province/State":"Auvergne-Rhône-Alpes","Code":"84","Population":{"Total":8032377,"Under19":1940253,"Under39":1900702,"Under59":2079813,"Under74":1340003,"Over75":771606},"Beds":{"Resuscitation":559,"IntensiveCare":1136,"Total":1695},"Deaths":1311,"Recovered":4909,"Severe":2537,"Critical":383,"Emergencies":{"Suspected":130,"Total":2858,"Severe":60,"Suspected/Accumulated":13662,"Total/Accumulated":191223,"Severe/Accumulated":5928},"MedicalActs":{"Suspected":43,"Total":636,"Suspected/Accumulated":5282,"Total/Accumulated":50202},"MedicalTests":{"Total":461,"Confirmed":12,"Total/Accumulated":17372,"Confirmed/Accumulated":2050},"Confirmed":2093},"geometry":{"type":"Point","coordinates":[4.515179591651545,45.475403602540794]}},{"type":"Feature","properties":{"Country/Region":"France","Province/State":"Guadeloupe","Code":"01","Population":{"Total":376879,"Under19":90617,"Under39":71707,"Under59":109452,"Under74":70936,"Over75":34167},"Beds":{"Resuscitation":27,"IntensiveCare":68,"Total":95},"Deaths":14,"Recovered":72,"Severe":21,"Critical":10,"Emergencies":{"Suspected":7,"Total":169,"Severe":1,"Suspected/Accumulated":233,"Total/Accumulated":10078,"Severe/Accumulated":90},"MedicalTests":{"Total":1,"Confirmed":1,"Total/Accumulated":40,"Confirmed/Accumulated":15},"Confirmed":106},"geometry":{"type":"Point","coordinates":[-61.493846272189366,16.20469674556213]}},{"type":"Feature","properties":{"Country/Region":"France","Province/State":"Martinique","Code":"02","Population":{"Total":358749,"Under19":77005,"Under39":65776,"Under59":105638,"Under74":72163,"Over75":38167},"Beds":{"Resuscitation":26,"IntensiveCare":58,"Total":84},"Deaths":14,"Recovered":64,"Severe":32,"Critical":8,"MedicalActs":{"Total":82,"Suspected/Accumulated":118,"Total/Accumulated":6404},"Confirmed":111,"MedicalTests":{"Total/Accumulated":24,"Confirmed/Accumulated":5}},"geometry":{"type":"Point","coordinates":[-60.98265692913386,14.6217557480315]}},{"type":"Feature","properties":{"Country/Region":"France","Province/State":"Provence-Alpes-Côte d'Azur","Code":"93","Population":{"Total":5055651,"Under19":1128765,"Under39":1109058,"Under59":1309879,"Under74":927347,"Over75":580602},"Beds":{"Resuscitation":460,"IntensiveCare":802,"Total":1262},"Deaths":682,"Recovered":3686,"Severe":1600,"Critical":289,"Emergencies":{"Suspected":190,"Total":2537,"Severe":59,"Suspected/Accumulated":9148,"Total/Accumulated":151861,"Severe/Accumulated":4671},"MedicalActs":{"Suspected":47,"Total":574,"Suspected/Accumulated":4733,"Total/Accumulated":45927},"MedicalTests":{"Total":1900,"Confirmed":35,"Total/Accumulated":54662,"Confirmed/Accumulated":3895},"Confirmed":1927},"geometry":{"type":"Point","coordinates":[5.940587832647462,43.96417941015098]}},{"type":"Feature","properties":{"Country/Region":"France","Province/State":"Corse","Code":"94","Population":{"Total":344679,"Under19":68555,"Under39":76985,"Under59":93175,"Under74":65675,"Over75":40289},"Beds":{"Resuscitation":18,"IntensiveCare":42,"Total":60},"Deaths":50,"Recovered":186,"Severe":56,"Critical":8,"Emergencies":{"Suspected":40,"Total":166,"Severe":39,"Suspected/Accumulated":1771,"Total/Accumulated":9015,"Severe/Accumulated":1714},"MedicalActs":{"Suspected":2,"Total":26,"Suspected/Accumulated":425,"Total/Accumulated":2541},"Confirmed":263},"geometry":{"type":"Point","coordinates":[9.019688964401293,42.118564077669916]}},{"type":"Feature","properties":{"Country/Region":"France","Province/State":"Guyane","Code":"03","Population":{"Total":290691,"Under19":120681,"Under39":80023,"Under59":61783,"Under74":22111,"Over75":6093},"Beds":{"Resuscitation":13,"IntensiveCare":12,"Total":25},"Deaths":1,"Recovered":35,"Severe":1,"Emergencies":{"Suspected":1,"Total":129,"Severe":1,"Suspected/Accumulated":70,"Total/Accumulated":10756,"Severe/Accumulated":21},"Confirmed":43,"MedicalTests":{"Total/Accumulated":31,"Confirmed/Accumulated":4}},"geometry":{"type":"Point","coordinates":[-53.41731165390502,3.588901056661561]}},{"type":"Feature","properties":{"Country/Region":"France","Province/State":"La Réunion","Code":"04","Population":{"Total":859959,"Under19":256143,"Under39":202783,"Under59":239212,"Under74":117045,"Over75":44776},"Beds":{"Resuscitation":52,"IntensiveCare":154,"Total":206},"Recovered":109,"Severe":4,"Critical":1,"Emergencies":{"Suspected":2,"Total":304,"Severe":1,"Suspected/Accumulated":248,"Total/Accumulated":20528,"Severe/Accumulated":171},"MedicalTests":{"Total":1,"Total/Accumulated":12,"Confirmed/Accumulated":1},"Confirmed":94},"geometry":{"type":"Point","coordinates":[55.52943947368424,-21.1374047368421]}},{"type":"Feature","properties":{"Country/Region":"France","Province/State":"Mayotte","Code":"06","Population":{"Total":279471,"Under19":150257,"Under39":74348,"Under59":42900,"Under74":9521,"Over75":2445},"Beds":{"Resuscitation":6,"IntensiveCare":0,"Total":6},"Deaths":6,"Recovered":79,"Severe":35,"Critical":5,"Emergencies":{"Suspected":36,"Total":121,"Severe":4,"Suspected/Accumulated":462,"Total/Accumulated":5873,"Severe/Accumulated":98},"Confirmed":128,"MedicalTests":{"Total/Accumulated":2,"Confirmed/Accumulated":1}},"geometry":{"type":"Point","coordinates":[45.14160071428572,-12.835344166666673]}}]}