{"type":"FeatureCollection","features":[{"type":"Feature","properties":{"Country/Region":"France","Province/State":"Île-de-France","Code":"11","Population":{"Total":12278210,"Under19":3140965,"Under39":3409765,"Under59":3210447,"Under74":1658207,"Over75":858826},"Beds":{"Resuscitation":1147,"IntensiveCare":2512,"Total":3659},"Deaths":6950,"Recovered":23715,"Severe":7056,"Critical":671,"Emergencies":{"Suspected":225,"Total":6079,"Severe":21,"Suspected/Accumulated":51503,"Total/Accumulated":426270,"Severe/Accumulated":15693},"MedicalActs":{"Suspected":54,"Total":1084,"Suspected/Accumulated":11916,"Total/Accumulated":110756},"MedicalTests":{"Total":1107,"Confirmed":21,"Total/Accumulated":84584,"Confirmed/Accumulated":18260},"Confirmed":7660},"geometry":{"type":"Point","coordinates":[2.5292589766081885,48.704415292397634]}},{"type":"Feature","properties":{"Country/Region":"France","Province/State":"Centre-Val de Loire","Code":"24","Population":{"Total":2559073,"Under19":598570,"Under39":541141,"Under59":661150,"Under74":478923,"Over75":279289},"Beds":{"Resuscitation":180,"IntensiveCare":346,"Total":526},"Deaths":499,"Recovered":1671,"Severe":690,"Critical":47,"Emergencies":{"Suspected":33,"Total":1457,"Severe":10,"Suspected/Accumulated":4869,"Total/Accumulated":94223,"Severe/Accumulated":1257},"MedicalActs":{"Suspected":14,"Total":313,"Suspected/Accumulated":1113,"Total/Accumulated":22938},"MedicalTests":{"Total":328,"Confirmed":4,"Total/Accumulated":19940,"Confirmed/Accumulated":1858},"Confirmed":1157},"geometry":{"type":"Point","coordinates":[1.6429664800000017,47.54357092799999]}},{"type":"Feature","properties":{"Country/Region":"France","Province/State":"Bourgogne-Franche-Comté","Code":"27","Population":{"Total":2783039,"Under19":627017,"Under39":591411,"Under59":715664,"Under74":540051,"Over75":308896},"Beds":{"Resuscitation":198,"IntensiveCare":642,"Total":840},"Deaths":994,"Recovered":3226,"Severe":624,"Critical":58,"Emergencies":{"Suspected":26,"Total":1750,"Severe":13,"Suspected/Accumulated":10687,"Total/Accumulated":116623,"Severe/Accumulated":4445},"MedicalActs":{"Suspected":7,"Total":217,"Suspected/Accumulated":1849,"Total/Accumulated":19318},"MedicalTests":{"Total":189,"Confirmed":3,"Total/Accumulated":15466,"Confirmed/Accumulated":1330},"Confirmed":1569},"geometry":{"type":"Point","coordinates":[4.731409826897467,47.2969232490013]}},{"type":"Feature","properties":{"Country/Region":"France","Province/State":"Normandie","Code":"28","Population":{"Total":3303500,"Under19":781337,"Under39":727044,"Under59":842963,"Under74":615474,"Over75":336682},"Beds":{"Resuscitation":240,"IntensiveCare":548,"Total":788},"Deaths":413,"Recovered":1379,"Severe":433,"Critical":27,"Emergencies":{"Suspected":20,"Total":2014,"Severe":15,"Suspected/Accumulated":4370,"Total/Accumulated":127739,"Severe/Accumulated":1751},"MedicalActs":{"Suspected":23,"Total":350,"Suspected/Accumulated":2656,"Total/Accumulated":32650},"MedicalTests":{"Total":335,"Confirmed":3,"Total/Accumulated":17066,"Confirmed/Accumulated":1382},"Confirmed":912},"geometry":{"type":"Point","coordinates":[-0.022673401869158984,49.066630336448576]}},{"type":"Feature","properties":{"Country/Region":"France","Province/State":"Hauts-de-France","Code":"32","Population":{"Total":5962662,"Under19":1525538,"Under39":1443348,"Under59":1522690,"Under74":994313,"Over75":476773},"Beds":{"Resuscitation":438,"IntensiveCare":1338,"Total":1776},"Deaths":1691,"Recovered":5455,"Severe":1569,"Critical":150,"Emergencies":{"Suspected":52,"Total":2927,"Severe":22,"Suspected/Accumulated":11806,"Total/Accumulated":198845,"Severe/Accumulated":4253},"MedicalActs":{"Suspected":15,"Total":642,"Suspected/Accumulated":3854,"Total/Accumulated":60806},"MedicalTests":{"Total":567,"Confirmed":13,"Total/Accumulated":31468,"Confirmed/Accumulated":3403},"Confirmed":3011},"geometry":{"type":"Point","coordinates":[2.8852615671641804,49.86155781716422]}},{"type":"Feature","properties":{"Country/Region":"France","Province/State":"Grand Est","Code":"44","Population":{"Total":5511747,"Under19":1258123,"Under39":1291962,"Under59":1448828,"Under74":988178,"Over75":524656},"Beds":{"Resuscitation":465,"IntensiveCare":840,"Total":1305},"Deaths":3375,"Recovered":10347,"Severe":2463,"Critical":195,"Emergencies":{"Suspected":60,"Total":2808,"Severe":20,"Suspected/Accumulated":16600,"Total/Accumulated":195930,"Severe/Accumulated":8159},"MedicalActs":{"Suspected":23,"Total":501,"Suspected/Accumulated":5997,"Total/Accumulated":54280},"MedicalTests":{"Total":439,"Confirmed":17,"Total/Accumulated":24547,"Confirmed/Accumulated":3699},"Confirmed":5479},"geometry":{"type":"Point","coordinates":[5.509890203045682,48.670969771573546]}},{"type":"Feature","properties":{"Country/Region":"France","Province/State":"Pays de la Loire","Code":"52","Population":{"Total":3801797,"Under19":933509,"Under39":853729,"Under59":970508,"Under74":667531,"Over75":376520},"Beds":{"Resuscitation":181,"IntensiveCare":572,"Total":753},"Deaths":429,"Recovered":1646,"Severe":441,"Critical":31,"Emergencies":{"Suspected":46,"Total":1802,"Severe":29,"Suspected/Accumulated":7464,"Total/Accumulated":108595,"Severe/Accumulated":3664},"MedicalActs":{"Suspected":13,"Total":402,"Suspected/Accumulated":2846,"Total/Accumulated":36537},"MedicalTests":{"Total":21,"Total/Accumulated":1920,"Confirmed/Accumulated":78},"Confirmed":1630},"geometry":{"type":"Point","coordinates":[-0.8763313771517983,47.44186302034428]}},{"type":"Feature","properties":{"Country/Region":"France","Province/State":"Bretagne","Code":"53","Population":{"Total":3340379,"Under19":773631,"Under39":714512,"Under59":866988,"Under74":632104,"Over75":353144},"Beds":{"Resuscitation":162,"IntensiveCare":462,"Total":624},"Deaths":244,"Recovered":1097,"Severe":229,"Critical":23,"Emergencies":{"Suspected":38,"Total":1837,"Severe":21,"Suspected/Accumulated":4772,"Total/Accumulated":118049,"Severe/Accumulated":1981},"MedicalActs":{"Suspected":15,"Total":294,"Suspected/Accumulated":1194,"Total/Accumulated":27523},"MedicalTests":{"Total":7,"Total/Accumulated":695,"Confirmed/Accumulated":25},"Confirmed":962},"geometry":{"type":"Point","coordinates":[-3.104342941176476,48.146701189258316]}},{"type":"Feature","properties":{"Country/Region":"France","Province/State":"Nouvelle-Aquitaine","Code":"75","Population":{"Total":5999982,"Under19":1293321,"Under39":1274746,"Under59":1561754,"Under74":1177229,"Over75":692932},"Beds":{"Resuscitation":412,"IntensiveCare":946,"Total":1358},"Deaths":385,"Recovered":1853,"Severe":359,"Critical":54,"Emergencies":{"Suspected":55,"Total":3481,"Severe":22,"Suspected/Accumulated":9782,"Total/Accumulated":222311,"Severe/Accumulated":4216},"MedicalActs":{"Suspected":24,"Total":939,"Suspected/Accumulated":6642,"Total/Accumulated":89227},"MedicalTests":{"Total":634,"Total/Accumulated":32357,"Confirmed/Accumulated":959},"Confirmed":1007},"geometry":{"type":"Point","coordinates":[0.16186906163753495,45.156971701931916]}},{"type":"Feature","properties":{"Country/Region":"France","Province/State":"Occitanie","Code":"76","Population":{"Total":5924858,"Under19":1320456,"Under39":1330125,"Under59":1526711,"Under74":1099893,"Over75":647673},"Beds":{"Resuscitation":474,"IntensiveCare":1206,"Total":1680},"Deaths":486,"Recovered":2615,"Severe":283,"Critical":56,"Emergencies":{"Suspected":51,"Total":3606,"Severe":25,"Suspected/Accumulated":8108,"Total/Accumulated":226625,"Severe/Accumulated":3648},"MedicalActs":{"Suspected":11,"Total":274,"Suspected/Accumulated":2600,"Total/Accumulated":32215},"MedicalTests":{"Total":3013,"Confirmed":16,"Total/Accumulated":81158,"Confirmed/Accumulated":2675},"Confirmed":2374},"geometry":{"type":"Point","coordinates":[1.988214846153848,43.761180626373644]}},{"type":"Feature","properties":{"Country/Region":"France","Province/State":"Auvergne-Rhône-Alpes","Code":"84","Population":{"Total":8032377,"Under19":1940253,"Under39":1900702,"Under59":2079813,"Under74":1340003,"Over75":771606},"Beds":{"Resuscitation":559,"IntensiveCare":1136,"Total":1695},"Deaths":1633,"Recovered":6679,"Severe":1465,"Critical":145,"Emergencies":{"Suspected":55,"Total":4573,"Severe":21,"Suspected/Accumulated":15965,"Total/Accumulated":284767,"Severe/Accumulated":6823},"MedicalActs":{"Suspected":39,"Total":758,"Suspected/Accumulated":6391,"Total/Accumulated":69786},"MedicalTests":{"Total":631,"Confirmed":2,"Total/Accumulated":26931,"Confirmed/Accumulated":2151},"Confirmed":2093},"geometry":{"type":"Point","coordinates":[4.515179591651545,45.475403602540794]}},{"type":"Feature","properties":{"Country/Region":"France","Province/State":"Guadeloupe","Code":"01","Population":{"Total":376879,"Under19":90617,"Under39":71707,"Under59":109452,"Under74":70936,"Over75":34167},"Beds":{"Resuscitation":27,"IntensiveCare":68,"Total":95},"Deaths":19,"Recovered":73,"Severe":13,"Critical":2,"Emergencies":{"Suspected":3,"Total":225,"Suspected/Accumulated":294,"Total/Accumulated":14628,"Severe/Accumulated":101},"Confirmed":106,"MedicalTests":{"Total/Accumulated":51,"Confirmed/Accumulated":17}},"geometry":{"type":"Point","coordinates":[-61.493846272189366,16.20469674556213]}},{"type":"Feature","properties":{"Country/Region":"France","Province/State":"Martinique","Code":"02","Population":{"Total":358749,"Under19":77005,"Under39":65776,"Under59":105638,"Under74":72163,"Over75":38167},"Beds":{"Resuscitation":26,"IntensiveCare":58,"Total":84},"Deaths":14,"Recovered":81,"Severe":17,"Critical":2,"MedicalActs":{"Suspected":2,"Total":103,"Suspected/Accumulated":144,"Total/Accumulated":8636},"Confirmed":111,"MedicalTests":{"Total/Accumulated":29,"Confirmed/Accumulated":6}},"geometry":{"type":"Point","coordinates":[-60.98265692913386,14.6217557480315]}},{"type":"Feature","properties":{"Country/Region":"France","Province/State":"Provence-Alpes-Côte d'Azur","Code":"93","Population":{"Total":5055651,"Under19":1128765,"Under39":1109058,"Under59":1309879,"Under74":927347,"Over75":580602},"Beds":{"Resuscitation":460,"IntensiveCare":802,"Total":1262},"Deaths":884,"Recovered":4752,"Severe":984,"Critical":95,"Emergencies":{"Suspected":34,"Total":3437,"Severe":18,"Suspected/Accumulated":10450,"Total/Accumulated":225720,"Severe/Accumulated":5389},"MedicalActs":{"Suspected":16,"Total":668,"Suspected/Accumulated":5589,"Total/Accumulated":63668},"MedicalTests":{"Total":1289,"Confirmed":15,"Total/Accumulated":79627,"Confirmed/Accumulated":4200},"Confirmed":1927},"geometry":{"type":"Point","coordinates":[5.940587832647462,43.96417941015098]}},{"type":"Feature","properties":{"Country/Region":"France","Province/State":"Corse","Code":"94","Population":{"Total":344679,"Under19":68555,"Under39":76985,"Under59":93175,"Under74":65675,"Over75":40289},"Beds":{"Resuscitation":18,"IntensiveCare":42,"Total":60},"Deaths":58,"Recovered":218,"Severe":34,"Critical":4,"Emergencies":{"Suspected":7,"Total":218,"Severe":5,"Suspected/Accumulated":2082,"Total/Accumulated":13524,"Severe/Accumulated":1995},"MedicalActs":{"Total":38,"Suspected/Accumulated":477,"Total/Accumulated":3431},"Confirmed":263},"geometry":{"type":"Point","coordinates":[9.019688964401293,42.118564077669916]}},{"type":"Feature","properties":{"Country/Region":"France","Province/State":"Guyane","Code":"03","Population":{"Total":290691,"Under19":120681,"Under39":80023,"Under59":61783,"Under74":22111,"Over75":6093},"Beds":{"Resuscitation":13,"IntensiveCare":12,"Total":25},"Deaths":1,"Recovered":56,"Severe":18,"Emergencies":{"Suspected":8,"Total":211,"Severe":2,"Suspected/Accumulated":135,"Total/Accumulated":15053,"Severe/Accumulated":47},"Confirmed":43,"MedicalTests":{"Total/Accumulated":35,"Confirmed/Accumulated":4}},"geometry":{"type":"Point","coordinates":[-53.41731165390502,3.588901056661561]}},{"type":"Feature","properties":{"Country/Region":"France","Province/State":"La Réunion","Code":"04","Population":{"Total":859959,"Under19":256143,"Under39":202783,"Under59":239212,"Under74":117045,"Over75":44776},"Beds":{"Resuscitation":52,"IntensiveCare":154,"Total":206},"Deaths":1,"Recovered":116,"Severe":16,"Critical":1,"Emergencies":{"Suspected":1,"Total":395,"Severe":1,"Suspected/Accumulated":268,"Total/Accumulated":29796,"Severe/Accumulated":185},"Confirmed":94,"MedicalTests":{"Total/Accumulated":19,"Confirmed/Accumulated":1}},"geometry":{"type":"Point","coordinates":[55.52943947368424,-21.1374047368421]}},{"type":"Feature","properties":{"Country/Region":"France","Province/State":"Mayotte","Code":"06","Population":{"Total":279471,"Under19":150257,"Under39":74348,"Under59":42900,"Under74":9521,"Over75":2445},"Beds":{"Resuscitation":6,"IntensiveCare":0,"Total":6},"Deaths":19,"Recovered":211,"Severe":48,"Critical":11,"Emergencies":{"Suspected":21,"Total":96,"Severe":2,"Suspected/Accumulated":1199,"Total/Accumulated":8725,"Severe/Accumulated":190},"Confirmed":128,"MedicalTests":{"Total/Accumulated":4,"Confirmed/Accumulated":1}},"geometry":{"type":"Point","coordinates":[45.14160071428572,-12.835344166666673]}}]}