{"type":"FeatureCollection","features":[{"type":"Feature","properties":{"Country/Region":"France","Province/State":"Île-de-France","Code":"11","Population":{"Total":12278210,"Under19":3140965,"Under39":3409765,"Under59":3210447,"Under74":1658207,"Over75":858826},"Beds":{"Resuscitation":1147,"IntensiveCare":2512,"Total":3659},"Deaths":9493,"Recovered":42569,"Severe":6502,"Critical":1069,"Emergencies":{"Suspected":306,"Total":4969,"Severe":134,"Suspected/Accumulated":80494,"Total/Accumulated":1509032,"Severe/Accumulated":24286},"MedicalActs":{"Suspected":149,"Total":1756,"Suspected/Accumulated":29881,"Total/Accumulated":340344},"PCRTests":{"Total":5376,"Confirmed":632,"Total/Accumulated":3715774,"Confirmed/Accumulated":399531},"Confirmed":7660,"MedicalTests":{"Total/Accumulated":85340,"Confirmed/Accumulated":18277}},"geometry":{"type":"Point","coordinates":[2.5292589766081885,48.704415292397634]}},{"type":"Feature","properties":{"Country/Region":"France","Province/State":"Centre-Val de Loire","Code":"24","Population":{"Total":2559073,"Under19":598570,"Under39":541141,"Under59":661150,"Under74":478923,"Over75":279289},"Beds":{"Resuscitation":180,"IntensiveCare":346,"Total":526},"Deaths":762,"Recovered":3340,"Severe":872,"Critical":143,"Emergencies":{"Suspected":47,"Total":983,"Severe":13,"Suspected/Accumulated":7734,"Total/Accumulated":334087,"Severe/Accumulated":2062},"MedicalActs":{"Suspected":30,"Total":344,"Suspected/Accumulated":3917,"Total/Accumulated":89577},"PCRTests":{"Total":1681,"Confirmed":210,"Total/Accumulated":605374,"Confirmed/Accumulated":45045},"Confirmed":1157,"MedicalTests":{"Total/Accumulated":20197,"Confirmed/Accumulated":1858}},"geometry":{"type":"Point","coordinates":[1.6429664800000017,47.54357092799999]}},{"type":"Feature","properties":{"Country/Region":"France","Province/State":"Bourgogne-Franche-Comté","Code":"27","Population":{"Total":2783039,"Under19":627017,"Under39":591411,"Under59":715664,"Under74":540051,"Over75":308896},"Beds":{"Resuscitation":198,"IntensiveCare":642,"Total":840},"Deaths":1367,"Recovered":5525,"Severe":1450,"Critical":207,"Emergencies":{"Suspected":118,"Total":1383,"Severe":60,"Suspected/Accumulated":16769,"Total/Accumulated":439836,"Severe/Accumulated":7104},"MedicalActs":{"Suspected":52,"Total":299,"Suspected/Accumulated":4744,"Total/Accumulated":64113},"PCRTests":{"Total":1569,"Confirmed":270,"Total/Accumulated":739802,"Confirmed/Accumulated":64496},"Confirmed":1569,"MedicalTests":{"Total/Accumulated":15673,"Confirmed/Accumulated":1330}},"geometry":{"type":"Point","coordinates":[4.731409826897467,47.2969232490013]}},{"type":"Feature","properties":{"Country/Region":"France","Province/State":"Normandie","Code":"28","Population":{"Total":3303500,"Under19":781337,"Under39":727044,"Under59":842963,"Under74":615474,"Over75":336682},"Beds":{"Resuscitation":240,"IntensiveCare":548,"Total":788},"Deaths":771,"Recovered":3303,"Severe":1290,"Critical":166,"Emergencies":{"Suspected":46,"Total":1312,"Severe":22,"Suspected/Accumulated":8021,"Total/Accumulated":470701,"Severe/Accumulated":3671},"MedicalActs":{"Suspected":44,"Total":524,"Suspected/Accumulated":8225,"Total/Accumulated":112688},"PCRTests":{"Total":2544,"Confirmed":249,"Total/Accumulated":765170,"Confirmed/Accumulated":58778},"Confirmed":912,"MedicalTests":{"Total/Accumulated":17253,"Confirmed/Accumulated":1385}},"geometry":{"type":"Point","coordinates":[-0.022673401869158984,49.066630336448576]}},{"type":"Feature","properties":{"Country/Region":"France","Province/State":"Hauts-de-France","Code":"32","Population":{"Total":5962662,"Under19":1525538,"Under39":1443348,"Under59":1522690,"Under74":994313,"Over75":476773},"Beds":{"Resuscitation":438,"IntensiveCare":1338,"Total":1776},"Deaths":2757,"Recovered":11072,"Severe":2961,"Critical":494,"Emergencies":{"Suspected":129,"Total":2256,"Severe":63,"Suspected/Accumulated":19129,"Total/Accumulated":715249,"Severe/Accumulated":7160},"MedicalActs":{"Suspected":64,"Total":706,"Suspected/Accumulated":11806,"Total/Accumulated":220857},"PCRTests":{"Total":4373,"Confirmed":571,"Total/Accumulated":1812045,"Confirmed/Accumulated":180105},"Confirmed":3011,"MedicalTests":{"Total/Accumulated":31790,"Confirmed/Accumulated":3410}},"geometry":{"type":"Point","coordinates":[2.8852615671641804,49.86155781716422]}},{"type":"Feature","properties":{"Country/Region":"France","Province/State":"Grand Est","Code":"44","Population":{"Total":5511747,"Under19":1258123,"Under39":1291962,"Under59":1448828,"Under74":988178,"Over75":524656},"Beds":{"Resuscitation":465,"IntensiveCare":840,"Total":1305},"Deaths":4050,"Recovered":15296,"Severe":1848,"Critical":252,"Emergencies":{"Suspected":109,"Total":2217,"Severe":70,"Suspected/Accumulated":22316,"Total/Accumulated":711130,"Severe/Accumulated":11054},"MedicalActs":{"Suspected":80,"Total":827,"Suspected/Accumulated":11341,"Total/Accumulated":161706},"PCRTests":{"Total":2040,"Confirmed":228,"Total/Accumulated":1593929,"Confirmed/Accumulated":100581},"Confirmed":5479,"MedicalTests":{"Total/Accumulated":24982,"Confirmed/Accumulated":3702}},"geometry":{"type":"Point","coordinates":[5.509890203045682,48.670969771573546]}},{"type":"Feature","properties":{"Country/Region":"France","Province/State":"Pays de la Loire","Code":"52","Population":{"Total":3801797,"Under19":933509,"Under39":853729,"Under59":970508,"Under74":667531,"Over75":376520},"Beds":{"Resuscitation":181,"IntensiveCare":572,"Total":753},"Deaths":707,"Recovered":3650,"Severe":935,"Critical":142,"Emergencies":{"Suspected":67,"Total":1216,"Severe":40,"Suspected/Accumulated":12507,"Total/Accumulated":410458,"Severe/Accumulated":6584},"MedicalActs":{"Suspected":19,"Total":509,"Suspected/Accumulated":7215,"Total/Accumulated":122057},"PCRTests":{"Total":2190,"Confirmed":200,"Total/Accumulated":943785,"Confirmed/Accumulated":63421},"Confirmed":1630,"MedicalTests":{"Total/Accumulated":1941,"Confirmed/Accumulated":78}},"geometry":{"type":"Point","coordinates":[-0.8763313771517983,47.44186302034428]}},{"type":"Feature","properties":{"Country/Region":"France","Province/State":"Bretagne","Code":"53","Population":{"Total":3340379,"Under19":773631,"Under39":714512,"Under59":866988,"Under74":632104,"Over75":353144},"Beds":{"Resuscitation":162,"IntensiveCare":462,"Total":624},"Deaths":401,"Recovered":2145,"Severe":627,"Critical":91,"Emergencies":{"Suspected":33,"Total":1334,"Severe":21,"Suspected/Accumulated":8366,"Total/Accumulated":436415,"Severe/Accumulated":3225},"MedicalActs":{"Suspected":19,"Total":408,"Suspected/Accumulated":4371,"Total/Accumulated":90969},"PCRTests":{"Total":1457,"Confirmed":127,"Total/Accumulated":733647,"Confirmed/Accumulated":39999},"Confirmed":962,"MedicalTests":{"Total/Accumulated":698,"Confirmed/Accumulated":25}},"geometry":{"type":"Point","coordinates":[-3.104342941176476,48.146701189258316]}},{"type":"Feature","properties":{"Country/Region":"France","Province/State":"Nouvelle-Aquitaine","Code":"75","Population":{"Total":5999982,"Under19":1293321,"Under39":1274746,"Under59":1561754,"Under74":1177229,"Over75":692932},"Beds":{"Resuscitation":412,"IntensiveCare":946,"Total":1358},"Deaths":794,"Recovered":4194,"Severe":1528,"Critical":215,"Emergencies":{"Suspected":94,"Total":2500,"Severe":64,"Suspected/Accumulated":15341,"Total/Accumulated":842305,"Severe/Accumulated":6969},"MedicalActs":{"Suspected":62,"Total":1209,"Suspected/Accumulated":16652,"Total/Accumulated":290820},"PCRTests":{"Total":2397,"Confirmed":214,"Total/Accumulated":1365434,"Confirmed/Accumulated":89881},"Confirmed":1007,"MedicalTests":{"Total/Accumulated":33043,"Confirmed/Accumulated":961}},"geometry":{"type":"Point","coordinates":[0.16186906163753495,45.156971701931916]}},{"type":"Feature","properties":{"Country/Region":"France","Province/State":"Occitanie","Code":"76","Population":{"Total":5924858,"Under19":1320456,"Under39":1330125,"Under59":1526711,"Under74":1099893,"Over75":647673},"Beds":{"Resuscitation":474,"IntensiveCare":1206,"Total":1680},"Deaths":1148,"Recovered":6084,"Severe":2016,"Critical":384,"Emergencies":{"Suspected":117,"Total":2680,"Severe":56,"Suspected/Accumulated":15803,"Total/Accumulated":858601,"Severe/Accumulated":7116},"MedicalActs":{"Suspected":41,"Total":512,"Suspected/Accumulated":6425,"Total/Accumulated":101301},"PCRTests":{"Total":3045,"Confirmed":385,"Total/Accumulated":1631578,"Confirmed/Accumulated":138556},"Confirmed":2374,"MedicalTests":{"Total/Accumulated":83743,"Confirmed/Accumulated":2680}},"geometry":{"type":"Point","coordinates":[1.988214846153848,43.761180626373644]}},{"type":"Feature","properties":{"Country/Region":"France","Province/State":"Auvergne-Rhône-Alpes","Code":"84","Population":{"Total":8032377,"Under19":1940253,"Under39":1900702,"Under59":2079813,"Under74":1340003,"Over75":771606},"Beds":{"Resuscitation":559,"IntensiveCare":1136,"Total":1695},"Deaths":3354,"Recovered":15355,"Severe":6580,"Critical":809,"Emergencies":{"Suspected":387,"Total":3317,"Severe":212,"Suspected/Accumulated":33196,"Total/Accumulated":1069956,"Severe/Accumulated":14312},"MedicalActs":{"Suspected":147,"Total":984,"Suspected/Accumulated":20900,"Total/Accumulated":227748},"PCRTests":{"Total":4035,"Confirmed":859,"Total/Accumulated":2259412,"Confirmed/Accumulated":308663},"Confirmed":2093,"MedicalTests":{"Total/Accumulated":27674,"Confirmed/Accumulated":2153}},"geometry":{"type":"Point","coordinates":[4.515179591651545,45.475403602540794]}},{"type":"Feature","properties":{"Country/Region":"France","Province/State":"Guadeloupe","Code":"01","Population":{"Total":376879,"Under19":90617,"Under39":71707,"Under59":109452,"Under74":70936,"Over75":34167},"Beds":{"Resuscitation":27,"IntensiveCare":68,"Total":95},"Deaths":148,"Recovered":641,"Severe":130,"Critical":16,"Emergencies":{"Suspected":5,"Total":179,"Severe":3,"Suspected/Accumulated":1596,"Total/Accumulated":51656,"Severe/Accumulated":726},"PCRTests":{"Total":85,"Confirmed":6,"Total/Accumulated":65128,"Confirmed/Accumulated":7835},"Confirmed":106,"MedicalTests":{"Total/Accumulated":51,"Confirmed/Accumulated":17}},"geometry":{"type":"Point","coordinates":[-61.493846272189366,16.20469674556213]}},{"type":"Feature","properties":{"Country/Region":"France","Province/State":"Martinique","Code":"02","Population":{"Total":358749,"Under19":77005,"Under39":65776,"Under59":105638,"Under74":72163,"Over75":38167},"Beds":{"Resuscitation":26,"IntensiveCare":58,"Total":84},"Deaths":36,"Recovered":240,"Severe":72,"Critical":14,"MedicalActs":{"Suspected":3,"Total":107,"Suspected/Accumulated":559,"Total/Accumulated":27508},"PCRTests":{"Total":46,"Confirmed":3,"Total/Accumulated":75192,"Confirmed/Accumulated":4880},"Confirmed":111,"MedicalTests":{"Total/Accumulated":29,"Confirmed/Accumulated":6}},"geometry":{"type":"Point","coordinates":[-60.98265692913386,14.6217557480315]}},{"type":"Feature","properties":{"Country/Region":"France","Province/State":"Provence-Alpes-Côte d'Azur","Code":"93","Population":{"Total":5055651,"Under19":1128765,"Under39":1109058,"Under59":1309879,"Under74":927347,"Over75":580602},"Beds":{"Resuscitation":460,"IntensiveCare":802,"Total":1262},"Deaths":1896,"Recovered":11958,"Severe":3213,"Critical":493,"Emergencies":{"Suspected":202,"Total":2555,"Severe":118,"Suspected/Accumulated":21334,"Total/Accumulated":855641,"Severe/Accumulated":11079},"MedicalActs":{"Suspected":85,"Total":967,"Suspected/Accumulated":13936,"Total/Accumulated":203987},"PCRTests":{"Total":2206,"Confirmed":301,"Total/Accumulated":1749694,"Confirmed/Accumulated":149894},"Confirmed":1927,"MedicalTests":{"Total/Accumulated":80858,"Confirmed/Accumulated":4204}},"geometry":{"type":"Point","coordinates":[5.940587832647462,43.96417941015098]}},{"type":"Feature","properties":{"Country/Region":"France","Province/State":"Corse","Code":"94","Population":{"Total":344679,"Under19":68555,"Under39":76985,"Under59":93175,"Under74":65675,"Over75":40289},"Beds":{"Resuscitation":18,"IntensiveCare":42,"Total":60},"Deaths":89,"Recovered":380,"Severe":90,"Critical":15,"Emergencies":{"Suspected":6,"Total":145,"Severe":3,"Suspected/Accumulated":2560,"Total/Accumulated":58113,"Severe/Accumulated":2277},"MedicalActs":{"Suspected":9,"Total":102,"Suspected/Accumulated":1334,"Total/Accumulated":18637},"PCRTests":{"Total":170,"Confirmed":8,"Total/Accumulated":106374,"Confirmed/Accumulated":5914},"Confirmed":263},"geometry":{"type":"Point","coordinates":[9.019688964401293,42.118564077669916]}},{"type":"Feature","properties":{"Country/Region":"France","Province/State":"Guyane","Code":"03","Population":{"Total":290691,"Under19":120681,"Under39":80023,"Under59":61783,"Under74":22111,"Over75":6093},"Beds":{"Resuscitation":13,"IntensiveCare":12,"Total":25},"Deaths":66,"Recovered":1820,"Severe":18,"Emergencies":{"Suspected":2,"Total":144,"Severe":1,"Suspected/Accumulated":1996,"Total/Accumulated":48150,"Severe/Accumulated":937},"PCRTests":{"Total":106,"Confirmed":6,"Total/Accumulated":71786,"Confirmed/Accumulated":9372},"Confirmed":43,"MedicalTests":{"Total/Accumulated":35,"Confirmed/Accumulated":4}},"geometry":{"type":"Point","coordinates":[-53.41731165390502,3.588901056661561]}},{"type":"Feature","properties":{"Country/Region":"France","Province/State":"La Réunion","Code":"04","Population":{"Total":859959,"Under19":256143,"Under39":202783,"Under59":239212,"Under74":117045,"Over75":44776},"Beds":{"Resuscitation":52,"IntensiveCare":154,"Total":206},"Deaths":35,"Recovered":521,"Severe":72,"Critical":15,"Emergencies":{"Suspected":7,"Total":361,"Severe":6,"Suspected/Accumulated":675,"Total/Accumulated":95624,"Severe/Accumulated":410},"PCRTests":{"Total":350,"Confirmed":13,"Total/Accumulated":218194,"Confirmed/Accumulated":6512},"Confirmed":94,"MedicalTests":{"Total/Accumulated":19,"Confirmed/Accumulated":1}},"geometry":{"type":"Point","coordinates":[55.52943947368424,-21.1374047368421]}},{"type":"Feature","properties":{"Country/Region":"France","Province/State":"Mayotte","Code":"06","Population":{"Total":279471,"Under19":150257,"Under39":74348,"Under59":42900,"Under74":9521,"Over75":2445},"Beds":{"Resuscitation":6,"IntensiveCare":0,"Total":6},"Deaths":32,"Recovered":490,"Severe":13,"Critical":2,"Emergencies":{"Suspected":2,"Total":111,"Suspected/Accumulated":1946,"Total/Accumulated":26585,"Severe/Accumulated":274},"PCRTests":{"Total":63,"Confirmed":11,"Total/Accumulated":29606,"Confirmed/Accumulated":3066},"Confirmed":128,"MedicalTests":{"Total/Accumulated":4,"Confirmed/Accumulated":1}},"geometry":{"type":"Point","coordinates":[45.14160071428572,-12.835344166666673]}}]}