{"type":"FeatureCollection","features":[{"type":"Feature","properties":{"Country/Region":"France","Province/State":"Île-de-France","Code":"11","Population":{"Total":12278210,"Under19":3140965,"Under39":3409765,"Under59":3210447,"Under74":1658207,"Over75":858826},"Beds":{"Resuscitation":1147,"IntensiveCare":2512,"Total":3659},"Deaths":9045,"Recovered":40404,"Severe":5485,"Critical":920,"Emergencies":{"Suspected":479,"Total":5122,"Severe":204,"Suspected/Accumulated":77661,"Total/Accumulated":1470079,"Severe/Accumulated":23049},"MedicalActs":{"Suspected":244,"Total":1726,"Suspected/Accumulated":28736,"Total/Accumulated":330245},"PCRTests":{"Total":5397,"Confirmed":1152,"Total/Accumulated":3413133,"Confirmed/Accumulated":352978},"Confirmed":7660,"MedicalTests":{"Total/Accumulated":85340,"Confirmed/Accumulated":18277}},"geometry":{"type":"Point","coordinates":[2.5292589766081885,48.704415292397634]}},{"type":"Feature","properties":{"Country/Region":"France","Province/State":"Centre-Val de Loire","Code":"24","Population":{"Total":2559073,"Under19":598570,"Under39":541141,"Under59":661150,"Under74":478923,"Over75":279289},"Beds":{"Resuscitation":180,"IntensiveCare":346,"Total":526},"Deaths":688,"Recovered":3048,"Severe":689,"Critical":94,"Emergencies":{"Suspected":46,"Total":949,"Severe":18,"Suspected/Accumulated":7331,"Total/Accumulated":326213,"Severe/Accumulated":1920},"MedicalActs":{"Suspected":38,"Total":356,"Suspected/Accumulated":3678,"Total/Accumulated":86877},"PCRTests":{"Total":1540,"Confirmed":257,"Total/Accumulated":531878,"Confirmed/Accumulated":35912},"Confirmed":1157,"MedicalTests":{"Total/Accumulated":20197,"Confirmed/Accumulated":1858}},"geometry":{"type":"Point","coordinates":[1.6429664800000017,47.54357092799999]}},{"type":"Feature","properties":{"Country/Region":"France","Province/State":"Bourgogne-Franche-Comté","Code":"27","Population":{"Total":2783039,"Under19":627017,"Under39":591411,"Under59":715664,"Under74":540051,"Over75":308896},"Beds":{"Resuscitation":198,"IntensiveCare":642,"Total":840},"Deaths":1219,"Recovered":5021,"Severe":973,"Critical":124,"Emergencies":{"Suspected":138,"Total":1427,"Severe":75,"Suspected/Accumulated":15735,"Total/Accumulated":429310,"Severe/Accumulated":6541},"MedicalActs":{"Suspected":46,"Total":317,"Suspected/Accumulated":4433,"Total/Accumulated":62263},"PCRTests":{"Total":1322,"Confirmed":307,"Total/Accumulated":635298,"Confirmed/Accumulated":47678},"Confirmed":1569,"MedicalTests":{"Total/Accumulated":15673,"Confirmed/Accumulated":1330}},"geometry":{"type":"Point","coordinates":[4.731409826897467,47.2969232490013]}},{"type":"Feature","properties":{"Country/Region":"France","Province/State":"Normandie","Code":"28","Population":{"Total":3303500,"Under19":781337,"Under39":727044,"Under59":842963,"Under74":615474,"Over75":336682},"Beds":{"Resuscitation":240,"IntensiveCare":548,"Total":788},"Deaths":664,"Recovered":2909,"Severe":1060,"Critical":127,"Emergencies":{"Suspected":58,"Total":1423,"Severe":36,"Suspected/Accumulated":7545,"Total/Accumulated":459279,"Severe/Accumulated":3417},"MedicalActs":{"Suspected":64,"Total":519,"Suspected/Accumulated":7876,"Total/Accumulated":109344},"PCRTests":{"Total":2145,"Confirmed":397,"Total/Accumulated":676215,"Confirmed/Accumulated":48135},"Confirmed":912,"MedicalTests":{"Total/Accumulated":17253,"Confirmed/Accumulated":1385}},"geometry":{"type":"Point","coordinates":[-0.022673401869158984,49.066630336448576]}},{"type":"Feature","properties":{"Country/Region":"France","Province/State":"Hauts-de-France","Code":"32","Population":{"Total":5962662,"Under19":1525538,"Under39":1443348,"Under59":1522690,"Under74":994313,"Over75":476773},"Beds":{"Resuscitation":438,"IntensiveCare":1338,"Total":1776},"Deaths":2450,"Recovered":9973,"Severe":2506,"Critical":408,"Emergencies":{"Suspected":179,"Total":2154,"Severe":79,"Suspected/Accumulated":18008,"Total/Accumulated":697652,"Severe/Accumulated":6654},"MedicalActs":{"Suspected":59,"Total":715,"Suspected/Accumulated":11203,"Total/Accumulated":214696},"PCRTests":{"Total":5954,"Confirmed":1294,"Total/Accumulated":1585177,"Confirmed/Accumulated":149560},"Confirmed":3011,"MedicalTests":{"Total/Accumulated":31790,"Confirmed/Accumulated":3410}},"geometry":{"type":"Point","coordinates":[2.8852615671641804,49.86155781716422]}},{"type":"Feature","properties":{"Country/Region":"France","Province/State":"Grand Est","Code":"44","Population":{"Total":5511747,"Under19":1258123,"Under39":1291962,"Under59":1448828,"Under74":988178,"Over75":524656},"Beds":{"Resuscitation":465,"IntensiveCare":840,"Total":1305},"Deaths":3915,"Recovered":14661,"Severe":1298,"Critical":174,"Emergencies":{"Suspected":144,"Total":2207,"Severe":69,"Suspected/Accumulated":21303,"Total/Accumulated":694125,"Severe/Accumulated":10398},"MedicalActs":{"Suspected":109,"Total":879,"Suspected/Accumulated":10912,"Total/Accumulated":157266},"PCRTests":{"Total":1908,"Confirmed":353,"Total/Accumulated":1392196,"Confirmed/Accumulated":76869},"Confirmed":5479,"MedicalTests":{"Total/Accumulated":24982,"Confirmed/Accumulated":3702}},"geometry":{"type":"Point","coordinates":[5.509890203045682,48.670969771573546]}},{"type":"Feature","properties":{"Country/Region":"France","Province/State":"Pays de la Loire","Code":"52","Population":{"Total":3801797,"Under19":933509,"Under39":853729,"Under59":970508,"Under74":667531,"Over75":376520},"Beds":{"Resuscitation":181,"IntensiveCare":572,"Total":753},"Deaths":616,"Recovered":3314,"Severe":730,"Critical":100,"Emergencies":{"Suspected":81,"Total":1203,"Severe":38,"Suspected/Accumulated":11896,"Total/Accumulated":400414,"Severe/Accumulated":6221},"MedicalActs":{"Suspected":46,"Total":551,"Suspected/Accumulated":7003,"Total/Accumulated":118897},"PCRTests":{"Total":1666,"Confirmed":278,"Total/Accumulated":837091,"Confirmed/Accumulated":50892},"Confirmed":1630,"MedicalTests":{"Total/Accumulated":1941,"Confirmed/Accumulated":78}},"geometry":{"type":"Point","coordinates":[-0.8763313771517983,47.44186302034428]}},{"type":"Feature","properties":{"Country/Region":"France","Province/State":"Bretagne","Code":"53","Population":{"Total":3340379,"Under19":773631,"Under39":714512,"Under59":866988,"Under74":632104,"Over75":353144},"Beds":{"Resuscitation":162,"IntensiveCare":462,"Total":624},"Deaths":355,"Recovered":1920,"Severe":483,"Critical":73,"Emergencies":{"Suspected":39,"Total":1353,"Severe":26,"Suspected/Accumulated":8009,"Total/Accumulated":425608,"Severe/Accumulated":3012},"MedicalActs":{"Suspected":39,"Total":475,"Suspected/Accumulated":4200,"Total/Accumulated":88633},"PCRTests":{"Total":1359,"Confirmed":171,"Total/Accumulated":654336,"Confirmed/Accumulated":32526},"Confirmed":962,"MedicalTests":{"Total/Accumulated":698,"Confirmed/Accumulated":25}},"geometry":{"type":"Point","coordinates":[-3.104342941176476,48.146701189258316]}},{"type":"Feature","properties":{"Country/Region":"France","Province/State":"Nouvelle-Aquitaine","Code":"75","Population":{"Total":5999982,"Under19":1293321,"Under39":1274746,"Under59":1561754,"Under74":1177229,"Over75":692932},"Beds":{"Resuscitation":412,"IntensiveCare":946,"Total":1358},"Deaths":693,"Recovered":3724,"Severe":1140,"Critical":159,"Emergencies":{"Suspected":88,"Total":2520,"Severe":55,"Suspected/Accumulated":14583,"Total/Accumulated":822533,"Severe/Accumulated":6475},"MedicalActs":{"Suspected":81,"Total":1270,"Suspected/Accumulated":16145,"Total/Accumulated":283271},"PCRTests":{"Total":1742,"Confirmed":230,"Total/Accumulated":1194438,"Confirmed/Accumulated":72834},"Confirmed":1007,"MedicalTests":{"Total/Accumulated":33043,"Confirmed/Accumulated":961}},"geometry":{"type":"Point","coordinates":[0.16186906163753495,45.156971701931916]}},{"type":"Feature","properties":{"Country/Region":"France","Province/State":"Occitanie","Code":"76","Population":{"Total":5924858,"Under19":1320456,"Under39":1330125,"Under59":1526711,"Under74":1099893,"Over75":647673},"Beds":{"Resuscitation":474,"IntensiveCare":1206,"Total":1680},"Deaths":957,"Recovered":5307,"Severe":1604,"Critical":322,"Emergencies":{"Suspected":157,"Total":2679,"Severe":86,"Suspected/Accumulated":14806,"Total/Accumulated":838508,"Severe/Accumulated":6548},"MedicalActs":{"Suspected":57,"Total":524,"Suspected/Accumulated":6155,"Total/Accumulated":98577},"PCRTests":{"Total":2727,"Confirmed":621,"Total/Accumulated":1440830,"Confirmed/Accumulated":116532},"Confirmed":2374,"MedicalTests":{"Total/Accumulated":83743,"Confirmed/Accumulated":2680}},"geometry":{"type":"Point","coordinates":[1.988214846153848,43.761180626373644]}},{"type":"Feature","properties":{"Country/Region":"France","Province/State":"Auvergne-Rhône-Alpes","Code":"84","Population":{"Total":8032377,"Under19":1940253,"Under39":1900702,"Under59":2079813,"Under74":1340003,"Over75":771606},"Beds":{"Resuscitation":559,"IntensiveCare":1136,"Total":1695},"Deaths":2751,"Recovered":13169,"Severe":5073,"Critical":631,"Emergencies":{"Suspected":406,"Total":3393,"Severe":199,"Suspected/Accumulated":29861,"Total/Accumulated":1043862,"Severe/Accumulated":12499},"MedicalActs":{"Suspected":241,"Total":1050,"Suspected/Accumulated":19540,"Total/Accumulated":221123},"PCRTests":{"Total":3674,"Confirmed":1226,"Total/Accumulated":1947387,"Confirmed/Accumulated":240687},"Confirmed":2093,"MedicalTests":{"Total/Accumulated":27674,"Confirmed/Accumulated":2153}},"geometry":{"type":"Point","coordinates":[4.515179591651545,45.475403602540794]}},{"type":"Feature","properties":{"Country/Region":"France","Province/State":"Guadeloupe","Code":"01","Population":{"Total":376879,"Under19":90617,"Under39":71707,"Under59":109452,"Under74":70936,"Over75":34167},"Beds":{"Resuscitation":27,"IntensiveCare":68,"Total":95},"Deaths":143,"Recovered":598,"Severe":143,"Critical":15,"Emergencies":{"Suspected":8,"Total":176,"Severe":5,"Suspected/Accumulated":1560,"Total/Accumulated":50185,"Severe/Accumulated":710},"PCRTests":{"Total":54,"Confirmed":5,"Total/Accumulated":62569,"Confirmed/Accumulated":7642},"Confirmed":106,"MedicalTests":{"Total/Accumulated":51,"Confirmed/Accumulated":17}},"geometry":{"type":"Point","coordinates":[-61.493846272189366,16.20469674556213]}},{"type":"Feature","properties":{"Country/Region":"France","Province/State":"Martinique","Code":"02","Population":{"Total":358749,"Under19":77005,"Under39":65776,"Under59":105638,"Under74":72163,"Over75":38167},"Beds":{"Resuscitation":26,"IntensiveCare":58,"Total":84},"Deaths":31,"Recovered":207,"Severe":72,"Critical":14,"MedicalActs":{"Suspected":3,"Total":85,"Suspected/Accumulated":531,"Total/Accumulated":26676},"PCRTests":{"Total":59,"Confirmed":8,"Total/Accumulated":70015,"Confirmed/Accumulated":4340},"Confirmed":111,"MedicalTests":{"Total/Accumulated":29,"Confirmed/Accumulated":6}},"geometry":{"type":"Point","coordinates":[-60.98265692913386,14.6217557480315]}},{"type":"Feature","properties":{"Country/Region":"France","Province/State":"Provence-Alpes-Côte d'Azur","Code":"93","Population":{"Total":5055651,"Under19":1128765,"Under39":1109058,"Under59":1309879,"Under74":927347,"Over75":580602},"Beds":{"Resuscitation":460,"IntensiveCare":802,"Total":1262},"Deaths":1611,"Recovered":10820,"Severe":2577,"Critical":370,"Emergencies":{"Suspected":240,"Total":2731,"Severe":133,"Suspected/Accumulated":19610,"Total/Accumulated":835860,"Severe/Accumulated":10020},"MedicalActs":{"Suspected":111,"Total":855,"Suspected/Accumulated":13333,"Total/Accumulated":198353},"PCRTests":{"Total":1594,"Confirmed":437,"Total/Accumulated":1556507,"Confirmed/Accumulated":125304},"Confirmed":1927,"MedicalTests":{"Total/Accumulated":80858,"Confirmed/Accumulated":4204}},"geometry":{"type":"Point","coordinates":[5.940587832647462,43.96417941015098]}},{"type":"Feature","properties":{"Country/Region":"France","Province/State":"Corse","Code":"94","Population":{"Total":344679,"Under19":68555,"Under39":76985,"Under59":93175,"Under74":65675,"Over75":40289},"Beds":{"Resuscitation":18,"IntensiveCare":42,"Total":60},"Deaths":78,"Recovered":349,"Severe":77,"Critical":15,"Emergencies":{"Suspected":7,"Total":155,"Severe":6,"Suspected/Accumulated":2500,"Total/Accumulated":56964,"Severe/Accumulated":2238},"MedicalActs":{"Suspected":18,"Total":106,"Suspected/Accumulated":1258,"Total/Accumulated":17985},"PCRTests":{"Total":177,"Confirmed":16,"Total/Accumulated":91955,"Confirmed/Accumulated":4908},"Confirmed":263},"geometry":{"type":"Point","coordinates":[9.019688964401293,42.118564077669916]}},{"type":"Feature","properties":{"Country/Region":"France","Province/State":"Guyane","Code":"03","Population":{"Total":290691,"Under19":120681,"Under39":80023,"Under59":61783,"Under74":22111,"Over75":6093},"Beds":{"Resuscitation":13,"IntensiveCare":12,"Total":25},"Deaths":66,"Recovered":1803,"Severe":19,"Critical":3,"Emergencies":{"Suspected":3,"Total":131,"Suspected/Accumulated":1989,"Total/Accumulated":46959,"Severe/Accumulated":935},"PCRTests":{"Total":60,"Confirmed":5,"Total/Accumulated":68491,"Confirmed/Accumulated":9234},"Confirmed":43,"MedicalTests":{"Total/Accumulated":35,"Confirmed/Accumulated":4}},"geometry":{"type":"Point","coordinates":[-53.41731165390502,3.588901056661561]}},{"type":"Feature","properties":{"Country/Region":"France","Province/State":"La Réunion","Code":"04","Population":{"Total":859959,"Under19":256143,"Under39":202783,"Under59":239212,"Under74":117045,"Over75":44776},"Beds":{"Resuscitation":52,"IntensiveCare":154,"Total":206},"Deaths":32,"Recovered":490,"Severe":64,"Critical":13,"Emergencies":{"Suspected":6,"Total":335,"Severe":1,"Suspected/Accumulated":616,"Total/Accumulated":92953,"Severe/Accumulated":369},"PCRTests":{"Total":155,"Confirmed":16,"Total/Accumulated":202605,"Confirmed/Accumulated":5813},"Confirmed":94,"MedicalTests":{"Total/Accumulated":19,"Confirmed/Accumulated":1}},"geometry":{"type":"Point","coordinates":[55.52943947368424,-21.1374047368421]}},{"type":"Feature","properties":{"Country/Region":"France","Province/State":"Mayotte","Code":"06","Population":{"Total":279471,"Under19":150257,"Under39":74348,"Under59":42900,"Under74":9521,"Over75":2445},"Beds":{"Resuscitation":6,"IntensiveCare":0,"Total":6},"Deaths":30,"Recovered":479,"Severe":15,"Critical":7,"Emergencies":{"Suspected":2,"Total":120,"Severe":1,"Suspected/Accumulated":1938,"Total/Accumulated":25765,"Severe/Accumulated":270},"PCRTests":{"Total":201,"Confirmed":13,"Total/Accumulated":27242,"Confirmed/Accumulated":2777},"Confirmed":128,"MedicalTests":{"Total/Accumulated":4,"Confirmed/Accumulated":1}},"geometry":{"type":"Point","coordinates":[45.14160071428572,-12.835344166666673]}}]}