{"type":"FeatureCollection","features":[{"type":"Feature","properties":{"Country/Region":"France","Province/State":"Île-de-France","Code":"11","Population":{"Total":12278210,"Under19":3140965,"Under39":3409765,"Under59":3210447,"Under74":1658207,"Over75":858826},"Beds":{"Resuscitation":1147,"IntensiveCare":2512,"Total":3659},"Confirmed":2693,"Deaths":36,"Recovered":129,"Severe":957,"Critical":294,"Emergencies":{"Suspected":769,"Total":5190,"Severe":182,"Suspected/Accumulated":4416,"Total/Accumulated":118015,"Severe/Accumulated":1123},"MedicalActs":{"Suspected":255,"Total":1655,"Suspected/Accumulated":1402,"Total/Accumulated":35946},"MedicalTests":{"Total":579,"Confirmed":233,"Total/Accumulated":2106,"Confirmed/Accumulated":692}},"geometry":{"type":"Point","coordinates":[2.5292589766081885,48.704415292397634]}},{"type":"Feature","properties":{"Country/Region":"France","Province/State":"Centre-Val de Loire","Code":"24","Population":{"Total":2559073,"Under19":598570,"Under39":541141,"Under59":661150,"Under74":478923,"Over75":279289},"Beds":{"Resuscitation":180,"IntensiveCare":346,"Total":526},"Confirmed":128,"Deaths":1,"Severe":14,"Critical":5,"Emergencies":{"Suspected":37,"Total":930,"Severe":5,"Suspected/Accumulated":169,"Total/Accumulated":24145,"Severe/Accumulated":33},"MedicalActs":{"Suspected":19,"Total":332,"Suspected/Accumulated":50,"Total/Accumulated":7858},"MedicalTests":{"Total":27,"Total/Accumulated":79,"Confirmed/Accumulated":9}},"geometry":{"type":"Point","coordinates":[1.6429664800000017,47.54357092799999]}},{"type":"Feature","properties":{"Country/Region":"France","Province/State":"Bourgogne-Franche-Comté","Code":"27","Population":{"Total":2783039,"Under19":627017,"Under39":591411,"Under59":715664,"Under74":540051,"Over75":308896},"Beds":{"Resuscitation":198,"IntensiveCare":642,"Total":840},"Confirmed":593,"Deaths":20,"Recovered":25,"Severe":170,"Critical":43,"Emergencies":{"Suspected":178,"Total":1172,"Severe":65,"Suspected/Accumulated":1183,"Total/Accumulated":30080,"Severe/Accumulated":442},"MedicalActs":{"Suspected":43,"Total":230,"Suspected/Accumulated":216,"Total/Accumulated":6040},"MedicalTests":{"Total":48,"Confirmed":8,"Total/Accumulated":77,"Confirmed/Accumulated":16}},"geometry":{"type":"Point","coordinates":[4.731409826897467,47.2969232490013]}},{"type":"Feature","properties":{"Country/Region":"France","Province/State":"Normandie","Code":"28","Population":{"Total":3303500,"Under19":781337,"Under39":727044,"Under59":842963,"Under74":615474,"Over75":336682},"Beds":{"Resuscitation":240,"IntensiveCare":548,"Total":788},"Confirmed":208,"Deaths":3,"Recovered":6,"Severe":45,"Critical":4,"Emergencies":{"Suspected":98,"Total":1337,"Severe":15,"Suspected/Accumulated":400,"Total/Accumulated":34327,"Severe/Accumulated":58},"MedicalActs":{"Suspected":42,"Total":325,"Suspected/Accumulated":234,"Total/Accumulated":10951},"MedicalTests":{"Total":41,"Confirmed":4,"Total/Accumulated":94,"Confirmed/Accumulated":6}},"geometry":{"type":"Point","coordinates":[-0.022673401869158984,49.066630336448576]}},{"type":"Feature","properties":{"Country/Region":"France","Province/State":"Hauts-de-France","Code":"32","Population":{"Total":5962662,"Under19":1525538,"Under39":1443348,"Under59":1522690,"Under74":994313,"Over75":476773},"Beds":{"Resuscitation":438,"IntensiveCare":1338,"Total":1776},"Confirmed":668,"Deaths":55,"Recovered":77,"Severe":313,"Critical":87,"Emergencies":{"Suspected":133,"Total":1853,"Severe":52,"Suspected/Accumulated":842,"Total/Accumulated":51581,"Severe/Accumulated":244},"MedicalActs":{"Suspected":68,"Total":921,"Suspected/Accumulated":298,"Total/Accumulated":23220},"MedicalTests":{"Total":36,"Confirmed":7,"Total/Accumulated":95,"Confirmed/Accumulated":22}},"geometry":{"type":"Point","coordinates":[2.8852615671641804,49.86155781716422]}},{"type":"Feature","properties":{"Country/Region":"France","Province/State":"Grand Est","Code":"44","Population":{"Total":5511747,"Under19":1258123,"Under39":1291962,"Under59":1448828,"Under74":988178,"Over75":524656},"Beds":{"Resuscitation":465,"IntensiveCare":840,"Total":1305},"Confirmed":2163,"Deaths":120,"Recovered":146,"Severe":879,"Critical":204,"Emergencies":{"Suspected":346,"Total":2273,"Severe":148,"Suspected/Accumulated":1702,"Total/Accumulated":52627,"Severe/Accumulated":752},"MedicalActs":{"Suspected":67,"Total":757,"Suspected/Accumulated":543,"Total/Accumulated":14361},"MedicalTests":{"Total":79,"Confirmed":24,"Total/Accumulated":211,"Confirmed/Accumulated":70}},"geometry":{"type":"Point","coordinates":[5.509890203045682,48.670969771573546]}},{"type":"Feature","properties":{"Country/Region":"France","Province/State":"Pays de la Loire","Code":"52","Population":{"Total":3801797,"Under19":933509,"Under39":853729,"Under59":970508,"Under74":667531,"Over75":376520},"Beds":{"Resuscitation":181,"IntensiveCare":572,"Total":753},"Confirmed":128,"Deaths":1,"Recovered":36,"Severe":44,"Critical":13,"Emergencies":{"Suspected":62,"Total":1068,"Severe":20,"Suspected/Accumulated":797,"Total/Accumulated":26783,"Severe/Accumulated":189},"MedicalActs":{"Suspected":72,"Total":497,"Suspected/Accumulated":286,"Total/Accumulated":9819},"MedicalTests":{"Total":5,"Total/Accumulated":11,"Confirmed/Accumulated":3}},"geometry":{"type":"Point","coordinates":[-0.8763313771517983,47.44186302034428]}},{"type":"Feature","properties":{"Country/Region":"France","Province/State":"Bretagne","Code":"53","Population":{"Total":3340379,"Under19":773631,"Under39":714512,"Under59":866988,"Under74":632104,"Over75":353144},"Beds":{"Resuscitation":162,"IntensiveCare":462,"Total":624},"Confirmed":273,"Deaths":7,"Recovered":69,"Severe":60,"Critical":25,"Emergencies":{"Suspected":104,"Total":1276,"Severe":14,"Suspected/Accumulated":980,"Total/Accumulated":30093,"Severe/Accumulated":71},"MedicalActs":{"Suspected":22,"Total":375,"Suspected/Accumulated":99,"Total/Accumulated":8104},"MedicalTests":{"Total":4,"Confirmed":1,"Total/Accumulated":8,"Confirmed/Accumulated":2}},"geometry":{"type":"Point","coordinates":[-3.104342941176476,48.146701189258316]}},{"type":"Feature","properties":{"Country/Region":"France","Province/State":"Nouvelle-Aquitaine","Code":"75","Population":{"Total":5999982,"Under19":1293321,"Under39":1274746,"Under59":1561754,"Under74":1177229,"Over75":692932},"Beds":{"Resuscitation":412,"IntensiveCare":946,"Total":1358},"Confirmed":242,"Deaths":2,"Recovered":11,"Severe":41,"Critical":12,"Emergencies":{"Suspected":158,"Total":2194,"Severe":28,"Suspected/Accumulated":1035,"Total/Accumulated":55582,"Severe/Accumulated":165},"MedicalActs":{"Suspected":149,"Total":1211,"Suspected/Accumulated":965,"Total/Accumulated":26200},"MedicalTests":{"Total":103,"Confirmed":6,"Total/Accumulated":306,"Confirmed/Accumulated":16}},"geometry":{"type":"Point","coordinates":[0.16186906163753495,45.156971701931916]}},{"type":"Feature","properties":{"Country/Region":"France","Province/State":"Occitanie","Code":"76","Population":{"Total":5924858,"Under19":1320456,"Under39":1330125,"Under59":1526711,"Under74":1099893,"Over75":647673},"Beds":{"Resuscitation":474,"IntensiveCare":1206,"Total":1680},"Confirmed":389,"Deaths":10,"Recovered":51,"Severe":99,"Critical":39,"Emergencies":{"Suspected":129,"Total":2088,"Severe":46,"Suspected/Accumulated":874,"Total/Accumulated":59715,"Severe/Accumulated":343},"MedicalActs":{"Suspected":53,"Total":399,"Suspected/Accumulated":244,"Total/Accumulated":8866},"MedicalTests":{"Total":30,"Confirmed":4,"Total/Accumulated":65,"Confirmed/Accumulated":8}},"geometry":{"type":"Point","coordinates":[1.988214846153848,43.761180626373644]}},{"type":"Feature","properties":{"Country/Region":"France","Province/State":"Auvergne-Rhône-Alpes","Code":"84","Population":{"Total":8032377,"Under19":1940253,"Under39":1900702,"Under59":2079813,"Under74":1340003,"Over75":771606},"Beds":{"Resuscitation":559,"IntensiveCare":1136,"Total":1695},"Confirmed":858,"Deaths":27,"Recovered":69,"Severe":172,"Critical":35,"Emergencies":{"Suspected":165,"Total":2836,"Severe":57,"Suspected/Accumulated":883,"Total/Accumulated":76404,"Severe/Accumulated":364},"MedicalActs":{"Suspected":152,"Total":811,"Suspected/Accumulated":721,"Total/Accumulated":18934},"MedicalTests":{"Total":274,"Confirmed":54,"Total/Accumulated":473,"Confirmed/Accumulated":82}},"geometry":{"type":"Point","coordinates":[4.515179591651545,45.475403602540794]}},{"type":"Feature","properties":{"Country/Region":"France","Province/State":"Guadeloupe","Code":"01","Population":{"Total":376879,"Under19":90617,"Under39":71707,"Under59":109452,"Under74":70936,"Over75":34167},"Beds":{"Resuscitation":27,"IntensiveCare":68,"Total":95},"Confirmed":33,"Emergencies":{"Total":154,"Total/Accumulated":4035},"MedicalTests":{"Total/Accumulated":1,"Confirmed/Accumulated":1}},"geometry":{"type":"Point","coordinates":[-61.493846272189366,16.20469674556213]}},{"type":"Feature","properties":{"Country/Region":"France","Province/State":"Martinique","Code":"02","Population":{"Total":358749,"Under19":77005,"Under39":65776,"Under59":105638,"Under74":72163,"Over75":38167},"Beds":{"Resuscitation":26,"IntensiveCare":58,"Total":84},"Confirmed":23,"Deaths":1,"Severe":16,"Critical":5,"MedicalActs":{"Total":123,"Total/Accumulated":2384}},"geometry":{"type":"Point","coordinates":[-60.98265692913386,14.6217557480315]}},{"type":"Feature","properties":{"Country/Region":"France","Province/State":"Provence-Alpes-Côte d'Azur","Code":"93","Population":{"Total":5055651,"Under19":1128765,"Under39":1109058,"Under59":1309879,"Under74":927347,"Over75":580602},"Beds":{"Resuscitation":460,"IntensiveCare":802,"Total":1262},"Confirmed":574,"Deaths":7,"Recovered":202,"Severe":178,"Critical":33,"Emergencies":{"Suspected":146,"Total":2354,"Severe":56,"Suspected/Accumulated":1014,"Total/Accumulated":59205,"Severe/Accumulated":507},"MedicalActs":{"Suspected":101,"Total":715,"Suspected/Accumulated":559,"Total/Accumulated":16619},"MedicalTests":{"Total":150,"Confirmed":24,"Total/Accumulated":350,"Confirmed/Accumulated":39}},"geometry":{"type":"Point","coordinates":[5.940587832647462,43.96417941015098]}},{"type":"Feature","properties":{"Country/Region":"France","Province/State":"Corse","Code":"94","Population":{"Total":344679,"Under19":68555,"Under39":76985,"Under59":93175,"Under74":65675,"Over75":40289},"Beds":{"Resuscitation":18,"IntensiveCare":42,"Total":60},"Confirmed":152,"Emergencies":{"Suspected":27,"Total":120,"Severe":27,"Suspected/Accumulated":362,"Total/Accumulated":3250,"Severe/Accumulated":351},"MedicalActs":{"Suspected":10,"Total":43,"Suspected/Accumulated":77,"Total/Accumulated":1063},"Deaths":7},"geometry":{"type":"Point","coordinates":[9.019688964401293,42.118564077669916]}},{"type":"Feature","properties":{"Country/Region":"France","Province/State":"Guyane","Code":"03","Population":{"Total":290691,"Under19":120681,"Under39":80023,"Under59":61783,"Under74":22111,"Over75":6093},"Beds":{"Resuscitation":13,"IntensiveCare":12,"Total":25},"Confirmed":15,"Recovered":5,"Emergencies":{"Suspected":1,"Total":195,"Suspected/Accumulated":3,"Total/Accumulated":4564}},"geometry":{"type":"Point","coordinates":[-53.41731165390502,3.588901056661561]}},{"type":"Feature","properties":{"Country/Region":"France","Province/State":"La Réunion","Code":"04","Population":{"Total":859959,"Under19":256143,"Under39":202783,"Under59":239212,"Under74":117045,"Over75":44776},"Beds":{"Resuscitation":52,"IntensiveCare":154,"Total":206},"Confirmed":14,"Severe":2,"Critical":2,"Emergencies":{"Total":347,"Suspected/Accumulated":57,"Total/Accumulated":8229,"Severe/Accumulated":53}},"geometry":{"type":"Point","coordinates":[55.52943947368424,-21.1374047368421]}},{"type":"Feature","properties":{"Country/Region":"France","Province/State":"Mayotte","Code":"06","Population":{"Total":279471,"Under19":150257,"Under39":74348,"Under59":42900,"Under74":9521,"Over75":2445},"Beds":{"Resuscitation":6,"IntensiveCare":0,"Total":6},"Confirmed":3,"Severe":3,"Emergencies":{"Suspected":4,"Total":103,"Suspected/Accumulated":4,"Total/Accumulated":2104}},"geometry":{"type":"Point","coordinates":[45.14160071428572,-12.835344166666673]}}]}