{"type":"FeatureCollection","features":[{"type":"Feature","properties":{"Country/Region":"France","Province/State":"Île-de-France","Code":"11","Population":{"Total":12278210,"Under19":3140965,"Under39":3409765,"Under59":3210447,"Under74":1658207,"Over75":858826},"Beds":{"Resuscitation":1147,"IntensiveCare":2512,"Total":3659},"Deaths":6710,"Recovered":22119,"Severe":8164,"Critical":917,"Emergencies":{"Suspected":151,"Total":4274,"Severe":21,"Suspected/Accumulated":48847,"Total/Accumulated":377561,"Severe/Accumulated":15269},"MedicalActs":{"Suspected":54,"Total":1096,"Suspected/Accumulated":11428,"Total/Accumulated":101110},"Confirmed":7660,"MedicalTests":{"Total/Accumulated":73493,"Confirmed/Accumulated":17926}},"geometry":{"type":"Point","coordinates":[2.5292589766081885,48.704415292397634]}},{"type":"Feature","properties":{"Country/Region":"France","Province/State":"Centre-Val de Loire","Code":"24","Population":{"Total":2559073,"Under19":598570,"Under39":541141,"Under59":661150,"Under74":478923,"Over75":279289},"Beds":{"Resuscitation":180,"IntensiveCare":346,"Total":526},"Deaths":471,"Recovered":1577,"Severe":755,"Critical":60,"Emergencies":{"Suspected":18,"Total":997,"Severe":6,"Suspected/Accumulated":4257,"Total/Accumulated":82142,"Severe/Accumulated":1135},"MedicalActs":{"Suspected":19,"Total":294,"Suspected/Accumulated":1001,"Total/Accumulated":20520},"Confirmed":1157,"MedicalTests":{"Total/Accumulated":16066,"Confirmed/Accumulated":1808}},"geometry":{"type":"Point","coordinates":[1.6429664800000017,47.54357092799999]}},{"type":"Feature","properties":{"Country/Region":"France","Province/State":"Bourgogne-Franche-Comté","Code":"27","Population":{"Total":2783039,"Under19":627017,"Under39":591411,"Under59":715664,"Under74":540051,"Over75":308896},"Beds":{"Resuscitation":198,"IntensiveCare":642,"Total":840},"Deaths":959,"Recovered":2975,"Severe":811,"Critical":94,"Emergencies":{"Suspected":28,"Total":1315,"Severe":8,"Suspected/Accumulated":10149,"Total/Accumulated":101875,"Severe/Accumulated":4211},"MedicalActs":{"Suspected":22,"Total":230,"Suspected/Accumulated":1721,"Total/Accumulated":17277},"Confirmed":1569,"MedicalTests":{"Total/Accumulated":13147,"Confirmed/Accumulated":1312}},"geometry":{"type":"Point","coordinates":[4.731409826897467,47.2969232490013]}},{"type":"Feature","properties":{"Country/Region":"France","Province/State":"Normandie","Code":"28","Population":{"Total":3303500,"Under19":781337,"Under39":727044,"Under59":842963,"Under74":615474,"Over75":336682},"Beds":{"Resuscitation":240,"IntensiveCare":548,"Total":788},"Deaths":394,"Recovered":1303,"Severe":464,"Critical":36,"Emergencies":{"Suspected":20,"Total":1464,"Severe":16,"Suspected/Accumulated":4029,"Total/Accumulated":111373,"Severe/Accumulated":1592},"MedicalActs":{"Suspected":18,"Total":407,"Suspected/Accumulated":2452,"Total/Accumulated":29451},"Confirmed":912,"MedicalTests":{"Total/Accumulated":13864,"Confirmed/Accumulated":1331}},"geometry":{"type":"Point","coordinates":[-0.022673401869158984,49.066630336448576]}},{"type":"Feature","properties":{"Country/Region":"France","Province/State":"Hauts-de-France","Code":"32","Population":{"Total":5962662,"Under19":1525538,"Under39":1443348,"Under59":1522690,"Under74":994313,"Over75":476773},"Beds":{"Resuscitation":438,"IntensiveCare":1338,"Total":1776},"Deaths":1616,"Recovered":5111,"Severe":1767,"Critical":186,"Emergencies":{"Suspected":29,"Total":2043,"Severe":13,"Suspected/Accumulated":10978,"Total/Accumulated":173355,"Severe/Accumulated":3999},"MedicalActs":{"Suspected":19,"Total":609,"Suspected/Accumulated":3699,"Total/Accumulated":55497},"Confirmed":3011,"MedicalTests":{"Total/Accumulated":23737,"Confirmed/Accumulated":3234}},"geometry":{"type":"Point","coordinates":[2.8852615671641804,49.86155781716422]}},{"type":"Feature","properties":{"Country/Region":"France","Province/State":"Grand Est","Code":"44","Population":{"Total":5511747,"Under19":1258123,"Under39":1291962,"Under59":1448828,"Under74":988178,"Over75":524656},"Beds":{"Resuscitation":465,"IntensiveCare":840,"Total":1305},"Deaths":3256,"Recovered":9704,"Severe":2834,"Critical":247,"Emergencies":{"Suspected":49,"Total":2369,"Severe":19,"Suspected/Accumulated":15664,"Total/Accumulated":172353,"Severe/Accumulated":7806},"MedicalActs":{"Suspected":35,"Total":618,"Suspected/Accumulated":5716,"Total/Accumulated":49185},"Confirmed":5479,"MedicalTests":{"Total/Accumulated":21017,"Confirmed/Accumulated":3598}},"geometry":{"type":"Point","coordinates":[5.509890203045682,48.670969771573546]}},{"type":"Feature","properties":{"Country/Region":"France","Province/State":"Pays de la Loire","Code":"52","Population":{"Total":3801797,"Under19":933509,"Under39":853729,"Under59":970508,"Under74":667531,"Over75":376520},"Beds":{"Resuscitation":181,"IntensiveCare":572,"Total":753},"Deaths":407,"Recovered":1538,"Severe":497,"Critical":39,"Emergencies":{"Suspected":16,"Total":1315,"Severe":9,"Suspected/Accumulated":6752,"Total/Accumulated":94045,"Severe/Accumulated":3278},"MedicalActs":{"Suspected":24,"Total":490,"Suspected/Accumulated":2673,"Total/Accumulated":32614},"Confirmed":1630,"MedicalTests":{"Total/Accumulated":1409,"Confirmed/Accumulated":77}},"geometry":{"type":"Point","coordinates":[-0.8763313771517983,47.44186302034428]}},{"type":"Feature","properties":{"Country/Region":"France","Province/State":"Bretagne","Code":"53","Population":{"Total":3340379,"Under19":773631,"Under39":714512,"Under59":866988,"Under74":632104,"Over75":353144},"Beds":{"Resuscitation":162,"IntensiveCare":462,"Total":624},"Deaths":235,"Recovered":1033,"Severe":264,"Critical":29,"Emergencies":{"Suspected":11,"Total":1347,"Severe":4,"Suspected/Accumulated":4460,"Total/Accumulated":102560,"Severe/Accumulated":1792},"MedicalActs":{"Suspected":16,"Total":415,"Suspected/Accumulated":1075,"Total/Accumulated":24689},"Confirmed":962,"MedicalTests":{"Total/Accumulated":510,"Confirmed/Accumulated":23}},"geometry":{"type":"Point","coordinates":[-3.104342941176476,48.146701189258316]}},{"type":"Feature","properties":{"Country/Region":"France","Province/State":"Nouvelle-Aquitaine","Code":"75","Population":{"Total":5999982,"Under19":1293321,"Under39":1274746,"Under59":1561754,"Under74":1177229,"Over75":692932},"Beds":{"Resuscitation":412,"IntensiveCare":946,"Total":1358},"Deaths":371,"Recovered":1736,"Severe":433,"Critical":64,"Emergencies":{"Suspected":16,"Total":2583,"Severe":11,"Suspected/Accumulated":9117,"Total/Accumulated":193316,"Severe/Accumulated":4002},"MedicalActs":{"Suspected":42,"Total":1188,"Suspected/Accumulated":6333,"Total/Accumulated":80148},"Confirmed":1007,"MedicalTests":{"Total/Accumulated":26106,"Confirmed/Accumulated":933}},"geometry":{"type":"Point","coordinates":[0.16186906163753495,45.156971701931916]}},{"type":"Feature","properties":{"Country/Region":"France","Province/State":"Occitanie","Code":"76","Population":{"Total":5924858,"Under19":1320456,"Under39":1330125,"Under59":1526711,"Under74":1099893,"Over75":647673},"Beds":{"Resuscitation":474,"IntensiveCare":1206,"Total":1680},"Deaths":469,"Recovered":2492,"Severe":349,"Critical":80,"Emergencies":{"Suspected":30,"Total":2432,"Severe":17,"Suspected/Accumulated":7444,"Total/Accumulated":196059,"Severe/Accumulated":3358},"MedicalActs":{"Suspected":21,"Total":491,"Suspected/Accumulated":2448,"Total/Accumulated":28810},"Confirmed":2374,"MedicalTests":{"Total/Accumulated":61852,"Confirmed/Accumulated":2553}},"geometry":{"type":"Point","coordinates":[1.988214846153848,43.761180626373644]}},{"type":"Feature","properties":{"Country/Region":"France","Province/State":"Auvergne-Rhône-Alpes","Code":"84","Population":{"Total":8032377,"Under19":1940253,"Under39":1900702,"Under59":2079813,"Under74":1340003,"Over75":771606},"Beds":{"Resuscitation":559,"IntensiveCare":1136,"Total":1695},"Deaths":1562,"Recovered":6235,"Severe":1769,"Critical":189,"Emergencies":{"Suspected":40,"Total":3482,"Severe":7,"Suspected/Accumulated":14753,"Total/Accumulated":247019,"Severe/Accumulated":6402},"MedicalActs":{"Suspected":69,"Total":889,"Suspected/Accumulated":6002,"Total/Accumulated":62576},"Confirmed":2093,"MedicalTests":{"Total/Accumulated":22842,"Confirmed/Accumulated":2124}},"geometry":{"type":"Point","coordinates":[4.515179591651545,45.475403602540794]}},{"type":"Feature","properties":{"Country/Region":"France","Province/State":"Guadeloupe","Code":"01","Population":{"Total":376879,"Under19":90617,"Under39":71707,"Under59":109452,"Under74":70936,"Over75":34167},"Beds":{"Resuscitation":27,"IntensiveCare":68,"Total":95},"Deaths":19,"Recovered":72,"Severe":14,"Critical":3,"Confirmed":106,"Emergencies":{"Suspected/Accumulated":222,"Total/Accumulated":13026,"Severe/Accumulated":99},"MedicalTests":{"Total/Accumulated":48,"Confirmed/Accumulated":17}},"geometry":{"type":"Point","coordinates":[-61.493846272189366,16.20469674556213]}},{"type":"Feature","properties":{"Country/Region":"France","Province/State":"Martinique","Code":"02","Population":{"Total":358749,"Under19":77005,"Under39":65776,"Under59":105638,"Under74":72163,"Over75":38167},"Beds":{"Resuscitation":26,"IntensiveCare":58,"Total":84},"Deaths":14,"Recovered":80,"Severe":19,"Critical":5,"Confirmed":111,"MedicalActs":{"Suspected/Accumulated":132,"Total/Accumulated":7764},"MedicalTests":{"Total/Accumulated":26,"Confirmed/Accumulated":6}},"geometry":{"type":"Point","coordinates":[-60.98265692913386,14.6217557480315]}},{"type":"Feature","properties":{"Country/Region":"France","Province/State":"Provence-Alpes-Côte d'Azur","Code":"93","Population":{"Total":5055651,"Under19":1128765,"Under39":1109058,"Under59":1309879,"Under74":927347,"Over75":580602},"Beds":{"Resuscitation":460,"IntensiveCare":802,"Total":1262},"Deaths":836,"Recovered":4537,"Severe":1120,"Critical":122,"Emergencies":{"Suspected":35,"Total":2640,"Severe":21,"Suspected/Accumulated":9989,"Total/Accumulated":197106,"Severe/Accumulated":5140},"MedicalActs":{"Suspected":44,"Total":831,"Suspected/Accumulated":5307,"Total/Accumulated":57457},"Confirmed":1927,"MedicalTests":{"Total/Accumulated":69229,"Confirmed/Accumulated":4115}},"geometry":{"type":"Point","coordinates":[5.940587832647462,43.96417941015098]}},{"type":"Feature","properties":{"Country/Region":"France","Province/State":"Corse","Code":"94","Population":{"Total":344679,"Under19":68555,"Under39":76985,"Under59":93175,"Under74":65675,"Over75":40289},"Beds":{"Resuscitation":18,"IntensiveCare":42,"Total":60},"Deaths":56,"Recovered":211,"Severe":42,"Critical":5,"Emergencies":{"Suspected":6,"Total":166,"Severe":6,"Suspected/Accumulated":2037,"Total/Accumulated":11825,"Severe/Accumulated":1964},"MedicalActs":{"Suspected":10,"Total":78,"Suspected/Accumulated":460,"Total/Accumulated":3097},"Confirmed":263},"geometry":{"type":"Point","coordinates":[9.019688964401293,42.118564077669916]}},{"type":"Feature","properties":{"Country/Region":"France","Province/State":"Guyane","Code":"03","Population":{"Total":290691,"Under19":120681,"Under39":80023,"Under59":61783,"Under74":22111,"Over75":6093},"Beds":{"Resuscitation":13,"IntensiveCare":12,"Total":25},"Deaths":1,"Recovered":43,"Severe":8,"Confirmed":43,"Emergencies":{"Suspected/Accumulated":91,"Total/Accumulated":13277,"Severe/Accumulated":29},"MedicalTests":{"Total/Accumulated":34,"Confirmed/Accumulated":4}},"geometry":{"type":"Point","coordinates":[-53.41731165390502,3.588901056661561]}},{"type":"Feature","properties":{"Country/Region":"France","Province/State":"La Réunion","Code":"04","Population":{"Total":859959,"Under19":256143,"Under39":202783,"Under59":239212,"Under74":117045,"Over75":44776},"Beds":{"Resuscitation":52,"IntensiveCare":154,"Total":206},"Recovered":115,"Severe":12,"Critical":4,"Emergencies":{"Total":341,"Suspected/Accumulated":257,"Total/Accumulated":26443,"Severe/Accumulated":180},"Confirmed":94,"MedicalTests":{"Total/Accumulated":15,"Confirmed/Accumulated":1}},"geometry":{"type":"Point","coordinates":[55.52943947368424,-21.1374047368421]}},{"type":"Feature","properties":{"Country/Region":"France","Province/State":"Mayotte","Code":"06","Population":{"Total":279471,"Under19":150257,"Under39":74348,"Under59":42900,"Under74":9521,"Over75":2445},"Beds":{"Resuscitation":6,"IntensiveCare":0,"Total":6},"Deaths":17,"Recovered":176,"Severe":50,"Critical":11,"Emergencies":{"Suspected":13,"Total":52,"Severe":1,"Suspected/Accumulated":977,"Total/Accumulated":7795,"Severe/Accumulated":163},"Confirmed":128,"MedicalTests":{"Total/Accumulated":3,"Confirmed/Accumulated":1}},"geometry":{"type":"Point","coordinates":[45.14160071428572,-12.835344166666673]}}]}