{"type":"FeatureCollection","features":[{"type":"Feature","properties":{"Country/Region":"France","Province/State":"Île-de-France","Code":"11","Population":{"Total":12278210,"Under19":3140965,"Under39":3409765,"Under59":3210447,"Under74":1658207,"Over75":858826},"Beds":{"Resuscitation":1147,"IntensiveCare":2512,"Total":3659},"Deaths":7407,"Recovered":27107,"Severe":4292,"Critical":330,"Emergencies":{"Suspected":29,"Total":6323,"Severe":10,"Suspected/Accumulated":52830,"Total/Accumulated":600613,"Severe/Accumulated":16137},"MedicalActs":{"Suspected":35,"Total":985,"Suspected/Accumulated":12834,"Total/Accumulated":142861},"Confirmed":7660,"MedicalTests":{"Total/Accumulated":85340,"Confirmed/Accumulated":18277}},"geometry":{"type":"Point","coordinates":[2.5292589766081885,48.704415292397634]}},{"type":"Feature","properties":{"Country/Region":"France","Province/State":"Centre-Val de Loire","Code":"24","Population":{"Total":2559073,"Under19":598570,"Under39":541141,"Under59":661150,"Under74":478923,"Over75":279289},"Beds":{"Resuscitation":180,"IntensiveCare":346,"Total":526},"Deaths":543,"Recovered":1927,"Severe":438,"Critical":19,"Emergencies":{"Suspected":3,"Total":1386,"Suspected/Accumulated":5164,"Total/Accumulated":133745,"Severe/Accumulated":1325},"MedicalActs":{"Suspected":3,"Total":280,"Suspected/Accumulated":1281,"Total/Accumulated":31714},"Confirmed":1157,"MedicalTests":{"Total/Accumulated":20197,"Confirmed/Accumulated":1858}},"geometry":{"type":"Point","coordinates":[1.6429664800000017,47.54357092799999]}},{"type":"Feature","properties":{"Country/Region":"France","Province/State":"Bourgogne-Franche-Comté","Code":"27","Population":{"Total":2783039,"Under19":627017,"Under39":591411,"Under59":715664,"Under74":540051,"Over75":308896},"Beds":{"Resuscitation":198,"IntensiveCare":642,"Total":840},"Deaths":1035,"Recovered":3810,"Severe":167,"Critical":13,"Emergencies":{"Suspected":6,"Total":1918,"Severe":5,"Suspected/Accumulated":11237,"Total/Accumulated":168067,"Severe/Accumulated":4730},"MedicalActs":{"Suspected":5,"Total":189,"Suspected/Accumulated":2040,"Total/Accumulated":25402},"Confirmed":1569,"MedicalTests":{"Total/Accumulated":15673,"Confirmed/Accumulated":1330}},"geometry":{"type":"Point","coordinates":[4.731409826897467,47.2969232490013]}},{"type":"Feature","properties":{"Country/Region":"France","Province/State":"Normandie","Code":"28","Population":{"Total":3303500,"Under19":781337,"Under39":727044,"Under59":842963,"Under74":615474,"Over75":336682},"Beds":{"Resuscitation":240,"IntensiveCare":548,"Total":788},"Deaths":430,"Recovered":1609,"Severe":242,"Critical":10,"Emergencies":{"Suspected":10,"Total":2029,"Severe":4,"Suspected/Accumulated":4654,"Total/Accumulated":182662,"Severe/Accumulated":1945},"MedicalActs":{"Suspected":17,"Total":336,"Suspected/Accumulated":3051,"Total/Accumulated":43482},"Confirmed":912,"MedicalTests":{"Total/Accumulated":17253,"Confirmed/Accumulated":1385}},"geometry":{"type":"Point","coordinates":[-0.022673401869158984,49.066630336448576]}},{"type":"Feature","properties":{"Country/Region":"France","Province/State":"Hauts-de-France","Code":"32","Population":{"Total":5962662,"Under19":1525538,"Under39":1443348,"Under59":1522690,"Under74":994313,"Over75":476773},"Beds":{"Resuscitation":438,"IntensiveCare":1338,"Total":1776},"Deaths":1818,"Recovered":6183,"Severe":1100,"Critical":76,"Emergencies":{"Suspected":15,"Total":3113,"Severe":7,"Suspected/Accumulated":12463,"Total/Accumulated":285139,"Severe/Accumulated":4542},"MedicalActs":{"Suspected":13,"Total":644,"Suspected/Accumulated":4224,"Total/Accumulated":80327},"Confirmed":3011,"MedicalTests":{"Total/Accumulated":31790,"Confirmed/Accumulated":3410}},"geometry":{"type":"Point","coordinates":[2.8852615671641804,49.86155781716422]}},{"type":"Feature","properties":{"Country/Region":"France","Province/State":"Grand Est","Code":"44","Population":{"Total":5511747,"Under19":1258123,"Under39":1291962,"Under59":1448828,"Under74":988178,"Over75":524656},"Beds":{"Resuscitation":465,"IntensiveCare":840,"Total":1305},"Deaths":3546,"Recovered":11951,"Severe":1246,"Critical":64,"Emergencies":{"Suspected":6,"Total":3023,"Severe":2,"Suspected/Accumulated":17414,"Total/Accumulated":280898,"Severe/Accumulated":8475},"MedicalActs":{"Suspected":17,"Total":441,"Suspected/Accumulated":6510,"Total/Accumulated":70206},"Confirmed":5479,"MedicalTests":{"Total/Accumulated":24982,"Confirmed/Accumulated":3702}},"geometry":{"type":"Point","coordinates":[5.509890203045682,48.670969771573546]}},{"type":"Feature","properties":{"Country/Region":"France","Province/State":"Pays de la Loire","Code":"52","Population":{"Total":3801797,"Under19":933509,"Under39":853729,"Under59":970508,"Under74":667531,"Over75":376520},"Beds":{"Resuscitation":181,"IntensiveCare":572,"Total":753},"Deaths":465,"Recovered":2022,"Severe":198,"Critical":8,"Emergencies":{"Suspected":15,"Total":1832,"Severe":8,"Suspected/Accumulated":8201,"Total/Accumulated":157236,"Severe/Accumulated":4172},"MedicalActs":{"Suspected":9,"Total":419,"Suspected/Accumulated":3209,"Total/Accumulated":49439},"Confirmed":1630,"MedicalTests":{"Total/Accumulated":1941,"Confirmed/Accumulated":78}},"geometry":{"type":"Point","coordinates":[-0.8763313771517983,47.44186302034428]}},{"type":"Feature","properties":{"Country/Region":"France","Province/State":"Bretagne","Code":"53","Population":{"Total":3340379,"Under19":773631,"Under39":714512,"Under59":866988,"Under74":632104,"Over75":353144},"Beds":{"Resuscitation":162,"IntensiveCare":462,"Total":624},"Deaths":258,"Recovered":1248,"Severe":110,"Critical":3,"Emergencies":{"Suspected":17,"Total":1951,"Severe":2,"Suspected/Accumulated":5381,"Total/Accumulated":169045,"Severe/Accumulated":2189},"MedicalActs":{"Suspected":2,"Total":260,"Suspected/Accumulated":1386,"Total/Accumulated":36385},"Confirmed":962,"MedicalTests":{"Total/Accumulated":698,"Confirmed/Accumulated":25}},"geometry":{"type":"Point","coordinates":[-3.104342941176476,48.146701189258316]}},{"type":"Feature","properties":{"Country/Region":"France","Province/State":"Nouvelle-Aquitaine","Code":"75","Population":{"Total":5999982,"Under19":1293321,"Under39":1274746,"Under59":1561754,"Under74":1177229,"Over75":692932},"Beds":{"Resuscitation":412,"IntensiveCare":946,"Total":1358},"Deaths":412,"Recovered":2124,"Severe":133,"Critical":14,"Emergencies":{"Suspected":9,"Total":3506,"Severe":5,"Suspected/Accumulated":10244,"Total/Accumulated":321787,"Severe/Accumulated":4432},"MedicalActs":{"Suspected":14,"Total":854,"Suspected/Accumulated":7155,"Total/Accumulated":118325},"Confirmed":1007,"MedicalTests":{"Total/Accumulated":33043,"Confirmed/Accumulated":961}},"geometry":{"type":"Point","coordinates":[0.16186906163753495,45.156971701931916]}},{"type":"Feature","properties":{"Country/Region":"France","Province/State":"Occitanie","Code":"76","Population":{"Total":5924858,"Under19":1320456,"Under39":1330125,"Under59":1526711,"Under74":1099893,"Over75":647673},"Beds":{"Resuscitation":474,"IntensiveCare":1206,"Total":1680},"Deaths":508,"Recovered":2854,"Severe":97,"Critical":14,"Emergencies":{"Suspected":7,"Total":3520,"Severe":5,"Suspected/Accumulated":8615,"Total/Accumulated":328400,"Severe/Accumulated":3896},"MedicalActs":{"Suspected":5,"Total":306,"Suspected/Accumulated":2844,"Total/Accumulated":42415},"Confirmed":2374,"MedicalTests":{"Total/Accumulated":83743,"Confirmed/Accumulated":2680}},"geometry":{"type":"Point","coordinates":[1.988214846153848,43.761180626373644]}},{"type":"Feature","properties":{"Country/Region":"France","Province/State":"Auvergne-Rhône-Alpes","Code":"84","Population":{"Total":8032377,"Under19":1940253,"Under39":1900702,"Under59":2079813,"Under74":1340003,"Over75":771606},"Beds":{"Resuscitation":559,"IntensiveCare":1136,"Total":1695},"Deaths":1727,"Recovered":7622,"Severe":581,"Critical":32,"Emergencies":{"Suspected":13,"Total":4529,"Severe":1,"Suspected/Accumulated":16619,"Total/Accumulated":411588,"Severe/Accumulated":7076},"MedicalActs":{"Suspected":14,"Total":726,"Suspected/Accumulated":7059,"Total/Accumulated":93288},"Confirmed":2093,"MedicalTests":{"Total/Accumulated":27674,"Confirmed/Accumulated":2153}},"geometry":{"type":"Point","coordinates":[4.515179591651545,45.475403602540794]}},{"type":"Feature","properties":{"Country/Region":"France","Province/State":"Guadeloupe","Code":"01","Population":{"Total":376879,"Under19":90617,"Under39":71707,"Under59":109452,"Under74":70936,"Over75":34167},"Beds":{"Resuscitation":27,"IntensiveCare":68,"Total":95},"Deaths":19,"Recovered":80,"Severe":6,"Emergencies":{"Total":179,"Suspected/Accumulated":303,"Total/Accumulated":20660,"Severe/Accumulated":104},"Confirmed":106,"MedicalTests":{"Total/Accumulated":51,"Confirmed/Accumulated":17}},"geometry":{"type":"Point","coordinates":[-61.493846272189366,16.20469674556213]}},{"type":"Feature","properties":{"Country/Region":"France","Province/State":"Martinique","Code":"02","Population":{"Total":358749,"Under19":77005,"Under39":65776,"Under59":105638,"Under74":72163,"Over75":38167},"Beds":{"Resuscitation":26,"IntensiveCare":58,"Total":84},"Deaths":14,"Recovered":89,"Severe":12,"Critical":3,"MedicalActs":{"Total":98,"Suspected/Accumulated":151,"Total/Accumulated":11281},"Confirmed":111,"MedicalTests":{"Total/Accumulated":29,"Confirmed/Accumulated":6}},"geometry":{"type":"Point","coordinates":[-60.98265692913386,14.6217557480315]}},{"type":"Feature","properties":{"Country/Region":"France","Province/State":"Provence-Alpes-Côte d'Azur","Code":"93","Population":{"Total":5055651,"Under19":1128765,"Under39":1109058,"Under59":1309879,"Under74":927347,"Over75":580602},"Beds":{"Resuscitation":460,"IntensiveCare":802,"Total":1262},"Deaths":940,"Recovered":5259,"Severe":636,"Critical":38,"Emergencies":{"Suspected":13,"Total":3664,"Severe":8,"Suspected/Accumulated":11002,"Total/Accumulated":325945,"Severe/Accumulated":5592},"MedicalActs":{"Suspected":11,"Total":679,"Suspected/Accumulated":6065,"Total/Accumulated":84497},"Confirmed":1927,"MedicalTests":{"Total/Accumulated":80858,"Confirmed/Accumulated":4204}},"geometry":{"type":"Point","coordinates":[5.940587832647462,43.96417941015098]}},{"type":"Feature","properties":{"Country/Region":"France","Province/State":"Corse","Code":"94","Population":{"Total":344679,"Under19":68555,"Under39":76985,"Under59":93175,"Under74":65675,"Over75":40289},"Beds":{"Resuscitation":18,"IntensiveCare":42,"Total":60},"Deaths":59,"Recovered":244,"Severe":14,"Critical":1,"Emergencies":{"Total":239,"Suspected/Accumulated":2144,"Total/Accumulated":19458,"Severe/Accumulated":2038},"MedicalActs":{"Total":12,"Suspected/Accumulated":486,"Total/Accumulated":4352},"Confirmed":263},"geometry":{"type":"Point","coordinates":[9.019688964401293,42.118564077669916]}},{"type":"Feature","properties":{"Country/Region":"France","Province/State":"Guyane","Code":"03","Population":{"Total":290691,"Under19":120681,"Under39":80023,"Under59":61783,"Under74":22111,"Over75":6093},"Beds":{"Resuscitation":13,"IntensiveCare":12,"Total":25},"Deaths":8,"Recovered":258,"Severe":118,"Critical":17,"Emergencies":{"Suspected":19,"Total":196,"Severe":10,"Suspected/Accumulated":708,"Total/Accumulated":20604,"Severe/Accumulated":260},"Confirmed":43,"MedicalTests":{"Total/Accumulated":35,"Confirmed/Accumulated":4}},"geometry":{"type":"Point","coordinates":[-53.41731165390502,3.588901056661561]}},{"type":"Feature","properties":{"Country/Region":"France","Province/State":"La Réunion","Code":"04","Population":{"Total":859959,"Under19":256143,"Under39":202783,"Under59":239212,"Under74":117045,"Over75":44776},"Beds":{"Resuscitation":52,"IntensiveCare":154,"Total":206},"Deaths":1,"Recovered":134,"Severe":22,"Critical":3,"Emergencies":{"Total":399,"Suspected/Accumulated":275,"Total/Accumulated":41005,"Severe/Accumulated":190},"Confirmed":94,"MedicalTests":{"Total/Accumulated":19,"Confirmed/Accumulated":1}},"geometry":{"type":"Point","coordinates":[55.52943947368424,-21.1374047368421]}},{"type":"Feature","properties":{"Country/Region":"France","Province/State":"Mayotte","Code":"06","Population":{"Total":279471,"Under19":150257,"Under39":74348,"Under59":42900,"Under74":9521,"Over75":2445},"Beds":{"Resuscitation":6,"IntensiveCare":0,"Total":6},"Deaths":26,"Recovered":340,"Severe":34,"Critical":9,"Emergencies":{"Suspected":20,"Total":119,"Severe":1,"Suspected/Accumulated":1682,"Total/Accumulated":11977,"Severe/Accumulated":228},"Confirmed":128,"MedicalTests":{"Total/Accumulated":4,"Confirmed/Accumulated":1}},"geometry":{"type":"Point","coordinates":[45.14160071428572,-12.835344166666673]}}]}