{"type":"FeatureCollection","features":[{"type":"Feature","properties":{"Country/Region":"France","Province/State":"Île-de-France","Code":"11","Population":{"Total":12278210,"Under19":3140965,"Under39":3409765,"Under59":3210447,"Under74":1658207,"Over75":858826},"Beds":{"Resuscitation":1147,"IntensiveCare":2512,"Total":3659},"Deaths":3937,"Recovered":9790,"Severe":13209,"Critical":2599,"Emergencies":{"Suspected":749,"Total":4239,"Severe":227,"Suspected/Accumulated":37196,"Total/Accumulated":239374,"Severe/Accumulated":12421},"MedicalActs":{"Suspected":120,"Total":1010,"Suspected/Accumulated":9290,"Total/Accumulated":70275},"MedicalTests":{"Total":1903,"Confirmed":522,"Total/Accumulated":37029,"Confirmed/Accumulated":13934},"Confirmed":7660},"geometry":{"type":"Point","coordinates":[2.5292589766081885,48.704415292397634]}},{"type":"Feature","properties":{"Country/Region":"France","Province/State":"Centre-Val de Loire","Code":"24","Population":{"Total":2559073,"Under19":598570,"Under39":541141,"Under59":661150,"Under74":478923,"Over75":279289},"Beds":{"Resuscitation":180,"IntensiveCare":346,"Total":526},"Deaths":227,"Recovered":629,"Severe":996,"Critical":188,"Emergencies":{"Suspected":98,"Total":1042,"Severe":19,"Suspected/Accumulated":2657,"Total/Accumulated":47706,"Severe/Accumulated":729},"MedicalActs":{"Suspected":9,"Total":172,"Suspected/Accumulated":614,"Total/Accumulated":13663},"MedicalTests":{"Total":359,"Confirmed":42,"Total/Accumulated":6115,"Confirmed/Accumulated":1402},"Confirmed":1157},"geometry":{"type":"Point","coordinates":[1.6429664800000017,47.54357092799999]}},{"type":"Feature","properties":{"Country/Region":"France","Province/State":"Bourgogne-Franche-Comté","Code":"27","Population":{"Total":2783039,"Under19":627017,"Under39":591411,"Under59":715664,"Under74":540051,"Over75":308896},"Beds":{"Resuscitation":198,"IntensiveCare":642,"Total":840},"Deaths":551,"Recovered":1488,"Severe":1361,"Critical":285,"Emergencies":{"Suspected":226,"Total":1259,"Severe":71,"Suspected/Accumulated":7415,"Total/Accumulated":60753,"Severe/Accumulated":3059},"MedicalActs":{"Suspected":13,"Total":184,"Suspected/Accumulated":1282,"Total/Accumulated":11520},"MedicalTests":{"Total":446,"Confirmed":71,"Total/Accumulated":4913,"Confirmed/Accumulated":945},"Confirmed":1569},"geometry":{"type":"Point","coordinates":[4.731409826897467,47.2969232490013]}},{"type":"Feature","properties":{"Country/Region":"France","Province/State":"Normandie","Code":"28","Population":{"Total":3303500,"Under19":781337,"Under39":727044,"Under59":842963,"Under74":615474,"Over75":336682},"Beds":{"Resuscitation":240,"IntensiveCare":548,"Total":788},"Deaths":230,"Recovered":626,"Severe":705,"Critical":177,"Emergencies":{"Suspected":71,"Total":1241,"Severe":35,"Suspected/Accumulated":2821,"Total/Accumulated":66120,"Severe/Accumulated":941},"MedicalActs":{"Suspected":30,"Total":253,"Suspected/Accumulated":1943,"Total/Accumulated":19787},"MedicalTests":{"Total":717,"Confirmed":70,"Total/Accumulated":6070,"Confirmed/Accumulated":948},"Confirmed":912},"geometry":{"type":"Point","coordinates":[-0.022673401869158984,49.066630336448576]}},{"type":"Feature","properties":{"Country/Region":"France","Province/State":"Hauts-de-France","Code":"32","Population":{"Total":5962662,"Under19":1525538,"Under39":1443348,"Under59":1522690,"Under74":994313,"Over75":476773},"Beds":{"Resuscitation":438,"IntensiveCare":1338,"Total":1776},"Deaths":920,"Recovered":2184,"Severe":2552,"Critical":538,"Emergencies":{"Suspected":221,"Total":2089,"Severe":80,"Suspected/Accumulated":7828,"Total/Accumulated":101874,"Severe/Accumulated":2698},"MedicalActs":{"Suspected":51,"Total":533,"Suspected/Accumulated":2931,"Total/Accumulated":39621},"MedicalTests":{"Total":545,"Confirmed":112,"Total/Accumulated":7630,"Confirmed/Accumulated":2129},"Confirmed":3011},"geometry":{"type":"Point","coordinates":[2.8852615671641804,49.86155781716422]}},{"type":"Feature","properties":{"Country/Region":"France","Province/State":"Grand Est","Code":"44","Population":{"Total":5511747,"Under19":1258123,"Under39":1291962,"Under59":1448828,"Under74":988178,"Over75":524656},"Beds":{"Resuscitation":465,"IntensiveCare":840,"Total":1305},"Deaths":2166,"Recovered":4928,"Severe":4993,"Critical":872,"Emergencies":{"Suspected":227,"Total":1928,"Severe":102,"Suspected/Accumulated":12510,"Total/Accumulated":105187,"Severe/Accumulated":6234},"MedicalActs":{"Suspected":59,"Total":496,"Suspected/Accumulated":4504,"Total/Accumulated":32756},"MedicalTests":{"Total":941,"Confirmed":214,"Total/Accumulated":11332,"Confirmed/Accumulated":2901},"Confirmed":5479},"geometry":{"type":"Point","coordinates":[5.509890203045682,48.670969771573546]}},{"type":"Feature","properties":{"Country/Region":"France","Province/State":"Pays de la Loire","Code":"52","Population":{"Total":3801797,"Under19":933509,"Under39":853729,"Under59":970508,"Under74":667531,"Over75":376520},"Beds":{"Resuscitation":181,"IntensiveCare":572,"Total":753},"Deaths":209,"Recovered":749,"Severe":820,"Critical":155,"Emergencies":{"Suspected":117,"Total":1121,"Severe":60,"Suspected/Accumulated":4835,"Total/Accumulated":54627,"Severe/Accumulated":2135},"MedicalActs":{"Suspected":27,"Total":328,"Suspected/Accumulated":2072,"Total/Accumulated":20646},"MedicalTests":{"Total":12,"Confirmed":1,"Total/Accumulated":556,"Confirmed/Accumulated":60},"Confirmed":1630},"geometry":{"type":"Point","coordinates":[-0.8763313771517983,47.44186302034428]}},{"type":"Feature","properties":{"Country/Region":"France","Province/State":"Bretagne","Code":"53","Population":{"Total":3340379,"Under19":773631,"Under39":714512,"Under59":866988,"Under74":632104,"Over75":353144},"Beds":{"Resuscitation":162,"IntensiveCare":462,"Total":624},"Deaths":149,"Recovered":511,"Severe":514,"Critical":117,"Emergencies":{"Suspected":57,"Total":1270,"Severe":36,"Suspected/Accumulated":3310,"Total/Accumulated":60806,"Severe/Accumulated":1040},"MedicalActs":{"Suspected":10,"Total":262,"Suspected/Accumulated":790,"Total/Accumulated":16266},"MedicalTests":{"Total":4,"Total/Accumulated":141,"Confirmed/Accumulated":16},"Confirmed":962},"geometry":{"type":"Point","coordinates":[-3.104342941176476,48.146701189258316]}},{"type":"Feature","properties":{"Country/Region":"France","Province/State":"Nouvelle-Aquitaine","Code":"75","Population":{"Total":5999982,"Under19":1293321,"Under39":1274746,"Under59":1561754,"Under74":1177229,"Over75":692932},"Beds":{"Resuscitation":412,"IntensiveCare":946,"Total":1358},"Deaths":207,"Recovered":866,"Severe":866,"Critical":251,"Emergencies":{"Suspected":165,"Total":2494,"Severe":97,"Suspected/Accumulated":6917,"Total/Accumulated":111873,"Severe/Accumulated":2788},"MedicalActs":{"Suspected":65,"Total":793,"Suspected/Accumulated":5012,"Total/Accumulated":52514},"MedicalTests":{"Total":1066,"Confirmed":62,"Total/Accumulated":8798,"Confirmed/Accumulated":694},"Confirmed":1007},"geometry":{"type":"Point","coordinates":[0.16186906163753495,45.156971701931916]}},{"type":"Feature","properties":{"Country/Region":"France","Province/State":"Occitanie","Code":"76","Population":{"Total":5924858,"Under19":1320456,"Under39":1330125,"Under59":1526711,"Under74":1099893,"Over75":647673},"Beds":{"Resuscitation":474,"IntensiveCare":1206,"Total":1680},"Deaths":266,"Recovered":1360,"Severe":962,"Critical":279,"Emergencies":{"Suspected":159,"Total":2456,"Severe":51,"Suspected/Accumulated":5359,"Total/Accumulated":114630,"Severe/Accumulated":2414},"MedicalActs":{"Suspected":21,"Total":273,"Suspected/Accumulated":1863,"Total/Accumulated":18354},"MedicalTests":{"Total":1786,"Confirmed":85,"Total/Accumulated":20848,"Confirmed/Accumulated":1842},"Confirmed":2374},"geometry":{"type":"Point","coordinates":[1.988214846153848,43.761180626373644]}},{"type":"Feature","properties":{"Country/Region":"France","Province/State":"Auvergne-Rhône-Alpes","Code":"84","Population":{"Total":8032377,"Under19":1940253,"Under39":1900702,"Under59":2079813,"Under74":1340003,"Over75":771606},"Beds":{"Resuscitation":559,"IntensiveCare":1136,"Total":1695},"Deaths":836,"Recovered":3081,"Severe":3044,"Critical":659,"Emergencies":{"Suspected":321,"Total":3115,"Severe":134,"Suspected/Accumulated":11436,"Total/Accumulated":147661,"Severe/Accumulated":4990},"MedicalActs":{"Suspected":45,"Total":670,"Suspected/Accumulated":4533,"Total/Accumulated":40246},"MedicalTests":{"Total":717,"Confirmed":89,"Total/Accumulated":10061,"Confirmed/Accumulated":1580},"Confirmed":2093},"geometry":{"type":"Point","coordinates":[4.515179591651545,45.475403602540794]}},{"type":"Feature","properties":{"Country/Region":"France","Province/State":"Guadeloupe","Code":"01","Population":{"Total":376879,"Under19":90617,"Under39":71707,"Under59":109452,"Under74":70936,"Over75":34167},"Beds":{"Resuscitation":27,"IntensiveCare":68,"Total":95},"Deaths":10,"Recovered":51,"Severe":41,"Critical":18,"Emergencies":{"Suspected":12,"Total":160,"Severe":3,"Suspected/Accumulated":163,"Total/Accumulated":7743,"Severe/Accumulated":64},"MedicalTests":{"Total":2,"Confirmed":1,"Total/Accumulated":29,"Confirmed/Accumulated":13},"Confirmed":106},"geometry":{"type":"Point","coordinates":[-61.493846272189366,16.20469674556213]}},{"type":"Feature","properties":{"Country/Region":"France","Province/State":"Martinique","Code":"02","Population":{"Total":358749,"Under19":77005,"Under39":65776,"Under59":105638,"Under74":72163,"Over75":38167},"Beds":{"Resuscitation":26,"IntensiveCare":58,"Total":84},"Deaths":6,"Recovered":52,"Severe":39,"Critical":16,"MedicalActs":{"Suspected":3,"Total":122,"Suspected/Accumulated":79,"Total/Accumulated":5069},"Confirmed":111,"MedicalTests":{"Total/Accumulated":15,"Confirmed/Accumulated":4}},"geometry":{"type":"Point","coordinates":[-60.98265692913386,14.6217557480315]}},{"type":"Feature","properties":{"Country/Region":"France","Province/State":"Provence-Alpes-Côte d'Azur","Code":"93","Population":{"Total":5055651,"Under19":1128765,"Under39":1109058,"Under59":1309879,"Under74":927347,"Over75":580602},"Beds":{"Resuscitation":460,"IntensiveCare":802,"Total":1262},"Deaths":374,"Recovered":2240,"Severe":1894,"Critical":422,"Emergencies":{"Suspected":146,"Total":2244,"Severe":63,"Suspected/Accumulated":7208,"Total/Accumulated":117007,"Severe/Accumulated":3678},"MedicalActs":{"Suspected":91,"Total":631,"Suspected/Accumulated":4023,"Total/Accumulated":36639},"MedicalTests":{"Total":3392,"Confirmed":154,"Total/Accumulated":29858,"Confirmed/Accumulated":3229},"Confirmed":1927},"geometry":{"type":"Point","coordinates":[5.940587832647462,43.96417941015098]}},{"type":"Feature","properties":{"Country/Region":"France","Province/State":"Corse","Code":"94","Population":{"Total":344679,"Under19":68555,"Under39":76985,"Under59":93175,"Under74":65675,"Over75":40289},"Beds":{"Resuscitation":18,"IntensiveCare":42,"Total":60},"Deaths":38,"Recovered":129,"Severe":74,"Critical":16,"Emergencies":{"Suspected":27,"Total":153,"Severe":25,"Suspected/Accumulated":1365,"Total/Accumulated":6862,"Severe/Accumulated":1314},"MedicalActs":{"Suspected":3,"Total":34,"Suspected/Accumulated":373,"Total/Accumulated":2081},"Confirmed":263},"geometry":{"type":"Point","coordinates":[9.019688964401293,42.118564077669916]}},{"type":"Feature","properties":{"Country/Region":"France","Province/State":"Guyane","Code":"03","Population":{"Total":290691,"Under19":120681,"Under39":80023,"Under59":61783,"Under74":22111,"Over75":6093},"Beds":{"Resuscitation":13,"IntensiveCare":12,"Total":25},"Recovered":15,"Severe":18,"Critical":1,"Emergencies":{"Suspected":2,"Total":159,"Suspected/Accumulated":45,"Total/Accumulated":8566,"Severe/Accumulated":10},"Confirmed":43,"MedicalTests":{"Total/Accumulated":26,"Confirmed/Accumulated":4}},"geometry":{"type":"Point","coordinates":[-53.41731165390502,3.588901056661561]}},{"type":"Feature","properties":{"Country/Region":"France","Province/State":"La Réunion","Code":"04","Population":{"Total":859959,"Under19":256143,"Under39":202783,"Under59":239212,"Under74":117045,"Over75":44776},"Beds":{"Resuscitation":52,"IntensiveCare":154,"Total":206},"Recovered":72,"Severe":28,"Critical":3,"Emergencies":{"Suspected":2,"Total":339,"Suspected/Accumulated":218,"Total/Accumulated":15744,"Severe/Accumulated":151},"Confirmed":94,"MedicalTests":{"Total/Accumulated":4}},"geometry":{"type":"Point","coordinates":[55.52943947368424,-21.1374047368421]}},{"type":"Feature","properties":{"Country/Region":"France","Province/State":"Mayotte","Code":"06","Population":{"Total":279471,"Under19":150257,"Under39":74348,"Under59":42900,"Under74":9521,"Over75":2445},"Beds":{"Resuscitation":6,"IntensiveCare":0,"Total":6},"Deaths":3,"Recovered":35,"Severe":15,"Critical":3,"Emergencies":{"Suspected":14,"Total":115,"Severe":3,"Suspected/Accumulated":220,"Total/Accumulated":4301,"Severe/Accumulated":55},"Confirmed":128,"MedicalTests":{"Total/Accumulated":2,"Confirmed/Accumulated":1}},"geometry":{"type":"Point","coordinates":[45.14160071428572,-12.835344166666673]}}]}