{"type":"FeatureCollection","features":[{"type":"Feature","properties":{"Country/Region":"France","Province/State":"Île-de-France","Code":"11","Population":{"Total":12278210,"Under19":3140965,"Under39":3409765,"Under59":3210447,"Under74":1658207,"Over75":858826},"Beds":{"Resuscitation":1147,"IntensiveCare":2512,"Total":3659},"Deaths":7533,"Recovered":28735,"Severe":3096,"Critical":233,"Emergencies":{"Suspected":81,"Total":6383,"Severe":15,"Suspected/Accumulated":54247,"Total/Accumulated":783926,"Severe/Accumulated":16425},"MedicalActs":{"Suspected":54,"Total":1161,"Suspected/Accumulated":14319,"Total/Accumulated":179353},"Confirmed":7660,"MedicalTests":{"Total/Accumulated":85340,"Confirmed/Accumulated":18277}},"geometry":{"type":"Point","coordinates":[2.5292589766081885,48.704415292397634]}},{"type":"Feature","properties":{"Country/Region":"France","Province/State":"Centre-Val de Loire","Code":"24","Population":{"Total":2559073,"Under19":598570,"Under39":541141,"Under59":661150,"Under74":478923,"Over75":279289},"Beds":{"Resuscitation":180,"IntensiveCare":346,"Total":526},"Deaths":555,"Recovered":2057,"Severe":307,"Critical":11,"Emergencies":{"Suspected":9,"Total":1597,"Severe":2,"Suspected/Accumulated":5330,"Total/Accumulated":176216,"Severe/Accumulated":1358},"MedicalActs":{"Suspected":7,"Total":394,"Suspected/Accumulated":1553,"Total/Accumulated":41893},"Confirmed":1157,"MedicalTests":{"Total/Accumulated":20197,"Confirmed/Accumulated":1858}},"geometry":{"type":"Point","coordinates":[1.6429664800000017,47.54357092799999]}},{"type":"Feature","properties":{"Country/Region":"France","Province/State":"Bourgogne-Franche-Comté","Code":"27","Population":{"Total":2783039,"Under19":627017,"Under39":591411,"Under59":715664,"Under74":540051,"Over75":308896},"Beds":{"Resuscitation":198,"IntensiveCare":642,"Total":840},"Deaths":1061,"Recovered":3994,"Severe":59,"Critical":6,"Emergencies":{"Suspected":18,"Total":1998,"Severe":7,"Suspected/Accumulated":11621,"Total/Accumulated":224866,"Severe/Accumulated":4853},"MedicalActs":{"Suspected":7,"Total":271,"Suspected/Accumulated":2256,"Total/Accumulated":32679},"Confirmed":1569,"MedicalTests":{"Total/Accumulated":15673,"Confirmed/Accumulated":1330}},"geometry":{"type":"Point","coordinates":[4.731409826897467,47.2969232490013]}},{"type":"Feature","properties":{"Country/Region":"France","Province/State":"Normandie","Code":"28","Population":{"Total":3303500,"Under19":781337,"Under39":727044,"Under59":842963,"Under74":615474,"Over75":336682},"Beds":{"Resuscitation":240,"IntensiveCare":548,"Total":788},"Deaths":440,"Recovered":1727,"Severe":186,"Critical":7,"Emergencies":{"Suspected":5,"Total":2147,"Severe":4,"Suspected/Accumulated":4906,"Total/Accumulated":241459,"Severe/Accumulated":2095},"MedicalActs":{"Suspected":15,"Total":400,"Suspected/Accumulated":3755,"Total/Accumulated":55920},"Confirmed":912,"MedicalTests":{"Total/Accumulated":17253,"Confirmed/Accumulated":1385}},"geometry":{"type":"Point","coordinates":[-0.022673401869158984,49.066630336448576]}},{"type":"Feature","properties":{"Country/Region":"France","Province/State":"Hauts-de-France","Code":"32","Population":{"Total":5962662,"Under19":1525538,"Under39":1443348,"Under59":1522690,"Under74":994313,"Over75":476773},"Beds":{"Resuscitation":438,"IntensiveCare":1338,"Total":1776},"Deaths":1896,"Recovered":6804,"Severe":582,"Critical":34,"Emergencies":{"Suspected":6,"Total":2927,"Severe":2,"Suspected/Accumulated":12848,"Total/Accumulated":375491,"Severe/Accumulated":4665},"MedicalActs":{"Suspected":17,"Total":981,"Suspected/Accumulated":4854,"Total/Accumulated":105199},"Confirmed":3011,"MedicalTests":{"Total/Accumulated":31790,"Confirmed/Accumulated":3410}},"geometry":{"type":"Point","coordinates":[2.8852615671641804,49.86155781716422]}},{"type":"Feature","properties":{"Country/Region":"France","Province/State":"Grand Est","Code":"44","Population":{"Total":5511747,"Under19":1258123,"Under39":1291962,"Under59":1448828,"Under74":988178,"Over75":524656},"Beds":{"Resuscitation":465,"IntensiveCare":840,"Total":1305},"Deaths":3601,"Recovered":12524,"Severe":817,"Critical":34,"Emergencies":{"Suspected":15,"Total":3089,"Severe":6,"Suspected/Accumulated":17728,"Total/Accumulated":370676,"Severe/Accumulated":8607},"MedicalActs":{"Suspected":26,"Total":514,"Suspected/Accumulated":7156,"Total/Accumulated":87842},"Confirmed":5479,"MedicalTests":{"Total/Accumulated":24982,"Confirmed/Accumulated":3702}},"geometry":{"type":"Point","coordinates":[5.509890203045682,48.670969771573546]}},{"type":"Feature","properties":{"Country/Region":"France","Province/State":"Pays de la Loire","Code":"52","Population":{"Total":3801797,"Under19":933509,"Under39":853729,"Under59":970508,"Under74":667531,"Over75":376520},"Beds":{"Resuscitation":181,"IntensiveCare":572,"Total":753},"Deaths":474,"Recovered":2158,"Severe":126,"Critical":8,"Emergencies":{"Suspected":14,"Total":1935,"Severe":8,"Suspected/Accumulated":8697,"Total/Accumulated":210103,"Severe/Accumulated":4443},"MedicalActs":{"Suspected":22,"Total":486,"Suspected/Accumulated":3903,"Total/Accumulated":63925},"Confirmed":1630,"MedicalTests":{"Total/Accumulated":1941,"Confirmed/Accumulated":78}},"geometry":{"type":"Point","coordinates":[-0.8763313771517983,47.44186302034428]}},{"type":"Feature","properties":{"Country/Region":"France","Province/State":"Bretagne","Code":"53","Population":{"Total":3340379,"Under19":773631,"Under39":714512,"Under59":866988,"Under74":632104,"Over75":353144},"Beds":{"Resuscitation":162,"IntensiveCare":462,"Total":624},"Deaths":262,"Recovered":1307,"Severe":75,"Critical":3,"Emergencies":{"Suspected":11,"Total":2011,"Severe":2,"Suspected/Accumulated":5836,"Total/Accumulated":225242,"Severe/Accumulated":2263},"MedicalActs":{"Suspected":19,"Total":370,"Suspected/Accumulated":1839,"Total/Accumulated":46926},"Confirmed":962,"MedicalTests":{"Total/Accumulated":698,"Confirmed/Accumulated":25}},"geometry":{"type":"Point","coordinates":[-3.104342941176476,48.146701189258316]}},{"type":"Feature","properties":{"Country/Region":"France","Province/State":"Nouvelle-Aquitaine","Code":"75","Population":{"Total":5999982,"Under19":1293321,"Under39":1274746,"Under59":1561754,"Under74":1177229,"Over75":692932},"Beds":{"Resuscitation":412,"IntensiveCare":946,"Total":1358},"Deaths":424,"Recovered":2224,"Severe":63,"Critical":12,"Emergencies":{"Suspected":14,"Total":4214,"Severe":7,"Suspected/Accumulated":10586,"Total/Accumulated":431276,"Severe/Accumulated":4550},"MedicalActs":{"Suspected":28,"Total":1121,"Suspected/Accumulated":8141,"Total/Accumulated":151504},"Confirmed":1007,"MedicalTests":{"Total/Accumulated":33043,"Confirmed/Accumulated":961}},"geometry":{"type":"Point","coordinates":[0.16186906163753495,45.156971701931916]}},{"type":"Feature","properties":{"Country/Region":"France","Province/State":"Occitanie","Code":"76","Population":{"Total":5924858,"Under19":1320456,"Under39":1330125,"Under59":1526711,"Under74":1099893,"Over75":647673},"Beds":{"Resuscitation":474,"IntensiveCare":1206,"Total":1680},"Deaths":513,"Recovered":2933,"Severe":42,"Critical":6,"Emergencies":{"Suspected":17,"Total":4094,"Severe":4,"Suspected/Accumulated":8903,"Total/Accumulated":440555,"Severe/Accumulated":3996},"MedicalActs":{"Suspected":10,"Total":397,"Suspected/Accumulated":3217,"Total/Accumulated":53993},"Confirmed":2374,"MedicalTests":{"Total/Accumulated":83743,"Confirmed/Accumulated":2680}},"geometry":{"type":"Point","coordinates":[1.988214846153848,43.761180626373644]}},{"type":"Feature","properties":{"Country/Region":"France","Province/State":"Auvergne-Rhône-Alpes","Code":"84","Population":{"Total":8032377,"Under19":1940253,"Under39":1900702,"Under59":2079813,"Under74":1340003,"Over75":771606},"Beds":{"Resuscitation":559,"IntensiveCare":1136,"Total":1695},"Deaths":1752,"Recovered":7879,"Severe":420,"Critical":18,"Emergencies":{"Suspected":30,"Total":5017,"Severe":4,"Suspected/Accumulated":17282,"Total/Accumulated":550342,"Severe/Accumulated":7230},"MedicalActs":{"Suspected":47,"Total":916,"Suspected/Accumulated":8283,"Total/Accumulated":119513},"Confirmed":2093,"MedicalTests":{"Total/Accumulated":27674,"Confirmed/Accumulated":2153}},"geometry":{"type":"Point","coordinates":[4.515179591651545,45.475403602540794]}},{"type":"Feature","properties":{"Country/Region":"France","Province/State":"Guadeloupe","Code":"01","Population":{"Total":376879,"Under19":90617,"Under39":71707,"Under59":109452,"Under74":70936,"Over75":34167},"Beds":{"Resuscitation":27,"IntensiveCare":68,"Total":95},"Deaths":19,"Recovered":83,"Severe":8,"Critical":1,"Emergencies":{"Total":199,"Suspected/Accumulated":333,"Total/Accumulated":26604,"Severe/Accumulated":104},"Confirmed":106,"MedicalTests":{"Total/Accumulated":51,"Confirmed/Accumulated":17}},"geometry":{"type":"Point","coordinates":[-61.493846272189366,16.20469674556213]}},{"type":"Feature","properties":{"Country/Region":"France","Province/State":"Martinique","Code":"02","Population":{"Total":358749,"Under19":77005,"Under39":65776,"Under59":105638,"Under74":72163,"Over75":38167},"Beds":{"Resuscitation":26,"IntensiveCare":58,"Total":84},"Deaths":15,"Recovered":92,"Severe":12,"Critical":5,"MedicalActs":{"Suspected":1,"Total":110,"Suspected/Accumulated":163,"Total/Accumulated":13967},"Confirmed":111,"MedicalTests":{"Total/Accumulated":29,"Confirmed/Accumulated":6}},"geometry":{"type":"Point","coordinates":[-60.98265692913386,14.6217557480315]}},{"type":"Feature","properties":{"Country/Region":"France","Province/State":"Provence-Alpes-Côte d'Azur","Code":"93","Population":{"Total":5055651,"Under19":1128765,"Under39":1109058,"Under59":1309879,"Under74":927347,"Over75":580602},"Beds":{"Resuscitation":460,"IntensiveCare":802,"Total":1262},"Deaths":959,"Recovered":5592,"Severe":454,"Critical":23,"Emergencies":{"Suspected":15,"Total":4034,"Severe":7,"Suspected/Accumulated":11343,"Total/Accumulated":439835,"Severe/Accumulated":5703},"MedicalActs":{"Suspected":32,"Total":830,"Suspected/Accumulated":6880,"Total/Accumulated":108883},"Confirmed":1927,"MedicalTests":{"Total/Accumulated":80858,"Confirmed/Accumulated":4204}},"geometry":{"type":"Point","coordinates":[5.940587832647462,43.96417941015098]}},{"type":"Feature","properties":{"Country/Region":"France","Province/State":"Corse","Code":"94","Population":{"Total":344679,"Under19":68555,"Under39":76985,"Under59":93175,"Under74":65675,"Over75":40289},"Beds":{"Resuscitation":18,"IntensiveCare":42,"Total":60},"Deaths":59,"Recovered":248,"Severe":11,"Critical":1,"Emergencies":{"Suspected":1,"Total":325,"Suspected/Accumulated":2177,"Total/Accumulated":27708,"Severe/Accumulated":2051},"MedicalActs":{"Total":53,"Suspected/Accumulated":501,"Total/Accumulated":5133},"Confirmed":263},"geometry":{"type":"Point","coordinates":[9.019688964401293,42.118564077669916]}},{"type":"Feature","properties":{"Country/Region":"France","Province/State":"Guyane","Code":"03","Population":{"Total":290691,"Under19":120681,"Under39":80023,"Under59":61783,"Under74":22111,"Over75":6093},"Beds":{"Resuscitation":13,"IntensiveCare":12,"Total":25},"Deaths":37,"Recovered":811,"Severe":146,"Critical":21,"Emergencies":{"Suspected":11,"Total":148,"Severe":9,"Suspected/Accumulated":1441,"Total/Accumulated":25647,"Severe/Accumulated":592},"Confirmed":43,"MedicalTests":{"Total/Accumulated":35,"Confirmed/Accumulated":4}},"geometry":{"type":"Point","coordinates":[-53.41731165390502,3.588901056661561]}},{"type":"Feature","properties":{"Country/Region":"France","Province/State":"La Réunion","Code":"04","Population":{"Total":859959,"Under19":256143,"Under39":202783,"Under59":239212,"Under74":117045,"Over75":44776},"Beds":{"Resuscitation":52,"IntensiveCare":154,"Total":206},"Deaths":3,"Recovered":152,"Severe":29,"Critical":5,"Emergencies":{"Suspected":2,"Total":405,"Severe":1,"Suspected/Accumulated":290,"Total/Accumulated":52321,"Severe/Accumulated":198},"Confirmed":94,"MedicalTests":{"Total/Accumulated":19,"Confirmed/Accumulated":1}},"geometry":{"type":"Point","coordinates":[55.52943947368424,-21.1374047368421]}},{"type":"Feature","properties":{"Country/Region":"France","Province/State":"Mayotte","Code":"06","Population":{"Total":279471,"Under19":150257,"Under39":74348,"Under59":42900,"Under74":9521,"Over75":2445},"Beds":{"Resuscitation":6,"IntensiveCare":0,"Total":6},"Deaths":28,"Recovered":403,"Severe":7,"Critical":2,"Emergencies":{"Suspected":1,"Total":96,"Suspected/Accumulated":1851,"Total/Accumulated":14908,"Severe/Accumulated":239},"Confirmed":128,"MedicalTests":{"Total/Accumulated":4,"Confirmed/Accumulated":1}},"geometry":{"type":"Point","coordinates":[45.14160071428572,-12.835344166666673]}}]}