{"type":"FeatureCollection","features":[{"type":"Feature","properties":{"Country/Region":"France","Province/State":"Île-de-France","Code":"11","Population":{"Total":12278210,"Under19":3140965,"Under39":3409765,"Under59":3210447,"Under74":1658207,"Over75":858826},"Beds":{"Resuscitation":1147,"IntensiveCare":2512,"Total":3659},"Deaths":7563,"Recovered":29392,"Severe":2635,"Critical":181,"Emergencies":{"Suspected":79,"Total":6268,"Severe":16,"Suspected/Accumulated":54896,"Total/Accumulated":834844,"Severe/Accumulated":16548},"MedicalActs":{"Suspected":53,"Total":1136,"Suspected/Accumulated":14791,"Total/Accumulated":188922},"PCRTests":{"Total":24446,"Confirmed":573,"Total/Accumulated":717691,"Confirmed/Accumulated":12960},"Confirmed":7660,"MedicalTests":{"Total/Accumulated":85340,"Confirmed/Accumulated":18277}},"geometry":{"type":"Point","coordinates":[2.5292589766081885,48.704415292397634]}},{"type":"Feature","properties":{"Country/Region":"France","Province/State":"Centre-Val de Loire","Code":"24","Population":{"Total":2559073,"Under19":598570,"Under39":541141,"Under59":661150,"Under74":478923,"Over75":279289},"Beds":{"Resuscitation":180,"IntensiveCare":346,"Total":526},"Deaths":557,"Recovered":2131,"Severe":241,"Critical":12,"Emergencies":{"Suspected":10,"Total":1495,"Severe":4,"Suspected/Accumulated":5410,"Total/Accumulated":188363,"Severe/Accumulated":1380},"MedicalActs":{"Suspected":11,"Total":385,"Suspected/Accumulated":1628,"Total/Accumulated":45082},"PCRTests":{"Total":2502,"Confirmed":25,"Total/Accumulated":100307,"Confirmed/Accumulated":1190},"Confirmed":1157,"MedicalTests":{"Total/Accumulated":20197,"Confirmed/Accumulated":1858}},"geometry":{"type":"Point","coordinates":[1.6429664800000017,47.54357092799999]}},{"type":"Feature","properties":{"Country/Region":"France","Province/State":"Bourgogne-Franche-Comté","Code":"27","Population":{"Total":2783039,"Under19":627017,"Under39":591411,"Under59":715664,"Under74":540051,"Over75":308896},"Beds":{"Resuscitation":198,"IntensiveCare":642,"Total":840},"Deaths":1061,"Recovered":4049,"Severe":23,"Critical":4,"Emergencies":{"Suspected":14,"Total":1936,"Severe":4,"Suspected/Accumulated":11759,"Total/Accumulated":241577,"Severe/Accumulated":4901},"MedicalActs":{"Suspected":12,"Total":249,"Suspected/Accumulated":2336,"Total/Accumulated":34894},"PCRTests":{"Total":2739,"Confirmed":19,"Total/Accumulated":131705,"Confirmed/Accumulated":1044},"Confirmed":1569,"MedicalTests":{"Total/Accumulated":15673,"Confirmed/Accumulated":1330}},"geometry":{"type":"Point","coordinates":[4.731409826897467,47.2969232490013]}},{"type":"Feature","properties":{"Country/Region":"France","Province/State":"Normandie","Code":"28","Population":{"Total":3303500,"Under19":781337,"Under39":727044,"Under59":842963,"Under74":615474,"Over75":336682},"Beds":{"Resuscitation":240,"IntensiveCare":548,"Total":788},"Deaths":440,"Recovered":1780,"Severe":144,"Critical":7,"Emergencies":{"Suspected":7,"Total":2284,"Severe":5,"Suspected/Accumulated":4976,"Total/Accumulated":258250,"Severe/Accumulated":2137},"MedicalActs":{"Suspected":11,"Total":420,"Suspected/Accumulated":3886,"Total/Accumulated":59492},"PCRTests":{"Total":3362,"Confirmed":23,"Total/Accumulated":159744,"Confirmed/Accumulated":1133},"Confirmed":912,"MedicalTests":{"Total/Accumulated":17253,"Confirmed/Accumulated":1385}},"geometry":{"type":"Point","coordinates":[-0.022673401869158984,49.066630336448576]}},{"type":"Feature","properties":{"Country/Region":"France","Province/State":"Hauts-de-France","Code":"32","Population":{"Total":5962662,"Under19":1525538,"Under39":1443348,"Under59":1522690,"Under74":994313,"Over75":476773},"Beds":{"Resuscitation":438,"IntensiveCare":1338,"Total":1776},"Deaths":1906,"Recovered":6947,"Severe":510,"Critical":36,"Emergencies":{"Suspected":15,"Total":3007,"Severe":5,"Suspected/Accumulated":12987,"Total/Accumulated":400531,"Severe/Accumulated":4704},"MedicalActs":{"Suspected":24,"Total":995,"Suspected/Accumulated":5112,"Total/Accumulated":112943},"PCRTests":{"Total":8962,"Confirmed":135,"Total/Accumulated":286327,"Confirmed/Accumulated":4669},"Confirmed":3011,"MedicalTests":{"Total/Accumulated":31790,"Confirmed/Accumulated":3410}},"geometry":{"type":"Point","coordinates":[2.8852615671641804,49.86155781716422]}},{"type":"Feature","properties":{"Country/Region":"France","Province/State":"Grand Est","Code":"44","Population":{"Total":5511747,"Under19":1258123,"Under39":1291962,"Under59":1448828,"Under74":988178,"Over75":524656},"Beds":{"Resuscitation":465,"IntensiveCare":840,"Total":1305},"Deaths":3609,"Recovered":12714,"Severe":663,"Critical":18,"Emergencies":{"Suspected":8,"Total":3098,"Severe":3,"Suspected/Accumulated":17850,"Total/Accumulated":396456,"Severe/Accumulated":8662},"MedicalActs":{"Suspected":23,"Total":553,"Suspected/Accumulated":7360,"Total/Accumulated":92869},"PCRTests":{"Total":8084,"Confirmed":57,"Total/Accumulated":322329,"Confirmed/Accumulated":4035},"Confirmed":5479,"MedicalTests":{"Total/Accumulated":24982,"Confirmed/Accumulated":3702}},"geometry":{"type":"Point","coordinates":[5.509890203045682,48.670969771573546]}},{"type":"Feature","properties":{"Country/Region":"France","Province/State":"Pays de la Loire","Code":"52","Population":{"Total":3801797,"Under19":933509,"Under39":853729,"Under59":970508,"Under74":667531,"Over75":376520},"Beds":{"Resuscitation":181,"IntensiveCare":572,"Total":753},"Deaths":475,"Recovered":2214,"Severe":100,"Critical":1,"Emergencies":{"Suspected":24,"Total":1978,"Severe":16,"Suspected/Accumulated":8874,"Total/Accumulated":225617,"Severe/Accumulated":4548},"MedicalActs":{"Suspected":13,"Total":487,"Suspected/Accumulated":4057,"Total/Accumulated":68101},"PCRTests":{"Total":5789,"Confirmed":76,"Total/Accumulated":177477,"Confirmed/Accumulated":2897},"Confirmed":1630,"MedicalTests":{"Total/Accumulated":1941,"Confirmed/Accumulated":78}},"geometry":{"type":"Point","coordinates":[-0.8763313771517983,47.44186302034428]}},{"type":"Feature","properties":{"Country/Region":"France","Province/State":"Bretagne","Code":"53","Population":{"Total":3340379,"Under19":773631,"Under39":714512,"Under59":866988,"Under74":632104,"Over75":353144},"Beds":{"Resuscitation":162,"IntensiveCare":462,"Total":624},"Deaths":266,"Recovered":1329,"Severe":61,"Critical":4,"Emergencies":{"Suspected":7,"Total":1963,"Severe":2,"Suspected/Accumulated":5977,"Total/Accumulated":241505,"Severe/Accumulated":2291},"MedicalActs":{"Suspected":8,"Total":348,"Suspected/Accumulated":1992,"Total/Accumulated":50133},"PCRTests":{"Total":4910,"Confirmed":33,"Total/Accumulated":127307,"Confirmed/Accumulated":1266},"Confirmed":962,"MedicalTests":{"Total/Accumulated":698,"Confirmed/Accumulated":25}},"geometry":{"type":"Point","coordinates":[-3.104342941176476,48.146701189258316]}},{"type":"Feature","properties":{"Country/Region":"France","Province/State":"Nouvelle-Aquitaine","Code":"75","Population":{"Total":5999982,"Under19":1293321,"Under39":1274746,"Under59":1561754,"Under74":1177229,"Over75":692932},"Beds":{"Resuscitation":412,"IntensiveCare":946,"Total":1358},"Deaths":425,"Recovered":2246,"Severe":56,"Critical":11,"Emergencies":{"Suspected":14,"Total":4052,"Severe":4,"Suspected/Accumulated":10691,"Total/Accumulated":464805,"Severe/Accumulated":4590},"MedicalActs":{"Suspected":41,"Total":1164,"Suspected/Accumulated":8581,"Total/Accumulated":161503},"PCRTests":{"Total":6712,"Confirmed":25,"Total/Accumulated":211957,"Confirmed/Accumulated":1345},"Confirmed":1007,"MedicalTests":{"Total/Accumulated":33043,"Confirmed/Accumulated":961}},"geometry":{"type":"Point","coordinates":[0.16186906163753495,45.156971701931916]}},{"type":"Feature","properties":{"Country/Region":"France","Province/State":"Occitanie","Code":"76","Population":{"Total":5924858,"Under19":1320456,"Under39":1330125,"Under59":1526711,"Under74":1099893,"Over75":647673},"Beds":{"Resuscitation":474,"IntensiveCare":1206,"Total":1680},"Deaths":514,"Recovered":2951,"Severe":48,"Critical":10,"Emergencies":{"Suspected":13,"Total":4246,"Severe":5,"Suspected/Accumulated":9014,"Total/Accumulated":474805,"Severe/Accumulated":4030},"MedicalActs":{"Suspected":15,"Total":390,"Suspected/Accumulated":3324,"Total/Accumulated":57321},"PCRTests":{"Total":7980,"Confirmed":101,"Total/Accumulated":265340,"Confirmed/Accumulated":2157},"Confirmed":2374,"MedicalTests":{"Total/Accumulated":83743,"Confirmed/Accumulated":2680}},"geometry":{"type":"Point","coordinates":[1.988214846153848,43.761180626373644]}},{"type":"Feature","properties":{"Country/Region":"France","Province/State":"Auvergne-Rhône-Alpes","Code":"84","Population":{"Total":8032377,"Under19":1940253,"Under39":1900702,"Under59":2079813,"Under74":1340003,"Over75":771606},"Beds":{"Resuscitation":559,"IntensiveCare":1136,"Total":1695},"Deaths":1759,"Recovered":8001,"Severe":353,"Critical":17,"Emergencies":{"Suspected":31,"Total":4919,"Severe":6,"Suspected/Accumulated":17546,"Total/Accumulated":590268,"Severe/Accumulated":7276},"MedicalActs":{"Suspected":33,"Total":953,"Suspected/Accumulated":8617,"Total/Accumulated":126960},"PCRTests":{"Total":9201,"Confirmed":127,"Total/Accumulated":346426,"Confirmed/Accumulated":3423},"Confirmed":2093,"MedicalTests":{"Total/Accumulated":27674,"Confirmed/Accumulated":2153}},"geometry":{"type":"Point","coordinates":[4.515179591651545,45.475403602540794]}},{"type":"Feature","properties":{"Country/Region":"France","Province/State":"Guadeloupe","Code":"01","Population":{"Total":376879,"Under19":90617,"Under39":71707,"Under59":109452,"Under74":70936,"Over75":34167},"Beds":{"Resuscitation":27,"IntensiveCare":68,"Total":95},"Deaths":19,"Recovered":84,"Severe":5,"Emergencies":{"Total":250,"Suspected/Accumulated":334,"Total/Accumulated":28443,"Severe/Accumulated":104},"PCRTests":{"Total":294,"Confirmed":1,"Total/Accumulated":11096,"Confirmed/Accumulated":114},"Confirmed":106,"MedicalTests":{"Total/Accumulated":51,"Confirmed/Accumulated":17}},"geometry":{"type":"Point","coordinates":[-61.493846272189366,16.20469674556213]}},{"type":"Feature","properties":{"Country/Region":"France","Province/State":"Martinique","Code":"02","Population":{"Total":358749,"Under19":77005,"Under39":65776,"Under59":105638,"Under74":72163,"Over75":38167},"Beds":{"Resuscitation":26,"IntensiveCare":58,"Total":84},"Deaths":15,"Recovered":96,"Severe":9,"Critical":4,"MedicalActs":{"Suspected":2,"Total":106,"Suspected/Accumulated":170,"Total/Accumulated":14788},"PCRTests":{"Total":365,"Confirmed":2,"Total/Accumulated":14097,"Confirmed/Accumulated":96},"Confirmed":111,"MedicalTests":{"Total/Accumulated":29,"Confirmed/Accumulated":6}},"geometry":{"type":"Point","coordinates":[-60.98265692913386,14.6217557480315]}},{"type":"Feature","properties":{"Country/Region":"France","Province/State":"Provence-Alpes-Côte d'Azur","Code":"93","Population":{"Total":5055651,"Under19":1128765,"Under39":1109058,"Under59":1309879,"Under74":927347,"Over75":580602},"Beds":{"Resuscitation":460,"IntensiveCare":802,"Total":1262},"Deaths":964,"Recovered":5718,"Severe":386,"Critical":18,"Emergencies":{"Suspected":16,"Total":4154,"Severe":4,"Suspected/Accumulated":11472,"Total/Accumulated":473291,"Severe/Accumulated":5747},"MedicalActs":{"Suspected":32,"Total":805,"Suspected/Accumulated":7136,"Total/Accumulated":115770},"PCRTests":{"Total":8711,"Confirmed":145,"Total/Accumulated":312346,"Confirmed/Accumulated":2976},"Confirmed":1927,"MedicalTests":{"Total/Accumulated":80858,"Confirmed/Accumulated":4204}},"geometry":{"type":"Point","coordinates":[5.940587832647462,43.96417941015098]}},{"type":"Feature","properties":{"Country/Region":"France","Province/State":"Corse","Code":"94","Population":{"Total":344679,"Under19":68555,"Under39":76985,"Under59":93175,"Under74":65675,"Over75":40289},"Beds":{"Resuscitation":18,"IntensiveCare":42,"Total":60},"Deaths":59,"Recovered":252,"Severe":8,"Critical":1,"Emergencies":{"Total":326,"Suspected/Accumulated":2185,"Total/Accumulated":30496,"Severe/Accumulated":2051},"MedicalActs":{"Suspected":1,"Total":126,"Suspected/Accumulated":517,"Total/Accumulated":6007},"PCRTests":{"Total":521,"Confirmed":1,"Total/Accumulated":17344,"Confirmed/Accumulated":83},"Confirmed":263},"geometry":{"type":"Point","coordinates":[9.019688964401293,42.118564077669916]}},{"type":"Feature","properties":{"Country/Region":"France","Province/State":"Guyane","Code":"03","Population":{"Total":290691,"Under19":120681,"Under39":80023,"Under59":61783,"Under74":22111,"Over75":6093},"Beds":{"Resuscitation":13,"IntensiveCare":12,"Total":25},"Deaths":41,"Recovered":1009,"Severe":134,"Critical":28,"Emergencies":{"Suspected":10,"Total":212,"Severe":7,"Suspected/Accumulated":1570,"Total/Accumulated":27084,"Severe/Accumulated":674},"PCRTests":{"Total":674,"Confirmed":95,"Total/Accumulated":29686,"Confirmed/Accumulated":6455},"Confirmed":43,"MedicalTests":{"Total/Accumulated":35,"Confirmed/Accumulated":4}},"geometry":{"type":"Point","coordinates":[-53.41731165390502,3.588901056661561]}},{"type":"Feature","properties":{"Country/Region":"France","Province/State":"La Réunion","Code":"04","Population":{"Total":859959,"Under19":256143,"Under39":202783,"Under59":239212,"Under74":117045,"Over75":44776},"Beds":{"Resuscitation":52,"IntensiveCare":154,"Total":206},"Deaths":5,"Recovered":160,"Severe":20,"Critical":2,"Emergencies":{"Total":375,"Suspected/Accumulated":291,"Total/Accumulated":55522,"Severe/Accumulated":199},"PCRTests":{"Total":1229,"Confirmed":1,"Total/Accumulated":49754,"Confirmed/Accumulated":220},"Confirmed":94,"MedicalTests":{"Total/Accumulated":19,"Confirmed/Accumulated":1}},"geometry":{"type":"Point","coordinates":[55.52943947368424,-21.1374047368421]}},{"type":"Feature","properties":{"Country/Region":"France","Province/State":"Mayotte","Code":"06","Population":{"Total":279471,"Under19":150257,"Under39":74348,"Under59":42900,"Under74":9521,"Over75":2445},"Beds":{"Resuscitation":6,"IntensiveCare":0,"Total":6},"Deaths":28,"Recovered":416,"Severe":13,"Critical":2,"Emergencies":{"Suspected":2,"Total":115,"Suspected/Accumulated":1866,"Total/Accumulated":15671,"Severe/Accumulated":245},"PCRTests":{"Total":204,"Confirmed":13,"Total/Accumulated":8231,"Confirmed/Accumulated":1247},"Confirmed":128,"MedicalTests":{"Total/Accumulated":4,"Confirmed/Accumulated":1}},"geometry":{"type":"Point","coordinates":[45.14160071428572,-12.835344166666673]}}]}