{"type":"FeatureCollection","features":[{"type":"Feature","properties":{"Country/Region":"France","Province/State":"Île-de-France","Code":"11","Population":{"Total":12278210,"Under19":3140965,"Under39":3409765,"Under59":3210447,"Under74":1658207,"Over75":858826},"Beds":{"Resuscitation":1147,"IntensiveCare":2512,"Total":3659},"Deaths":7182,"Recovered":25186,"Severe":5867,"Critical":540,"Emergencies":{"Suspected":75,"Total":6114,"Severe":23,"Suspected/Accumulated":51926,"Total/Accumulated":479438,"Severe/Accumulated":15907},"MedicalActs":{"Suspected":26,"Total":1095,"Suspected/Accumulated":12267,"Total/Accumulated":121187},"PCRTests":{"Total":8032,"Confirmed":171,"Total/Accumulated":146339,"Confirmed/Accumulated":3824},"Confirmed":7660,"MedicalTests":{"Total/Accumulated":85340,"Confirmed/Accumulated":18277}},"geometry":{"type":"Point","coordinates":[2.5292589766081885,48.704415292397634]}},{"type":"Feature","properties":{"Country/Region":"France","Province/State":"Centre-Val de Loire","Code":"24","Population":{"Total":2559073,"Under19":598570,"Under39":541141,"Under59":661150,"Under74":478923,"Over75":279289},"Beds":{"Resuscitation":180,"IntensiveCare":346,"Total":526},"Deaths":515,"Recovered":1771,"Severe":590,"Critical":37,"Emergencies":{"Suspected":14,"Total":1439,"Severe":3,"Suspected/Accumulated":5008,"Total/Accumulated":106562,"Severe/Accumulated":1288},"MedicalActs":{"Suspected":11,"Total":278,"Suspected/Accumulated":1186,"Total/Accumulated":25802},"PCRTests":{"Total":1343,"Confirmed":15,"Total/Accumulated":26986,"Confirmed/Accumulated":547},"Confirmed":1157,"MedicalTests":{"Total/Accumulated":20197,"Confirmed/Accumulated":1858}},"geometry":{"type":"Point","coordinates":[1.6429664800000017,47.54357092799999]}},{"type":"Feature","properties":{"Country/Region":"France","Province/State":"Bourgogne-Franche-Comté","Code":"27","Population":{"Total":2783039,"Under19":627017,"Under39":591411,"Under59":715664,"Under74":540051,"Over75":308896},"Beds":{"Resuscitation":198,"IntensiveCare":642,"Total":840},"Deaths":1017,"Recovered":3558,"Severe":351,"Critical":29,"Emergencies":{"Suspected":25,"Total":1796,"Severe":11,"Suspected/Accumulated":10919,"Total/Accumulated":132635,"Severe/Accumulated":4550},"MedicalActs":{"Suspected":5,"Total":207,"Suspected/Accumulated":1924,"Total/Accumulated":21334},"PCRTests":{"Total":1714,"Confirmed":15,"Total/Accumulated":33091,"Confirmed/Accumulated":444},"Confirmed":1569,"MedicalTests":{"Total/Accumulated":15673,"Confirmed/Accumulated":1330}},"geometry":{"type":"Point","coordinates":[4.731409826897467,47.2969232490013]}},{"type":"Feature","properties":{"Country/Region":"France","Province/State":"Normandie","Code":"28","Population":{"Total":3303500,"Under19":781337,"Under39":727044,"Under59":842963,"Under74":615474,"Over75":336682},"Beds":{"Resuscitation":240,"IntensiveCare":548,"Total":788},"Deaths":421,"Recovered":1502,"Severe":318,"Critical":19,"Emergencies":{"Suspected":6,"Total":1932,"Severe":2,"Suspected/Accumulated":4508,"Total/Accumulated":144946,"Severe/Accumulated":1842},"MedicalActs":{"Suspected":13,"Total":373,"Suspected/Accumulated":2807,"Total/Accumulated":36187},"PCRTests":{"Total":1533,"Confirmed":6,"Total/Accumulated":27453,"Confirmed/Accumulated":262},"Confirmed":912,"MedicalTests":{"Total/Accumulated":17253,"Confirmed/Accumulated":1385}},"geometry":{"type":"Point","coordinates":[-0.022673401869158984,49.066630336448576]}},{"type":"Feature","properties":{"Country/Region":"France","Province/State":"Hauts-de-France","Code":"32","Population":{"Total":5962662,"Under19":1525538,"Under39":1443348,"Under59":1522690,"Under74":994313,"Over75":476773},"Beds":{"Resuscitation":438,"IntensiveCare":1338,"Total":1776},"Deaths":1754,"Recovered":5778,"Severe":1378,"Critical":110,"Emergencies":{"Suspected":32,"Total":3009,"Severe":11,"Suspected/Accumulated":12119,"Total/Accumulated":225182,"Severe/Accumulated":4384},"MedicalActs":{"Suspected":15,"Total":800,"Suspected/Accumulated":3980,"Total/Accumulated":67263},"PCRTests":{"Total":3575,"Confirmed":80,"Total/Accumulated":64443,"Confirmed/Accumulated":1551},"Confirmed":3011,"MedicalTests":{"Total/Accumulated":31790,"Confirmed/Accumulated":3410}},"geometry":{"type":"Point","coordinates":[2.8852615671641804,49.86155781716422]}},{"type":"Feature","properties":{"Country/Region":"France","Province/State":"Grand Est","Code":"44","Population":{"Total":5511747,"Under19":1258123,"Under39":1291962,"Under59":1448828,"Under74":988178,"Over75":524656},"Beds":{"Resuscitation":465,"IntensiveCare":840,"Total":1305},"Deaths":3453,"Recovered":11066,"Severe":1913,"Critical":148,"Emergencies":{"Suspected":32,"Total":2871,"Severe":20,"Suspected/Accumulated":16968,"Total/Accumulated":223062,"Severe/Accumulated":8300},"MedicalActs":{"Suspected":24,"Total":511,"Suspected/Accumulated":6196,"Total/Accumulated":59428},"PCRTests":{"Total":4379,"Confirmed":154,"Total/Accumulated":73970,"Confirmed/Accumulated":1816},"Confirmed":5479,"MedicalTests":{"Total/Accumulated":24982,"Confirmed/Accumulated":3702}},"geometry":{"type":"Point","coordinates":[5.509890203045682,48.670969771573546]}},{"type":"Feature","properties":{"Country/Region":"France","Province/State":"Pays de la Loire","Code":"52","Population":{"Total":3801797,"Under19":933509,"Under39":853729,"Under59":970508,"Under74":667531,"Over75":376520},"Beds":{"Resuscitation":181,"IntensiveCare":572,"Total":753},"Deaths":443,"Recovered":1788,"Severe":353,"Critical":19,"Emergencies":{"Suspected":37,"Total":1778,"Severe":27,"Suspected/Accumulated":7803,"Total/Accumulated":124077,"Severe/Accumulated":3893},"MedicalActs":{"Suspected":14,"Total":437,"Suspected/Accumulated":3001,"Total/Accumulated":40789},"PCRTests":{"Total":2221,"Confirmed":22,"Total/Accumulated":35255,"Confirmed/Accumulated":652},"Confirmed":1630,"MedicalTests":{"Total/Accumulated":1941,"Confirmed/Accumulated":78}},"geometry":{"type":"Point","coordinates":[-0.8763313771517983,47.44186302034428]}},{"type":"Feature","properties":{"Country/Region":"France","Province/State":"Bretagne","Code":"53","Population":{"Total":3340379,"Under19":773631,"Under39":714512,"Under59":866988,"Under74":632104,"Over75":353144},"Beds":{"Resuscitation":162,"IntensiveCare":462,"Total":624},"Deaths":253,"Recovered":1167,"Severe":178,"Critical":14,"Emergencies":{"Suspected":22,"Total":1778,"Severe":15,"Suspected/Accumulated":5096,"Total/Accumulated":134296,"Severe/Accumulated":2103},"MedicalActs":{"Suspected":6,"Total":316,"Suspected/Accumulated":1286,"Total/Accumulated":30659},"PCRTests":{"Total":1384,"Confirmed":7,"Total/Accumulated":25377,"Confirmed/Accumulated":426},"Confirmed":962,"MedicalTests":{"Total/Accumulated":698,"Confirmed/Accumulated":25}},"geometry":{"type":"Point","coordinates":[-3.104342941176476,48.146701189258316]}},{"type":"Feature","properties":{"Country/Region":"France","Province/State":"Nouvelle-Aquitaine","Code":"75","Population":{"Total":5999982,"Under19":1293321,"Under39":1274746,"Under59":1561754,"Under74":1177229,"Over75":692932},"Beds":{"Resuscitation":412,"IntensiveCare":946,"Total":1358},"Deaths":400,"Recovered":1991,"Severe":236,"Critical":28,"Emergencies":{"Suspected":27,"Total":3446,"Severe":19,"Suspected/Accumulated":10018,"Total/Accumulated":254556,"Severe/Accumulated":4328},"MedicalActs":{"Suspected":26,"Total":939,"Suspected/Accumulated":6894,"Total/Accumulated":98902},"PCRTests":{"Total":3405,"Confirmed":24,"Total/Accumulated":58318,"Confirmed/Accumulated":576},"Confirmed":1007,"MedicalTests":{"Total/Accumulated":33043,"Confirmed/Accumulated":961}},"geometry":{"type":"Point","coordinates":[0.16186906163753495,45.156971701931916]}},{"type":"Feature","properties":{"Country/Region":"France","Province/State":"Occitanie","Code":"76","Population":{"Total":5924858,"Under19":1320456,"Under39":1330125,"Under59":1526711,"Under74":1099893,"Over75":647673},"Beds":{"Resuscitation":474,"IntensiveCare":1206,"Total":1680},"Deaths":499,"Recovered":2715,"Severe":222,"Critical":37,"Emergencies":{"Suspected":25,"Total":3504,"Severe":17,"Suspected/Accumulated":8383,"Total/Accumulated":258671,"Severe/Accumulated":3788},"MedicalActs":{"Suspected":9,"Total":298,"Suspected/Accumulated":2696,"Total/Accumulated":35592},"PCRTests":{"Total":3821,"Confirmed":16,"Total/Accumulated":70854,"Confirmed/Accumulated":634},"Confirmed":2374,"MedicalTests":{"Total/Accumulated":83743,"Confirmed/Accumulated":2680}},"geometry":{"type":"Point","coordinates":[1.988214846153848,43.761180626373644]}},{"type":"Feature","properties":{"Country/Region":"France","Province/State":"Auvergne-Rhône-Alpes","Code":"84","Population":{"Total":8032377,"Under19":1940253,"Under39":1900702,"Under59":2079813,"Under74":1340003,"Over75":771606},"Beds":{"Resuscitation":559,"IntensiveCare":1136,"Total":1695},"Deaths":1692,"Recovered":7115,"Severe":1070,"Critical":100,"Emergencies":{"Suspected":28,"Total":4422,"Severe":13,"Suspected/Accumulated":16278,"Total/Accumulated":325070,"Severe/Accumulated":6941},"MedicalActs":{"Suspected":31,"Total":818,"Suspected/Accumulated":6713,"Total/Accumulated":77515},"PCRTests":{"Total":4161,"Confirmed":38,"Total/Accumulated":77163,"Confirmed/Accumulated":956},"Confirmed":2093,"MedicalTests":{"Total/Accumulated":27674,"Confirmed/Accumulated":2153}},"geometry":{"type":"Point","coordinates":[4.515179591651545,45.475403602540794]}},{"type":"Feature","properties":{"Country/Region":"France","Province/State":"Guadeloupe","Code":"01","Population":{"Total":376879,"Under19":90617,"Under39":71707,"Under59":109452,"Under74":70936,"Over75":34167},"Beds":{"Resuscitation":27,"IntensiveCare":68,"Total":95},"Deaths":19,"Recovered":73,"Severe":13,"Critical":1,"Emergencies":{"Total":180,"Suspected/Accumulated":298,"Total/Accumulated":16402,"Severe/Accumulated":102},"PCRTests":{"Total":149,"Total/Accumulated":1865,"Confirmed/Accumulated":12},"Confirmed":106,"MedicalTests":{"Total/Accumulated":51,"Confirmed/Accumulated":17}},"geometry":{"type":"Point","coordinates":[-61.493846272189366,16.20469674556213]}},{"type":"Feature","properties":{"Country/Region":"France","Province/State":"Martinique","Code":"02","Population":{"Total":358749,"Under19":77005,"Under39":65776,"Under59":105638,"Under74":72163,"Over75":38167},"Beds":{"Resuscitation":26,"IntensiveCare":58,"Total":84},"Deaths":14,"Recovered":85,"Severe":13,"Critical":2,"MedicalActs":{"Total":92,"Suspected/Accumulated":146,"Total/Accumulated":9443},"PCRTests":{"Total":167,"Confirmed":1,"Total/Accumulated":2208,"Confirmed/Accumulated":21},"Confirmed":111,"MedicalTests":{"Total/Accumulated":29,"Confirmed/Accumulated":6}},"geometry":{"type":"Point","coordinates":[-60.98265692913386,14.6217557480315]}},{"type":"Feature","properties":{"Country/Region":"France","Province/State":"Provence-Alpes-Côte d'Azur","Code":"93","Population":{"Total":5055651,"Under19":1128765,"Under39":1109058,"Under59":1309879,"Under74":927347,"Over75":580602},"Beds":{"Resuscitation":460,"IntensiveCare":802,"Total":1262},"Deaths":911,"Recovered":4951,"Severe":849,"Critical":73,"Emergencies":{"Suspected":23,"Total":3377,"Severe":6,"Suspected/Accumulated":10683,"Total/Accumulated":255985,"Severe/Accumulated":5494},"MedicalActs":{"Suspected":24,"Total":707,"Suspected/Accumulated":5780,"Total/Accumulated":70248},"PCRTests":{"Total":4769,"Confirmed":61,"Total/Accumulated":79114,"Confirmed/Accumulated":920},"Confirmed":1927,"MedicalTests":{"Total/Accumulated":80858,"Confirmed/Accumulated":4204}},"geometry":{"type":"Point","coordinates":[5.940587832647462,43.96417941015098]}},{"type":"Feature","properties":{"Country/Region":"France","Province/State":"Corse","Code":"94","Population":{"Total":344679,"Under19":68555,"Under39":76985,"Under59":93175,"Under74":65675,"Over75":40289},"Beds":{"Resuscitation":18,"IntensiveCare":42,"Total":60},"Deaths":58,"Recovered":229,"Severe":26,"Critical":5,"Emergencies":{"Suspected":6,"Total":202,"Severe":2,"Suspected/Accumulated":2117,"Total/Accumulated":15283,"Severe/Accumulated":2021},"MedicalActs":{"Total":43,"Suspected/Accumulated":479,"Total/Accumulated":3819},"PCRTests":{"Total":245,"Confirmed":2,"Total/Accumulated":4790,"Confirmed/Accumulated":31},"Confirmed":263},"geometry":{"type":"Point","coordinates":[9.019688964401293,42.118564077669916]}},{"type":"Feature","properties":{"Country/Region":"France","Province/State":"Guyane","Code":"03","Population":{"Total":290691,"Under19":120681,"Under39":80023,"Under59":61783,"Under74":22111,"Over75":6093},"Beds":{"Resuscitation":13,"IntensiveCare":12,"Total":25},"Deaths":1,"Recovered":89,"Severe":29,"Critical":3,"Emergencies":{"Suspected":5,"Total":194,"Severe":2,"Suspected/Accumulated":270,"Total/Accumulated":16925,"Severe/Accumulated":61},"PCRTests":{"Total":78,"Confirmed":11,"Total/Accumulated":952,"Confirmed/Accumulated":113},"Confirmed":43,"MedicalTests":{"Total/Accumulated":35,"Confirmed/Accumulated":4}},"geometry":{"type":"Point","coordinates":[-53.41731165390502,3.588901056661561]}},{"type":"Feature","properties":{"Country/Region":"France","Province/State":"La Réunion","Code":"04","Population":{"Total":859959,"Under19":256143,"Under39":202783,"Under59":239212,"Under74":117045,"Over75":44776},"Beds":{"Resuscitation":52,"IntensiveCare":154,"Total":206},"Deaths":1,"Recovered":121,"Severe":21,"Critical":4,"Emergencies":{"Suspected":1,"Total":349,"Severe":1,"Suspected/Accumulated":273,"Total/Accumulated":33218,"Severe/Accumulated":189},"PCRTests":{"Total":595,"Confirmed":3,"Total/Accumulated":9437,"Confirmed/Accumulated":37},"Confirmed":94,"MedicalTests":{"Total/Accumulated":19,"Confirmed/Accumulated":1}},"geometry":{"type":"Point","coordinates":[55.52943947368424,-21.1374047368421]}},{"type":"Feature","properties":{"Country/Region":"France","Province/State":"Mayotte","Code":"06","Population":{"Total":279471,"Under19":150257,"Under39":74348,"Under59":42900,"Under74":9521,"Over75":2445},"Beds":{"Resuscitation":6,"IntensiveCare":0,"Total":6},"Deaths":21,"Recovered":261,"Severe":38,"Critical":10,"Emergencies":{"Suspected":20,"Total":117,"Suspected/Accumulated":1396,"Total/Accumulated":9770,"Severe/Accumulated":202},"PCRTests":{"Total":149,"Confirmed":27,"Total/Accumulated":1647,"Confirmed/Accumulated":446},"Confirmed":128,"MedicalTests":{"Total/Accumulated":4,"Confirmed/Accumulated":1}},"geometry":{"type":"Point","coordinates":[45.14160071428572,-12.835344166666673]}}]}