{"type":"FeatureCollection","features":[{"type":"Feature","properties":{"Country/Region":"France","Province/State":"Île-de-France","Code":"11","Population":{"Total":12278210,"Under19":3140965,"Under39":3409765,"Under59":3210447,"Under74":1658207,"Over75":858826},"Beds":{"Resuscitation":1147,"IntensiveCare":2512,"Total":3659},"Deaths":1967,"Recovered":4881,"Severe":11214,"Critical":2436,"Emergencies":{"Suspected":1016,"Total":4088,"Severe":378,"Suspected/Accumulated":28322,"Total/Accumulated":197976,"Severe/Accumulated":9357},"MedicalActs":{"Suspected":295,"Total":1431,"Suspected/Accumulated":7628,"Total/Accumulated":59458},"MedicalTests":{"Total":683,"Confirmed":219,"Total/Accumulated":23157,"Confirmed/Accumulated":9453},"Confirmed":7660},"geometry":{"type":"Point","coordinates":[2.5292589766081885,48.704415292397634]}},{"type":"Feature","properties":{"Country/Region":"France","Province/State":"Centre-Val de Loire","Code":"24","Population":{"Total":2559073,"Under19":598570,"Under39":541141,"Under59":661150,"Under74":478923,"Over75":279289},"Beds":{"Resuscitation":180,"IntensiveCare":346,"Total":526},"Deaths":106,"Recovered":271,"Severe":730,"Critical":194,"Emergencies":{"Suspected":77,"Total":875,"Severe":18,"Suspected/Accumulated":1589,"Total/Accumulated":38639,"Severe/Accumulated":484},"MedicalActs":{"Suspected":17,"Total":269,"Suspected/Accumulated":403,"Total/Accumulated":11698},"MedicalTests":{"Total":75,"Confirmed":7,"Total/Accumulated":3230,"Confirmed/Accumulated":759},"Confirmed":1157},"geometry":{"type":"Point","coordinates":[1.6429664800000017,47.54357092799999]}},{"type":"Feature","properties":{"Country/Region":"France","Province/State":"Bourgogne-Franche-Comté","Code":"27","Population":{"Total":2783039,"Under19":627017,"Under39":591411,"Under59":715664,"Under74":540051,"Over75":308896},"Beds":{"Resuscitation":198,"IntensiveCare":642,"Total":840},"Deaths":323,"Recovered":910,"Severe":1075,"Critical":274,"Emergencies":{"Suspected":195,"Total":1131,"Severe":85,"Suspected/Accumulated":5521,"Total/Accumulated":49363,"Severe/Accumulated":2260},"MedicalActs":{"Suspected":40,"Total":243,"Suspected/Accumulated":1011,"Total/Accumulated":9734},"MedicalTests":{"Total":26,"Confirmed":3,"Total/Accumulated":2628,"Confirmed/Accumulated":519},"Confirmed":1569},"geometry":{"type":"Point","coordinates":[4.731409826897467,47.2969232490013]}},{"type":"Feature","properties":{"Country/Region":"France","Province/State":"Normandie","Code":"28","Population":{"Total":3303500,"Under19":781337,"Under39":727044,"Under59":842963,"Under74":615474,"Over75":336682},"Beds":{"Resuscitation":240,"IntensiveCare":548,"Total":788},"Deaths":99,"Recovered":296,"Severe":677,"Critical":209,"Emergencies":{"Suspected":60,"Total":1183,"Severe":21,"Suspected/Accumulated":2091,"Total/Accumulated":53777,"Severe/Accumulated":630},"MedicalActs":{"Suspected":62,"Total":405,"Suspected/Accumulated":1581,"Total/Accumulated":16869},"MedicalTests":{"Total":33,"Confirmed":2,"Total/Accumulated":2952,"Confirmed/Accumulated":509},"Confirmed":912},"geometry":{"type":"Point","coordinates":[-0.022673401869158984,49.066630336448576]}},{"type":"Feature","properties":{"Country/Region":"France","Province/State":"Hauts-de-France","Code":"32","Population":{"Total":5962662,"Under19":1525538,"Under39":1443348,"Under59":1522690,"Under74":994313,"Over75":476773},"Beds":{"Resuscitation":438,"IntensiveCare":1338,"Total":1776},"Deaths":488,"Recovered":1122,"Severe":2035,"Critical":561,"Emergencies":{"Suspected":250,"Total":2031,"Severe":87,"Suspected/Accumulated":5541,"Total/Accumulated":82256,"Severe/Accumulated":1913},"MedicalActs":{"Suspected":91,"Total":627,"Suspected/Accumulated":2340,"Total/Accumulated":34564},"MedicalTests":{"Total":128,"Confirmed":37,"Total/Accumulated":3774,"Confirmed/Accumulated":1236},"Confirmed":3011},"geometry":{"type":"Point","coordinates":[2.8852615671641804,49.86155781716422]}},{"type":"Feature","properties":{"Country/Region":"France","Province/State":"Grand Est","Code":"44","Population":{"Total":5511747,"Under19":1258123,"Under39":1291962,"Under59":1448828,"Under74":988178,"Over75":524656},"Beds":{"Resuscitation":465,"IntensiveCare":840,"Total":1305},"Deaths":1402,"Recovered":2801,"Severe":4712,"Critical":971,"Emergencies":{"Suspected":273,"Total":1831,"Severe":148,"Suspected/Accumulated":9966,"Total/Accumulated":86542,"Severe/Accumulated":4981},"MedicalActs":{"Suspected":157,"Total":740,"Suspected/Accumulated":3557,"Total/Accumulated":26543},"MedicalTests":{"Total":68,"Confirmed":14,"Total/Accumulated":6349,"Confirmed/Accumulated":1875},"Confirmed":5479},"geometry":{"type":"Point","coordinates":[5.509890203045682,48.670969771573546]}},{"type":"Feature","properties":{"Country/Region":"France","Province/State":"Pays de la Loire","Code":"52","Population":{"Total":3801797,"Under19":933509,"Under39":853729,"Under59":970508,"Under74":667531,"Over75":376520},"Beds":{"Resuscitation":181,"IntensiveCare":572,"Total":753},"Deaths":118,"Recovered":417,"Severe":649,"Critical":175,"Emergencies":{"Suspected":133,"Total":1093,"Severe":67,"Suspected/Accumulated":3469,"Total/Accumulated":43987,"Severe/Accumulated":1436},"MedicalActs":{"Suspected":66,"Total":429,"Suspected/Accumulated":1681,"Total/Accumulated":16871},"Confirmed":1021,"MedicalTests":{"Total/Accumulated":418,"Confirmed/Accumulated":52}},"geometry":{"type":"Point","coordinates":[-0.8763313771517983,47.44186302034428]}},{"type":"Feature","properties":{"Country/Region":"France","Province/State":"Bretagne","Code":"53","Population":{"Total":3340379,"Under19":773631,"Under39":714512,"Under59":866988,"Under74":632104,"Over75":353144},"Beds":{"Resuscitation":162,"IntensiveCare":462,"Total":624},"Deaths":75,"Recovered":273,"Severe":411,"Critical":114,"Emergencies":{"Suspected":74,"Total":1100,"Severe":41,"Suspected/Accumulated":2742,"Total/Accumulated":49012,"Severe/Accumulated":667},"MedicalActs":{"Suspected":33,"Total":366,"Suspected/Accumulated":634,"Total/Accumulated":13434},"MedicalTests":{"Total":3,"Total/Accumulated":102,"Confirmed/Accumulated":15},"Confirmed":962},"geometry":{"type":"Point","coordinates":[-3.104342941176476,48.146701189258316]}},{"type":"Feature","properties":{"Country/Region":"France","Province/State":"Nouvelle-Aquitaine","Code":"75","Population":{"Total":5999982,"Under19":1293321,"Under39":1274746,"Under59":1561754,"Under74":1177229,"Over75":692932},"Beds":{"Resuscitation":412,"IntensiveCare":946,"Total":1358},"Deaths":111,"Recovered":553,"Severe":749,"Critical":239,"Emergencies":{"Suspected":188,"Total":2140,"Severe":93,"Suspected/Accumulated":5131,"Total/Accumulated":89990,"Severe/Accumulated":1864},"MedicalActs":{"Suspected":157,"Total":1118,"Suspected/Accumulated":4185,"Total/Accumulated":43955},"MedicalTests":{"Total":61,"Confirmed":3,"Total/Accumulated":4198,"Confirmed/Accumulated":406},"Confirmed":1007},"geometry":{"type":"Point","coordinates":[0.16186906163753495,45.156971701931916]}},{"type":"Feature","properties":{"Country/Region":"France","Province/State":"Occitanie","Code":"76","Population":{"Total":5924858,"Under19":1320456,"Under39":1330125,"Under59":1526711,"Under74":1099893,"Over75":647673},"Beds":{"Resuscitation":474,"IntensiveCare":1206,"Total":1680},"Deaths":148,"Recovered":709,"Severe":1007,"Critical":328,"Emergencies":{"Suspected":156,"Total":2069,"Severe":79,"Suspected/Accumulated":3867,"Total/Accumulated":93194,"Severe/Accumulated":1694},"MedicalActs":{"Suspected":70,"Total":427,"Suspected/Accumulated":1511,"Total/Accumulated":15193},"MedicalTests":{"Total":14,"Confirmed":1,"Total/Accumulated":1798,"Confirmed/Accumulated":214},"Confirmed":2374},"geometry":{"type":"Point","coordinates":[1.988214846153848,43.761180626373644]}},{"type":"Feature","properties":{"Country/Region":"France","Province/State":"Auvergne-Rhône-Alpes","Code":"84","Population":{"Total":8032377,"Under19":1940253,"Under39":1900702,"Under59":2079813,"Under74":1340003,"Over75":771606},"Beds":{"Resuscitation":559,"IntensiveCare":1136,"Total":1695},"Deaths":478,"Recovered":1694,"Severe":2874,"Critical":749,"Emergencies":{"Suspected":324,"Total":2528,"Severe":145,"Suspected/Accumulated":8230,"Total/Accumulated":120651,"Severe/Accumulated":3685},"MedicalActs":{"Suspected":136,"Total":920,"Suspected/Accumulated":3577,"Total/Accumulated":32938},"MedicalTests":{"Total":29,"Confirmed":4,"Total/Accumulated":5160,"Confirmed/Accumulated":996},"Confirmed":2093},"geometry":{"type":"Point","coordinates":[4.515179591651545,45.475403602540794]}},{"type":"Feature","properties":{"Country/Region":"France","Province/State":"Guadeloupe","Code":"01","Population":{"Total":376879,"Under19":90617,"Under39":71707,"Under59":109452,"Under74":70936,"Over75":34167},"Beds":{"Resuscitation":27,"IntensiveCare":68,"Total":95},"Deaths":8,"Recovered":35,"Severe":44,"Critical":17,"Emergencies":{"Suspected":2,"Total":138,"Severe":2,"Suspected/Accumulated":70,"Total/Accumulated":6419,"Severe/Accumulated":33},"MedicalTests":{"Total":2,"Confirmed":2,"Total/Accumulated":22,"Confirmed/Accumulated":12},"Confirmed":106},"geometry":{"type":"Point","coordinates":[-61.493846272189366,16.20469674556213]}},{"type":"Feature","properties":{"Country/Region":"France","Province/State":"Martinique","Code":"02","Population":{"Total":358749,"Under19":77005,"Under39":65776,"Under59":105638,"Under74":72163,"Over75":38167},"Beds":{"Resuscitation":26,"IntensiveCare":58,"Total":84},"Deaths":3,"Recovered":35,"Severe":64,"Critical":20,"MedicalActs":{"Suspected":13,"Total":84,"Suspected/Accumulated":42,"Total/Accumulated":4103},"Confirmed":111,"MedicalTests":{"Total/Accumulated":10,"Confirmed/Accumulated":4}},"geometry":{"type":"Point","coordinates":[-60.98265692913386,14.6217557480315]}},{"type":"Feature","properties":{"Country/Region":"France","Province/State":"Provence-Alpes-Côte d'Azur","Code":"93","Population":{"Total":5055651,"Under19":1128765,"Under39":1109058,"Under59":1309879,"Under74":927347,"Over75":580602},"Beds":{"Resuscitation":460,"IntensiveCare":802,"Total":1262},"Deaths":178,"Recovered":1272,"Severe":1641,"Critical":417,"Emergencies":{"Suspected":165,"Total":2056,"Severe":102,"Suspected/Accumulated":5373,"Total/Accumulated":95810,"Severe/Accumulated":2757},"MedicalActs":{"Suspected":140,"Total":878,"Suspected/Accumulated":3138,"Total/Accumulated":29744},"MedicalTests":{"Total":124,"Confirmed":11,"Total/Accumulated":12460,"Confirmed/Accumulated":1697},"Confirmed":1927},"geometry":{"type":"Point","coordinates":[5.940587832647462,43.96417941015098]}},{"type":"Feature","properties":{"Country/Region":"France","Province/State":"Corse","Code":"94","Population":{"Total":344679,"Under19":68555,"Under39":76985,"Under59":93175,"Under74":65675,"Over75":40289},"Beds":{"Resuscitation":18,"IntensiveCare":42,"Total":60},"Deaths":26,"Recovered":116,"Severe":108,"Critical":26,"Emergencies":{"Suspected":10,"Total":121,"Severe":5,"Suspected/Accumulated":1201,"Total/Accumulated":5626,"Severe/Accumulated":1162},"MedicalActs":{"Suspected":18,"Total":56,"Suspected/Accumulated":332,"Total/Accumulated":1753},"Confirmed":263},"geometry":{"type":"Point","coordinates":[9.019688964401293,42.118564077669916]}},{"type":"Feature","properties":{"Country/Region":"France","Province/State":"Guyane","Code":"03","Population":{"Total":290691,"Under19":120681,"Under39":80023,"Under59":61783,"Under74":22111,"Over75":6093},"Beds":{"Resuscitation":13,"IntensiveCare":12,"Total":25},"Recovered":15,"Severe":7,"Critical":1,"Emergencies":{"Suspected":7,"Total":154,"Severe":3,"Suspected/Accumulated":23,"Total/Accumulated":7159,"Severe/Accumulated":4},"MedicalTests":{"Total":2,"Total/Accumulated":15,"Confirmed/Accumulated":2},"Confirmed":43},"geometry":{"type":"Point","coordinates":[-53.41731165390502,3.588901056661561]}},{"type":"Feature","properties":{"Country/Region":"France","Province/State":"La Réunion","Code":"04","Population":{"Total":859959,"Under19":256143,"Under39":202783,"Under59":239212,"Under74":117045,"Over75":44776},"Beds":{"Resuscitation":52,"IntensiveCare":154,"Total":206},"Recovered":39,"Severe":57,"Critical":6,"Emergencies":{"Suspected":4,"Total":268,"Severe":4,"Suspected/Accumulated":139,"Total/Accumulated":12778,"Severe/Accumulated":104},"Confirmed":94,"MedicalTests":{"Total/Accumulated":3}},"geometry":{"type":"Point","coordinates":[55.52943947368424,-21.1374047368421]}},{"type":"Feature","properties":{"Country/Region":"France","Province/State":"Mayotte","Code":"06","Population":{"Total":279471,"Under19":150257,"Under39":74348,"Under59":42900,"Under74":9521,"Over75":2445},"Beds":{"Resuscitation":6,"IntensiveCare":0,"Total":6},"Deaths":2,"Recovered":13,"Severe":18,"Critical":3,"Emergencies":{"Suspected":2,"Total":80,"Suspected/Accumulated":124,"Total/Accumulated":3410,"Severe/Accumulated":22},"Confirmed":128,"MedicalTests":{"Total/Accumulated":2,"Confirmed/Accumulated":1}},"geometry":{"type":"Point","coordinates":[45.14160071428572,-12.835344166666673]}}]}