{"type":"FeatureCollection","features":[{"type":"Feature","properties":{"Country/Region":"France","Province/State":"Île-de-France","Code":"11","Population":{"Total":12278210,"Under19":3140965,"Under39":3409765,"Under59":3210447,"Under74":1658207,"Over75":858826},"Beds":{"Resuscitation":1147,"IntensiveCare":2512,"Total":3659},"Deaths":9760,"Recovered":43634,"Severe":6565,"Critical":1119,"Emergencies":{"Suspected":301,"Total":5209,"Severe":126,"Suspected/Accumulated":81612,"Total/Accumulated":1526647,"Severe/Accumulated":24777},"MedicalActs":{"Suspected":99,"Total":1540,"Suspected/Accumulated":30216,"Total/Accumulated":344674},"PCRTests":{"Total":9608,"Confirmed":987,"Total/Accumulated":3825019,"Confirmed/Accumulated":413405},"Confirmed":7660,"MedicalTests":{"Total/Accumulated":85340,"Confirmed/Accumulated":18277}},"geometry":{"type":"Point","coordinates":[2.5292589766081885,48.704415292397634]}},{"type":"Feature","properties":{"Country/Region":"France","Province/State":"Centre-Val de Loire","Code":"24","Population":{"Total":2559073,"Under19":598570,"Under39":541141,"Under59":661150,"Under74":478923,"Over75":279289},"Beds":{"Resuscitation":180,"IntensiveCare":346,"Total":526},"Deaths":795,"Recovered":3479,"Severe":971,"Critical":143,"Emergencies":{"Suspected":40,"Total":922,"Severe":21,"Suspected/Accumulated":7894,"Total/Accumulated":337420,"Severe/Accumulated":2137},"MedicalActs":{"Suspected":24,"Total":362,"Suspected/Accumulated":3987,"Total/Accumulated":90677},"PCRTests":{"Total":2845,"Confirmed":300,"Total/Accumulated":632224,"Confirmed/Accumulated":48047},"Confirmed":1157,"MedicalTests":{"Total/Accumulated":20197,"Confirmed/Accumulated":1858}},"geometry":{"type":"Point","coordinates":[1.6429664800000017,47.54357092799999]}},{"type":"Feature","properties":{"Country/Region":"France","Province/State":"Bourgogne-Franche-Comté","Code":"27","Population":{"Total":2783039,"Under19":627017,"Under39":591411,"Under59":715664,"Under74":540051,"Over75":308896},"Beds":{"Resuscitation":198,"IntensiveCare":642,"Total":840},"Deaths":1455,"Recovered":5807,"Severe":1647,"Critical":237,"Emergencies":{"Suspected":138,"Total":1358,"Severe":65,"Suspected/Accumulated":17255,"Total/Accumulated":444490,"Severe/Accumulated":7370},"MedicalActs":{"Suspected":40,"Total":280,"Suspected/Accumulated":4852,"Total/Accumulated":64937},"PCRTests":{"Total":2049,"Confirmed":242,"Total/Accumulated":778056,"Confirmed/Accumulated":69879},"Confirmed":1569,"MedicalTests":{"Total/Accumulated":15673,"Confirmed/Accumulated":1330}},"geometry":{"type":"Point","coordinates":[4.731409826897467,47.2969232490013]}},{"type":"Feature","properties":{"Country/Region":"France","Province/State":"Normandie","Code":"28","Population":{"Total":3303500,"Under19":781337,"Under39":727044,"Under59":842963,"Under74":615474,"Over75":336682},"Beds":{"Resuscitation":240,"IntensiveCare":548,"Total":788},"Deaths":834,"Recovered":3467,"Severe":1379,"Critical":172,"Emergencies":{"Suspected":40,"Total":1445,"Severe":26,"Suspected/Accumulated":8197,"Total/Accumulated":475921,"Severe/Accumulated":3779},"MedicalActs":{"Suspected":32,"Total":526,"Suspected/Accumulated":8366,"Total/Accumulated":114093},"PCRTests":{"Total":3017,"Confirmed":269,"Total/Accumulated":800374,"Confirmed/Accumulated":62093},"Confirmed":912,"MedicalTests":{"Total/Accumulated":17253,"Confirmed/Accumulated":1385}},"geometry":{"type":"Point","coordinates":[-0.022673401869158984,49.066630336448576]}},{"type":"Feature","properties":{"Country/Region":"France","Province/State":"Hauts-de-France","Code":"32","Population":{"Total":5962662,"Under19":1525538,"Under39":1443348,"Under59":1522690,"Under74":994313,"Over75":476773},"Beds":{"Resuscitation":438,"IntensiveCare":1338,"Total":1776},"Deaths":2877,"Recovered":11552,"Severe":3145,"Critical":507,"Emergencies":{"Suspected":116,"Total":2131,"Severe":49,"Suspected/Accumulated":19568,"Total/Accumulated":722752,"Severe/Accumulated":7372},"MedicalActs":{"Suspected":53,"Total":787,"Suspected/Accumulated":12016,"Total/Accumulated":223481},"PCRTests":{"Total":6429,"Confirmed":763,"Total/Accumulated":1892198,"Confirmed/Accumulated":189016},"Confirmed":3011,"MedicalTests":{"Total/Accumulated":31790,"Confirmed/Accumulated":3410}},"geometry":{"type":"Point","coordinates":[2.8852615671641804,49.86155781716422]}},{"type":"Feature","properties":{"Country/Region":"France","Province/State":"Grand Est","Code":"44","Population":{"Total":5511747,"Under19":1258123,"Under39":1291962,"Under59":1448828,"Under74":988178,"Over75":524656},"Beds":{"Resuscitation":465,"IntensiveCare":840,"Total":1305},"Deaths":4143,"Recovered":15625,"Severe":2133,"Critical":303,"Emergencies":{"Suspected":116,"Total":2231,"Severe":73,"Suspected/Accumulated":22777,"Total/Accumulated":718486,"Severe/Accumulated":11368},"MedicalActs":{"Suspected":71,"Total":778,"Suspected/Accumulated":11524,"Total/Accumulated":163618},"PCRTests":{"Total":2259,"Confirmed":221,"Total/Accumulated":1666521,"Confirmed/Accumulated":107874},"Confirmed":5479,"MedicalTests":{"Total/Accumulated":24982,"Confirmed/Accumulated":3702}},"geometry":{"type":"Point","coordinates":[5.509890203045682,48.670969771573546]}},{"type":"Feature","properties":{"Country/Region":"France","Province/State":"Pays de la Loire","Code":"52","Population":{"Total":3801797,"Under19":933509,"Under39":853729,"Under59":970508,"Under74":667531,"Over75":376520},"Beds":{"Resuscitation":181,"IntensiveCare":572,"Total":753},"Deaths":755,"Recovered":3829,"Severe":1041,"Critical":165,"Emergencies":{"Suspected":55,"Total":1252,"Severe":40,"Suspected/Accumulated":12728,"Total/Accumulated":414929,"Severe/Accumulated":6730},"MedicalActs":{"Suspected":23,"Total":509,"Suspected/Accumulated":7290,"Total/Accumulated":123415},"PCRTests":{"Total":3078,"Confirmed":284,"Total/Accumulated":985043,"Confirmed/Accumulated":67538},"Confirmed":1630,"MedicalTests":{"Total/Accumulated":1941,"Confirmed/Accumulated":78}},"geometry":{"type":"Point","coordinates":[-0.8763313771517983,47.44186302034428]}},{"type":"Feature","properties":{"Country/Region":"France","Province/State":"Bretagne","Code":"53","Population":{"Total":3340379,"Under19":773631,"Under39":714512,"Under59":866988,"Under74":632104,"Over75":353144},"Beds":{"Resuscitation":162,"IntensiveCare":462,"Total":624},"Deaths":422,"Recovered":2260,"Severe":685,"Critical":114,"Emergencies":{"Suspected":40,"Total":1389,"Severe":23,"Suspected/Accumulated":8538,"Total/Accumulated":441147,"Severe/Accumulated":3338},"MedicalActs":{"Suspected":29,"Total":381,"Suspected/Accumulated":4438,"Total/Accumulated":91979},"PCRTests":{"Total":2266,"Confirmed":155,"Total/Accumulated":763480,"Confirmed/Accumulated":42267},"Confirmed":962,"MedicalTests":{"Total/Accumulated":698,"Confirmed/Accumulated":25}},"geometry":{"type":"Point","coordinates":[-3.104342941176476,48.146701189258316]}},{"type":"Feature","properties":{"Country/Region":"France","Province/State":"Nouvelle-Aquitaine","Code":"75","Population":{"Total":5999982,"Under19":1293321,"Under39":1274746,"Under59":1561754,"Under74":1177229,"Over75":692932},"Beds":{"Resuscitation":412,"IntensiveCare":946,"Total":1358},"Deaths":863,"Recovered":4449,"Severe":1685,"Critical":244,"Emergencies":{"Suspected":88,"Total":2568,"Severe":65,"Suspected/Accumulated":15714,"Total/Accumulated":851039,"Severe/Accumulated":7224},"MedicalActs":{"Suspected":58,"Total":1128,"Suspected/Accumulated":16841,"Total/Accumulated":294146},"PCRTests":{"Total":3681,"Confirmed":264,"Total/Accumulated":1435876,"Confirmed/Accumulated":95542},"Confirmed":1007,"MedicalTests":{"Total/Accumulated":33043,"Confirmed/Accumulated":961}},"geometry":{"type":"Point","coordinates":[0.16186906163753495,45.156971701931916]}},{"type":"Feature","properties":{"Country/Region":"France","Province/State":"Occitanie","Code":"76","Population":{"Total":5924858,"Under19":1320456,"Under39":1330125,"Under59":1526711,"Under74":1099893,"Over75":647673},"Beds":{"Resuscitation":474,"IntensiveCare":1206,"Total":1680},"Deaths":1232,"Recovered":6466,"Severe":2136,"Critical":375,"Emergencies":{"Suspected":110,"Total":2760,"Severe":64,"Suspected/Accumulated":16200,"Total/Accumulated":867716,"Severe/Accumulated":7338},"MedicalActs":{"Suspected":28,"Total":463,"Suspected/Accumulated":6503,"Total/Accumulated":102462},"PCRTests":{"Total":3936,"Confirmed":338,"Total/Accumulated":1704327,"Confirmed/Accumulated":145522},"Confirmed":2374,"MedicalTests":{"Total/Accumulated":83743,"Confirmed/Accumulated":2680}},"geometry":{"type":"Point","coordinates":[1.988214846153848,43.761180626373644]}},{"type":"Feature","properties":{"Country/Region":"France","Province/State":"Auvergne-Rhône-Alpes","Code":"84","Population":{"Total":8032377,"Under19":1940253,"Under39":1900702,"Under59":2079813,"Under74":1340003,"Over75":771606},"Beds":{"Resuscitation":559,"IntensiveCare":1136,"Total":1695},"Deaths":3631,"Recovered":16411,"Severe":6888,"Critical":833,"Emergencies":{"Suspected":313,"Total":3278,"Severe":164,"Suspected/Accumulated":34425,"Total/Accumulated":1080956,"Severe/Accumulated":15010},"MedicalActs":{"Suspected":162,"Total":1057,"Suspected/Accumulated":21385,"Total/Accumulated":230659},"PCRTests":{"Total":5998,"Confirmed":1086,"Total/Accumulated":2371487,"Confirmed/Accumulated":328905},"Confirmed":2093,"MedicalTests":{"Total/Accumulated":27674,"Confirmed/Accumulated":2153}},"geometry":{"type":"Point","coordinates":[4.515179591651545,45.475403602540794]}},{"type":"Feature","properties":{"Country/Region":"France","Province/State":"Guadeloupe","Code":"01","Population":{"Total":376879,"Under19":90617,"Under39":71707,"Under59":109452,"Under74":70936,"Over75":34167},"Beds":{"Resuscitation":27,"IntensiveCare":68,"Total":95},"Deaths":152,"Recovered":644,"Severe":135,"Critical":14,"Emergencies":{"Suspected":2,"Total":202,"Suspected/Accumulated":1608,"Total/Accumulated":52207,"Severe/Accumulated":733},"PCRTests":{"Total":146,"Confirmed":8,"Total/Accumulated":66253,"Confirmed/Accumulated":7911},"Confirmed":106,"MedicalTests":{"Total/Accumulated":51,"Confirmed/Accumulated":17}},"geometry":{"type":"Point","coordinates":[-61.493846272189366,16.20469674556213]}},{"type":"Feature","properties":{"Country/Region":"France","Province/State":"Martinique","Code":"02","Population":{"Total":358749,"Under19":77005,"Under39":65776,"Under59":105638,"Under74":72163,"Over75":38167},"Beds":{"Resuscitation":26,"IntensiveCare":58,"Total":84},"Deaths":37,"Recovered":245,"Severe":80,"Critical":16,"MedicalActs":{"Suspected":6,"Total":91,"Suspected/Accumulated":570,"Total/Accumulated":27827},"PCRTests":{"Total":60,"Confirmed":6,"Total/Accumulated":77331,"Confirmed/Accumulated":5100},"Confirmed":111,"MedicalTests":{"Total/Accumulated":29,"Confirmed/Accumulated":6}},"geometry":{"type":"Point","coordinates":[-60.98265692913386,14.6217557480315]}},{"type":"Feature","properties":{"Country/Region":"France","Province/State":"Provence-Alpes-Côte d'Azur","Code":"93","Population":{"Total":5055651,"Under19":1128765,"Under39":1109058,"Under59":1309879,"Under74":927347,"Over75":580602},"Beds":{"Resuscitation":460,"IntensiveCare":802,"Total":1262},"Deaths":2065,"Recovered":12535,"Severe":3245,"Critical":512,"Emergencies":{"Suspected":195,"Total":2754,"Severe":115,"Suspected/Accumulated":22007,"Total/Accumulated":864328,"Severe/Accumulated":11522},"MedicalActs":{"Suspected":84,"Total":915,"Suspected/Accumulated":14154,"Total/Accumulated":206413},"PCRTests":{"Total":3980,"Confirmed":370,"Total/Accumulated":1829074,"Confirmed/Accumulated":157746},"Confirmed":1927,"MedicalTests":{"Total/Accumulated":80858,"Confirmed/Accumulated":4204}},"geometry":{"type":"Point","coordinates":[5.940587832647462,43.96417941015098]}},{"type":"Feature","properties":{"Country/Region":"France","Province/State":"Corse","Code":"94","Population":{"Total":344679,"Under19":68555,"Under39":76985,"Under59":93175,"Under74":65675,"Over75":40289},"Beds":{"Resuscitation":18,"IntensiveCare":42,"Total":60},"Deaths":93,"Recovered":395,"Severe":84,"Critical":15,"Emergencies":{"Suspected":5,"Total":156,"Severe":2,"Suspected/Accumulated":2575,"Total/Accumulated":58590,"Severe/Accumulated":2287},"MedicalActs":{"Suspected":16,"Total":101,"Suspected/Accumulated":1373,"Total/Accumulated":18942},"PCRTests":{"Total":177,"Confirmed":6,"Total/Accumulated":111013,"Confirmed/Accumulated":6132},"Confirmed":263},"geometry":{"type":"Point","coordinates":[9.019688964401293,42.118564077669916]}},{"type":"Feature","properties":{"Country/Region":"France","Province/State":"Guyane","Code":"03","Population":{"Total":290691,"Under19":120681,"Under39":80023,"Under59":61783,"Under74":22111,"Over75":6093},"Beds":{"Resuscitation":13,"IntensiveCare":12,"Total":25},"Deaths":66,"Recovered":1832,"Severe":14,"Emergencies":{"Total":191,"Suspected/Accumulated":1998,"Total/Accumulated":48756,"Severe/Accumulated":939},"PCRTests":{"Total":124,"Confirmed":7,"Total/Accumulated":73007,"Confirmed/Accumulated":9439},"Confirmed":43,"MedicalTests":{"Total/Accumulated":35,"Confirmed/Accumulated":4}},"geometry":{"type":"Point","coordinates":[-53.41731165390502,3.588901056661561]}},{"type":"Feature","properties":{"Country/Region":"France","Province/State":"La Réunion","Code":"04","Population":{"Total":859959,"Under19":256143,"Under39":202783,"Under59":239212,"Under74":117045,"Over75":44776},"Beds":{"Resuscitation":52,"IntensiveCare":154,"Total":206},"Deaths":36,"Recovered":540,"Severe":73,"Critical":16,"Emergencies":{"Suspected":4,"Total":364,"Severe":1,"Suspected/Accumulated":693,"Total/Accumulated":96811,"Severe/Accumulated":416},"PCRTests":{"Total":443,"Confirmed":23,"Total/Accumulated":224754,"Confirmed/Accumulated":6798},"Confirmed":94,"MedicalTests":{"Total/Accumulated":19,"Confirmed/Accumulated":1}},"geometry":{"type":"Point","coordinates":[55.52943947368424,-21.1374047368421]}},{"type":"Feature","properties":{"Country/Region":"France","Province/State":"Mayotte","Code":"06","Population":{"Total":279471,"Under19":150257,"Under39":74348,"Under59":42900,"Under74":9521,"Over75":2445},"Beds":{"Resuscitation":6,"IntensiveCare":0,"Total":6},"Deaths":32,"Recovered":495,"Severe":12,"Critical":4,"Emergencies":{"Total":114,"Suspected/Accumulated":1946,"Total/Accumulated":26960,"Severe/Accumulated":274},"PCRTests":{"Total":185,"Confirmed":17,"Total/Accumulated":30783,"Confirmed/Accumulated":3185},"Confirmed":128,"MedicalTests":{"Total/Accumulated":4,"Confirmed/Accumulated":1}},"geometry":{"type":"Point","coordinates":[45.14160071428572,-12.835344166666673]}}]}