{"type":"FeatureCollection","features":[{"type":"Feature","properties":{"Country/Region":"France","Province/State":"Île-de-France","Code":"11","Population":{"Total":12278210,"Under19":3140965,"Under39":3409765,"Under59":3210447,"Under74":1658207,"Over75":858826},"Beds":{"Resuscitation":1147,"IntensiveCare":2512,"Total":3659},"Deaths":7541,"Recovered":29157,"Severe":2783,"Critical":205,"Emergencies":{"Suspected":92,"Total":6416,"Severe":14,"Suspected/Accumulated":54493,"Total/Accumulated":802927,"Severe/Accumulated":16472},"MedicalActs":{"Suspected":60,"Total":1126,"Suspected/Accumulated":14473,"Total/Accumulated":182773},"Confirmed":7660,"MedicalTests":{"Total/Accumulated":85340,"Confirmed/Accumulated":18277}},"geometry":{"type":"Point","coordinates":[2.5292589766081885,48.704415292397634]}},{"type":"Feature","properties":{"Country/Region":"France","Province/State":"Centre-Val de Loire","Code":"24","Population":{"Total":2559073,"Under19":598570,"Under39":541141,"Under59":661150,"Under74":478923,"Over75":279289},"Beds":{"Resuscitation":180,"IntensiveCare":346,"Total":526},"Deaths":557,"Recovered":2082,"Severe":285,"Critical":12,"Emergencies":{"Suspected":3,"Total":1272,"Severe":1,"Suspected/Accumulated":5361,"Total/Accumulated":180449,"Severe/Accumulated":1367},"MedicalActs":{"Suspected":5,"Total":400,"Suspected/Accumulated":1577,"Total/Accumulated":43075},"Confirmed":1157,"MedicalTests":{"Total/Accumulated":20197,"Confirmed/Accumulated":1858}},"geometry":{"type":"Point","coordinates":[1.6429664800000017,47.54357092799999]}},{"type":"Feature","properties":{"Country/Region":"France","Province/State":"Bourgogne-Franche-Comté","Code":"27","Population":{"Total":2783039,"Under19":627017,"Under39":591411,"Under59":715664,"Under74":540051,"Over75":308896},"Beds":{"Resuscitation":198,"IntensiveCare":642,"Total":840},"Deaths":1061,"Recovered":4025,"Severe":36,"Critical":6,"Emergencies":{"Suspected":8,"Total":2099,"Severe":1,"Suspected/Accumulated":11665,"Total/Accumulated":231157,"Severe/Accumulated":4866},"MedicalActs":{"Suspected":9,"Total":252,"Suspected/Accumulated":2279,"Total/Accumulated":33480},"Confirmed":1569,"MedicalTests":{"Total/Accumulated":15673,"Confirmed/Accumulated":1330}},"geometry":{"type":"Point","coordinates":[4.731409826897467,47.2969232490013]}},{"type":"Feature","properties":{"Country/Region":"France","Province/State":"Normandie","Code":"28","Population":{"Total":3303500,"Under19":781337,"Under39":727044,"Under59":842963,"Under74":615474,"Over75":336682},"Beds":{"Resuscitation":240,"IntensiveCare":548,"Total":788},"Deaths":440,"Recovered":1771,"Severe":149,"Critical":7,"Emergencies":{"Suspected":11,"Total":2071,"Severe":8,"Suspected/Accumulated":4933,"Total/Accumulated":247753,"Severe/Accumulated":2112},"MedicalActs":{"Suspected":20,"Total":419,"Suspected/Accumulated":3810,"Total/Accumulated":57187},"Confirmed":912,"MedicalTests":{"Total/Accumulated":17253,"Confirmed/Accumulated":1385}},"geometry":{"type":"Point","coordinates":[-0.022673401869158984,49.066630336448576]}},{"type":"Feature","properties":{"Country/Region":"France","Province/State":"Hauts-de-France","Code":"32","Population":{"Total":5962662,"Under19":1525538,"Under39":1443348,"Under59":1522690,"Under74":994313,"Over75":476773},"Beds":{"Resuscitation":438,"IntensiveCare":1338,"Total":1776},"Deaths":1899,"Recovered":6898,"Severe":513,"Critical":33,"Emergencies":{"Suspected":15,"Total":2835,"Severe":6,"Suspected/Accumulated":12887,"Total/Accumulated":384179,"Severe/Accumulated":4681},"MedicalActs":{"Suspected":28,"Total":1025,"Suspected/Accumulated":4940,"Total/Accumulated":108117},"Confirmed":3011,"MedicalTests":{"Total/Accumulated":31790,"Confirmed/Accumulated":3410}},"geometry":{"type":"Point","coordinates":[2.8852615671641804,49.86155781716422]}},{"type":"Feature","properties":{"Country/Region":"France","Province/State":"Grand Est","Code":"44","Population":{"Total":5511747,"Under19":1258123,"Under39":1291962,"Under59":1448828,"Under74":988178,"Over75":524656},"Beds":{"Resuscitation":465,"IntensiveCare":840,"Total":1305},"Deaths":3608,"Recovered":12652,"Severe":696,"Critical":20,"Emergencies":{"Suspected":11,"Total":3211,"Severe":6,"Suspected/Accumulated":17772,"Total/Accumulated":380253,"Severe/Accumulated":8630},"MedicalActs":{"Suspected":17,"Total":528,"Suspected/Accumulated":7222,"Total/Accumulated":89542},"Confirmed":5479,"MedicalTests":{"Total/Accumulated":24982,"Confirmed/Accumulated":3702}},"geometry":{"type":"Point","coordinates":[5.509890203045682,48.670969771573546]}},{"type":"Feature","properties":{"Country/Region":"France","Province/State":"Pays de la Loire","Code":"52","Population":{"Total":3801797,"Under19":933509,"Under39":853729,"Under59":970508,"Under74":667531,"Over75":376520},"Beds":{"Resuscitation":181,"IntensiveCare":572,"Total":753},"Deaths":475,"Recovered":2199,"Severe":92,"Critical":7,"Emergencies":{"Suspected":13,"Total":1928,"Severe":7,"Suspected/Accumulated":8753,"Total/Accumulated":215860,"Severe/Accumulated":4470},"MedicalActs":{"Suspected":14,"Total":456,"Suspected/Accumulated":3961,"Total/Accumulated":65412},"Confirmed":1630,"MedicalTests":{"Total/Accumulated":1941,"Confirmed/Accumulated":78}},"geometry":{"type":"Point","coordinates":[-0.8763313771517983,47.44186302034428]}},{"type":"Feature","properties":{"Country/Region":"France","Province/State":"Bretagne","Code":"53","Population":{"Total":3340379,"Under19":773631,"Under39":714512,"Under59":866988,"Under74":632104,"Over75":353144},"Beds":{"Resuscitation":162,"IntensiveCare":462,"Total":624},"Deaths":263,"Recovered":1317,"Severe":68,"Critical":3,"Emergencies":{"Suspected":23,"Total":1958,"Severe":7,"Suspected/Accumulated":5902,"Total/Accumulated":231118,"Severe/Accumulated":2279},"MedicalActs":{"Suspected":4,"Total":382,"Suspected/Accumulated":1895,"Total/Accumulated":48059},"Confirmed":962,"MedicalTests":{"Total/Accumulated":698,"Confirmed/Accumulated":25}},"geometry":{"type":"Point","coordinates":[-3.104342941176476,48.146701189258316]}},{"type":"Feature","properties":{"Country/Region":"France","Province/State":"Nouvelle-Aquitaine","Code":"75","Population":{"Total":5999982,"Under19":1293321,"Under39":1274746,"Under59":1561754,"Under74":1177229,"Over75":692932},"Beds":{"Resuscitation":412,"IntensiveCare":946,"Total":1358},"Deaths":424,"Recovered":2234,"Severe":59,"Critical":10,"Emergencies":{"Suspected":8,"Total":3831,"Severe":4,"Suspected/Accumulated":10619,"Total/Accumulated":443389,"Severe/Accumulated":4564},"MedicalActs":{"Suspected":54,"Total":1182,"Suspected/Accumulated":8282,"Total/Accumulated":154939},"Confirmed":1007,"MedicalTests":{"Total/Accumulated":33043,"Confirmed/Accumulated":961}},"geometry":{"type":"Point","coordinates":[0.16186906163753495,45.156971701931916]}},{"type":"Feature","properties":{"Country/Region":"France","Province/State":"Occitanie","Code":"76","Population":{"Total":5924858,"Under19":1320456,"Under39":1330125,"Under59":1526711,"Under74":1099893,"Over75":647673},"Beds":{"Resuscitation":474,"IntensiveCare":1206,"Total":1680},"Deaths":513,"Recovered":2943,"Severe":41,"Critical":7,"Emergencies":{"Suspected":11,"Total":3945,"Severe":4,"Suspected/Accumulated":8941,"Total/Accumulated":452469,"Severe/Accumulated":4007},"MedicalActs":{"Suspected":8,"Total":383,"Suspected/Accumulated":3254,"Total/Accumulated":55105},"Confirmed":2374,"MedicalTests":{"Total/Accumulated":83743,"Confirmed/Accumulated":2680}},"geometry":{"type":"Point","coordinates":[1.988214846153848,43.761180626373644]}},{"type":"Feature","properties":{"Country/Region":"France","Province/State":"Auvergne-Rhône-Alpes","Code":"84","Population":{"Total":8032377,"Under19":1940253,"Under39":1900702,"Under59":2079813,"Under74":1340003,"Over75":771606},"Beds":{"Resuscitation":559,"IntensiveCare":1136,"Total":1695},"Deaths":1756,"Recovered":7960,"Severe":368,"Critical":21,"Emergencies":{"Suspected":26,"Total":4968,"Severe":6,"Suspected/Accumulated":17378,"Total/Accumulated":565035,"Severe/Accumulated":7245},"MedicalActs":{"Suspected":36,"Total":843,"Suspected/Accumulated":8384,"Total/Accumulated":122098},"Confirmed":2093,"MedicalTests":{"Total/Accumulated":27674,"Confirmed/Accumulated":2153}},"geometry":{"type":"Point","coordinates":[4.515179591651545,45.475403602540794]}},{"type":"Feature","properties":{"Country/Region":"France","Province/State":"Guadeloupe","Code":"01","Population":{"Total":376879,"Under19":90617,"Under39":71707,"Under59":109452,"Under74":70936,"Over75":34167},"Beds":{"Resuscitation":27,"IntensiveCare":68,"Total":95},"Deaths":19,"Recovered":83,"Severe":8,"Critical":1,"Emergencies":{"Total":203,"Suspected/Accumulated":333,"Total/Accumulated":27270,"Severe/Accumulated":104},"Confirmed":106,"MedicalTests":{"Total/Accumulated":51,"Confirmed/Accumulated":17}},"geometry":{"type":"Point","coordinates":[-61.493846272189366,16.20469674556213]}},{"type":"Feature","properties":{"Country/Region":"France","Province/State":"Martinique","Code":"02","Population":{"Total":358749,"Under19":77005,"Under39":65776,"Under59":105638,"Under74":72163,"Over75":38167},"Beds":{"Resuscitation":26,"IntensiveCare":58,"Total":84},"Deaths":15,"Recovered":93,"Severe":11,"Critical":4,"MedicalActs":{"Total":105,"Suspected/Accumulated":164,"Total/Accumulated":14274},"Confirmed":111,"MedicalTests":{"Total/Accumulated":29,"Confirmed/Accumulated":6}},"geometry":{"type":"Point","coordinates":[-60.98265692913386,14.6217557480315]}},{"type":"Feature","properties":{"Country/Region":"France","Province/State":"Provence-Alpes-Côte d'Azur","Code":"93","Population":{"Total":5055651,"Under19":1128765,"Under39":1109058,"Under59":1309879,"Under74":927347,"Over75":580602},"Beds":{"Resuscitation":460,"IntensiveCare":802,"Total":1262},"Deaths":961,"Recovered":5684,"Severe":389,"Critical":16,"Emergencies":{"Suspected":19,"Total":3979,"Severe":10,"Suspected/Accumulated":11400,"Total/Accumulated":452105,"Severe/Accumulated":5723},"MedicalActs":{"Suspected":12,"Total":421,"Suspected/Accumulated":6952,"Total/Accumulated":110824},"Confirmed":1927,"MedicalTests":{"Total/Accumulated":80858,"Confirmed/Accumulated":4204}},"geometry":{"type":"Point","coordinates":[5.940587832647462,43.96417941015098]}},{"type":"Feature","properties":{"Country/Region":"France","Province/State":"Corse","Code":"94","Population":{"Total":344679,"Under19":68555,"Under39":76985,"Under59":93175,"Under74":65675,"Over75":40289},"Beds":{"Resuscitation":18,"IntensiveCare":42,"Total":60},"Deaths":59,"Recovered":250,"Severe":9,"Critical":1,"Emergencies":{"Suspected":2,"Total":356,"Suspected/Accumulated":2183,"Total/Accumulated":28725,"Severe/Accumulated":2051},"MedicalActs":{"Suspected":1,"Total":69,"Suspected/Accumulated":506,"Total/Accumulated":5422},"Confirmed":263},"geometry":{"type":"Point","coordinates":[9.019688964401293,42.118564077669916]}},{"type":"Feature","properties":{"Country/Region":"France","Province/State":"Guyane","Code":"03","Population":{"Total":290691,"Under19":120681,"Under39":80023,"Under59":61783,"Under74":22111,"Over75":6093},"Beds":{"Resuscitation":13,"IntensiveCare":12,"Total":25},"Deaths":38,"Recovered":887,"Severe":136,"Critical":26,"Emergencies":{"Suspected":5,"Total":131,"Severe":4,"Suspected/Accumulated":1479,"Total/Accumulated":26111,"Severe/Accumulated":619},"Confirmed":43,"MedicalTests":{"Total/Accumulated":35,"Confirmed/Accumulated":4}},"geometry":{"type":"Point","coordinates":[-53.41731165390502,3.588901056661561]}},{"type":"Feature","properties":{"Country/Region":"France","Province/State":"La Réunion","Code":"04","Population":{"Total":859959,"Under19":256143,"Under39":202783,"Under59":239212,"Under74":117045,"Over75":44776},"Beds":{"Resuscitation":52,"IntensiveCare":154,"Total":206},"Deaths":3,"Recovered":159,"Severe":22,"Critical":4,"Emergencies":{"Total":382,"Suspected/Accumulated":291,"Total/Accumulated":53480,"Severe/Accumulated":199},"Confirmed":94,"MedicalTests":{"Total/Accumulated":19,"Confirmed/Accumulated":1}},"geometry":{"type":"Point","coordinates":[55.52943947368424,-21.1374047368421]}},{"type":"Feature","properties":{"Country/Region":"France","Province/State":"Mayotte","Code":"06","Population":{"Total":279471,"Under19":150257,"Under39":74348,"Under59":42900,"Under74":9521,"Over75":2445},"Beds":{"Resuscitation":6,"IntensiveCare":0,"Total":6},"Deaths":28,"Recovered":410,"Severe":13,"Critical":2,"Emergencies":{"Suspected":5,"Total":87,"Severe":2,"Suspected/Accumulated":1858,"Total/Accumulated":15187,"Severe/Accumulated":242},"Confirmed":128,"MedicalTests":{"Total/Accumulated":4,"Confirmed/Accumulated":1}},"geometry":{"type":"Point","coordinates":[45.14160071428572,-12.835344166666673]}}]}