{"type":"FeatureCollection","features":[{"type":"Feature","properties":{"Country/Region":"France","Province/State":"Île-de-France","Code":"11","Population":{"Total":12278210,"Under19":3140965,"Under39":3409765,"Under59":3210447,"Under74":1658207,"Over75":858826},"Beds":{"Resuscitation":1147,"IntensiveCare":2512,"Total":3659},"Deaths":8858,"Recovered":39466,"Severe":4893,"Critical":852,"Emergencies":{"Suspected":407,"Total":5600,"Severe":170,"Suspected/Accumulated":75652,"Total/Accumulated":1448209,"Severe/Accumulated":22259},"MedicalActs":{"Suspected":245,"Total":1398,"Suspected/Accumulated":27921,"Total/Accumulated":324377},"PCRTests":{"Total":47328,"Confirmed":10841,"Total/Accumulated":3294388,"Confirmed/Accumulated":326401},"Confirmed":7660,"MedicalTests":{"Total/Accumulated":85340,"Confirmed/Accumulated":18277}},"geometry":{"type":"Point","coordinates":[2.5292589766081885,48.704415292397634]}},{"type":"Feature","properties":{"Country/Region":"France","Province/State":"Centre-Val de Loire","Code":"24","Population":{"Total":2559073,"Under19":598570,"Under39":541141,"Under59":661150,"Under74":478923,"Over75":279289},"Beds":{"Resuscitation":180,"IntensiveCare":346,"Total":526},"Deaths":660,"Recovered":2952,"Severe":549,"Critical":85,"Emergencies":{"Suspected":67,"Total":1152,"Severe":18,"Suspected/Accumulated":7105,"Total/Accumulated":322027,"Severe/Accumulated":1853},"MedicalActs":{"Suspected":32,"Total":364,"Suspected/Accumulated":3530,"Total/Accumulated":85262},"PCRTests":{"Total":9002,"Confirmed":1750,"Total/Accumulated":506109,"Confirmed/Accumulated":31337},"Confirmed":1157,"MedicalTests":{"Total/Accumulated":20197,"Confirmed/Accumulated":1858}},"geometry":{"type":"Point","coordinates":[1.6429664800000017,47.54357092799999]}},{"type":"Feature","properties":{"Country/Region":"France","Province/State":"Bourgogne-Franche-Comté","Code":"27","Population":{"Total":2783039,"Under19":627017,"Under39":591411,"Under59":715664,"Under74":540051,"Over75":308896},"Beds":{"Resuscitation":198,"IntensiveCare":642,"Total":840},"Deaths":1200,"Recovered":4837,"Severe":773,"Critical":100,"Emergencies":{"Suspected":168,"Total":1632,"Severe":78,"Suspected/Accumulated":15139,"Total/Accumulated":423009,"Severe/Accumulated":6226},"MedicalActs":{"Suspected":30,"Total":249,"Suspected/Accumulated":4224,"Total/Accumulated":61034},"PCRTests":{"Total":11339,"Confirmed":2628,"Total/Accumulated":602622,"Confirmed/Accumulated":40228},"Confirmed":1569,"MedicalTests":{"Total/Accumulated":15673,"Confirmed/Accumulated":1330}},"geometry":{"type":"Point","coordinates":[4.731409826897467,47.2969232490013]}},{"type":"Feature","properties":{"Country/Region":"France","Province/State":"Normandie","Code":"28","Population":{"Total":3303500,"Under19":781337,"Under39":727044,"Under59":842963,"Under74":615474,"Over75":336682},"Beds":{"Resuscitation":240,"IntensiveCare":548,"Total":788},"Deaths":621,"Recovered":2759,"Severe":853,"Critical":107,"Emergencies":{"Suspected":60,"Total":1799,"Severe":28,"Suspected/Accumulated":7312,"Total/Accumulated":452912,"Severe/Accumulated":3284},"MedicalActs":{"Suspected":67,"Total":477,"Suspected/Accumulated":7669,"Total/Accumulated":107349},"PCRTests":{"Total":10572,"Confirmed":2166,"Total/Accumulated":646250,"Confirmed/Accumulated":42725},"Confirmed":912,"MedicalTests":{"Total/Accumulated":17253,"Confirmed/Accumulated":1385}},"geometry":{"type":"Point","coordinates":[-0.022673401869158984,49.066630336448576]}},{"type":"Feature","properties":{"Country/Region":"France","Province/State":"Hauts-de-France","Code":"32","Population":{"Total":5962662,"Under19":1525538,"Under39":1443348,"Under59":1522690,"Under74":994313,"Over75":476773},"Beds":{"Resuscitation":438,"IntensiveCare":1338,"Total":1776},"Deaths":2356,"Recovered":9545,"Severe":2132,"Critical":328,"Emergencies":{"Suspected":147,"Total":2587,"Severe":61,"Suspected/Accumulated":17350,"Total/Accumulated":688182,"Severe/Accumulated":6365},"MedicalActs":{"Suspected":110,"Total":940,"Suspected/Accumulated":10807,"Total/Accumulated":211128},"PCRTests":{"Total":28472,"Confirmed":5963,"Total/Accumulated":1502622,"Confirmed/Accumulated":132678},"Confirmed":3011,"MedicalTests":{"Total/Accumulated":31790,"Confirmed/Accumulated":3410}},"geometry":{"type":"Point","coordinates":[2.8852615671641804,49.86155781716422]}},{"type":"Feature","properties":{"Country/Region":"France","Province/State":"Grand Est","Code":"44","Population":{"Total":5511747,"Under19":1258123,"Under39":1291962,"Under59":1448828,"Under74":988178,"Over75":524656},"Beds":{"Resuscitation":465,"IntensiveCare":840,"Total":1305},"Deaths":3858,"Recovered":14425,"Severe":971,"Critical":127,"Emergencies":{"Suspected":136,"Total":2559,"Severe":79,"Suspected/Accumulated":20740,"Total/Accumulated":684418,"Severe/Accumulated":10076},"MedicalActs":{"Suspected":64,"Total":535,"Suspected/Accumulated":10567,"Total/Accumulated":154450},"PCRTests":{"Total":24330,"Confirmed":4278,"Total/Accumulated":1324877,"Confirmed/Accumulated":65350},"Confirmed":5479,"MedicalTests":{"Total/Accumulated":24982,"Confirmed/Accumulated":3702}},"geometry":{"type":"Point","coordinates":[5.509890203045682,48.670969771573546]}},{"type":"Feature","properties":{"Country/Region":"France","Province/State":"Pays de la Loire","Code":"52","Population":{"Total":3801797,"Under19":933509,"Under39":853729,"Under59":970508,"Under74":667531,"Over75":376520},"Beds":{"Resuscitation":181,"IntensiveCare":572,"Total":753},"Deaths":592,"Recovered":3163,"Severe":634,"Critical":81,"Emergencies":{"Suspected":49,"Total":1505,"Severe":22,"Suspected/Accumulated":11564,"Total/Accumulated":394741,"Severe/Accumulated":6050},"MedicalActs":{"Suspected":44,"Total":472,"Suspected/Accumulated":6843,"Total/Accumulated":116911},"PCRTests":{"Total":14269,"Confirmed":2415,"Total/Accumulated":799789,"Confirmed/Accumulated":44715},"Confirmed":1630,"MedicalTests":{"Total/Accumulated":1941,"Confirmed/Accumulated":78}},"geometry":{"type":"Point","coordinates":[-0.8763313771517983,47.44186302034428]}},{"type":"Feature","properties":{"Country/Region":"France","Province/State":"Bretagne","Code":"53","Population":{"Total":3340379,"Under19":773631,"Under39":714512,"Under59":866988,"Under74":632104,"Over75":353144},"Beds":{"Resuscitation":162,"IntensiveCare":462,"Total":624},"Deaths":332,"Recovered":1839,"Severe":375,"Critical":53,"Emergencies":{"Suspected":41,"Total":1584,"Severe":19,"Suspected/Accumulated":7833,"Total/Accumulated":419668,"Severe/Accumulated":2925},"MedicalActs":{"Suspected":31,"Total":341,"Suspected/Accumulated":4083,"Total/Accumulated":87009},"PCRTests":{"Total":9319,"Confirmed":1230,"Total/Accumulated":627140,"Confirmed/Accumulated":28903},"Confirmed":962,"MedicalTests":{"Total/Accumulated":698,"Confirmed/Accumulated":25}},"geometry":{"type":"Point","coordinates":[-3.104342941176476,48.146701189258316]}},{"type":"Feature","properties":{"Country/Region":"France","Province/State":"Nouvelle-Aquitaine","Code":"75","Population":{"Total":5999982,"Under19":1293321,"Under39":1274746,"Under59":1561754,"Under74":1177229,"Over75":692932},"Beds":{"Resuscitation":412,"IntensiveCare":946,"Total":1358},"Deaths":646,"Recovered":3533,"Severe":866,"Critical":122,"Emergencies":{"Suspected":106,"Total":2886,"Severe":69,"Suspected/Accumulated":14193,"Total/Accumulated":811270,"Severe/Accumulated":6223},"MedicalActs":{"Suspected":109,"Total":1022,"Suspected/Accumulated":15826,"Total/Accumulated":278562},"PCRTests":{"Total":19030,"Confirmed":3038,"Total/Accumulated":1139810,"Confirmed/Accumulated":64864},"Confirmed":1007,"MedicalTests":{"Total/Accumulated":33043,"Confirmed/Accumulated":961}},"geometry":{"type":"Point","coordinates":[0.16186906163753495,45.156971701931916]}},{"type":"Feature","properties":{"Country/Region":"France","Province/State":"Occitanie","Code":"76","Population":{"Total":5924858,"Under19":1320456,"Under39":1330125,"Under59":1526711,"Under74":1099893,"Over75":647673},"Beds":{"Resuscitation":474,"IntensiveCare":1206,"Total":1680},"Deaths":872,"Recovered":4954,"Severe":1371,"Critical":284,"Emergencies":{"Suspected":163,"Total":2981,"Severe":83,"Suspected/Accumulated":14160,"Total/Accumulated":826998,"Severe/Accumulated":6218},"MedicalActs":{"Suspected":42,"Total":335,"Suspected/Accumulated":5976,"Total/Accumulated":96859},"PCRTests":{"Total":22068,"Confirmed":4458,"Total/Accumulated":1382775,"Confirmed/Accumulated":105308},"Confirmed":2374,"MedicalTests":{"Total/Accumulated":83743,"Confirmed/Accumulated":2680}},"geometry":{"type":"Point","coordinates":[1.988214846153848,43.761180626373644]}},{"type":"Feature","properties":{"Country/Region":"France","Province/State":"Auvergne-Rhône-Alpes","Code":"84","Population":{"Total":8032377,"Under19":1940253,"Under39":1900702,"Under59":2079813,"Under74":1340003,"Over75":771606},"Beds":{"Resuscitation":559,"IntensiveCare":1136,"Total":1695},"Deaths":2530,"Recovered":12311,"Severe":4250,"Critical":519,"Emergencies":{"Suspected":438,"Total":3932,"Severe":204,"Suspected/Accumulated":27968,"Total/Accumulated":1028871,"Severe/Accumulated":11560},"MedicalActs":{"Suspected":256,"Total":952,"Suspected/Accumulated":18661,"Total/Accumulated":217303},"PCRTests":{"Total":41323,"Confirmed":12410,"Total/Accumulated":1838050,"Confirmed/Accumulated":208634},"Confirmed":2093,"MedicalTests":{"Total/Accumulated":27674,"Confirmed/Accumulated":2153}},"geometry":{"type":"Point","coordinates":[4.515179591651545,45.475403602540794]}},{"type":"Feature","properties":{"Country/Region":"France","Province/State":"Guadeloupe","Code":"01","Population":{"Total":376879,"Under19":90617,"Under39":71707,"Under59":109452,"Under74":70936,"Over75":34167},"Beds":{"Resuscitation":27,"IntensiveCare":68,"Total":95},"Deaths":138,"Recovered":584,"Severe":139,"Critical":18,"Emergencies":{"Suspected":8,"Total":185,"Severe":7,"Suspected/Accumulated":1521,"Total/Accumulated":49361,"Severe/Accumulated":689},"PCRTests":{"Total":428,"Confirmed":49,"Total/Accumulated":61155,"Confirmed/Accumulated":7514},"Confirmed":106,"MedicalTests":{"Total/Accumulated":51,"Confirmed/Accumulated":17}},"geometry":{"type":"Point","coordinates":[-61.493846272189366,16.20469674556213]}},{"type":"Feature","properties":{"Country/Region":"France","Province/State":"Martinique","Code":"02","Population":{"Total":358749,"Under19":77005,"Under39":65776,"Under59":105638,"Under74":72163,"Over75":38167},"Beds":{"Resuscitation":26,"IntensiveCare":58,"Total":84},"Deaths":31,"Recovered":191,"Severe":69,"Critical":13,"MedicalActs":{"Suspected":7,"Total":132,"Suspected/Accumulated":518,"Total/Accumulated":26245},"PCRTests":{"Total":958,"Confirmed":142,"Total/Accumulated":67650,"Confirmed/Accumulated":4017},"Confirmed":111,"MedicalTests":{"Total/Accumulated":29,"Confirmed/Accumulated":6}},"geometry":{"type":"Point","coordinates":[-60.98265692913386,14.6217557480315]}},{"type":"Feature","properties":{"Country/Region":"France","Province/State":"Provence-Alpes-Côte d'Azur","Code":"93","Population":{"Total":5055651,"Under19":1128765,"Under39":1109058,"Under59":1309879,"Under74":927347,"Over75":580602},"Beds":{"Resuscitation":460,"IntensiveCare":802,"Total":1262},"Deaths":1507,"Recovered":10300,"Severe":2150,"Critical":315,"Emergencies":{"Suspected":201,"Total":2916,"Severe":128,"Suspected/Accumulated":18593,"Total/Accumulated":824309,"Severe/Accumulated":9460},"MedicalActs":{"Suspected":91,"Total":670,"Suspected/Accumulated":12955,"Total/Accumulated":195232},"PCRTests":{"Total":22688,"Confirmed":4677,"Total/Accumulated":1499633,"Confirmed/Accumulated":113810},"Confirmed":1927,"MedicalTests":{"Total/Accumulated":80858,"Confirmed/Accumulated":4204}},"geometry":{"type":"Point","coordinates":[5.940587832647462,43.96417941015098]}},{"type":"Feature","properties":{"Country/Region":"France","Province/State":"Corse","Code":"94","Population":{"Total":344679,"Under19":68555,"Under39":76985,"Under59":93175,"Under74":65675,"Over75":40289},"Beds":{"Resuscitation":18,"IntensiveCare":42,"Total":60},"Deaths":74,"Recovered":338,"Severe":74,"Critical":14,"Emergencies":{"Suspected":5,"Total":192,"Severe":5,"Suspected/Accumulated":2470,"Total/Accumulated":56343,"Severe/Accumulated":2214},"MedicalActs":{"Suspected":23,"Total":97,"Suspected/Accumulated":1214,"Total/Accumulated":17603},"PCRTests":{"Total":1462,"Confirmed":222,"Total/Accumulated":87907,"Confirmed/Accumulated":4231},"Confirmed":263},"geometry":{"type":"Point","coordinates":[9.019688964401293,42.118564077669916]}},{"type":"Feature","properties":{"Country/Region":"France","Province/State":"Guyane","Code":"03","Population":{"Total":290691,"Under19":120681,"Under39":80023,"Under59":61783,"Under74":22111,"Over75":6093},"Beds":{"Resuscitation":13,"IntensiveCare":12,"Total":25},"Deaths":66,"Recovered":1795,"Severe":18,"Critical":3,"Emergencies":{"Total":188,"Suspected/Accumulated":1979,"Total/Accumulated":46281,"Severe/Accumulated":932},"PCRTests":{"Total":330,"Confirmed":17,"Total/Accumulated":67572,"Confirmed/Accumulated":9173},"Confirmed":43,"MedicalTests":{"Total/Accumulated":35,"Confirmed/Accumulated":4}},"geometry":{"type":"Point","coordinates":[-53.41731165390502,3.588901056661561]}},{"type":"Feature","properties":{"Country/Region":"France","Province/State":"La Réunion","Code":"04","Population":{"Total":859959,"Under19":256143,"Under39":202783,"Under59":239212,"Under74":117045,"Over75":44776},"Beds":{"Resuscitation":52,"IntensiveCare":154,"Total":206},"Deaths":29,"Recovered":477,"Severe":54,"Critical":10,"Emergencies":{"Suspected":4,"Total":336,"Severe":2,"Suspected/Accumulated":588,"Total/Accumulated":91505,"Severe/Accumulated":354},"PCRTests":{"Total":1476,"Confirmed":87,"Total/Accumulated":197874,"Confirmed/Accumulated":5540},"Confirmed":94,"MedicalTests":{"Total/Accumulated":19,"Confirmed/Accumulated":1}},"geometry":{"type":"Point","coordinates":[55.52943947368424,-21.1374047368421]}},{"type":"Feature","properties":{"Country/Region":"France","Province/State":"Mayotte","Code":"06","Population":{"Total":279471,"Under19":150257,"Under39":74348,"Under59":42900,"Under74":9521,"Over75":2445},"Beds":{"Resuscitation":6,"IntensiveCare":0,"Total":6},"Deaths":30,"Recovered":477,"Severe":13,"Critical":5,"Emergencies":{"Total":111,"Suspected/Accumulated":1934,"Total/Accumulated":25309,"Severe/Accumulated":269},"PCRTests":{"Total":251,"Confirmed":36,"Total/Accumulated":26606,"Confirmed/Accumulated":2693},"Confirmed":128,"MedicalTests":{"Total/Accumulated":4,"Confirmed/Accumulated":1}},"geometry":{"type":"Point","coordinates":[45.14160071428572,-12.835344166666673]}}]}