{"type":"FeatureCollection","features":[{"type":"Feature","properties":{"Country/Region":"France","Province/State":"Île-de-France","Code":"11","Population":{"Total":12278210,"Under19":3140965,"Under39":3409765,"Under59":3210447,"Under74":1658207,"Over75":858826},"Beds":{"Resuscitation":1147,"IntensiveCare":2512,"Total":3659},"Confirmed":7660,"Deaths":357,"Recovered":1084,"Severe":4389,"Critical":1114,"Emergencies":{"Suspected":1643,"Total":5133,"Severe":572,"Suspected/Accumulated":12935,"Total/Accumulated":152609,"Severe/Accumulated":3876},"MedicalActs":{"Suspected":391,"Total":1268,"Suspected/Accumulated":3938,"Total/Accumulated":46279},"MedicalTests":{"Total":1418,"Confirmed":620,"Total/Accumulated":8150,"Confirmed/Accumulated":3563}},"geometry":{"type":"Point","coordinates":[2.5292589766081885,48.704415292397634]}},{"type":"Feature","properties":{"Country/Region":"France","Province/State":"Centre-Val de Loire","Code":"24","Population":{"Total":2559073,"Under19":598570,"Under39":541141,"Under59":661150,"Under74":478923,"Over75":279289},"Beds":{"Resuscitation":180,"IntensiveCare":346,"Total":526},"Confirmed":561,"Deaths":13,"Recovered":36,"Severe":165,"Critical":58,"Emergencies":{"Suspected":47,"Total":782,"Severe":13,"Suspected/Accumulated":536,"Total/Accumulated":30041,"Severe/Accumulated":141},"MedicalActs":{"Suspected":22,"Total":168,"Suspected/Accumulated":185,"Total/Accumulated":9582},"MedicalTests":{"Total":224,"Confirmed":54,"Total/Accumulated":808,"Confirmed/Accumulated":196}},"geometry":{"type":"Point","coordinates":[1.6429664800000017,47.54357092799999]}},{"type":"Feature","properties":{"Country/Region":"France","Province/State":"Bourgogne-Franche-Comté","Code":"27","Population":{"Total":2783039,"Under19":627017,"Under39":591411,"Under59":715664,"Under74":540051,"Over75":308896},"Beds":{"Resuscitation":198,"IntensiveCare":642,"Total":840},"Confirmed":1569,"Deaths":102,"Recovered":348,"Severe":591,"Critical":150,"Emergencies":{"Suspected":297,"Total":1155,"Severe":113,"Suspected/Accumulated":2804,"Total/Accumulated":38112,"Severe/Accumulated":1108},"MedicalActs":{"Suspected":46,"Total":212,"Suspected/Accumulated":561,"Total/Accumulated":7693},"MedicalTests":{"Total":174,"Confirmed":46,"Total/Accumulated":714,"Confirmed/Accumulated":179}},"geometry":{"type":"Point","coordinates":[4.731409826897467,47.2969232490013]}},{"type":"Feature","properties":{"Country/Region":"France","Province/State":"Normandie","Code":"28","Population":{"Total":3303500,"Under19":781337,"Under39":727044,"Under59":842963,"Under74":615474,"Over75":336682},"Beds":{"Resuscitation":240,"IntensiveCare":548,"Total":788},"Confirmed":688,"Deaths":19,"Recovered":50,"Severe":226,"Critical":56,"Emergencies":{"Suspected":106,"Total":1130,"Severe":33,"Suspected/Accumulated":983,"Total/Accumulated":42280,"Severe/Accumulated":225},"MedicalActs":{"Suspected":78,"Total":287,"Suspected/Accumulated":779,"Total/Accumulated":13577},"MedicalTests":{"Total":190,"Confirmed":47,"Total/Accumulated":898,"Confirmed/Accumulated":174}},"geometry":{"type":"Point","coordinates":[-0.022673401869158984,49.066630336448576]}},{"type":"Feature","properties":{"Country/Region":"France","Province/State":"Hauts-de-France","Code":"32","Population":{"Total":5962662,"Under19":1525538,"Under39":1443348,"Under59":1522690,"Under74":994313,"Over75":476773},"Beds":{"Resuscitation":438,"IntensiveCare":1338,"Total":1776},"Confirmed":1753,"Deaths":137,"Recovered":287,"Severe":829,"Critical":247,"Emergencies":{"Suspected":261,"Total":1817,"Severe":107,"Suspected/Accumulated":2281,"Total/Accumulated":63577,"Severe/Accumulated":771},"MedicalActs":{"Suspected":120,"Total":600,"Suspected/Accumulated":1152,"Total/Accumulated":28554},"MedicalTests":{"Total":209,"Confirmed":77,"Total/Accumulated":754,"Confirmed/Accumulated":280}},"geometry":{"type":"Point","coordinates":[2.8852615671641804,49.86155781716422]}},{"type":"Feature","properties":{"Country/Region":"France","Province/State":"Grand Est","Code":"44","Population":{"Total":5511747,"Under19":1258123,"Under39":1291962,"Under59":1448828,"Under74":988178,"Over75":524656},"Beds":{"Resuscitation":465,"IntensiveCare":840,"Total":1305},"Confirmed":5479,"Deaths":506,"Recovered":774,"Severe":3068,"Critical":651,"Emergencies":{"Suspected":534,"Total":1983,"Severe":280,"Suspected/Accumulated":5075,"Total/Accumulated":66929,"Severe/Accumulated":2436},"MedicalActs":{"Suspected":195,"Total":657,"Suspected/Accumulated":1627,"Total/Accumulated":19826},"MedicalTests":{"Total":374,"Confirmed":121,"Total/Accumulated":1322,"Confirmed/Accumulated":429}},"geometry":{"type":"Point","coordinates":[5.509890203045682,48.670969771573546]}},{"type":"Feature","properties":{"Country/Region":"France","Province/State":"Pays de la Loire","Code":"52","Population":{"Total":3801797,"Under19":933509,"Under39":853729,"Under59":970508,"Under74":667531,"Over75":376520},"Beds":{"Resuscitation":181,"IntensiveCare":572,"Total":753},"Confirmed":379,"Deaths":17,"Recovered":106,"Severe":236,"Critical":66,"Emergencies":{"Suspected":192,"Total":1003,"Severe":95,"Suspected/Accumulated":1648,"Total/Accumulated":33652,"Severe/Accumulated":569},"MedicalActs":{"Suspected":89,"Total":386,"Suspected/Accumulated":897,"Total/Accumulated":13005},"MedicalTests":{"Total":55,"Confirmed":4,"Total/Accumulated":182,"Confirmed/Accumulated":18}},"geometry":{"type":"Point","coordinates":[-0.8763313771517983,47.44186302034428]}},{"type":"Feature","properties":{"Country/Region":"France","Province/State":"Bretagne","Code":"53","Population":{"Total":3340379,"Under19":773631,"Under39":714512,"Under59":866988,"Under74":632104,"Over75":353144},"Beds":{"Resuscitation":162,"IntensiveCare":462,"Total":624},"Confirmed":603,"Deaths":28,"Recovered":102,"Severe":158,"Critical":38,"Emergencies":{"Suspected":136,"Total":1115,"Severe":45,"Suspected/Accumulated":1681,"Total/Accumulated":38307,"Severe/Accumulated":273},"MedicalActs":{"Suspected":22,"Total":253,"Suspected/Accumulated":297,"Total/Accumulated":10572},"MedicalTests":{"Total":4,"Total/Accumulated":37,"Confirmed/Accumulated":6}},"geometry":{"type":"Point","coordinates":[-3.104342941176476,48.146701189258316]}},{"type":"Feature","properties":{"Country/Region":"France","Province/State":"Nouvelle-Aquitaine","Code":"75","Population":{"Total":5999982,"Under19":1293321,"Under39":1274746,"Under59":1561754,"Under74":1177229,"Over75":692932},"Beds":{"Resuscitation":412,"IntensiveCare":946,"Total":1358},"Confirmed":912,"Deaths":25,"Recovered":115,"Severe":340,"Critical":75,"Emergencies":{"Suspected":267,"Total":1932,"Severe":99,"Suspected/Accumulated":2477,"Total/Accumulated":69808,"Severe/Accumulated":700},"MedicalActs":{"Suspected":144,"Total":852,"Suspected/Accumulated":2330,"Total/Accumulated":34252},"MedicalTests":{"Total":346,"Confirmed":25,"Total/Accumulated":1391,"Confirmed/Accumulated":140}},"geometry":{"type":"Point","coordinates":[0.16186906163753495,45.156971701931916]}},{"type":"Feature","properties":{"Country/Region":"France","Province/State":"Occitanie","Code":"76","Population":{"Total":5924858,"Under19":1320456,"Under39":1330125,"Under59":1526711,"Under74":1099893,"Over75":647673},"Beds":{"Resuscitation":474,"IntensiveCare":1206,"Total":1680},"Confirmed":1082,"Deaths":46,"Recovered":195,"Severe":469,"Critical":147,"Emergencies":{"Suspected":137,"Total":1931,"Severe":59,"Suspected/Accumulated":1695,"Total/Accumulated":73360,"Severe/Accumulated":674},"MedicalActs":{"Suspected":67,"Total":346,"Suspected/Accumulated":744,"Total/Accumulated":11663},"MedicalTests":{"Total":128,"Confirmed":15,"Total/Accumulated":583,"Confirmed/Accumulated":84}},"geometry":{"type":"Point","coordinates":[1.988214846153848,43.761180626373644]}},{"type":"Feature","properties":{"Country/Region":"France","Province/State":"Auvergne-Rhône-Alpes","Code":"84","Population":{"Total":8032377,"Under19":1940253,"Under39":1900702,"Under59":2079813,"Under74":1340003,"Over75":771606},"Beds":{"Resuscitation":559,"IntensiveCare":1136,"Total":1695},"Confirmed":2093,"Deaths":107,"Recovered":404,"Severe":1239,"Critical":258,"Emergencies":{"Suspected":471,"Total":2595,"Severe":237,"Suspected/Accumulated":3135,"Total/Accumulated":94618,"Severe/Accumulated":1465},"MedicalActs":{"Suspected":176,"Total":779,"Suspected/Accumulated":1901,"Total/Accumulated":25000},"MedicalTests":{"Total":231,"Confirmed":54,"Total/Accumulated":2727,"Confirmed/Accumulated":547}},"geometry":{"type":"Point","coordinates":[4.515179591651545,45.475403602540794]}},{"type":"Feature","properties":{"Country/Region":"France","Province/State":"Guadeloupe","Code":"01","Population":{"Total":376879,"Under19":90617,"Under39":71707,"Under59":109452,"Under74":70936,"Over75":34167},"Beds":{"Resuscitation":27,"IntensiveCare":68,"Total":95},"Confirmed":76,"Deaths":1,"Severe":20,"Critical":7,"Emergencies":{"Suspected":2,"Total":124,"Suspected/Accumulated":9,"Total/Accumulated":4961,"Severe/Accumulated":5},"MedicalTests":{"Total":3,"Confirmed":2,"Total/Accumulated":4,"Confirmed/Accumulated":3}},"geometry":{"type":"Point","coordinates":[-61.493846272189366,16.20469674556213]}},{"type":"Feature","properties":{"Country/Region":"France","Province/State":"Martinique","Code":"02","Population":{"Total":358749,"Under19":77005,"Under39":65776,"Under59":105638,"Under74":72163,"Over75":38167},"Beds":{"Resuscitation":26,"IntensiveCare":58,"Total":84},"Confirmed":66,"Deaths":1,"Recovered":12,"Severe":22,"Critical":10,"MedicalActs":{"Total":85,"Total/Accumulated":3100},"MedicalTests":{"Total/Accumulated":3,"Confirmed/Accumulated":1}},"geometry":{"type":"Point","coordinates":[-60.98265692913386,14.6217557480315]}},{"type":"Feature","properties":{"Country/Region":"France","Province/State":"Provence-Alpes-Côte d'Azur","Code":"93","Population":{"Total":5055651,"Under19":1128765,"Under39":1109058,"Under59":1309879,"Under74":927347,"Over75":580602},"Beds":{"Resuscitation":460,"IntensiveCare":802,"Total":1262},"Confirmed":1927,"Deaths":33,"Recovered":535,"Severe":608,"Critical":144,"Emergencies":{"Suspected":277,"Total":2032,"Severe":139,"Suspected/Accumulated":2587,"Total/Accumulated":74289,"Severe/Accumulated":1243},"MedicalActs":{"Suspected":138,"Total":669,"Suspected/Accumulated":1641,"Total/Accumulated":22257},"MedicalTests":{"Total":1010,"Confirmed":168,"Total/Accumulated":3317,"Confirmed/Accumulated":587}},"geometry":{"type":"Point","coordinates":[5.940587832647462,43.96417941015098]}},{"type":"Feature","properties":{"Country/Region":"France","Province/State":"Corse","Code":"94","Population":{"Total":344679,"Under19":68555,"Under39":76985,"Under59":93175,"Under74":65675,"Over75":40289},"Beds":{"Resuscitation":18,"IntensiveCare":42,"Total":60},"Confirmed":233,"Deaths":15,"Recovered":54,"Severe":81,"Critical":14,"Emergencies":{"Suspected":48,"Total":119,"Severe":47,"Suspected/Accumulated":742,"Total/Accumulated":4265,"Severe/Accumulated":726},"MedicalActs":{"Suspected":20,"Total":44,"Suspected/Accumulated":182,"Total/Accumulated":1371}},"geometry":{"type":"Point","coordinates":[9.019688964401293,42.118564077669916]}},{"type":"Feature","properties":{"Country/Region":"France","Province/State":"Guyane","Code":"03","Population":{"Total":290691,"Under19":120681,"Under39":80023,"Under59":61783,"Under74":22111,"Over75":6093},"Beds":{"Resuscitation":13,"IntensiveCare":12,"Total":25},"Confirmed":30,"Recovered":10,"Emergencies":{"Total":129,"Suspected/Accumulated":5,"Total/Accumulated":5672},"MedicalTests":{"Total":1,"Confirmed":1,"Total/Accumulated":11,"Confirmed/Accumulated":1}},"geometry":{"type":"Point","coordinates":[-53.41731165390502,3.588901056661561]}},{"type":"Feature","properties":{"Country/Region":"France","Province/State":"La Réunion","Code":"04","Population":{"Total":859959,"Under19":256143,"Under39":202783,"Under59":239212,"Under74":117045,"Over75":44776},"Beds":{"Resuscitation":52,"IntensiveCare":154,"Total":206},"Confirmed":94,"Severe":3,"Critical":3,"Emergencies":{"Suspected":3,"Total":229,"Severe":1,"Suspected/Accumulated":67,"Total/Accumulated":10153,"Severe/Accumulated":58},"MedicalTests":{"Total/Accumulated":1}},"geometry":{"type":"Point","coordinates":[55.52943947368424,-21.1374047368421]}},{"type":"Feature","properties":{"Country/Region":"France","Province/State":"Mayotte","Code":"06","Population":{"Total":279471,"Under19":150257,"Under39":74348,"Under59":42900,"Under74":9521,"Over75":2445},"Beds":{"Resuscitation":6,"IntensiveCare":0,"Total":6},"Confirmed":35,"Emergencies":{"Suspected":11,"Total":68,"Suspected/Accumulated":22,"Total/Accumulated":2591,"Severe/Accumulated":2},"Severe":4,"Critical":1},"geometry":{"type":"Point","coordinates":[45.14160071428572,-12.835344166666673]}}]}