{"type":"FeatureCollection","features":[{"type":"Feature","properties":{"Country/Region":"France","Province/State":"Île-de-France","Code":"11","Population":{"Total":12278210,"Under19":3140965,"Under39":3409765,"Under59":3210447,"Under74":1658207,"Over75":858826},"Beds":{"Resuscitation":1147,"IntensiveCare":2512,"Total":3659},"Deaths":578,"Recovered":1598,"Severe":5793,"Critical":1389,"Emergencies":{"Suspected":2092,"Total":5536,"Severe":718,"Suspected/Accumulated":16788,"Total/Accumulated":163048,"Severe/Accumulated":5189},"MedicalActs":{"Suspected":413,"Total":1270,"Suspected/Accumulated":4688,"Total/Accumulated":48627},"MedicalTests":{"Total":1822,"Confirmed":766,"Total/Accumulated":11644,"Confirmed/Accumulated":5073},"Confirmed":7660},"geometry":{"type":"Point","coordinates":[2.5292589766081885,48.704415292397634]}},{"type":"Feature","properties":{"Country/Region":"France","Province/State":"Centre-Val de Loire","Code":"24","Population":{"Total":2559073,"Under19":598570,"Under39":541141,"Under59":661150,"Under74":478923,"Over75":279289},"Beds":{"Resuscitation":180,"IntensiveCare":346,"Total":526},"Confirmed":830,"Deaths":26,"Recovered":64,"Severe":247,"Critical":81,"Emergencies":{"Suspected":144,"Total":979,"Severe":43,"Suspected/Accumulated":815,"Total/Accumulated":31878,"Severe/Accumulated":205},"MedicalActs":{"Suspected":12,"Total":211,"Suspected/Accumulated":229,"Total/Accumulated":10003},"MedicalTests":{"Total":308,"Confirmed":78,"Total/Accumulated":1443,"Confirmed/Accumulated":368}},"geometry":{"type":"Point","coordinates":[1.6429664800000017,47.54357092799999]}},{"type":"Feature","properties":{"Country/Region":"France","Province/State":"Bourgogne-Franche-Comté","Code":"27","Population":{"Total":2783039,"Under19":627017,"Under39":591411,"Under59":715664,"Under74":540051,"Over75":308896},"Beds":{"Resuscitation":198,"IntensiveCare":642,"Total":840},"Deaths":139,"Recovered":432,"Severe":740,"Critical":186,"Emergencies":{"Suspected":368,"Total":1263,"Severe":182,"Suspected/Accumulated":3492,"Total/Accumulated":40537,"Severe/Accumulated":1411},"MedicalActs":{"Suspected":76,"Total":204,"Suspected/Accumulated":663,"Total/Accumulated":8054},"MedicalTests":{"Total":203,"Confirmed":38,"Total/Accumulated":1140,"Confirmed/Accumulated":261},"Confirmed":1569},"geometry":{"type":"Point","coordinates":[4.731409826897467,47.2969232490013]}},{"type":"Feature","properties":{"Country/Region":"France","Province/State":"Normandie","Code":"28","Population":{"Total":3303500,"Under19":781337,"Under39":727044,"Under59":842963,"Under74":615474,"Over75":336682},"Beds":{"Resuscitation":240,"IntensiveCare":548,"Total":788},"Confirmed":912,"Deaths":25,"Recovered":73,"Severe":314,"Critical":93,"Emergencies":{"Suspected":145,"Total":1284,"Severe":37,"Suspected/Accumulated":1250,"Total/Accumulated":44669,"Severe/Accumulated":314},"MedicalActs":{"Suspected":108,"Total":295,"Suspected/Accumulated":953,"Total/Accumulated":14155},"MedicalTests":{"Total":225,"Confirmed":36,"Total/Accumulated":1367,"Confirmed/Accumulated":262}},"geometry":{"type":"Point","coordinates":[-0.022673401869158984,49.066630336448576]}},{"type":"Feature","properties":{"Country/Region":"France","Province/State":"Hauts-de-France","Code":"32","Population":{"Total":5962662,"Under19":1525538,"Under39":1443348,"Under59":1522690,"Under74":994313,"Over75":476773},"Beds":{"Resuscitation":438,"IntensiveCare":1338,"Total":1776},"Confirmed":2300,"Deaths":169,"Recovered":401,"Severe":993,"Critical":302,"Emergencies":{"Suspected":441,"Total":2065,"Severe":140,"Suspected/Accumulated":3047,"Total/Accumulated":67468,"Severe/Accumulated":1032},"MedicalActs":{"Suspected":143,"Total":658,"Suspected/Accumulated":1416,"Total/Accumulated":29734},"MedicalTests":{"Total":240,"Confirmed":65,"Total/Accumulated":1276,"Confirmed/Accumulated":444}},"geometry":{"type":"Point","coordinates":[2.8852615671641804,49.86155781716422]}},{"type":"Feature","properties":{"Country/Region":"France","Province/State":"Grand Est","Code":"44","Population":{"Total":5511747,"Under19":1258123,"Under39":1291962,"Under59":1448828,"Under74":988178,"Over75":524656},"Beds":{"Resuscitation":465,"IntensiveCare":840,"Total":1305},"Deaths":657,"Recovered":1074,"Severe":3290,"Critical":699,"Emergencies":{"Suspected":609,"Total":2125,"Severe":350,"Suspected/Accumulated":6285,"Total/Accumulated":71057,"Severe/Accumulated":3091},"MedicalActs":{"Suspected":206,"Total":678,"Suspected/Accumulated":2034,"Total/Accumulated":21140},"MedicalTests":{"Total":621,"Confirmed":186,"Total/Accumulated":2340,"Confirmed/Accumulated":755},"Confirmed":5479},"geometry":{"type":"Point","coordinates":[5.509890203045682,48.670969771573546]}},{"type":"Feature","properties":{"Country/Region":"France","Province/State":"Pays de la Loire","Code":"52","Population":{"Total":3801797,"Under19":933509,"Under39":853729,"Under59":970508,"Under74":667531,"Over75":376520},"Beds":{"Resuscitation":181,"IntensiveCare":572,"Total":753},"Confirmed":530,"Deaths":42,"Recovered":141,"Severe":371,"Critical":84,"Emergencies":{"Suspected":238,"Total":1125,"Severe":107,"Suspected/Accumulated":2081,"Total/Accumulated":35775,"Severe/Accumulated":771},"MedicalActs":{"Suspected":94,"Total":390,"Suspected/Accumulated":1062,"Total/Accumulated":13744},"MedicalTests":{"Total":30,"Confirmed":2,"Total/Accumulated":261,"Confirmed/Accumulated":31}},"geometry":{"type":"Point","coordinates":[-0.8763313771517983,47.44186302034428]}},{"type":"Feature","properties":{"Country/Region":"France","Province/State":"Bretagne","Code":"53","Population":{"Total":3340379,"Under19":773631,"Under39":714512,"Under59":866988,"Under74":632104,"Over75":353144},"Beds":{"Resuscitation":162,"IntensiveCare":462,"Total":624},"Confirmed":797,"Deaths":34,"Recovered":131,"Severe":215,"Critical":49,"Emergencies":{"Suspected":124,"Total":1178,"Severe":42,"Suspected/Accumulated":1891,"Total/Accumulated":40510,"Severe/Accumulated":356},"MedicalActs":{"Suspected":34,"Total":268,"Suspected/Accumulated":348,"Total/Accumulated":11078},"MedicalTests":{"Total":6,"Total/Accumulated":51,"Confirmed/Accumulated":9}},"geometry":{"type":"Point","coordinates":[-3.104342941176476,48.146701189258316]}},{"type":"Feature","properties":{"Country/Region":"France","Province/State":"Nouvelle-Aquitaine","Code":"75","Population":{"Total":5999982,"Under19":1293321,"Under39":1274746,"Under59":1561754,"Under74":1177229,"Over75":692932},"Beds":{"Resuscitation":412,"IntensiveCare":946,"Total":1358},"Deaths":42,"Recovered":191,"Severe":482,"Critical":116,"Emergencies":{"Suspected":336,"Total":2113,"Severe":143,"Suspected/Accumulated":3098,"Total/Accumulated":74341,"Severe/Accumulated":956},"MedicalActs":{"Suspected":237,"Total":1007,"Suspected/Accumulated":2716,"Total/Accumulated":36041},"MedicalTests":{"Total":419,"Confirmed":40,"Total/Accumulated":2273,"Confirmed/Accumulated":231},"Confirmed":1007},"geometry":{"type":"Point","coordinates":[0.16186906163753495,45.156971701931916]}},{"type":"Feature","properties":{"Country/Region":"France","Province/State":"Occitanie","Code":"76","Population":{"Total":5924858,"Under19":1320456,"Under39":1330125,"Under59":1526711,"Under74":1099893,"Over75":647673},"Beds":{"Resuscitation":474,"IntensiveCare":1206,"Total":1680},"Confirmed":1553,"Deaths":61,"Recovered":269,"Severe":622,"Critical":187,"Emergencies":{"Suspected":168,"Total":2125,"Severe":75,"Suspected/Accumulated":2017,"Total/Accumulated":77287,"Severe/Accumulated":820},"MedicalActs":{"Suspected":89,"Total":342,"Suspected/Accumulated":899,"Total/Accumulated":12320},"MedicalTests":{"Total":863,"Confirmed":100,"Total/Accumulated":4686,"Confirmed/Accumulated":729}},"geometry":{"type":"Point","coordinates":[1.988214846153848,43.761180626373644]}},{"type":"Feature","properties":{"Country/Region":"France","Province/State":"Auvergne-Rhône-Alpes","Code":"84","Population":{"Total":8032377,"Under19":1940253,"Under39":1900702,"Under59":2079813,"Under74":1340003,"Over75":771606},"Beds":{"Resuscitation":559,"IntensiveCare":1136,"Total":1695},"Deaths":166,"Recovered":618,"Severe":1652,"Critical":348,"Emergencies":{"Suspected":718,"Total":2896,"Severe":346,"Suspected/Accumulated":4380,"Total/Accumulated":100077,"Severe/Accumulated":2096},"MedicalActs":{"Suspected":173,"Total":776,"Suspected/Accumulated":2224,"Total/Accumulated":26492},"MedicalTests":{"Total":328,"Confirmed":37,"Total/Accumulated":3610,"Confirmed/Accumulated":633},"Confirmed":2093},"geometry":{"type":"Point","coordinates":[4.515179591651545,45.475403602540794]}},{"type":"Feature","properties":{"Country/Region":"France","Province/State":"Guadeloupe","Code":"01","Population":{"Total":376879,"Under19":90617,"Under39":71707,"Under59":109452,"Under74":70936,"Over75":34167},"Beds":{"Resuscitation":27,"IntensiveCare":68,"Total":95},"Deaths":1,"Recovered":6,"Severe":29,"Critical":13,"Emergencies":{"Suspected":7,"Total":138,"Severe":2,"Suspected/Accumulated":23,"Total/Accumulated":5261,"Severe/Accumulated":10},"MedicalTests":{"Total":1,"Total/Accumulated":8,"Confirmed/Accumulated":3},"Confirmed":76},"geometry":{"type":"Point","coordinates":[-61.493846272189366,16.20469674556213]}},{"type":"Feature","properties":{"Country/Region":"France","Province/State":"Martinique","Code":"02","Population":{"Total":358749,"Under19":77005,"Under39":65776,"Under59":105638,"Under74":72163,"Over75":38167},"Beds":{"Resuscitation":26,"IntensiveCare":58,"Total":84},"Confirmed":93,"Deaths":1,"Recovered":13,"Severe":44,"Critical":15,"MedicalActs":{"Total":95,"Suspected/Accumulated":1,"Total/Accumulated":3310},"MedicalTests":{"Total/Accumulated":3,"Confirmed/Accumulated":1}},"geometry":{"type":"Point","coordinates":[-60.98265692913386,14.6217557480315]}},{"type":"Feature","properties":{"Country/Region":"France","Province/State":"Provence-Alpes-Côte d'Azur","Code":"93","Population":{"Total":5055651,"Under19":1128765,"Under39":1109058,"Under59":1309879,"Under74":927347,"Over75":580602},"Beds":{"Resuscitation":460,"IntensiveCare":802,"Total":1262},"Deaths":48,"Recovered":642,"Severe":823,"Critical":186,"Emergencies":{"Suspected":361,"Total":2369,"Severe":204,"Suspected/Accumulated":3245,"Total/Accumulated":78656,"Severe/Accumulated":1599},"MedicalActs":{"Suspected":175,"Total":727,"Suspected/Accumulated":1958,"Total/Accumulated":23672},"MedicalTests":{"Total":1466,"Confirmed":239,"Total/Accumulated":6949,"Confirmed/Accumulated":1174},"Confirmed":1927},"geometry":{"type":"Point","coordinates":[5.940587832647462,43.96417941015098]}},{"type":"Feature","properties":{"Country/Region":"France","Province/State":"Corse","Code":"94","Population":{"Total":344679,"Under19":68555,"Under39":76985,"Under59":93175,"Under74":65675,"Over75":40289},"Beds":{"Resuscitation":18,"IntensiveCare":42,"Total":60},"Confirmed":263,"Deaths":21,"Recovered":70,"Severe":102,"Critical":13,"Emergencies":{"Suspected":70,"Total":149,"Severe":68,"Suspected/Accumulated":879,"Total/Accumulated":4567,"Severe/Accumulated":861},"MedicalActs":{"Suspected":18,"Total":38,"Suspected/Accumulated":215,"Total/Accumulated":1445}},"geometry":{"type":"Point","coordinates":[9.019688964401293,42.118564077669916]}},{"type":"Feature","properties":{"Country/Region":"France","Province/State":"Guyane","Code":"03","Population":{"Total":290691,"Under19":120681,"Under39":80023,"Under59":61783,"Under74":22111,"Over75":6093},"Beds":{"Resuscitation":13,"IntensiveCare":12,"Total":25},"Confirmed":34,"Recovered":10,"Emergencies":{"Suspected":1,"Total":162,"Suspected/Accumulated":7,"Total/Accumulated":5970},"MedicalTests":{"Total/Accumulated":12,"Confirmed/Accumulated":2}},"geometry":{"type":"Point","coordinates":[-53.41731165390502,3.588901056661561]}},{"type":"Feature","properties":{"Country/Region":"France","Province/State":"La Réunion","Code":"04","Population":{"Total":859959,"Under19":256143,"Under39":202783,"Under59":239212,"Under74":117045,"Over75":44776},"Beds":{"Resuscitation":52,"IntensiveCare":154,"Total":206},"Severe":3,"Critical":2,"Emergencies":{"Suspected":7,"Total":261,"Severe":3,"Suspected/Accumulated":86,"Total/Accumulated":10665,"Severe/Accumulated":66},"Confirmed":94,"MedicalTests":{"Total/Accumulated":1}},"geometry":{"type":"Point","coordinates":[55.52943947368424,-21.1374047368421]}},{"type":"Feature","properties":{"Country/Region":"France","Province/State":"Mayotte","Code":"06","Population":{"Total":279471,"Under19":150257,"Under39":74348,"Under59":42900,"Under74":9521,"Over75":2445},"Beds":{"Resuscitation":6,"IntensiveCare":0,"Total":6},"Confirmed":50,"Recovered":4,"Severe":3,"Critical":2,"Emergencies":{"Suspected":22,"Total":91,"Severe":3,"Suspected/Accumulated":53,"Total/Accumulated":2747,"Severe/Accumulated":7},"MedicalTests":{"Total":1,"Confirmed":1,"Total/Accumulated":1,"Confirmed/Accumulated":1}},"geometry":{"type":"Point","coordinates":[45.14160071428572,-12.835344166666673]}}]}