{"type":"FeatureCollection","features":[{"type":"Feature","properties":{"Country/Region":"France","Province/State":"Île-de-France","Code":"11","Population":{"Total":12278210,"Under19":3140965,"Under39":3409765,"Under59":3210447,"Under74":1658207,"Over75":858826},"Beds":{"Resuscitation":1147,"IntensiveCare":2512,"Total":3659},"Deaths":3704,"Recovered":9387,"Severe":13196,"Critical":2604,"Emergencies":{"Suspected":555,"Total":3692,"Severe":217,"Suspected/Accumulated":35969,"Total/Accumulated":235135,"Severe/Accumulated":12175},"MedicalActs":{"Suspected":168,"Total":1278,"Suspected/Accumulated":9170,"Total/Accumulated":69265},"MedicalTests":{"Total":340,"Confirmed":102,"Total/Accumulated":35117,"Confirmed/Accumulated":13412},"Confirmed":7660},"geometry":{"type":"Point","coordinates":[2.5292589766081885,48.704415292397634]}},{"type":"Feature","properties":{"Country/Region":"France","Province/State":"Centre-Val de Loire","Code":"24","Population":{"Total":2559073,"Under19":598570,"Under39":541141,"Under59":661150,"Under74":478923,"Over75":279289},"Beds":{"Resuscitation":180,"IntensiveCare":346,"Total":526},"Deaths":214,"Recovered":595,"Severe":983,"Critical":196,"Emergencies":{"Suspected":72,"Total":861,"Severe":12,"Suspected/Accumulated":2390,"Total/Accumulated":46664,"Severe/Accumulated":699},"MedicalActs":{"Suspected":19,"Total":238,"Suspected/Accumulated":605,"Total/Accumulated":13491},"MedicalTests":{"Total":117,"Confirmed":1,"Total/Accumulated":5755,"Confirmed/Accumulated":1359},"Confirmed":1157},"geometry":{"type":"Point","coordinates":[1.6429664800000017,47.54357092799999]}},{"type":"Feature","properties":{"Country/Region":"France","Province/State":"Bourgogne-Franche-Comté","Code":"27","Population":{"Total":2783039,"Under19":627017,"Under39":591411,"Under59":715664,"Under74":540051,"Over75":308896},"Beds":{"Resuscitation":198,"IntensiveCare":642,"Total":840},"Deaths":512,"Recovered":1463,"Severe":1309,"Critical":284,"Emergencies":{"Suspected":164,"Total":1087,"Severe":74,"Suspected/Accumulated":7167,"Total/Accumulated":59494,"Severe/Accumulated":2977},"MedicalActs":{"Suspected":39,"Total":222,"Suspected/Accumulated":1269,"Total/Accumulated":11336},"MedicalTests":{"Total":44,"Confirmed":6,"Total/Accumulated":4463,"Confirmed/Accumulated":874},"Confirmed":1569},"geometry":{"type":"Point","coordinates":[4.731409826897467,47.2969232490013]}},{"type":"Feature","properties":{"Country/Region":"France","Province/State":"Normandie","Code":"28","Population":{"Total":3303500,"Under19":781337,"Under39":727044,"Under59":842963,"Under74":615474,"Over75":336682},"Beds":{"Resuscitation":240,"IntensiveCare":548,"Total":788},"Deaths":211,"Recovered":597,"Severe":713,"Critical":189,"Emergencies":{"Suspected":60,"Total":1227,"Severe":31,"Suspected/Accumulated":2715,"Total/Accumulated":64879,"Severe/Accumulated":903},"MedicalActs":{"Suspected":21,"Total":360,"Suspected/Accumulated":1913,"Total/Accumulated":19534},"MedicalTests":{"Total":6,"Confirmed":1,"Total/Accumulated":5352,"Confirmed/Accumulated":878},"Confirmed":912},"geometry":{"type":"Point","coordinates":[-0.022673401869158984,49.066630336448576]}},{"type":"Feature","properties":{"Country/Region":"France","Province/State":"Hauts-de-France","Code":"32","Population":{"Total":5962662,"Under19":1525538,"Under39":1443348,"Under59":1522690,"Under74":994313,"Over75":476773},"Beds":{"Resuscitation":438,"IntensiveCare":1338,"Total":1776},"Deaths":873,"Recovered":2102,"Severe":2525,"Critical":543,"Emergencies":{"Suspected":125,"Total":1754,"Severe":49,"Suspected/Accumulated":7456,"Total/Accumulated":99785,"Severe/Accumulated":2607},"MedicalActs":{"Suspected":71,"Total":579,"Suspected/Accumulated":2880,"Total/Accumulated":39088},"MedicalTests":{"Total":11,"Total/Accumulated":7066,"Confirmed/Accumulated":2015},"Confirmed":3011},"geometry":{"type":"Point","coordinates":[2.8852615671641804,49.86155781716422]}},{"type":"Feature","properties":{"Country/Region":"France","Province/State":"Grand Est","Code":"44","Population":{"Total":5511747,"Under19":1258123,"Under39":1291962,"Under59":1448828,"Under74":988178,"Over75":524656},"Beds":{"Resuscitation":465,"IntensiveCare":840,"Total":1305},"Deaths":2105,"Recovered":4788,"Severe":4928,"Critical":880,"Emergencies":{"Suspected":145,"Total":1774,"Severe":75,"Suspected/Accumulated":12141,"Total/Accumulated":103259,"Severe/Accumulated":6124},"MedicalActs":{"Suspected":88,"Total":768,"Suspected/Accumulated":4445,"Total/Accumulated":32260},"MedicalTests":{"Total":24,"Confirmed":3,"Total/Accumulated":10390,"Confirmed/Accumulated":2687},"Confirmed":5479},"geometry":{"type":"Point","coordinates":[5.509890203045682,48.670969771573546]}},{"type":"Feature","properties":{"Country/Region":"France","Province/State":"Pays de la Loire","Code":"52","Population":{"Total":3801797,"Under19":933509,"Under39":853729,"Under59":970508,"Under74":667531,"Over75":376520},"Beds":{"Resuscitation":181,"IntensiveCare":572,"Total":753},"Deaths":194,"Recovered":719,"Severe":823,"Critical":162,"Emergencies":{"Suspected":116,"Total":989,"Severe":52,"Suspected/Accumulated":4619,"Total/Accumulated":53506,"Severe/Accumulated":2059},"MedicalActs":{"Suspected":44,"Total":486,"Suspected/Accumulated":2045,"Total/Accumulated":20318},"Confirmed":1630,"MedicalTests":{"Total/Accumulated":542,"Confirmed/Accumulated":59}},"geometry":{"type":"Point","coordinates":[-0.8763313771517983,47.44186302034428]}},{"type":"Feature","properties":{"Country/Region":"France","Province/State":"Bretagne","Code":"53","Population":{"Total":3340379,"Under19":773631,"Under39":714512,"Under59":866988,"Under74":632104,"Over75":353144},"Beds":{"Resuscitation":162,"IntensiveCare":462,"Total":624},"Deaths":136,"Recovered":490,"Severe":510,"Critical":118,"Emergencies":{"Suspected":36,"Total":1085,"Severe":22,"Suspected/Accumulated":3250,"Total/Accumulated":59590,"Severe/Accumulated":1004},"MedicalActs":{"Suspected":12,"Total":374,"Suspected/Accumulated":780,"Total/Accumulated":16004},"MedicalTests":{"Total":1,"Total/Accumulated":137,"Confirmed/Accumulated":16},"Confirmed":962},"geometry":{"type":"Point","coordinates":[-3.104342941176476,48.146701189258316]}},{"type":"Feature","properties":{"Country/Region":"France","Province/State":"Nouvelle-Aquitaine","Code":"75","Population":{"Total":5999982,"Under19":1293321,"Under39":1274746,"Under59":1561754,"Under74":1177229,"Over75":692932},"Beds":{"Resuscitation":412,"IntensiveCare":946,"Total":1358},"Deaths":194,"Recovered":828,"Severe":857,"Critical":259,"Emergencies":{"Suspected":121,"Total":2024,"Severe":67,"Suspected/Accumulated":6634,"Total/Accumulated":109379,"Severe/Accumulated":2682},"MedicalActs":{"Suspected":85,"Total":1050,"Suspected/Accumulated":4947,"Total/Accumulated":51721},"MedicalTests":{"Total":27,"Confirmed":1,"Total/Accumulated":7724,"Confirmed/Accumulated":631},"Confirmed":1007},"geometry":{"type":"Point","coordinates":[0.16186906163753495,45.156971701931916]}},{"type":"Feature","properties":{"Country/Region":"France","Province/State":"Occitanie","Code":"76","Population":{"Total":5924858,"Under19":1320456,"Under39":1330125,"Under59":1526711,"Under74":1099893,"Over75":647673},"Beds":{"Resuscitation":474,"IntensiveCare":1206,"Total":1680},"Deaths":248,"Recovered":1313,"Severe":974,"Critical":291,"Emergencies":{"Suspected":106,"Total":2025,"Severe":43,"Suspected/Accumulated":5172,"Total/Accumulated":112178,"Severe/Accumulated":2358},"MedicalActs":{"Suspected":38,"Total":444,"Suspected/Accumulated":1842,"Total/Accumulated":18081},"MedicalTests":{"Total":91,"Confirmed":8,"Total/Accumulated":18915,"Confirmed/Accumulated":1736},"Confirmed":2374},"geometry":{"type":"Point","coordinates":[1.988214846153848,43.761180626373644]}},{"type":"Feature","properties":{"Country/Region":"France","Province/State":"Auvergne-Rhône-Alpes","Code":"84","Population":{"Total":8032377,"Under19":1940253,"Under39":1900702,"Under59":2079813,"Under74":1340003,"Over75":771606},"Beds":{"Resuscitation":559,"IntensiveCare":1136,"Total":1695},"Deaths":794,"Recovered":2970,"Severe":3055,"Critical":671,"Emergencies":{"Suspected":236,"Total":2587,"Severe":99,"Suspected/Accumulated":10997,"Total/Accumulated":144546,"Severe/Accumulated":4842},"MedicalActs":{"Suspected":105,"Total":894,"Suspected/Accumulated":4488,"Total/Accumulated":39576},"MedicalTests":{"Total":388,"Confirmed":74,"Total/Accumulated":9341,"Confirmed/Accumulated":1490},"Confirmed":2093},"geometry":{"type":"Point","coordinates":[4.515179591651545,45.475403602540794]}},{"type":"Feature","properties":{"Country/Region":"France","Province/State":"Guadeloupe","Code":"01","Population":{"Total":376879,"Under19":90617,"Under39":71707,"Under59":109452,"Under74":70936,"Over75":34167},"Beds":{"Resuscitation":27,"IntensiveCare":68,"Total":95},"Deaths":10,"Recovered":51,"Severe":41,"Critical":18,"Emergencies":{"Suspected":2,"Total":131,"Severe":1,"Suspected/Accumulated":127,"Total/Accumulated":7583,"Severe/Accumulated":60},"Confirmed":106,"MedicalTests":{"Total/Accumulated":27,"Confirmed/Accumulated":12}},"geometry":{"type":"Point","coordinates":[-61.493846272189366,16.20469674556213]}},{"type":"Feature","properties":{"Country/Region":"France","Province/State":"Martinique","Code":"02","Population":{"Total":358749,"Under19":77005,"Under39":65776,"Under59":105638,"Under74":72163,"Over75":38167},"Beds":{"Resuscitation":26,"IntensiveCare":58,"Total":84},"Deaths":6,"Recovered":52,"Severe":39,"Critical":16,"MedicalActs":{"Suspected":2,"Total":79,"Suspected/Accumulated":76,"Total/Accumulated":4947},"Confirmed":111,"MedicalTests":{"Total/Accumulated":15,"Confirmed/Accumulated":4}},"geometry":{"type":"Point","coordinates":[-60.98265692913386,14.6217557480315]}},{"type":"Feature","properties":{"Country/Region":"France","Province/State":"Provence-Alpes-Côte d'Azur","Code":"93","Population":{"Total":5055651,"Under19":1128765,"Under39":1109058,"Under59":1309879,"Under74":927347,"Over75":580602},"Beds":{"Resuscitation":460,"IntensiveCare":802,"Total":1262},"Deaths":348,"Recovered":2126,"Severe":1859,"Critical":437,"Emergencies":{"Suspected":119,"Total":2029,"Severe":70,"Suspected/Accumulated":7025,"Total/Accumulated":114763,"Severe/Accumulated":3602},"MedicalActs":{"Suspected":101,"Total":851,"Suspected/Accumulated":3932,"Total/Accumulated":36008},"MedicalTests":{"Total":107,"Confirmed":10,"Total/Accumulated":26455,"Confirmed/Accumulated":3074},"Confirmed":1927},"geometry":{"type":"Point","coordinates":[5.940587832647462,43.96417941015098]}},{"type":"Feature","properties":{"Country/Region":"France","Province/State":"Corse","Code":"94","Population":{"Total":344679,"Under19":68555,"Under39":76985,"Under59":93175,"Under74":65675,"Over75":40289},"Beds":{"Resuscitation":18,"IntensiveCare":42,"Total":60},"Deaths":38,"Recovered":126,"Severe":75,"Critical":15,"Emergencies":{"Suspected":11,"Total":121,"Severe":11,"Suspected/Accumulated":1338,"Total/Accumulated":6709,"Severe/Accumulated":1289},"MedicalActs":{"Suspected":7,"Total":50,"Suspected/Accumulated":370,"Total/Accumulated":2047},"Confirmed":263},"geometry":{"type":"Point","coordinates":[9.019688964401293,42.118564077669916]}},{"type":"Feature","properties":{"Country/Region":"France","Province/State":"Guyane","Code":"03","Population":{"Total":290691,"Under19":120681,"Under39":80023,"Under59":61783,"Under74":22111,"Over75":6093},"Beds":{"Resuscitation":13,"IntensiveCare":12,"Total":25},"Recovered":15,"Severe":15,"Critical":1,"Emergencies":{"Suspected":1,"Total":144,"Suspected/Accumulated":42,"Total/Accumulated":8407,"Severe/Accumulated":10},"Confirmed":43,"MedicalTests":{"Total/Accumulated":26,"Confirmed/Accumulated":4}},"geometry":{"type":"Point","coordinates":[-53.41731165390502,3.588901056661561]}},{"type":"Feature","properties":{"Country/Region":"France","Province/State":"La Réunion","Code":"04","Population":{"Total":859959,"Under19":256143,"Under39":202783,"Under59":239212,"Under74":117045,"Over75":44776},"Beds":{"Resuscitation":52,"IntensiveCare":154,"Total":206},"Recovered":72,"Severe":28,"Critical":3,"Emergencies":{"Suspected":7,"Total":297,"Severe":3,"Suspected/Accumulated":211,"Total/Accumulated":15405,"Severe/Accumulated":149},"Confirmed":94,"MedicalTests":{"Total/Accumulated":4}},"geometry":{"type":"Point","coordinates":[55.52943947368424,-21.1374047368421]}},{"type":"Feature","properties":{"Country/Region":"France","Province/State":"Mayotte","Code":"06","Population":{"Total":279471,"Under19":150257,"Under39":74348,"Under59":42900,"Under74":9521,"Over75":2445},"Beds":{"Resuscitation":6,"IntensiveCare":0,"Total":6},"Deaths":3,"Recovered":26,"Severe":22,"Critical":3,"Emergencies":{"Suspected":4,"Total":94,"Severe":2,"Suspected/Accumulated":206,"Total/Accumulated":4186,"Severe/Accumulated":52},"Confirmed":128,"MedicalTests":{"Total/Accumulated":2,"Confirmed/Accumulated":1}},"geometry":{"type":"Point","coordinates":[45.14160071428572,-12.835344166666673]}}]}