{"type":"FeatureCollection","features":[{"type":"Feature","properties":{"Country/Region":"France","Province/State":"Île-de-France","Code":"11","Population":{"Total":12278210,"Under19":3140965,"Under39":3409765,"Under59":3210447,"Under74":1658207,"Over75":858826},"Beds":{"Resuscitation":1147,"IntensiveCare":2512,"Total":3659},"Deaths":7977,"Recovered":33719,"Severe":1794,"Critical":285,"Emergencies":{"Suspected":261,"Total":7670,"Severe":71,"Suspected/Accumulated":63806,"Total/Accumulated":1212617,"Severe/Accumulated":18256},"MedicalActs":{"Suspected":178,"Total":1644,"Suspected/Accumulated":20816,"Total/Accumulated":266879},"PCRTests":{"Total":35066,"Confirmed":4161,"Total/Accumulated":2083323,"Confirmed/Accumulated":105771},"Confirmed":7660,"MedicalTests":{"Total/Accumulated":85340,"Confirmed/Accumulated":18277}},"geometry":{"type":"Point","coordinates":[2.5292589766081885,48.704415292397634]}},{"type":"Feature","properties":{"Country/Region":"France","Province/State":"Centre-Val de Loire","Code":"24","Population":{"Total":2559073,"Under19":598570,"Under39":541141,"Under59":661150,"Under74":478923,"Over75":279289},"Beds":{"Resuscitation":180,"IntensiveCare":346,"Total":526},"Deaths":589,"Recovered":2502,"Severe":117,"Critical":21,"Emergencies":{"Suspected":17,"Total":1644,"Severe":4,"Suspected/Accumulated":6142,"Total/Accumulated":272733,"Severe/Accumulated":1561},"MedicalActs":{"Suspected":36,"Total":452,"Suspected/Accumulated":2582,"Total/Accumulated":69364},"PCRTests":{"Total":6047,"Confirmed":316,"Total/Accumulated":314676,"Confirmed/Accumulated":8453},"Confirmed":1157,"MedicalTests":{"Total/Accumulated":20197,"Confirmed/Accumulated":1858}},"geometry":{"type":"Point","coordinates":[1.6429664800000017,47.54357092799999]}},{"type":"Feature","properties":{"Country/Region":"France","Province/State":"Bourgogne-Franche-Comté","Code":"27","Population":{"Total":2783039,"Under19":627017,"Under39":591411,"Under59":715664,"Under74":540051,"Over75":308896},"Beds":{"Resuscitation":198,"IntensiveCare":642,"Total":840},"Deaths":1074,"Recovered":4188,"Severe":92,"Critical":11,"Emergencies":{"Suspected":32,"Total":2026,"Severe":12,"Suspected/Accumulated":13132,"Total/Accumulated":356675,"Severe/Accumulated":5298},"MedicalActs":{"Suspected":32,"Total":296,"Suspected/Accumulated":3279,"Total/Accumulated":50491},"PCRTests":{"Total":6520,"Confirmed":351,"Total/Accumulated":372812,"Confirmed/Accumulated":8184},"Confirmed":1569,"MedicalTests":{"Total/Accumulated":15673,"Confirmed/Accumulated":1330}},"geometry":{"type":"Point","coordinates":[4.731409826897467,47.2969232490013]}},{"type":"Feature","properties":{"Country/Region":"France","Province/State":"Normandie","Code":"28","Population":{"Total":3303500,"Under19":781337,"Under39":727044,"Under59":842963,"Under74":615474,"Over75":336682},"Beds":{"Resuscitation":240,"IntensiveCare":548,"Total":788},"Deaths":460,"Recovered":2004,"Severe":196,"Critical":27,"Emergencies":{"Suspected":21,"Total":2329,"Severe":11,"Suspected/Accumulated":5944,"Total/Accumulated":380069,"Severe/Accumulated":2597},"MedicalActs":{"Suspected":47,"Total":511,"Suspected/Accumulated":5903,"Total/Accumulated":87748},"PCRTests":{"Total":6918,"Confirmed":621,"Total/Accumulated":414938,"Confirmed/Accumulated":11077},"Confirmed":912,"MedicalTests":{"Total/Accumulated":17253,"Confirmed/Accumulated":1385}},"geometry":{"type":"Point","coordinates":[-0.022673401869158984,49.066630336448576]}},{"type":"Feature","properties":{"Country/Region":"France","Province/State":"Hauts-de-France","Code":"32","Population":{"Total":5962662,"Under19":1525538,"Under39":1443348,"Under59":1522690,"Under74":994313,"Over75":476773},"Beds":{"Resuscitation":438,"IntensiveCare":1338,"Total":1776},"Deaths":1987,"Recovered":7645,"Severe":540,"Critical":61,"Emergencies":{"Suspected":55,"Total":3575,"Severe":17,"Suspected/Accumulated":14456,"Total/Accumulated":581105,"Severe/Accumulated":5096},"MedicalActs":{"Suspected":68,"Total":1155,"Suspected/Accumulated":7924,"Total/Accumulated":173621},"PCRTests":{"Total":20927,"Confirmed":1802,"Total/Accumulated":870860,"Confirmed/Accumulated":33109},"Confirmed":3011,"MedicalTests":{"Total/Accumulated":31790,"Confirmed/Accumulated":3410}},"geometry":{"type":"Point","coordinates":[2.8852615671641804,49.86155781716422]}},{"type":"Feature","properties":{"Country/Region":"France","Province/State":"Grand Est","Code":"44","Population":{"Total":5511747,"Under19":1258123,"Under39":1291962,"Under59":1448828,"Under74":988178,"Over75":524656},"Beds":{"Resuscitation":465,"IntensiveCare":840,"Total":1305},"Deaths":3721,"Recovered":13547,"Severe":310,"Critical":23,"Emergencies":{"Suspected":25,"Total":3326,"Severe":17,"Suspected/Accumulated":18964,"Total/Accumulated":577093,"Severe/Accumulated":9129},"MedicalActs":{"Suspected":35,"Total":587,"Suspected/Accumulated":8980,"Total/Accumulated":130376},"PCRTests":{"Total":14304,"Confirmed":348,"Total/Accumulated":846913,"Confirmed/Accumulated":15709},"Confirmed":5479,"MedicalTests":{"Total/Accumulated":24982,"Confirmed/Accumulated":3702}},"geometry":{"type":"Point","coordinates":[5.509890203045682,48.670969771573546]}},{"type":"Feature","properties":{"Country/Region":"France","Province/State":"Pays de la Loire","Code":"52","Population":{"Total":3801797,"Under19":933509,"Under39":853729,"Under59":970508,"Under74":667531,"Over75":376520},"Beds":{"Resuscitation":181,"IntensiveCare":572,"Total":753},"Deaths":507,"Recovered":2567,"Severe":137,"Critical":22,"Emergencies":{"Suspected":27,"Total":2054,"Severe":16,"Suspected/Accumulated":10280,"Total/Accumulated":331586,"Severe/Accumulated":5299},"MedicalActs":{"Suspected":40,"Total":489,"Suspected/Accumulated":5632,"Total/Accumulated":98200},"PCRTests":{"Total":8382,"Confirmed":430,"Total/Accumulated":515093,"Confirmed/Accumulated":13421},"Confirmed":1630,"MedicalTests":{"Total/Accumulated":1941,"Confirmed/Accumulated":78}},"geometry":{"type":"Point","coordinates":[-0.8763313771517983,47.44186302034428]}},{"type":"Feature","properties":{"Country/Region":"France","Province/State":"Bretagne","Code":"53","Population":{"Total":3340379,"Under19":773631,"Under39":714512,"Under59":866988,"Under74":632104,"Over75":353144},"Beds":{"Resuscitation":162,"IntensiveCare":462,"Total":624},"Deaths":278,"Recovered":1478,"Severe":161,"Critical":9,"Emergencies":{"Suspected":71,"Total":2054,"Severe":6,"Suspected/Accumulated":6862,"Total/Accumulated":353327,"Severe/Accumulated":2545},"MedicalActs":{"Suspected":11,"Total":399,"Suspected/Accumulated":3221,"Total/Accumulated":73214},"PCRTests":{"Total":7600,"Confirmed":429,"Total/Accumulated":407369,"Confirmed/Accumulated":9488},"Confirmed":962,"MedicalTests":{"Total/Accumulated":698,"Confirmed/Accumulated":25}},"geometry":{"type":"Point","coordinates":[-3.104342941176476,48.146701189258316]}},{"type":"Feature","properties":{"Country/Region":"France","Province/State":"Nouvelle-Aquitaine","Code":"75","Population":{"Total":5999982,"Under19":1293321,"Under39":1274746,"Under59":1561754,"Under74":1177229,"Over75":692932},"Beds":{"Resuscitation":412,"IntensiveCare":946,"Total":1358},"Deaths":467,"Recovered":2609,"Severe":298,"Critical":55,"Emergencies":{"Suspected":37,"Total":3792,"Severe":18,"Suspected/Accumulated":12465,"Total/Accumulated":688809,"Severe/Accumulated":5238},"MedicalActs":{"Suspected":74,"Total":1159,"Suspected/Accumulated":12962,"Total/Accumulated":234317},"PCRTests":{"Total":13124,"Confirmed":771,"Total/Accumulated":740334,"Confirmed/Accumulated":22862},"Confirmed":1007,"MedicalTests":{"Total/Accumulated":33043,"Confirmed/Accumulated":961}},"geometry":{"type":"Point","coordinates":[0.16186906163753495,45.156971701931916]}},{"type":"Feature","properties":{"Country/Region":"France","Province/State":"Occitanie","Code":"76","Population":{"Total":5924858,"Under19":1320456,"Under39":1330125,"Under59":1526711,"Under74":1099893,"Over75":647673},"Beds":{"Resuscitation":474,"IntensiveCare":1206,"Total":1680},"Deaths":572,"Recovered":3519,"Severe":315,"Critical":85,"Emergencies":{"Suspected":46,"Total":3773,"Severe":24,"Suspected/Accumulated":10968,"Total/Accumulated":701706,"Severe/Accumulated":4642},"MedicalActs":{"Suspected":22,"Total":333,"Suspected/Accumulated":4618,"Total/Accumulated":81185},"PCRTests":{"Total":16437,"Confirmed":1323,"Total/Accumulated":862137,"Confirmed/Accumulated":30896},"Confirmed":2374,"MedicalTests":{"Total/Accumulated":83743,"Confirmed/Accumulated":2680}},"geometry":{"type":"Point","coordinates":[1.988214846153848,43.761180626373644]}},{"type":"Feature","properties":{"Country/Region":"France","Province/State":"Auvergne-Rhône-Alpes","Code":"84","Population":{"Total":8032377,"Under19":1940253,"Under39":1900702,"Under59":2079813,"Under74":1340003,"Over75":771606},"Beds":{"Resuscitation":559,"IntensiveCare":1136,"Total":1695},"Deaths":1859,"Recovered":9049,"Severe":768,"Critical":127,"Emergencies":{"Suspected":84,"Total":5101,"Severe":28,"Suspected/Accumulated":20741,"Total/Accumulated":867438,"Severe/Accumulated":8183},"MedicalActs":{"Suspected":118,"Total":1010,"Suspected/Accumulated":12656,"Total/Accumulated":179857},"PCRTests":{"Total":19827,"Confirmed":1877,"Total/Accumulated":1014305,"Confirmed/Accumulated":39011},"Confirmed":2093,"MedicalTests":{"Total/Accumulated":27674,"Confirmed/Accumulated":2153}},"geometry":{"type":"Point","coordinates":[4.515179591651545,45.475403602540794]}},{"type":"Feature","properties":{"Country/Region":"France","Province/State":"Guadeloupe","Code":"01","Population":{"Total":376879,"Under19":90617,"Under39":71707,"Under59":109452,"Under74":70936,"Over75":34167},"Beds":{"Resuscitation":27,"IntensiveCare":68,"Total":95},"Deaths":49,"Recovered":213,"Severe":120,"Critical":25,"Emergencies":{"Suspected":28,"Total":267,"Severe":16,"Suspected/Accumulated":974,"Total/Accumulated":41330,"Severe/Accumulated":402},"PCRTests":{"Total":1002,"Confirmed":244,"Total/Accumulated":44633,"Confirmed/Accumulated":4753},"Confirmed":106,"MedicalTests":{"Total/Accumulated":51,"Confirmed/Accumulated":17}},"geometry":{"type":"Point","coordinates":[-61.493846272189366,16.20469674556213]}},{"type":"Feature","properties":{"Country/Region":"France","Province/State":"Martinique","Code":"02","Population":{"Total":358749,"Under19":77005,"Under39":65776,"Under59":105638,"Under74":72163,"Over75":38167},"Beds":{"Resuscitation":26,"IntensiveCare":58,"Total":84},"Deaths":20,"Recovered":124,"Severe":22,"Critical":9,"MedicalActs":{"Suspected":2,"Total":160,"Suspected/Accumulated":328,"Total/Accumulated":21486},"PCRTests":{"Total":631,"Confirmed":47,"Total/Accumulated":46094,"Confirmed/Accumulated":1252},"Confirmed":111,"MedicalTests":{"Total/Accumulated":29,"Confirmed/Accumulated":6}},"geometry":{"type":"Point","coordinates":[-60.98265692913386,14.6217557480315]}},{"type":"Feature","properties":{"Country/Region":"France","Province/State":"Provence-Alpes-Côte d'Azur","Code":"93","Population":{"Total":5055651,"Under19":1128765,"Under39":1109058,"Under59":1309879,"Under74":927347,"Over75":580602},"Beds":{"Resuscitation":460,"IntensiveCare":802,"Total":1262},"Deaths":1094,"Recovered":7566,"Severe":778,"Critical":156,"Emergencies":{"Suspected":77,"Total":3636,"Severe":43,"Suspected/Accumulated":14642,"Total/Accumulated":701210,"Severe/Accumulated":7214},"MedicalActs":{"Suspected":68,"Total":769,"Suspected/Accumulated":10403,"Total/Accumulated":164030},"PCRTests":{"Total":14408,"Confirmed":1097,"Total/Accumulated":1009546,"Confirmed/Accumulated":45044},"Confirmed":1927,"MedicalTests":{"Total/Accumulated":80858,"Confirmed/Accumulated":4204}},"geometry":{"type":"Point","coordinates":[5.940587832647462,43.96417941015098]}},{"type":"Feature","properties":{"Country/Region":"France","Province/State":"Corse","Code":"94","Population":{"Total":344679,"Under19":68555,"Under39":76985,"Under59":93175,"Under74":65675,"Over75":40289},"Beds":{"Resuscitation":18,"IntensiveCare":42,"Total":60},"Deaths":62,"Recovered":285,"Severe":28,"Critical":5,"Emergencies":{"Suspected":1,"Total":235,"Severe":1,"Suspected/Accumulated":2319,"Total/Accumulated":48541,"Severe/Accumulated":2126},"MedicalActs":{"Suspected":17,"Total":129,"Suspected/Accumulated":920,"Total/Accumulated":13274},"PCRTests":{"Total":963,"Confirmed":25,"Total/Accumulated":57032,"Confirmed/Accumulated":1290},"Confirmed":263},"geometry":{"type":"Point","coordinates":[9.019688964401293,42.118564077669916]}},{"type":"Feature","properties":{"Country/Region":"France","Province/State":"Guyane","Code":"03","Population":{"Total":290691,"Under19":120681,"Under39":80023,"Under59":61783,"Under74":22111,"Over75":6093},"Beds":{"Resuscitation":13,"IntensiveCare":12,"Total":25},"Deaths":61,"Recovered":1688,"Severe":24,"Critical":4,"Emergencies":{"Suspected":1,"Total":218,"Severe":1,"Suspected/Accumulated":1903,"Total/Accumulated":38109,"Severe/Accumulated":898},"PCRTests":{"Total":442,"Confirmed":25,"Total/Accumulated":56055,"Confirmed/Accumulated":8455},"Confirmed":43,"MedicalTests":{"Total/Accumulated":35,"Confirmed/Accumulated":4}},"geometry":{"type":"Point","coordinates":[-53.41731165390502,3.588901056661561]}},{"type":"Feature","properties":{"Country/Region":"France","Province/State":"La Réunion","Code":"04","Population":{"Total":859959,"Under19":256143,"Under39":202783,"Under59":239212,"Under74":117045,"Over75":44776},"Beds":{"Resuscitation":52,"IntensiveCare":154,"Total":206},"Deaths":16,"Recovered":352,"Severe":71,"Critical":17,"Emergencies":{"Suspected":9,"Total":406,"Severe":8,"Suspected/Accumulated":445,"Total/Accumulated":77887,"Severe/Accumulated":274},"PCRTests":{"Total":1841,"Confirmed":94,"Total/Accumulated":153186,"Confirmed/Accumulated":3368},"Confirmed":94,"MedicalTests":{"Total/Accumulated":19,"Confirmed/Accumulated":1}},"geometry":{"type":"Point","coordinates":[55.52943947368424,-21.1374047368421]}},{"type":"Feature","properties":{"Country/Region":"France","Province/State":"Mayotte","Code":"06","Population":{"Total":279471,"Under19":150257,"Under39":74348,"Under59":42900,"Under74":9521,"Over75":2445},"Beds":{"Resuscitation":6,"IntensiveCare":0,"Total":6},"Deaths":28,"Recovered":453,"Severe":6,"Critical":2,"Emergencies":{"Suspected":2,"Total":100,"Severe":1,"Suspected/Accumulated":1905,"Total/Accumulated":21492,"Severe/Accumulated":259},"PCRTests":{"Total":187,"Confirmed":5,"Total/Accumulated":19509,"Confirmed/Accumulated":1971},"Confirmed":128,"MedicalTests":{"Total/Accumulated":4,"Confirmed/Accumulated":1}},"geometry":{"type":"Point","coordinates":[45.14160071428572,-12.835344166666673]}}]}