{"type":"FeatureCollection","features":[{"type":"Feature","properties":{"Country/Region":"France","Province/State":"Île-de-France","Code":"11","Population":{"Total":12278210,"Under19":3140965,"Under39":3409765,"Under59":3210447,"Under74":1658207,"Over75":858826},"Beds":{"Resuscitation":1147,"IntensiveCare":2512,"Total":3659},"Deaths":6208,"Recovered":18287,"Severe":10567,"Critical":1501,"Emergencies":{"Suspected":438,"Total":4753,"Severe":83,"Suspected/Accumulated":46248,"Total/Accumulated":322946,"Severe/Accumulated":14789},"MedicalActs":{"Suspected":60,"Total":918,"Suspected/Accumulated":10821,"Total/Accumulated":89616},"MedicalTests":{"Total":1306,"Confirmed":98,"Total/Accumulated":65366,"Confirmed/Accumulated":17586},"Confirmed":7660},"geometry":{"type":"Point","coordinates":[2.5292589766081885,48.704415292397634]}},{"type":"Feature","properties":{"Country/Region":"France","Province/State":"Centre-Val de Loire","Code":"24","Population":{"Total":2559073,"Under19":598570,"Under39":541141,"Under59":661150,"Under74":478923,"Over75":279289},"Beds":{"Resuscitation":180,"IntensiveCare":346,"Total":526},"Deaths":411,"Recovered":1248,"Severe":981,"Critical":113,"Emergencies":{"Suspected":71,"Total":1249,"Severe":16,"Suspected/Accumulated":4140,"Total/Accumulated":68584,"Severe/Accumulated":1039},"MedicalActs":{"Suspected":9,"Total":228,"Suspected/Accumulated":848,"Total/Accumulated":17719},"MedicalTests":{"Total":557,"Confirmed":21,"Total/Accumulated":12806,"Confirmed/Accumulated":1742},"Confirmed":1157},"geometry":{"type":"Point","coordinates":[1.6429664800000017,47.54357092799999]}},{"type":"Feature","properties":{"Country/Region":"France","Province/State":"Bourgogne-Franche-Comté","Code":"27","Population":{"Total":2783039,"Under19":627017,"Under39":591411,"Under59":715664,"Under74":540051,"Over75":308896},"Beds":{"Resuscitation":198,"IntensiveCare":642,"Total":840},"Deaths":869,"Recovered":2512,"Severe":1141,"Critical":161,"Emergencies":{"Suspected":81,"Total":1500,"Severe":38,"Suspected/Accumulated":9660,"Total/Accumulated":85407,"Severe/Accumulated":3978},"MedicalActs":{"Suspected":8,"Total":164,"Suspected/Accumulated":1573,"Total/Accumulated":15149},"MedicalTests":{"Total":291,"Confirmed":8,"Total/Accumulated":10464,"Confirmed/Accumulated":1262},"Confirmed":1569},"geometry":{"type":"Point","coordinates":[4.731409826897467,47.2969232490013]}},{"type":"Feature","properties":{"Country/Region":"France","Province/State":"Normandie","Code":"28","Population":{"Total":3303500,"Under19":781337,"Under39":727044,"Under59":842963,"Under74":615474,"Over75":336682},"Beds":{"Resuscitation":240,"IntensiveCare":548,"Total":788},"Deaths":359,"Recovered":1117,"Severe":577,"Critical":81,"Emergencies":{"Suspected":49,"Total":1661,"Severe":21,"Suspected/Accumulated":3771,"Total/Accumulated":93431,"Severe/Accumulated":1420},"MedicalActs":{"Suspected":16,"Total":284,"Suspected/Accumulated":2260,"Total/Accumulated":25610},"MedicalTests":{"Total":432,"Confirmed":13,"Total/Accumulated":11211,"Confirmed/Accumulated":1295},"Confirmed":912},"geometry":{"type":"Point","coordinates":[-0.022673401869158984,49.066630336448576]}},{"type":"Feature","properties":{"Country/Region":"France","Province/State":"Hauts-de-France","Code":"32","Population":{"Total":5962662,"Under19":1525538,"Under39":1443348,"Under59":1522690,"Under74":994313,"Over75":476773},"Beds":{"Resuscitation":438,"IntensiveCare":1338,"Total":1776},"Deaths":1428,"Recovered":4211,"Severe":2233,"Critical":346,"Emergencies":{"Suspected":122,"Total":2437,"Severe":55,"Suspected/Accumulated":10409,"Total/Accumulated":145152,"Severe/Accumulated":3717},"MedicalActs":{"Suspected":31,"Total":523,"Suspected/Accumulated":3467,"Total/Accumulated":49182},"MedicalTests":{"Total":886,"Confirmed":54,"Total/Accumulated":17251,"Confirmed/Accumulated":3045},"Confirmed":3011},"geometry":{"type":"Point","coordinates":[2.8852615671641804,49.86155781716422]}},{"type":"Feature","properties":{"Country/Region":"France","Province/State":"Grand Est","Code":"44","Population":{"Total":5511747,"Under19":1258123,"Under39":1291962,"Under59":1448828,"Under74":988178,"Over75":524656},"Beds":{"Resuscitation":465,"IntensiveCare":840,"Total":1305},"Deaths":2983,"Recovered":8384,"Severe":3773,"Critical":498,"Emergencies":{"Suspected":109,"Total":2263,"Severe":51,"Suspected/Accumulated":15032,"Total/Accumulated":145019,"Severe/Accumulated":7501},"MedicalActs":{"Suspected":40,"Total":459,"Suspected/Accumulated":5336,"Total/Accumulated":43077},"MedicalTests":{"Total":596,"Confirmed":15,"Total/Accumulated":19048,"Confirmed/Accumulated":3550},"Confirmed":5479},"geometry":{"type":"Point","coordinates":[5.509890203045682,48.670969771573546]}},{"type":"Feature","properties":{"Country/Region":"France","Province/State":"Pays de la Loire","Code":"52","Population":{"Total":3801797,"Under19":933509,"Under39":853729,"Under59":970508,"Under74":667531,"Over75":376520},"Beds":{"Resuscitation":181,"IntensiveCare":572,"Total":753},"Deaths":357,"Recovered":1300,"Severe":623,"Critical":67,"Emergencies":{"Suspected":80,"Total":1370,"Severe":44,"Suspected/Accumulated":6324,"Total/Accumulated":78087,"Severe/Accumulated":3031},"MedicalActs":{"Suspected":22,"Total":305,"Suspected/Accumulated":2458,"Total/Accumulated":28005},"MedicalTests":{"Total":44,"Total/Accumulated":1130,"Confirmed/Accumulated":73},"Confirmed":1630},"geometry":{"type":"Point","coordinates":[-0.8763313771517983,47.44186302034428]}},{"type":"Feature","properties":{"Country/Region":"France","Province/State":"Bretagne","Code":"53","Population":{"Total":3340379,"Under19":773631,"Under39":714512,"Under59":866988,"Under74":632104,"Over75":353144},"Beds":{"Resuscitation":162,"IntensiveCare":462,"Total":624},"Deaths":222,"Recovered":871,"Severe":365,"Critical":45,"Emergencies":{"Suspected":46,"Total":1423,"Severe":32,"Suspected/Accumulated":4119,"Total/Accumulated":85900,"Severe/Accumulated":1599},"MedicalActs":{"Suspected":11,"Total":230,"Suspected/Accumulated":958,"Total/Accumulated":21351},"MedicalTests":{"Total":3,"Total/Accumulated":440,"Confirmed/Accumulated":22},"Confirmed":962},"geometry":{"type":"Point","coordinates":[-3.104342941176476,48.146701189258316]}},{"type":"Feature","properties":{"Country/Region":"France","Province/State":"Nouvelle-Aquitaine","Code":"75","Population":{"Total":5999982,"Under19":1293321,"Under39":1274746,"Under59":1561754,"Under74":1177229,"Over75":692932},"Beds":{"Resuscitation":412,"IntensiveCare":946,"Total":1358},"Deaths":336,"Recovered":1500,"Severe":583,"Critical":103,"Emergencies":{"Suspected":71,"Total":2865,"Severe":45,"Suspected/Accumulated":8780,"Total/Accumulated":161728,"Severe/Accumulated":3750},"MedicalActs":{"Suspected":35,"Total":758,"Suspected/Accumulated":5910,"Total/Accumulated":69256},"MedicalTests":{"Total":757,"Confirmed":3,"Total/Accumulated":20235,"Confirmed/Accumulated":875},"Confirmed":1007},"geometry":{"type":"Point","coordinates":[0.16186906163753495,45.156971701931916]}},{"type":"Feature","properties":{"Country/Region":"France","Province/State":"Occitanie","Code":"76","Population":{"Total":5924858,"Under19":1320456,"Under39":1330125,"Under59":1526711,"Under74":1099893,"Over75":647673},"Beds":{"Resuscitation":474,"IntensiveCare":1206,"Total":1680},"Deaths":424,"Recovered":2154,"Severe":572,"Critical":126,"Emergencies":{"Suspected":55,"Total":2861,"Severe":29,"Suspected/Accumulated":7046,"Total/Accumulated":163064,"Severe/Accumulated":3118},"MedicalActs":{"Suspected":9,"Total":247,"Suspected/Accumulated":2262,"Total/Accumulated":24704},"MedicalTests":{"Total":2338,"Confirmed":45,"Total/Accumulated":45428,"Confirmed/Accumulated":2387},"Confirmed":2374},"geometry":{"type":"Point","coordinates":[1.988214846153848,43.761180626373644]}},{"type":"Feature","properties":{"Country/Region":"France","Province/State":"Auvergne-Rhône-Alpes","Code":"84","Population":{"Total":8032377,"Under19":1940253,"Under39":1900702,"Under59":2079813,"Under74":1340003,"Over75":771606},"Beds":{"Resuscitation":559,"IntensiveCare":1136,"Total":1695},"Deaths":1386,"Recovered":5216,"Severe":2439,"Critical":345,"Emergencies":{"Suspected":113,"Total":3551,"Severe":52,"Suspected/Accumulated":14214,"Total/Accumulated":206393,"Severe/Accumulated":6147},"MedicalActs":{"Suspected":36,"Total":681,"Suspected/Accumulated":5480,"Total/Accumulated":54094},"MedicalTests":{"Total":745,"Confirmed":20,"Total/Accumulated":18800,"Confirmed/Accumulated":2074},"Confirmed":2093},"geometry":{"type":"Point","coordinates":[4.515179591651545,45.475403602540794]}},{"type":"Feature","properties":{"Country/Region":"France","Province/State":"Guadeloupe","Code":"01","Population":{"Total":376879,"Under19":90617,"Under39":71707,"Under59":109452,"Under74":70936,"Over75":34167},"Beds":{"Resuscitation":27,"IntensiveCare":68,"Total":95},"Deaths":17,"Recovered":72,"Severe":16,"Critical":6,"Emergencies":{"Suspected":3,"Total":197,"Suspected/Accumulated":251,"Total/Accumulated":10964,"Severe/Accumulated":92},"MedicalTests":{"Total":2,"Confirmed":1,"Total/Accumulated":43,"Confirmed/Accumulated":16},"Confirmed":106},"geometry":{"type":"Point","coordinates":[-61.493846272189366,16.20469674556213]}},{"type":"Feature","properties":{"Country/Region":"France","Province/State":"Martinique","Code":"02","Population":{"Total":358749,"Under19":77005,"Under39":65776,"Under59":105638,"Under74":72163,"Over75":38167},"Beds":{"Resuscitation":26,"IntensiveCare":58,"Total":84},"Deaths":14,"Recovered":77,"Severe":21,"Critical":8,"MedicalActs":{"Suspected":1,"Total":101,"Suspected/Accumulated":126,"Total/Accumulated":6811},"MedicalTests":{"Total":1,"Total/Accumulated":25,"Confirmed/Accumulated":5},"Confirmed":111},"geometry":{"type":"Point","coordinates":[-60.98265692913386,14.6217557480315]}},{"type":"Feature","properties":{"Country/Region":"France","Province/State":"Provence-Alpes-Côte d'Azur","Code":"93","Population":{"Total":5055651,"Under19":1128765,"Under39":1109058,"Under59":1309879,"Under74":927347,"Over75":580602},"Beds":{"Resuscitation":460,"IntensiveCare":802,"Total":1262},"Deaths":732,"Recovered":3973,"Severe":1473,"Critical":222,"Emergencies":{"Suspected":69,"Total":2667,"Severe":33,"Suspected/Accumulated":9535,"Total/Accumulated":164816,"Severe/Accumulated":4874},"MedicalActs":{"Suspected":30,"Total":617,"Suspected/Accumulated":4921,"Total/Accumulated":49584},"MedicalTests":{"Total":2134,"Confirmed":24,"Total/Accumulated":58582,"Confirmed/Accumulated":3949},"Confirmed":1927},"geometry":{"type":"Point","coordinates":[5.940587832647462,43.96417941015098]}},{"type":"Feature","properties":{"Country/Region":"France","Province/State":"Corse","Code":"94","Population":{"Total":344679,"Under19":68555,"Under39":76985,"Under59":93175,"Under74":65675,"Over75":40289},"Beds":{"Resuscitation":18,"IntensiveCare":42,"Total":60},"Deaths":51,"Recovered":192,"Severe":57,"Critical":8,"Emergencies":{"Suspected":31,"Total":189,"Severe":31,"Suspected/Accumulated":1858,"Total/Accumulated":9793,"Severe/Accumulated":1794},"MedicalActs":{"Suspected":2,"Total":28,"Suspected/Accumulated":436,"Total/Accumulated":2710},"Confirmed":263},"geometry":{"type":"Point","coordinates":[9.019688964401293,42.118564077669916]}},{"type":"Feature","properties":{"Country/Region":"France","Province/State":"Guyane","Code":"03","Population":{"Total":290691,"Under19":120681,"Under39":80023,"Under59":61783,"Under74":22111,"Over75":6093},"Beds":{"Resuscitation":13,"IntensiveCare":12,"Total":25},"Deaths":1,"Recovered":36,"Severe":5,"Emergencies":{"Suspected":2,"Total":178,"Severe":1,"Suspected/Accumulated":79,"Total/Accumulated":11559,"Severe/Accumulated":23},"MedicalTests":{"Total":1,"Total/Accumulated":33,"Confirmed/Accumulated":4},"Confirmed":43},"geometry":{"type":"Point","coordinates":[-53.41731165390502,3.588901056661561]}},{"type":"Feature","properties":{"Country/Region":"France","Province/State":"La Réunion","Code":"04","Population":{"Total":859959,"Under19":256143,"Under39":202783,"Under59":239212,"Under74":117045,"Over75":44776},"Beds":{"Resuscitation":52,"IntensiveCare":154,"Total":206},"Recovered":111,"Severe":4,"Critical":2,"Emergencies":{"Suspected":1,"Total":372,"Suspected/Accumulated":254,"Total/Accumulated":22215,"Severe/Accumulated":174},"Confirmed":94,"MedicalTests":{"Total/Accumulated":12,"Confirmed/Accumulated":1}},"geometry":{"type":"Point","coordinates":[55.52943947368424,-21.1374047368421]}},{"type":"Feature","properties":{"Country/Region":"France","Province/State":"Mayotte","Code":"06","Population":{"Total":279471,"Under19":150257,"Under39":74348,"Under59":42900,"Under74":9521,"Over75":2445},"Beds":{"Resuscitation":6,"IntensiveCare":0,"Total":6},"Deaths":9,"Recovered":102,"Severe":42,"Critical":7,"Emergencies":{"Suspected":42,"Total":162,"Severe":2,"Suspected/Accumulated":566,"Total/Accumulated":6441,"Severe/Accumulated":113},"Confirmed":128,"MedicalTests":{"Total/Accumulated":2,"Confirmed/Accumulated":1}},"geometry":{"type":"Point","coordinates":[45.14160071428572,-12.835344166666673]}}]}