{"type":"FeatureCollection","features":[{"type":"Feature","properties":{"Country/Region":"France","Province/State":"Île-de-France","Code":"11","Population":{"Total":12278210,"Under19":3140965,"Under39":3409765,"Under59":3210447,"Under74":1658207,"Over75":858826},"Beds":{"Resuscitation":1147,"IntensiveCare":2512,"Total":3659},"Deaths":7205,"Recovered":25506,"Severe":5626,"Critical":503,"Emergencies":{"Suspected":58,"Total":5898,"Severe":17,"Suspected/Accumulated":52045,"Total/Accumulated":491385,"Severe/Accumulated":15943},"MedicalActs":{"Suspected":33,"Total":1000,"Suspected/Accumulated":12346,"Total/Accumulated":123332},"PCRTests":{"Total":9063,"Confirmed":156,"Total/Accumulated":164267,"Confirmed/Accumulated":4157},"Confirmed":7660,"MedicalTests":{"Total/Accumulated":85340,"Confirmed/Accumulated":18277}},"geometry":{"type":"Point","coordinates":[2.5292589766081885,48.704415292397634]}},{"type":"Feature","properties":{"Country/Region":"France","Province/State":"Centre-Val de Loire","Code":"24","Population":{"Total":2559073,"Under19":598570,"Under39":541141,"Under59":661150,"Under74":478923,"Over75":279289},"Beds":{"Resuscitation":180,"IntensiveCare":346,"Total":526},"Deaths":518,"Recovered":1795,"Severe":568,"Critical":32,"Emergencies":{"Suspected":11,"Total":1285,"Severe":2,"Suspected/Accumulated":5042,"Total/Accumulated":109215,"Severe/Accumulated":1292},"MedicalActs":{"Suspected":3,"Total":294,"Suspected/Accumulated":1198,"Total/Accumulated":26417},"PCRTests":{"Total":1444,"Confirmed":10,"Total/Accumulated":29715,"Confirmed/Accumulated":576},"Confirmed":1157,"MedicalTests":{"Total/Accumulated":20197,"Confirmed/Accumulated":1858}},"geometry":{"type":"Point","coordinates":[1.6429664800000017,47.54357092799999]}},{"type":"Feature","properties":{"Country/Region":"France","Province/State":"Bourgogne-Franche-Comté","Code":"27","Population":{"Total":2783039,"Under19":627017,"Under39":591411,"Under59":715664,"Under74":540051,"Over75":308896},"Beds":{"Resuscitation":198,"IntensiveCare":642,"Total":840},"Deaths":1022,"Recovered":3591,"Severe":328,"Critical":25,"Emergencies":{"Suspected":32,"Total":1697,"Severe":19,"Suspected/Accumulated":10984,"Total/Accumulated":136075,"Severe/Accumulated":4588},"MedicalActs":{"Suspected":2,"Total":181,"Suspected/Accumulated":1935,"Total/Accumulated":21736},"PCRTests":{"Total":1734,"Confirmed":12,"Total/Accumulated":36607,"Confirmed/Accumulated":469},"Confirmed":1569,"MedicalTests":{"Total/Accumulated":15673,"Confirmed/Accumulated":1330}},"geometry":{"type":"Point","coordinates":[4.731409826897467,47.2969232490013]}},{"type":"Feature","properties":{"Country/Region":"France","Province/State":"Normandie","Code":"28","Population":{"Total":3303500,"Under19":781337,"Under39":727044,"Under59":842963,"Under74":615474,"Over75":336682},"Beds":{"Resuscitation":240,"IntensiveCare":548,"Total":788},"Deaths":422,"Recovered":1510,"Severe":308,"Critical":16,"Emergencies":{"Suspected":10,"Total":1812,"Severe":7,"Suspected/Accumulated":4527,"Total/Accumulated":148591,"Severe/Accumulated":1856},"MedicalActs":{"Suspected":8,"Total":344,"Suspected/Accumulated":2831,"Total/Accumulated":36909},"PCRTests":{"Total":1503,"Confirmed":5,"Total/Accumulated":30148,"Confirmed/Accumulated":276},"Confirmed":912,"MedicalTests":{"Total/Accumulated":17253,"Confirmed/Accumulated":1385}},"geometry":{"type":"Point","coordinates":[-0.022673401869158984,49.066630336448576]}},{"type":"Feature","properties":{"Country/Region":"France","Province/State":"Hauts-de-France","Code":"32","Population":{"Total":5962662,"Under19":1525538,"Under39":1443348,"Under59":1522690,"Under74":994313,"Over75":476773},"Beds":{"Resuscitation":438,"IntensiveCare":1338,"Total":1776},"Deaths":1772,"Recovered":5879,"Severe":1293,"Critical":106,"Emergencies":{"Suspected":27,"Total":2860,"Severe":13,"Suspected/Accumulated":12172,"Total/Accumulated":231013,"Severe/Accumulated":4408},"MedicalActs":{"Suspected":10,"Total":666,"Suspected/Accumulated":4001,"Total/Accumulated":68604},"PCRTests":{"Total":4066,"Confirmed":86,"Total/Accumulated":71917,"Confirmed/Accumulated":1710},"Confirmed":3011,"MedicalTests":{"Total/Accumulated":31790,"Confirmed/Accumulated":3410}},"geometry":{"type":"Point","coordinates":[2.8852615671641804,49.86155781716422]}},{"type":"Feature","properties":{"Country/Region":"France","Province/State":"Grand Est","Code":"44","Population":{"Total":5511747,"Under19":1258123,"Under39":1291962,"Under59":1448828,"Under74":988178,"Over75":524656},"Beds":{"Resuscitation":465,"IntensiveCare":840,"Total":1305},"Deaths":3477,"Recovered":11265,"Severe":1754,"Critical":130,"Emergencies":{"Suspected":29,"Total":2580,"Severe":11,"Suspected/Accumulated":17027,"Total/Accumulated":228440,"Severe/Accumulated":8330},"MedicalActs":{"Suspected":26,"Total":484,"Suspected/Accumulated":6236,"Total/Accumulated":60428},"PCRTests":{"Total":4829,"Confirmed":69,"Total/Accumulated":82809,"Confirmed/Accumulated":1969},"Confirmed":5479,"MedicalTests":{"Total/Accumulated":24982,"Confirmed/Accumulated":3702}},"geometry":{"type":"Point","coordinates":[5.509890203045682,48.670969771573546]}},{"type":"Feature","properties":{"Country/Region":"France","Province/State":"Pays de la Loire","Code":"52","Population":{"Total":3801797,"Under19":933509,"Under39":853729,"Under59":970508,"Under74":667531,"Over75":376520},"Beds":{"Resuscitation":181,"IntensiveCare":572,"Total":753},"Deaths":450,"Recovered":1831,"Severe":321,"Critical":18,"Emergencies":{"Suspected":37,"Total":1666,"Severe":27,"Suspected/Accumulated":7890,"Total/Accumulated":127437,"Severe/Accumulated":3953},"MedicalActs":{"Suspected":15,"Total":406,"Suspected/Accumulated":3030,"Total/Accumulated":41624},"PCRTests":{"Total":2088,"Confirmed":44,"Total/Accumulated":39232,"Confirmed/Accumulated":715},"Confirmed":1630,"MedicalTests":{"Total/Accumulated":1941,"Confirmed/Accumulated":78}},"geometry":{"type":"Point","coordinates":[-0.8763313771517983,47.44186302034428]}},{"type":"Feature","properties":{"Country/Region":"France","Province/State":"Bretagne","Code":"53","Population":{"Total":3340379,"Under19":773631,"Under39":714512,"Under59":866988,"Under74":632104,"Over75":353144},"Beds":{"Resuscitation":162,"IntensiveCare":462,"Total":624},"Deaths":255,"Recovered":1181,"Severe":168,"Critical":12,"Emergencies":{"Suspected":24,"Total":1773,"Severe":15,"Suspected/Accumulated":5141,"Total/Accumulated":137741,"Severe/Accumulated":2130},"MedicalActs":{"Suspected":9,"Total":266,"Suspected/Accumulated":1299,"Total/Accumulated":31227},"PCRTests":{"Total":1614,"Confirmed":5,"Total/Accumulated":28365,"Confirmed/Accumulated":436},"Confirmed":962,"MedicalTests":{"Total/Accumulated":698,"Confirmed/Accumulated":25}},"geometry":{"type":"Point","coordinates":[-3.104342941176476,48.146701189258316]}},{"type":"Feature","properties":{"Country/Region":"France","Province/State":"Nouvelle-Aquitaine","Code":"75","Population":{"Total":5999982,"Under19":1293321,"Under39":1274746,"Under59":1561754,"Under74":1177229,"Over75":692932},"Beds":{"Resuscitation":412,"IntensiveCare":946,"Total":1358},"Deaths":401,"Recovered":2027,"Severe":211,"Critical":27,"Emergencies":{"Suspected":24,"Total":3351,"Severe":8,"Suspected/Accumulated":10081,"Total/Accumulated":261264,"Severe/Accumulated":4352},"MedicalActs":{"Suspected":28,"Total":909,"Suspected/Accumulated":6942,"Total/Accumulated":100773},"PCRTests":{"Total":2967,"Confirmed":8,"Total/Accumulated":64046,"Confirmed/Accumulated":594},"Confirmed":1007,"MedicalTests":{"Total/Accumulated":33043,"Confirmed/Accumulated":961}},"geometry":{"type":"Point","coordinates":[0.16186906163753495,45.156971701931916]}},{"type":"Feature","properties":{"Country/Region":"France","Province/State":"Occitanie","Code":"76","Population":{"Total":5924858,"Under19":1320456,"Under39":1330125,"Under59":1526711,"Under74":1099893,"Over75":647673},"Beds":{"Resuscitation":474,"IntensiveCare":1206,"Total":1680},"Deaths":501,"Recovered":2743,"Severe":186,"Critical":21,"Emergencies":{"Suspected":21,"Total":3377,"Severe":7,"Suspected/Accumulated":8417,"Total/Accumulated":265317,"Severe/Accumulated":3803},"MedicalActs":{"Suspected":4,"Total":306,"Suspected/Accumulated":2704,"Total/Accumulated":36198},"PCRTests":{"Total":4067,"Confirmed":18,"Total/Accumulated":78327,"Confirmed/Accumulated":686},"Confirmed":2374,"MedicalTests":{"Total/Accumulated":83743,"Confirmed/Accumulated":2680}},"geometry":{"type":"Point","coordinates":[1.988214846153848,43.761180626373644]}},{"type":"Feature","properties":{"Country/Region":"France","Province/State":"Auvergne-Rhône-Alpes","Code":"84","Population":{"Total":8032377,"Under19":1940253,"Under39":1900702,"Under59":2079813,"Under74":1340003,"Over75":771606},"Beds":{"Resuscitation":559,"IntensiveCare":1136,"Total":1695},"Deaths":1694,"Recovered":7258,"Severe":945,"Critical":85,"Emergencies":{"Suspected":28,"Total":4296,"Severe":14,"Suspected/Accumulated":16334,"Total/Accumulated":333513,"Severe/Accumulated":6967},"MedicalActs":{"Suspected":18,"Total":740,"Suspected/Accumulated":6753,"Total/Accumulated":79037},"PCRTests":{"Total":4357,"Confirmed":27,"Total/Accumulated":85382,"Confirmed/Accumulated":1010},"Confirmed":2093,"MedicalTests":{"Total/Accumulated":27674,"Confirmed/Accumulated":2153}},"geometry":{"type":"Point","coordinates":[4.515179591651545,45.475403602540794]}},{"type":"Feature","properties":{"Country/Region":"France","Province/State":"Guadeloupe","Code":"01","Population":{"Total":376879,"Under19":90617,"Under39":71707,"Under59":109452,"Under74":70936,"Over75":34167},"Beds":{"Resuscitation":27,"IntensiveCare":68,"Total":95},"Deaths":19,"Recovered":74,"Severe":12,"Emergencies":{"Total":237,"Suspected/Accumulated":298,"Total/Accumulated":16850,"Severe/Accumulated":102},"PCRTests":{"Total":234,"Confirmed":4,"Total/Accumulated":2317,"Confirmed/Accumulated":16},"Confirmed":106,"MedicalTests":{"Total/Accumulated":51,"Confirmed/Accumulated":17}},"geometry":{"type":"Point","coordinates":[-61.493846272189366,16.20469674556213]}},{"type":"Feature","properties":{"Country/Region":"France","Province/State":"Martinique","Code":"02","Population":{"Total":358749,"Under19":77005,"Under39":65776,"Under59":105638,"Under74":72163,"Over75":38167},"Beds":{"Resuscitation":26,"IntensiveCare":58,"Total":84},"Deaths":14,"Recovered":86,"Severe":11,"MedicalActs":{"Suspected":2,"Total":97,"Suspected/Accumulated":148,"Total/Accumulated":9650},"PCRTests":{"Total":243,"Confirmed":4,"Total/Accumulated":2611,"Confirmed/Accumulated":28},"Confirmed":111,"MedicalTests":{"Total/Accumulated":29,"Confirmed/Accumulated":6}},"geometry":{"type":"Point","coordinates":[-60.98265692913386,14.6217557480315]}},{"type":"Feature","properties":{"Country/Region":"France","Province/State":"Provence-Alpes-Côte d'Azur","Code":"93","Population":{"Total":5055651,"Under19":1128765,"Under39":1109058,"Under59":1309879,"Under74":927347,"Over75":580602},"Beds":{"Resuscitation":460,"IntensiveCare":802,"Total":1262},"Deaths":913,"Recovered":5031,"Severe":800,"Critical":66,"Emergencies":{"Suspected":70,"Total":3361,"Severe":12,"Suspected/Accumulated":10778,"Total/Accumulated":262341,"Severe/Accumulated":5512},"MedicalActs":{"Suspected":13,"Total":692,"Suspected/Accumulated":5808,"Total/Accumulated":71611},"PCRTests":{"Total":4669,"Confirmed":47,"Total/Accumulated":88002,"Confirmed/Accumulated":1057},"Confirmed":1927,"MedicalTests":{"Total/Accumulated":80858,"Confirmed/Accumulated":4204}},"geometry":{"type":"Point","coordinates":[5.940587832647462,43.96417941015098]}},{"type":"Feature","properties":{"Country/Region":"France","Province/State":"Corse","Code":"94","Population":{"Total":344679,"Under19":68555,"Under39":76985,"Under59":93175,"Under74":65675,"Over75":40289},"Beds":{"Resuscitation":18,"IntensiveCare":42,"Total":60},"Deaths":58,"Recovered":232,"Severe":24,"Critical":6,"Emergencies":{"Suspected":3,"Total":174,"Severe":3,"Suspected/Accumulated":2125,"Total/Accumulated":15643,"Severe/Accumulated":2028},"MedicalActs":{"Total":8,"Suspected/Accumulated":479,"Total/Accumulated":3854},"PCRTests":{"Total":219,"Confirmed":2,"Total/Accumulated":5200,"Confirmed/Accumulated":34},"Confirmed":263},"geometry":{"type":"Point","coordinates":[9.019688964401293,42.118564077669916]}},{"type":"Feature","properties":{"Country/Region":"France","Province/State":"Guyane","Code":"03","Population":{"Total":290691,"Under19":120681,"Under39":80023,"Under59":61783,"Under74":22111,"Over75":6093},"Beds":{"Resuscitation":13,"IntensiveCare":12,"Total":25},"Deaths":1,"Recovered":93,"Severe":35,"Critical":3,"Emergencies":{"Suspected":10,"Total":207,"Severe":3,"Suspected/Accumulated":292,"Total/Accumulated":17349,"Severe/Accumulated":65},"PCRTests":{"Total":105,"Confirmed":23,"Total/Accumulated":1211,"Confirmed/Accumulated":158},"Confirmed":43,"MedicalTests":{"Total/Accumulated":35,"Confirmed/Accumulated":4}},"geometry":{"type":"Point","coordinates":[-53.41731165390502,3.588901056661561]}},{"type":"Feature","properties":{"Country/Region":"France","Province/State":"La Réunion","Code":"04","Population":{"Total":859959,"Under19":256143,"Under39":202783,"Under59":239212,"Under74":117045,"Over75":44776},"Beds":{"Resuscitation":52,"IntensiveCare":154,"Total":206},"Deaths":1,"Recovered":122,"Severe":20,"Critical":3,"Emergencies":{"Total":394,"Suspected/Accumulated":273,"Total/Accumulated":33971,"Severe/Accumulated":189},"PCRTests":{"Total":764,"Confirmed":1,"Total/Accumulated":10526,"Confirmed/Accumulated":43},"Confirmed":94,"MedicalTests":{"Total/Accumulated":19,"Confirmed/Accumulated":1}},"geometry":{"type":"Point","coordinates":[55.52943947368424,-21.1374047368421]}},{"type":"Feature","properties":{"Country/Region":"France","Province/State":"Mayotte","Code":"06","Population":{"Total":279471,"Under19":150257,"Under39":74348,"Under59":42900,"Under74":9521,"Over75":2445},"Beds":{"Resuscitation":6,"IntensiveCare":0,"Total":6},"Deaths":21,"Recovered":270,"Severe":40,"Critical":12,"Emergencies":{"Suspected":14,"Total":120,"Severe":2,"Suspected/Accumulated":1427,"Total/Accumulated":9975,"Severe/Accumulated":206},"PCRTests":{"Total":107,"Confirmed":19,"Total/Accumulated":1846,"Confirmed/Accumulated":485},"Confirmed":128,"MedicalTests":{"Total/Accumulated":4,"Confirmed/Accumulated":1}},"geometry":{"type":"Point","coordinates":[45.14160071428572,-12.835344166666673]}}]}