{"type":"FeatureCollection","features":[{"type":"Feature","properties":{"Country/Region":"France","Province/State":"Île-de-France","Code":"11","Population":{"Total":12278210,"Under19":3140965,"Under39":3409765,"Under59":3210447,"Under74":1658207,"Over75":858826},"Beds":{"Resuscitation":1147,"IntensiveCare":2512,"Total":3659},"Deaths":3040,"Recovered":7620,"Severe":12681,"Critical":2654,"Emergencies":{"Suspected":839,"Total":4097,"Severe":306,"Suspected/Accumulated":33241,"Total/Accumulated":219677,"Severe/Accumulated":11114},"MedicalActs":{"Suspected":165,"Total":902,"Suspected/Accumulated":8609,"Total/Accumulated":64645},"MedicalTests":{"Total":2596,"Confirmed":730,"Total/Accumulated":31470,"Confirmed/Accumulated":12183},"Confirmed":7660},"geometry":{"type":"Point","coordinates":[2.5292589766081885,48.704415292397634]}},{"type":"Feature","properties":{"Country/Region":"France","Province/State":"Centre-Val de Loire","Code":"24","Population":{"Total":2559073,"Under19":598570,"Under39":541141,"Under59":661150,"Under74":478923,"Over75":279289},"Beds":{"Resuscitation":180,"IntensiveCare":346,"Total":526},"Deaths":164,"Recovered":474,"Severe":864,"Critical":207,"Emergencies":{"Suspected":104,"Total":917,"Severe":29,"Suspected/Accumulated":2054,"Total/Accumulated":43030,"Severe/Accumulated":621},"MedicalActs":{"Suspected":26,"Total":160,"Suspected/Accumulated":518,"Total/Accumulated":12599},"MedicalTests":{"Total":371,"Confirmed":87,"Total/Accumulated":4982,"Confirmed/Accumulated":1191},"Confirmed":1157},"geometry":{"type":"Point","coordinates":[1.6429664800000017,47.54357092799999]}},{"type":"Feature","properties":{"Country/Region":"France","Province/State":"Bourgogne-Franche-Comté","Code":"27","Population":{"Total":2783039,"Under19":627017,"Under39":591411,"Under59":715664,"Under74":540051,"Over75":308896},"Beds":{"Resuscitation":198,"IntensiveCare":642,"Total":840},"Deaths":427,"Recovered":1237,"Severe":1211,"Critical":283,"Emergencies":{"Suspected":218,"Total":1144,"Severe":105,"Suspected/Accumulated":6477,"Total/Accumulated":54905,"Severe/Accumulated":2699},"MedicalActs":{"Suspected":22,"Total":137,"Suspected/Accumulated":1155,"Total/Accumulated":10560},"MedicalTests":{"Total":355,"Confirmed":77,"Total/Accumulated":3914,"Confirmed/Accumulated":779},"Confirmed":1569},"geometry":{"type":"Point","coordinates":[4.731409826897467,47.2969232490013]}},{"type":"Feature","properties":{"Country/Region":"France","Province/State":"Normandie","Code":"28","Population":{"Total":3303500,"Under19":781337,"Under39":727044,"Under59":842963,"Under74":615474,"Over75":336682},"Beds":{"Resuscitation":240,"IntensiveCare":548,"Total":788},"Deaths":179,"Recovered":478,"Severe":697,"Critical":212,"Emergencies":{"Suspected":60,"Total":1271,"Severe":23,"Suspected/Accumulated":2474,"Total/Accumulated":59875,"Severe/Accumulated":777},"MedicalActs":{"Suspected":26,"Total":214,"Suspected/Accumulated":1803,"Total/Accumulated":18200},"MedicalTests":{"Total":359,"Confirmed":64,"Total/Accumulated":4659,"Confirmed/Accumulated":777},"Confirmed":912},"geometry":{"type":"Point","coordinates":[-0.022673401869158984,49.066630336448576]}},{"type":"Feature","properties":{"Country/Region":"France","Province/State":"Hauts-de-France","Code":"32","Population":{"Total":5962662,"Under19":1525538,"Under39":1443348,"Under59":1522690,"Under74":994313,"Over75":476773},"Beds":{"Resuscitation":438,"IntensiveCare":1338,"Total":1776},"Deaths":715,"Recovered":1703,"Severe":2429,"Critical":580,"Emergencies":{"Suspected":212,"Total":2084,"Severe":74,"Suspected/Accumulated":6713,"Total/Accumulated":91955,"Severe/Accumulated":2331},"MedicalActs":{"Suspected":52,"Total":415,"Suspected/Accumulated":2672,"Total/Accumulated":36945},"MedicalTests":{"Total":760,"Confirmed":151,"Total/Accumulated":6304,"Confirmed/Accumulated":1842},"Confirmed":3011},"geometry":{"type":"Point","coordinates":[2.8852615671641804,49.86155781716422]}},{"type":"Feature","properties":{"Country/Region":"France","Province/State":"Grand Est","Code":"44","Population":{"Total":5511747,"Under19":1258123,"Under39":1291962,"Under59":1448828,"Under74":988178,"Over75":524656},"Beds":{"Resuscitation":465,"IntensiveCare":840,"Total":1305},"Deaths":1854,"Recovered":4160,"Severe":4769,"Critical":916,"Emergencies":{"Suspected":302,"Total":1980,"Severe":164,"Suspected/Accumulated":11406,"Total/Accumulated":95952,"Severe/Accumulated":5737},"MedicalActs":{"Suspected":92,"Total":522,"Suspected/Accumulated":4079,"Total/Accumulated":29240},"MedicalTests":{"Total":1121,"Confirmed":205,"Total/Accumulated":9771,"Confirmed/Accumulated":2589},"Confirmed":5479},"geometry":{"type":"Point","coordinates":[5.509890203045682,48.670969771573546]}},{"type":"Feature","properties":{"Country/Region":"France","Province/State":"Pays de la Loire","Code":"52","Population":{"Total":3801797,"Under19":933509,"Under39":853729,"Under59":970508,"Under74":667531,"Over75":376520},"Beds":{"Resuscitation":181,"IntensiveCare":572,"Total":753},"Deaths":194,"Recovered":615,"Severe":741,"Critical":176,"Emergencies":{"Suspected":113,"Total":1084,"Severe":61,"Suspected/Accumulated":4158,"Total/Accumulated":49196,"Severe/Accumulated":1800},"MedicalActs":{"Suspected":27,"Total":316,"Suspected/Accumulated":1892,"Total/Accumulated":18570},"MedicalTests":{"Total":25,"Total/Accumulated":523,"Confirmed/Accumulated":58},"Confirmed":1630},"geometry":{"type":"Point","coordinates":[-0.8763313771517983,47.44186302034428]}},{"type":"Feature","properties":{"Country/Region":"France","Province/State":"Bretagne","Code":"53","Population":{"Total":3340379,"Under19":773631,"Under39":714512,"Under59":866988,"Under74":632104,"Over75":353144},"Beds":{"Resuscitation":162,"IntensiveCare":462,"Total":624},"Deaths":109,"Recovered":397,"Severe":493,"Critical":133,"Emergencies":{"Suspected":62,"Total":1193,"Severe":32,"Suspected/Accumulated":3058,"Total/Accumulated":54943,"Severe/Accumulated":889},"MedicalActs":{"Suspected":9,"Total":189,"Suspected/Accumulated":712,"Total/Accumulated":14646},"MedicalTests":{"Total":4,"Total/Accumulated":127,"Confirmed/Accumulated":16},"Confirmed":962},"geometry":{"type":"Point","coordinates":[-3.104342941176476,48.146701189258316]}},{"type":"Feature","properties":{"Country/Region":"France","Province/State":"Nouvelle-Aquitaine","Code":"75","Population":{"Total":5999982,"Under19":1293321,"Under39":1274746,"Under59":1561754,"Under74":1177229,"Over75":692932},"Beds":{"Resuscitation":412,"IntensiveCare":946,"Total":1358},"Deaths":173,"Recovered":789,"Severe":792,"Critical":241,"Emergencies":{"Suspected":161,"Total":2247,"Severe":93,"Suspected/Accumulated":6091,"Total/Accumulated":100704,"Severe/Accumulated":2380},"MedicalActs":{"Suspected":76,"Total":700,"Suspected/Accumulated":4640,"Total/Accumulated":47882},"MedicalTests":{"Total":593,"Confirmed":22,"Total/Accumulated":6987,"Confirmed/Accumulated":596},"Confirmed":1007},"geometry":{"type":"Point","coordinates":[0.16186906163753495,45.156971701931916]}},{"type":"Feature","properties":{"Country/Region":"France","Province/State":"Occitanie","Code":"76","Population":{"Total":5924858,"Under19":1320456,"Under39":1330125,"Under59":1526711,"Under74":1099893,"Over75":647673},"Beds":{"Resuscitation":474,"IntensiveCare":1206,"Total":1680},"Deaths":203,"Recovered":1081,"Severe":992,"Critical":328,"Emergencies":{"Suspected":143,"Total":2099,"Severe":71,"Suspected/Accumulated":4693,"Total/Accumulated":103564,"Severe/Accumulated":2111},"MedicalActs":{"Suspected":35,"Total":255,"Suspected/Accumulated":1698,"Total/Accumulated":16536},"MedicalTests":{"Total":1779,"Confirmed":62,"Total/Accumulated":16409,"Confirmed/Accumulated":1617},"Confirmed":2374},"geometry":{"type":"Point","coordinates":[1.988214846153848,43.761180626373644]}},{"type":"Feature","properties":{"Country/Region":"France","Province/State":"Auvergne-Rhône-Alpes","Code":"84","Population":{"Total":8032377,"Under19":1940253,"Under39":1900702,"Under59":2079813,"Under74":1340003,"Over75":771606},"Beds":{"Resuscitation":559,"IntensiveCare":1136,"Total":1695},"Deaths":685,"Recovered":2508,"Severe":2962,"Critical":720,"Emergencies":{"Suspected":317,"Total":2686,"Severe":137,"Suspected/Accumulated":9973,"Total/Accumulated":133904,"Severe/Accumulated":4426},"MedicalActs":{"Suspected":74,"Total":566,"Suspected/Accumulated":4092,"Total/Accumulated":36233},"MedicalTests":{"Total":407,"Confirmed":40,"Total/Accumulated":8170,"Confirmed/Accumulated":1303},"Confirmed":2093},"geometry":{"type":"Point","coordinates":[4.515179591651545,45.475403602540794]}},{"type":"Feature","properties":{"Country/Region":"France","Province/State":"Guadeloupe","Code":"01","Population":{"Total":376879,"Under19":90617,"Under39":71707,"Under59":109452,"Under74":70936,"Over75":34167},"Beds":{"Resuscitation":27,"IntensiveCare":68,"Total":95},"Deaths":10,"Recovered":49,"Severe":33,"Critical":17,"Emergencies":{"Suspected":10,"Total":138,"Severe":5,"Suspected/Accumulated":111,"Total/Accumulated":7096,"Severe/Accumulated":51},"Confirmed":106,"MedicalTests":{"Total/Accumulated":25,"Confirmed/Accumulated":12}},"geometry":{"type":"Point","coordinates":[-61.493846272189366,16.20469674556213]}},{"type":"Feature","properties":{"Country/Region":"France","Province/State":"Martinique","Code":"02","Population":{"Total":358749,"Under19":77005,"Under39":65776,"Under59":105638,"Under74":72163,"Over75":38167},"Beds":{"Resuscitation":26,"IntensiveCare":58,"Total":84},"Deaths":5,"Recovered":45,"Severe":47,"Critical":17,"MedicalActs":{"Suspected":6,"Total":99,"Suspected/Accumulated":58,"Total/Accumulated":4574},"Confirmed":111,"MedicalTests":{"Total/Accumulated":14,"Confirmed/Accumulated":4}},"geometry":{"type":"Point","coordinates":[-60.98265692913386,14.6217557480315]}},{"type":"Feature","properties":{"Country/Region":"France","Province/State":"Provence-Alpes-Côte d'Azur","Code":"93","Population":{"Total":5055651,"Under19":1128765,"Under39":1109058,"Under59":1309879,"Under74":927347,"Over75":580602},"Beds":{"Resuscitation":460,"IntensiveCare":802,"Total":1262},"Deaths":286,"Recovered":1841,"Severe":1748,"Critical":426,"Emergencies":{"Suspected":239,"Total":2086,"Severe":91,"Suspected/Accumulated":6376,"Total/Accumulated":106087,"Severe/Accumulated":3280},"MedicalActs":{"Suspected":87,"Total":591,"Suspected/Accumulated":3598,"Total/Accumulated":32961},"MedicalTests":{"Total":2227,"Confirmed":148,"Total/Accumulated":23240,"Confirmed/Accumulated":2830},"Confirmed":1927},"geometry":{"type":"Point","coordinates":[5.940587832647462,43.96417941015098]}},{"type":"Feature","properties":{"Country/Region":"France","Province/State":"Corse","Code":"94","Population":{"Total":344679,"Under19":68555,"Under39":76985,"Under59":93175,"Under74":65675,"Over75":40289},"Beds":{"Resuscitation":18,"IntensiveCare":42,"Total":60},"Deaths":34,"Recovered":117,"Severe":88,"Critical":19,"Emergencies":{"Suspected":26,"Total":135,"Severe":25,"Suspected/Accumulated":1301,"Total/Accumulated":6242,"Severe/Accumulated":1254},"MedicalActs":{"Suspected":2,"Total":18,"Suspected/Accumulated":348,"Total/Accumulated":1888},"Confirmed":263},"geometry":{"type":"Point","coordinates":[9.019688964401293,42.118564077669916]}},{"type":"Feature","properties":{"Country/Region":"France","Province/State":"Guyane","Code":"03","Population":{"Total":290691,"Under19":120681,"Under39":80023,"Under59":61783,"Under74":22111,"Over75":6093},"Beds":{"Resuscitation":13,"IntensiveCare":12,"Total":25},"Recovered":15,"Severe":9,"Critical":1,"Emergencies":{"Suspected":1,"Total":124,"Severe":1,"Suspected/Accumulated":35,"Total/Accumulated":7856,"Severe/Accumulated":8},"Confirmed":43,"MedicalTests":{"Total/Accumulated":26,"Confirmed/Accumulated":4}},"geometry":{"type":"Point","coordinates":[-53.41731165390502,3.588901056661561]}},{"type":"Feature","properties":{"Country/Region":"France","Province/State":"La Réunion","Code":"04","Population":{"Total":859959,"Under19":256143,"Under39":202783,"Under59":239212,"Under74":117045,"Over75":44776},"Beds":{"Resuscitation":52,"IntensiveCare":154,"Total":206},"Recovered":58,"Severe":36,"Critical":3,"Emergencies":{"Suspected":8,"Total":271,"Severe":6,"Suspected/Accumulated":181,"Total/Accumulated":14193,"Severe/Accumulated":132},"Confirmed":94,"MedicalTests":{"Total/Accumulated":4}},"geometry":{"type":"Point","coordinates":[55.52943947368424,-21.1374047368421]}},{"type":"Feature","properties":{"Country/Region":"France","Province/State":"Mayotte","Code":"06","Population":{"Total":279471,"Under19":150257,"Under39":74348,"Under59":42900,"Under74":9521,"Over75":2445},"Beds":{"Resuscitation":6,"IntensiveCare":0,"Total":6},"Deaths":2,"Recovered":26,"Severe":16,"Critical":4,"Emergencies":{"Suspected":9,"Total":94,"Severe":4,"Suspected/Accumulated":172,"Total/Accumulated":3848,"Severe/Accumulated":40},"Confirmed":128,"MedicalTests":{"Total/Accumulated":2,"Confirmed/Accumulated":1}},"geometry":{"type":"Point","coordinates":[45.14160071428572,-12.835344166666673]}}]}