{"type":"FeatureCollection","features":[{"type":"Feature","properties":{"Country/Region":"France","Province/State":"Île-de-France","Code":"11","Population":{"Total":12278210,"Under19":3140965,"Under39":3409765,"Under59":3210447,"Under74":1658207,"Over75":858826},"Beds":{"Resuscitation":1147,"IntensiveCare":2512,"Total":3659},"Confirmed":6798,"Deaths":262,"Recovered":854,"Severe":3683,"Critical":973,"Emergencies":{"Suspected":1606,"Total":5108,"Severe":547,"Suspected/Accumulated":11292,"Total/Accumulated":147476,"Severe/Accumulated":3304},"MedicalActs":{"Suspected":375,"Total":1368,"Suspected/Accumulated":3547,"Total/Accumulated":45011},"MedicalTests":{"Total":1220,"Confirmed":566,"Total/Accumulated":6732,"Confirmed/Accumulated":2943}},"geometry":{"type":"Point","coordinates":[2.5292589766081885,48.704415292397634]}},{"type":"Feature","properties":{"Country/Region":"France","Province/State":"Centre-Val de Loire","Code":"24","Population":{"Total":2559073,"Under19":598570,"Under39":541141,"Under59":661150,"Under74":478923,"Over75":279289},"Beds":{"Resuscitation":180,"IntensiveCare":346,"Total":526},"Confirmed":450,"Deaths":9,"Recovered":24,"Severe":137,"Critical":44,"Emergencies":{"Suspected":51,"Total":821,"Severe":14,"Suspected/Accumulated":489,"Total/Accumulated":29259,"Severe/Accumulated":128},"MedicalActs":{"Suspected":21,"Total":191,"Suspected/Accumulated":163,"Total/Accumulated":9414},"MedicalTests":{"Total":212,"Confirmed":55,"Total/Accumulated":584,"Confirmed/Accumulated":142}},"geometry":{"type":"Point","coordinates":[1.6429664800000017,47.54357092799999]}},{"type":"Feature","properties":{"Country/Region":"France","Province/State":"Bourgogne-Franche-Comté","Code":"27","Population":{"Total":2783039,"Under19":627017,"Under39":591411,"Under59":715664,"Under74":540051,"Over75":308896},"Beds":{"Resuscitation":198,"IntensiveCare":642,"Total":840},"Confirmed":1510,"Deaths":86,"Recovered":285,"Severe":480,"Critical":121,"Emergencies":{"Suspected":275,"Total":1146,"Severe":109,"Suspected/Accumulated":2507,"Total/Accumulated":36957,"Severe/Accumulated":995},"MedicalActs":{"Suspected":32,"Total":163,"Suspected/Accumulated":515,"Total/Accumulated":7481},"MedicalTests":{"Total":173,"Confirmed":42,"Total/Accumulated":540,"Confirmed/Accumulated":133}},"geometry":{"type":"Point","coordinates":[4.731409826897467,47.2969232490013]}},{"type":"Feature","properties":{"Country/Region":"France","Province/State":"Normandie","Code":"28","Population":{"Total":3303500,"Under19":781337,"Under39":727044,"Under59":842963,"Under74":615474,"Over75":336682},"Beds":{"Resuscitation":240,"IntensiveCare":548,"Total":788},"Confirmed":586,"Deaths":16,"Recovered":32,"Severe":170,"Critical":40,"Emergencies":{"Suspected":100,"Total":1187,"Severe":35,"Suspected/Accumulated":877,"Total/Accumulated":41150,"Severe/Accumulated":192},"MedicalActs":{"Suspected":67,"Total":266,"Suspected/Accumulated":701,"Total/Accumulated":13290},"MedicalTests":{"Total":231,"Confirmed":52,"Total/Accumulated":708,"Confirmed/Accumulated":127}},"geometry":{"type":"Point","coordinates":[-0.022673401869158984,49.066630336448576]}},{"type":"Feature","properties":{"Country/Region":"France","Province/State":"Hauts-de-France","Code":"32","Population":{"Total":5962662,"Under19":1525538,"Under39":1443348,"Under59":1522690,"Under74":994313,"Over75":476773},"Beds":{"Resuscitation":438,"IntensiveCare":1338,"Total":1776},"Confirmed":1532,"Deaths":123,"Recovered":250,"Severe":711,"Critical":208,"Emergencies":{"Suspected":288,"Total":1835,"Severe":99,"Suspected/Accumulated":2020,"Total/Accumulated":61760,"Severe/Accumulated":664},"MedicalActs":{"Suspected":120,"Total":596,"Suspected/Accumulated":1032,"Total/Accumulated":27954},"MedicalTests":{"Total":193,"Confirmed":81,"Total/Accumulated":545,"Confirmed/Accumulated":203}},"geometry":{"type":"Point","coordinates":[2.8852615671641804,49.86155781716422]}},{"type":"Feature","properties":{"Country/Region":"France","Province/State":"Grand Est","Code":"44","Population":{"Total":5511747,"Under19":1258123,"Under39":1291962,"Under59":1448828,"Under74":988178,"Over75":524656},"Beds":{"Resuscitation":465,"IntensiveCare":840,"Total":1305},"Confirmed":4922,"Deaths":407,"Recovered":625,"Severe":2722,"Critical":595,"Emergencies":{"Suspected":573,"Total":2030,"Severe":286,"Suspected/Accumulated":4541,"Total/Accumulated":64946,"Severe/Accumulated":2156},"MedicalActs":{"Suspected":146,"Total":665,"Suspected/Accumulated":1432,"Total/Accumulated":19169},"MedicalTests":{"Total":347,"Confirmed":112,"Total/Accumulated":948,"Confirmed/Accumulated":308}},"geometry":{"type":"Point","coordinates":[5.509890203045682,48.670969771573546]}},{"type":"Feature","properties":{"Country/Region":"France","Province/State":"Pays de la Loire","Code":"52","Population":{"Total":3801797,"Under19":933509,"Under39":853729,"Under59":970508,"Under74":667531,"Over75":376520},"Beds":{"Resuscitation":181,"IntensiveCare":572,"Total":753},"Confirmed":343,"Deaths":14,"Recovered":95,"Severe":187,"Critical":58,"Emergencies":{"Suspected":161,"Total":999,"Severe":68,"Suspected/Accumulated":1456,"Total/Accumulated":32649,"Severe/Accumulated":474},"MedicalActs":{"Suspected":57,"Total":375,"Suspected/Accumulated":808,"Total/Accumulated":12619},"MedicalTests":{"Total":59,"Confirmed":1,"Total/Accumulated":127,"Confirmed/Accumulated":14}},"geometry":{"type":"Point","coordinates":[-0.8763313771517983,47.44186302034428]}},{"type":"Feature","properties":{"Country/Region":"France","Province/State":"Bretagne","Code":"53","Population":{"Total":3340379,"Under19":773631,"Under39":714512,"Under59":866988,"Under74":632104,"Over75":353144},"Beds":{"Resuscitation":162,"IntensiveCare":462,"Total":624},"Confirmed":526,"Deaths":25,"Recovered":86,"Severe":133,"Critical":32,"Emergencies":{"Suspected":110,"Total":1205,"Severe":35,"Suspected/Accumulated":1545,"Total/Accumulated":37192,"Severe/Accumulated":228},"MedicalActs":{"Suspected":29,"Total":257,"Suspected/Accumulated":275,"Total/Accumulated":10319},"MedicalTests":{"Total":9,"Confirmed":2,"Total/Accumulated":33,"Confirmed/Accumulated":6}},"geometry":{"type":"Point","coordinates":[-3.104342941176476,48.146701189258316]}},{"type":"Feature","properties":{"Country/Region":"France","Province/State":"Nouvelle-Aquitaine","Code":"75","Population":{"Total":5999982,"Under19":1293321,"Under39":1274746,"Under59":1561754,"Under74":1177229,"Over75":692932},"Beds":{"Resuscitation":412,"IntensiveCare":946,"Total":1358},"Confirmed":789,"Deaths":16,"Recovered":78,"Severe":263,"Critical":69,"Emergencies":{"Suspected":268,"Total":2085,"Severe":98,"Suspected/Accumulated":2210,"Total/Accumulated":67876,"Severe/Accumulated":601},"MedicalActs":{"Suspected":167,"Total":986,"Suspected/Accumulated":2186,"Total/Accumulated":33400},"MedicalTests":{"Total":262,"Confirmed":39,"Total/Accumulated":1045,"Confirmed/Accumulated":115}},"geometry":{"type":"Point","coordinates":[0.16186906163753495,45.156971701931916]}},{"type":"Feature","properties":{"Country/Region":"France","Province/State":"Occitanie","Code":"76","Population":{"Total":5924858,"Under19":1320456,"Under39":1330125,"Under59":1526711,"Under74":1099893,"Over75":647673},"Beds":{"Resuscitation":474,"IntensiveCare":1206,"Total":1680},"Confirmed":900,"Deaths":40,"Recovered":161,"Severe":382,"Critical":125,"Emergencies":{"Suspected":123,"Total":1851,"Severe":61,"Suspected/Accumulated":1558,"Total/Accumulated":71429,"Severe/Accumulated":615},"MedicalActs":{"Suspected":64,"Total":325,"Suspected/Accumulated":677,"Total/Accumulated":11317},"MedicalTests":{"Total":137,"Confirmed":16,"Total/Accumulated":455,"Confirmed/Accumulated":69}},"geometry":{"type":"Point","coordinates":[1.988214846153848,43.761180626373644]}},{"type":"Feature","properties":{"Country/Region":"France","Province/State":"Auvergne-Rhône-Alpes","Code":"84","Population":{"Total":8032377,"Under19":1940253,"Under39":1900702,"Under59":2079813,"Under74":1340003,"Over75":771606},"Beds":{"Resuscitation":559,"IntensiveCare":1136,"Total":1695},"Confirmed":1857,"Deaths":86,"Recovered":324,"Severe":1000,"Critical":193,"Emergencies":{"Suspected":432,"Total":2523,"Severe":221,"Suspected/Accumulated":2664,"Total/Accumulated":92023,"Severe/Accumulated":1228},"MedicalActs":{"Suspected":162,"Total":799,"Suspected/Accumulated":1725,"Total/Accumulated":24221},"MedicalTests":{"Total":475,"Confirmed":108,"Total/Accumulated":2496,"Confirmed/Accumulated":493}},"geometry":{"type":"Point","coordinates":[4.515179591651545,45.475403602540794]}},{"type":"Feature","properties":{"Country/Region":"France","Province/State":"Guadeloupe","Code":"01","Population":{"Total":376879,"Under19":90617,"Under39":71707,"Under59":109452,"Under74":70936,"Over75":34167},"Beds":{"Resuscitation":27,"IntensiveCare":68,"Total":95},"Confirmed":73,"Deaths":1,"Severe":20,"Critical":7,"Emergencies":{"Suspected":1,"Total":128,"Severe":1,"Suspected/Accumulated":7,"Total/Accumulated":4837,"Severe/Accumulated":5},"MedicalTests":{"Total/Accumulated":1,"Confirmed/Accumulated":1}},"geometry":{"type":"Point","coordinates":[-61.493846272189366,16.20469674556213]}},{"type":"Feature","properties":{"Country/Region":"France","Province/State":"Martinique","Code":"02","Population":{"Total":358749,"Under19":77005,"Under39":65776,"Under59":105638,"Under74":72163,"Over75":38167},"Beds":{"Resuscitation":26,"IntensiveCare":58,"Total":84},"Confirmed":57,"Deaths":1,"Recovered":11,"Severe":19,"Critical":7,"MedicalActs":{"Total":108,"Total/Accumulated":3015},"MedicalTests":{"Total":1,"Total/Accumulated":3,"Confirmed/Accumulated":1}},"geometry":{"type":"Point","coordinates":[-60.98265692913386,14.6217557480315]}},{"type":"Feature","properties":{"Country/Region":"France","Province/State":"Provence-Alpes-Côte d'Azur","Code":"93","Population":{"Total":5055651,"Under19":1128765,"Under39":1109058,"Under59":1309879,"Under74":927347,"Over75":580602},"Beds":{"Resuscitation":460,"IntensiveCare":802,"Total":1262},"Confirmed":1595,"Deaths":26,"Recovered":435,"Severe":545,"Critical":133,"Emergencies":{"Suspected":274,"Total":2034,"Severe":118,"Suspected/Accumulated":2310,"Total/Accumulated":72257,"Severe/Accumulated":1104},"MedicalActs":{"Suspected":175,"Total":736,"Suspected/Accumulated":1503,"Total/Accumulated":21588},"MedicalTests":{"Total":898,"Confirmed":176,"Total/Accumulated":2307,"Confirmed/Accumulated":419}},"geometry":{"type":"Point","coordinates":[5.940587832647462,43.96417941015098]}},{"type":"Feature","properties":{"Country/Region":"France","Province/State":"Corse","Code":"94","Population":{"Total":344679,"Under19":68555,"Under39":76985,"Under59":93175,"Under74":65675,"Over75":40289},"Beds":{"Resuscitation":18,"IntensiveCare":42,"Total":60},"Confirmed":218,"Deaths":12,"Recovered":51,"Severe":70,"Critical":14,"Emergencies":{"Suspected":95,"Total":169,"Severe":95,"Suspected/Accumulated":694,"Total/Accumulated":4146,"Severe/Accumulated":679},"MedicalActs":{"Suspected":15,"Total":40,"Suspected/Accumulated":162,"Total/Accumulated":1327}},"geometry":{"type":"Point","coordinates":[9.019688964401293,42.118564077669916]}},{"type":"Feature","properties":{"Country/Region":"France","Province/State":"Guyane","Code":"03","Population":{"Total":290691,"Under19":120681,"Under39":80023,"Under59":61783,"Under74":22111,"Over75":6093},"Beds":{"Resuscitation":13,"IntensiveCare":12,"Total":25},"Confirmed":27,"Recovered":6,"Emergencies":{"Suspected":2,"Total":163,"Suspected/Accumulated":5,"Total/Accumulated":5543},"MedicalTests":{"Total":2,"Total/Accumulated":10}},"geometry":{"type":"Point","coordinates":[-53.41731165390502,3.588901056661561]}},{"type":"Feature","properties":{"Country/Region":"France","Province/State":"La Réunion","Code":"04","Population":{"Total":859959,"Under19":256143,"Under39":202783,"Under59":239212,"Under74":117045,"Over75":44776},"Beds":{"Resuscitation":52,"IntensiveCare":154,"Total":206},"Confirmed":83,"Severe":3,"Critical":3,"Emergencies":{"Suspected":3,"Total":269,"Severe":2,"Suspected/Accumulated":64,"Total/Accumulated":9924,"Severe/Accumulated":57},"MedicalTests":{"Total":1,"Total/Accumulated":1}},"geometry":{"type":"Point","coordinates":[55.52943947368424,-21.1374047368421]}},{"type":"Feature","properties":{"Country/Region":"France","Province/State":"Mayotte","Code":"06","Population":{"Total":279471,"Under19":150257,"Under39":74348,"Under59":42900,"Under74":9521,"Over75":2445},"Beds":{"Resuscitation":6,"IntensiveCare":0,"Total":6},"Confirmed":30,"Severe":4,"Critical":1,"Emergencies":{"Suspected/Accumulated":11,"Total/Accumulated":2523,"Severe/Accumulated":2}},"geometry":{"type":"Point","coordinates":[45.14160071428572,-12.835344166666673]}}]}