{"type":"FeatureCollection","features":[{"type":"Feature","properties":{"Country/Region":"France","Province/State":"Île-de-France","Code":"11","Population":{"Total":12278210,"Under19":3140965,"Under39":3409765,"Under59":3210447,"Under74":1658207,"Over75":858826},"Beds":{"Resuscitation":1147,"IntensiveCare":2512,"Total":3659},"Deaths":6451,"Recovered":20229,"Severe":9398,"Critical":1182,"Emergencies":{"Suspected":227,"Total":4720,"Severe":63,"Suspected/Accumulated":48036,"Total/Accumulated":345744,"Severe/Accumulated":15087},"MedicalActs":{"Suspected":68,"Total":1265,"Suspected/Accumulated":11073,"Total/Accumulated":94545},"MedicalTests":{"Total":248,"Confirmed":18,"Total/Accumulated":69708,"Confirmed/Accumulated":17772},"Confirmed":7660},"geometry":{"type":"Point","coordinates":[2.5292589766081885,48.704415292397634]}},{"type":"Feature","properties":{"Country/Region":"France","Province/State":"Centre-Val de Loire","Code":"24","Population":{"Total":2559073,"Under19":598570,"Under39":541141,"Under59":661150,"Under74":478923,"Over75":279289},"Beds":{"Resuscitation":180,"IntensiveCare":346,"Total":526},"Deaths":441,"Recovered":1433,"Severe":870,"Critical":78,"Emergencies":{"Suspected":46,"Total":1176,"Severe":10,"Suspected/Accumulated":4346,"Total/Accumulated":74377,"Severe/Accumulated":1095},"MedicalActs":{"Suspected":17,"Total":289,"Suspected/Accumulated":898,"Total/Accumulated":18910},"MedicalTests":{"Total":70,"Total/Accumulated":14674,"Confirmed/Accumulated":1777},"Confirmed":1157},"geometry":{"type":"Point","coordinates":[1.6429664800000017,47.54357092799999]}},{"type":"Feature","properties":{"Country/Region":"France","Province/State":"Bourgogne-Franche-Comté","Code":"27","Population":{"Total":2783039,"Under19":627017,"Under39":591411,"Under59":715664,"Under74":540051,"Over75":308896},"Beds":{"Resuscitation":198,"IntensiveCare":642,"Total":840},"Deaths":921,"Recovered":2783,"Severe":1002,"Critical":111,"Emergencies":{"Suspected":67,"Total":1495,"Severe":36,"Suspected/Accumulated":9970,"Total/Accumulated":92375,"Severe/Accumulated":4128},"MedicalActs":{"Suspected":8,"Total":205,"Suspected/Accumulated":1612,"Total/Accumulated":16064},"MedicalTests":{"Total":113,"Total/Accumulated":12034,"Confirmed/Accumulated":1295},"Confirmed":1569},"geometry":{"type":"Point","coordinates":[4.731409826897467,47.2969232490013]}},{"type":"Feature","properties":{"Country/Region":"France","Province/State":"Normandie","Code":"28","Population":{"Total":3303500,"Under19":781337,"Under39":727044,"Under59":842963,"Under74":615474,"Over75":336682},"Beds":{"Resuscitation":240,"IntensiveCare":548,"Total":788},"Deaths":370,"Recovered":1205,"Severe":529,"Critical":58,"Emergencies":{"Suspected":31,"Total":1640,"Severe":13,"Suspected/Accumulated":3923,"Total/Accumulated":101017,"Severe/Accumulated":1493},"MedicalActs":{"Suspected":20,"Total":500,"Suspected/Accumulated":2332,"Total/Accumulated":27262},"MedicalTests":{"Total":45,"Confirmed":2,"Total/Accumulated":12472,"Confirmed/Accumulated":1315},"Confirmed":912},"geometry":{"type":"Point","coordinates":[-0.022673401869158984,49.066630336448576]}},{"type":"Feature","properties":{"Country/Region":"France","Province/State":"Hauts-de-France","Code":"32","Population":{"Total":5962662,"Under19":1525538,"Under39":1443348,"Under59":1522690,"Under74":994313,"Over75":476773},"Beds":{"Resuscitation":438,"IntensiveCare":1338,"Total":1776},"Deaths":1511,"Recovered":4642,"Severe":1983,"Critical":223,"Emergencies":{"Suspected":79,"Total":2789,"Severe":33,"Suspected/Accumulated":10824,"Total/Accumulated":157717,"Severe/Accumulated":3871},"MedicalActs":{"Suspected":22,"Total":790,"Suspected/Accumulated":3567,"Total/Accumulated":51898},"MedicalTests":{"Total":85,"Confirmed":3,"Total/Accumulated":20827,"Confirmed/Accumulated":3175},"Confirmed":3011},"geometry":{"type":"Point","coordinates":[2.8852615671641804,49.86155781716422]}},{"type":"Feature","properties":{"Country/Region":"France","Province/State":"Grand Est","Code":"44","Population":{"Total":5511747,"Under19":1258123,"Under39":1291962,"Under59":1448828,"Under74":988178,"Over75":524656},"Beds":{"Resuscitation":465,"IntensiveCare":840,"Total":1305},"Deaths":3105,"Recovered":8884,"Severe":3335,"Critical":361,"Emergencies":{"Suspected":76,"Total":2445,"Severe":36,"Suspected/Accumulated":15470,"Total/Accumulated":156221,"Severe/Accumulated":7683},"MedicalActs":{"Suspected":42,"Total":761,"Suspected/Accumulated":5474,"Total/Accumulated":45775},"MedicalTests":{"Total":23,"Total/Accumulated":20267,"Confirmed/Accumulated":3575},"Confirmed":5479},"geometry":{"type":"Point","coordinates":[5.509890203045682,48.670969771573546]}},{"type":"Feature","properties":{"Country/Region":"France","Province/State":"Pays de la Loire","Code":"52","Population":{"Total":3801797,"Under19":933509,"Under39":853729,"Under59":970508,"Under74":667531,"Over75":376520},"Beds":{"Resuscitation":181,"IntensiveCare":572,"Total":753},"Deaths":382,"Recovered":1403,"Severe":568,"Critical":54,"Emergencies":{"Suspected":67,"Total":1412,"Severe":39,"Suspected/Accumulated":6624,"Total/Accumulated":84728,"Severe/Accumulated":3209},"MedicalActs":{"Suspected":22,"Total":569,"Suspected/Accumulated":2542,"Total/Accumulated":30010},"MedicalTests":{"Total":4,"Total/Accumulated":1263,"Confirmed/Accumulated":76},"Confirmed":1630},"geometry":{"type":"Point","coordinates":[-0.8763313771517983,47.44186302034428]}},{"type":"Feature","properties":{"Country/Region":"France","Province/State":"Bretagne","Code":"53","Population":{"Total":3340379,"Under19":773631,"Under39":714512,"Under59":866988,"Under74":632104,"Over75":353144},"Beds":{"Resuscitation":162,"IntensiveCare":462,"Total":624},"Deaths":226,"Recovered":937,"Severe":327,"Critical":43,"Emergencies":{"Suspected":45,"Total":1622,"Severe":26,"Suspected/Accumulated":4284,"Total/Accumulated":93143,"Severe/Accumulated":1709},"MedicalActs":{"Suspected":11,"Total":410,"Suspected/Accumulated":1003,"Total/Accumulated":22851},"MedicalTests":{"Total":1,"Total/Accumulated":474,"Confirmed/Accumulated":22},"Confirmed":962},"geometry":{"type":"Point","coordinates":[-3.104342941176476,48.146701189258316]}},{"type":"Feature","properties":{"Country/Region":"France","Province/State":"Nouvelle-Aquitaine","Code":"75","Population":{"Total":5999982,"Under19":1293321,"Under39":1274746,"Under59":1561754,"Under74":1177229,"Over75":692932},"Beds":{"Resuscitation":412,"IntensiveCare":946,"Total":1358},"Deaths":351,"Recovered":1626,"Severe":499,"Critical":85,"Emergencies":{"Suspected":41,"Total":2982,"Severe":12,"Suspected/Accumulated":9054,"Total/Accumulated":175954,"Severe/Accumulated":3897},"MedicalActs":{"Suspected":46,"Total":1315,"Suspected/Accumulated":6082,"Total/Accumulated":73947},"MedicalTests":{"Total":150,"Total/Accumulated":22503,"Confirmed/Accumulated":892},"Confirmed":1007},"geometry":{"type":"Point","coordinates":[0.16186906163753495,45.156971701931916]}},{"type":"Feature","properties":{"Country/Region":"France","Province/State":"Occitanie","Code":"76","Population":{"Total":5924858,"Under19":1320456,"Under39":1330125,"Under59":1526711,"Under74":1099893,"Over75":647673},"Beds":{"Resuscitation":474,"IntensiveCare":1206,"Total":1680},"Deaths":452,"Recovered":2335,"Severe":438,"Critical":108,"Emergencies":{"Suspected":56,"Total":3102,"Severe":29,"Suspected/Accumulated":7316,"Total/Accumulated":177451,"Severe/Accumulated":3241},"MedicalActs":{"Suspected":23,"Total":570,"Suspected/Accumulated":2338,"Total/Accumulated":26500},"MedicalTests":{"Total":412,"Confirmed":8,"Total/Accumulated":52425,"Confirmed/Accumulated":2484},"Confirmed":2374},"geometry":{"type":"Point","coordinates":[1.988214846153848,43.761180626373644]}},{"type":"Feature","properties":{"Country/Region":"France","Province/State":"Auvergne-Rhône-Alpes","Code":"84","Population":{"Total":8032377,"Under19":1940253,"Under39":1900702,"Under59":2079813,"Under74":1340003,"Over75":771606},"Beds":{"Resuscitation":559,"IntensiveCare":1136,"Total":1695},"Deaths":1473,"Recovered":5698,"Severe":2122,"Critical":255,"Emergencies":{"Suspected":100,"Total":3709,"Severe":45,"Suspected/Accumulated":14756,"Total/Accumulated":223774,"Severe/Accumulated":6369},"MedicalActs":{"Suspected":55,"Total":988,"Suspected/Accumulated":5665,"Total/Accumulated":57786},"MedicalTests":{"Total":153,"Confirmed":1,"Total/Accumulated":20624,"Confirmed/Accumulated":2110},"Confirmed":2093},"geometry":{"type":"Point","coordinates":[4.515179591651545,45.475403602540794]}},{"type":"Feature","properties":{"Country/Region":"France","Province/State":"Guadeloupe","Code":"01","Population":{"Total":376879,"Under19":90617,"Under39":71707,"Under59":109452,"Under74":70936,"Over75":34167},"Beds":{"Resuscitation":27,"IntensiveCare":68,"Total":95},"Deaths":19,"Recovered":72,"Severe":14,"Critical":4,"Emergencies":{"Suspected":4,"Total":176,"Severe":1,"Suspected/Accumulated":265,"Total/Accumulated":11922,"Severe/Accumulated":98},"Confirmed":106,"MedicalTests":{"Total/Accumulated":46,"Confirmed/Accumulated":16}},"geometry":{"type":"Point","coordinates":[-61.493846272189366,16.20469674556213]}},{"type":"Feature","properties":{"Country/Region":"France","Province/State":"Martinique","Code":"02","Population":{"Total":358749,"Under19":77005,"Under39":65776,"Under59":105638,"Under74":72163,"Over75":38167},"Beds":{"Resuscitation":26,"IntensiveCare":58,"Total":84},"Deaths":14,"Recovered":79,"Severe":18,"Critical":5,"MedicalActs":{"Total":95,"Suspected/Accumulated":129,"Total/Accumulated":7249},"Confirmed":111,"MedicalTests":{"Total/Accumulated":26,"Confirmed/Accumulated":6}},"geometry":{"type":"Point","coordinates":[-60.98265692913386,14.6217557480315]}},{"type":"Feature","properties":{"Country/Region":"France","Province/State":"Provence-Alpes-Côte d'Azur","Code":"93","Population":{"Total":5055651,"Under19":1128765,"Under39":1109058,"Under59":1309879,"Under74":927347,"Over75":580602},"Beds":{"Resuscitation":460,"IntensiveCare":802,"Total":1262},"Deaths":773,"Recovered":4232,"Severe":1321,"Critical":177,"Emergencies":{"Suspected":47,"Total":3027,"Severe":22,"Suspected/Accumulated":9819,"Total/Accumulated":178560,"Severe/Accumulated":5022},"MedicalActs":{"Suspected":41,"Total":911,"Suspected/Accumulated":5082,"Total/Accumulated":53071},"MedicalTests":{"Total":225,"Confirmed":1,"Total/Accumulated":64218,"Confirmed/Accumulated":4064},"Confirmed":1927},"geometry":{"type":"Point","coordinates":[5.940587832647462,43.96417941015098]}},{"type":"Feature","properties":{"Country/Region":"France","Province/State":"Corse","Code":"94","Population":{"Total":344679,"Under19":68555,"Under39":76985,"Under59":93175,"Under74":65675,"Over75":40289},"Beds":{"Resuscitation":18,"IntensiveCare":42,"Total":60},"Deaths":52,"Recovered":199,"Severe":51,"Critical":6,"Emergencies":{"Suspected":3,"Total":176,"Severe":2,"Suspected/Accumulated":1959,"Total/Accumulated":10670,"Severe/Accumulated":1889},"MedicalActs":{"Suspected":1,"Total":40,"Suspected/Accumulated":442,"Total/Accumulated":2859},"Confirmed":263},"geometry":{"type":"Point","coordinates":[9.019688964401293,42.118564077669916]}},{"type":"Feature","properties":{"Country/Region":"France","Province/State":"Guyane","Code":"03","Population":{"Total":290691,"Under19":120681,"Under39":80023,"Under59":61783,"Under74":22111,"Over75":6093},"Beds":{"Resuscitation":13,"IntensiveCare":12,"Total":25},"Deaths":1,"Recovered":38,"Severe":6,"Emergencies":{"Suspected":2,"Total":136,"Severe":1,"Suspected/Accumulated":86,"Total/Accumulated":12303,"Severe/Accumulated":25},"Confirmed":43,"MedicalTests":{"Total/Accumulated":34,"Confirmed/Accumulated":4}},"geometry":{"type":"Point","coordinates":[-53.41731165390502,3.588901056661561]}},{"type":"Feature","properties":{"Country/Region":"France","Province/State":"La Réunion","Code":"04","Population":{"Total":859959,"Under19":256143,"Under39":202783,"Under59":239212,"Under74":117045,"Over75":44776},"Beds":{"Resuscitation":52,"IntensiveCare":154,"Total":206},"Recovered":112,"Severe":10,"Critical":5,"Emergencies":{"Suspected":1,"Total":388,"Severe":1,"Suspected/Accumulated":261,"Total/Accumulated":24035,"Severe/Accumulated":180},"Confirmed":94,"MedicalTests":{"Total/Accumulated":15,"Confirmed/Accumulated":1}},"geometry":{"type":"Point","coordinates":[55.52943947368424,-21.1374047368421]}},{"type":"Feature","properties":{"Country/Region":"France","Province/State":"Mayotte","Code":"06","Population":{"Total":279471,"Under19":150257,"Under39":74348,"Under59":42900,"Under74":9521,"Over75":2445},"Beds":{"Resuscitation":6,"IntensiveCare":0,"Total":6},"Deaths":12,"Recovered":123,"Severe":56,"Critical":9,"Emergencies":{"Suspected":43,"Total":117,"Severe":6,"Suspected/Accumulated":755,"Total/Accumulated":7036,"Severe/Accumulated":136},"Confirmed":128,"MedicalTests":{"Total/Accumulated":2,"Confirmed/Accumulated":1}},"geometry":{"type":"Point","coordinates":[45.14160071428572,-12.835344166666673]}}]}