{"type":"FeatureCollection","features":[{"type":"Feature","properties":{"Country/Region":"France","Province/State":"Île-de-France","Code":"11","Population":{"Total":12278210,"Under19":3140965,"Under39":3409765,"Under59":3210447,"Under74":1658207,"Over75":858826},"Beds":{"Resuscitation":1147,"IntensiveCare":2512,"Total":3659},"Deaths":8120,"Recovered":34926,"Severe":2210,"Critical":394,"Emergencies":{"Suspected":210,"Total":6713,"Severe":67,"Suspected/Accumulated":66153,"Total/Accumulated":1281137,"Severe/Accumulated":18997},"MedicalActs":{"Suspected":139,"Total":1406,"Suspected/Accumulated":22346,"Total/Accumulated":282773},"PCRTests":{"Total":33714,"Confirmed":4996,"Total/Accumulated":2364795,"Confirmed/Accumulated":141018},"Confirmed":7660,"MedicalTests":{"Total/Accumulated":85340,"Confirmed/Accumulated":18277}},"geometry":{"type":"Point","coordinates":[2.5292589766081885,48.704415292397634]}},{"type":"Feature","properties":{"Country/Region":"France","Province/State":"Centre-Val de Loire","Code":"24","Population":{"Total":2559073,"Under19":598570,"Under39":541141,"Under59":661150,"Under74":478923,"Over75":279289},"Beds":{"Resuscitation":180,"IntensiveCare":346,"Total":526},"Deaths":602,"Recovered":2585,"Severe":143,"Critical":24,"Emergencies":{"Suspected":27,"Total":1439,"Severe":10,"Suspected/Accumulated":6308,"Total/Accumulated":287185,"Severe/Accumulated":1619},"MedicalActs":{"Suspected":10,"Total":439,"Suspected/Accumulated":2738,"Total/Accumulated":73673},"PCRTests":{"Total":4812,"Confirmed":331,"Total/Accumulated":356262,"Confirmed/Accumulated":10803},"Confirmed":1157,"MedicalTests":{"Total/Accumulated":20197,"Confirmed/Accumulated":1858}},"geometry":{"type":"Point","coordinates":[1.6429664800000017,47.54357092799999]}},{"type":"Feature","properties":{"Country/Region":"France","Province/State":"Bourgogne-Franche-Comté","Code":"27","Population":{"Total":2783039,"Under19":627017,"Under39":591411,"Under59":715664,"Under74":540051,"Over75":308896},"Beds":{"Resuscitation":198,"IntensiveCare":642,"Total":840},"Deaths":1086,"Recovered":4306,"Severe":121,"Critical":29,"Emergencies":{"Suspected":26,"Total":1757,"Severe":10,"Suspected/Accumulated":13412,"Total/Accumulated":375515,"Severe/Accumulated":5403},"MedicalActs":{"Suspected":17,"Total":240,"Suspected/Accumulated":3480,"Total/Accumulated":53256},"PCRTests":{"Total":5852,"Confirmed":379,"Total/Accumulated":422727,"Confirmed/Accumulated":11003},"Confirmed":1569,"MedicalTests":{"Total/Accumulated":15673,"Confirmed/Accumulated":1330}},"geometry":{"type":"Point","coordinates":[4.731409826897467,47.2969232490013]}},{"type":"Feature","properties":{"Country/Region":"France","Province/State":"Normandie","Code":"28","Population":{"Total":3303500,"Under19":781337,"Under39":727044,"Under59":842963,"Under74":615474,"Over75":336682},"Beds":{"Resuscitation":240,"IntensiveCare":548,"Total":788},"Deaths":477,"Recovered":2154,"Severe":257,"Critical":48,"Emergencies":{"Suspected":28,"Total":2178,"Severe":12,"Suspected/Accumulated":6177,"Total/Accumulated":400830,"Severe/Accumulated":2710},"MedicalActs":{"Suspected":35,"Total":487,"Suspected/Accumulated":6386,"Total/Accumulated":93105},"PCRTests":{"Total":6305,"Confirmed":633,"Total/Accumulated":467147,"Confirmed/Accumulated":15192},"Confirmed":912,"MedicalTests":{"Total/Accumulated":17253,"Confirmed/Accumulated":1385}},"geometry":{"type":"Point","coordinates":[-0.022673401869158984,49.066630336448576]}},{"type":"Feature","properties":{"Country/Region":"France","Province/State":"Hauts-de-France","Code":"32","Population":{"Total":5962662,"Under19":1525538,"Under39":1443348,"Under59":1522690,"Under74":994313,"Over75":476773},"Beds":{"Resuscitation":438,"IntensiveCare":1338,"Total":1776},"Deaths":2027,"Recovered":7967,"Severe":642,"Critical":127,"Emergencies":{"Suspected":55,"Total":3236,"Severe":24,"Suspected/Accumulated":14899,"Total/Accumulated":613055,"Severe/Accumulated":5277},"MedicalActs":{"Suspected":51,"Total":977,"Suspected/Accumulated":8618,"Total/Accumulated":184279},"PCRTests":{"Total":16868,"Confirmed":1895,"Total/Accumulated":1012625,"Confirmed/Accumulated":46066},"Confirmed":3011,"MedicalTests":{"Total/Accumulated":31790,"Confirmed/Accumulated":3410}},"geometry":{"type":"Point","coordinates":[2.8852615671641804,49.86155781716422]}},{"type":"Feature","properties":{"Country/Region":"France","Province/State":"Grand Est","Code":"44","Population":{"Total":5511747,"Under19":1258123,"Under39":1291962,"Under59":1448828,"Under74":988178,"Over75":524656},"Beds":{"Resuscitation":465,"IntensiveCare":840,"Total":1305},"Deaths":3744,"Recovered":13757,"Severe":277,"Critical":46,"Emergencies":{"Suspected":17,"Total":3013,"Severe":7,"Suspected/Accumulated":19192,"Total/Accumulated":607649,"Severe/Accumulated":9250},"MedicalActs":{"Suspected":27,"Total":593,"Suspected/Accumulated":9305,"Total/Accumulated":136895},"PCRTests":{"Total":11560,"Confirmed":521,"Total/Accumulated":943452,"Confirmed/Accumulated":19277},"Confirmed":5479,"MedicalTests":{"Total/Accumulated":24982,"Confirmed/Accumulated":3702}},"geometry":{"type":"Point","coordinates":[5.509890203045682,48.670969771573546]}},{"type":"Feature","properties":{"Country/Region":"France","Province/State":"Pays de la Loire","Code":"52","Population":{"Total":3801797,"Under19":933509,"Under39":853729,"Under59":970508,"Under74":667531,"Over75":376520},"Beds":{"Resuscitation":181,"IntensiveCare":572,"Total":753},"Deaths":514,"Recovered":2679,"Severe":187,"Critical":21,"Emergencies":{"Suspected":33,"Total":1781,"Severe":17,"Suspected/Accumulated":10544,"Total/Accumulated":349634,"Severe/Accumulated":5452},"MedicalActs":{"Suspected":29,"Total":462,"Suspected/Accumulated":5938,"Total/Accumulated":103335},"PCRTests":{"Total":7651,"Confirmed":580,"Total/Accumulated":578036,"Confirmed/Accumulated":17070},"Confirmed":1630,"MedicalTests":{"Total/Accumulated":1941,"Confirmed/Accumulated":78}},"geometry":{"type":"Point","coordinates":[-0.8763313771517983,47.44186302034428]}},{"type":"Feature","properties":{"Country/Region":"France","Province/State":"Bretagne","Code":"53","Population":{"Total":3340379,"Under19":773631,"Under39":714512,"Under59":866988,"Under74":632104,"Over75":353144},"Beds":{"Resuscitation":162,"IntensiveCare":462,"Total":624},"Deaths":292,"Recovered":1537,"Severe":183,"Critical":18,"Emergencies":{"Suspected":24,"Total":1862,"Severe":12,"Suspected/Accumulated":7120,"Total/Accumulated":372356,"Severe/Accumulated":2612},"MedicalActs":{"Suspected":9,"Total":328,"Suspected/Accumulated":3483,"Total/Accumulated":76960},"PCRTests":{"Total":6222,"Confirmed":352,"Total/Accumulated":462822,"Confirmed/Accumulated":12370},"Confirmed":962,"MedicalTests":{"Total/Accumulated":698,"Confirmed/Accumulated":25}},"geometry":{"type":"Point","coordinates":[-3.104342941176476,48.146701189258316]}},{"type":"Feature","properties":{"Country/Region":"France","Province/State":"Nouvelle-Aquitaine","Code":"75","Population":{"Total":5999982,"Under19":1293321,"Under39":1274746,"Under59":1561754,"Under74":1177229,"Over75":692932},"Beds":{"Resuscitation":412,"IntensiveCare":946,"Total":1358},"Deaths":508,"Recovered":2796,"Severe":338,"Critical":53,"Emergencies":{"Suspected":53,"Total":3409,"Severe":37,"Suspected/Accumulated":12828,"Total/Accumulated":724210,"Severe/Accumulated":5430},"MedicalActs":{"Suspected":43,"Total":1126,"Suspected/Accumulated":13604,"Total/Accumulated":246277},"PCRTests":{"Total":11060,"Confirmed":724,"Total/Accumulated":835979,"Confirmed/Accumulated":28836},"Confirmed":1007,"MedicalTests":{"Total/Accumulated":33043,"Confirmed/Accumulated":961}},"geometry":{"type":"Point","coordinates":[0.16186906163753495,45.156971701931916]}},{"type":"Feature","properties":{"Country/Region":"France","Province/State":"Occitanie","Code":"76","Population":{"Total":5924858,"Under19":1320456,"Under39":1330125,"Under59":1526711,"Under74":1099893,"Over75":647673},"Beds":{"Resuscitation":474,"IntensiveCare":1206,"Total":1680},"Deaths":604,"Recovered":3777,"Severe":443,"Critical":127,"Emergencies":{"Suspected":57,"Total":3537,"Severe":34,"Suspected/Accumulated":11521,"Total/Accumulated":737719,"Severe/Accumulated":4911},"MedicalActs":{"Suspected":25,"Total":382,"Suspected/Accumulated":4933,"Total/Accumulated":85340},"PCRTests":{"Total":15329,"Confirmed":1479,"Total/Accumulated":988499,"Confirmed/Accumulated":41448},"Confirmed":2374,"MedicalTests":{"Total/Accumulated":83743,"Confirmed/Accumulated":2680}},"geometry":{"type":"Point","coordinates":[1.988214846153848,43.761180626373644]}},{"type":"Feature","properties":{"Country/Region":"France","Province/State":"Auvergne-Rhône-Alpes","Code":"84","Population":{"Total":8032377,"Under19":1940253,"Under39":1900702,"Under59":2079813,"Under74":1340003,"Over75":771606},"Beds":{"Resuscitation":559,"IntensiveCare":1136,"Total":1695},"Deaths":1940,"Recovered":9667,"Severe":843,"Critical":149,"Emergencies":{"Suspected":96,"Total":4522,"Severe":42,"Suspected/Accumulated":21579,"Total/Accumulated":913099,"Severe/Accumulated":8541},"MedicalActs":{"Suspected":114,"Total":1023,"Suspected/Accumulated":13794,"Total/Accumulated":190051},"PCRTests":{"Total":20881,"Confirmed":2423,"Total/Accumulated":1177029,"Confirmed/Accumulated":55209},"Confirmed":2093,"MedicalTests":{"Total/Accumulated":27674,"Confirmed/Accumulated":2153}},"geometry":{"type":"Point","coordinates":[4.515179591651545,45.475403602540794]}},{"type":"Feature","properties":{"Country/Region":"France","Province/State":"Guadeloupe","Code":"01","Population":{"Total":376879,"Under19":90617,"Under39":71707,"Under59":109452,"Under74":70936,"Over75":34167},"Beds":{"Resuscitation":27,"IntensiveCare":68,"Total":95},"Deaths":76,"Recovered":344,"Severe":176,"Critical":27,"Emergencies":{"Suspected":21,"Total":211,"Severe":17,"Suspected/Accumulated":1204,"Total/Accumulated":43654,"Severe/Accumulated":535},"PCRTests":{"Total":450,"Confirmed":66,"Total/Accumulated":51040,"Confirmed/Accumulated":6032},"Confirmed":106,"MedicalTests":{"Total/Accumulated":51,"Confirmed/Accumulated":17}},"geometry":{"type":"Point","coordinates":[-61.493846272189366,16.20469674556213]}},{"type":"Feature","properties":{"Country/Region":"France","Province/State":"Martinique","Code":"02","Population":{"Total":358749,"Under19":77005,"Under39":65776,"Under59":105638,"Under74":72163,"Over75":38167},"Beds":{"Resuscitation":26,"IntensiveCare":58,"Total":84},"Deaths":21,"Recovered":134,"Severe":31,"Critical":15,"MedicalActs":{"Suspected":8,"Total":125,"Suspected/Accumulated":373,"Total/Accumulated":22927},"PCRTests":{"Total":587,"Confirmed":48,"Total/Accumulated":51908,"Confirmed/Accumulated":1733},"Confirmed":111,"MedicalTests":{"Total/Accumulated":29,"Confirmed/Accumulated":6}},"geometry":{"type":"Point","coordinates":[-60.98265692913386,14.6217557480315]}},{"type":"Feature","properties":{"Country/Region":"France","Province/State":"Provence-Alpes-Côte d'Azur","Code":"93","Population":{"Total":5055651,"Under19":1128765,"Under39":1109058,"Under59":1309879,"Under74":927347,"Over75":580602},"Beds":{"Resuscitation":460,"IntensiveCare":802,"Total":1262},"Deaths":1160,"Recovered":8239,"Severe":780,"Critical":162,"Emergencies":{"Suspected":54,"Total":3205,"Severe":31,"Suspected/Accumulated":15213,"Total/Accumulated":736355,"Severe/Accumulated":7523},"MedicalActs":{"Suspected":50,"Total":702,"Suspected/Accumulated":11071,"Total/Accumulated":172568},"PCRTests":{"Total":13905,"Confirmed":1312,"Total/Accumulated":1129344,"Confirmed/Accumulated":54261},"Confirmed":1927,"MedicalTests":{"Total/Accumulated":80858,"Confirmed/Accumulated":4204}},"geometry":{"type":"Point","coordinates":[5.940587832647462,43.96417941015098]}},{"type":"Feature","properties":{"Country/Region":"France","Province/State":"Corse","Code":"94","Population":{"Total":344679,"Under19":68555,"Under39":76985,"Under59":93175,"Under74":65675,"Over75":40289},"Beds":{"Resuscitation":18,"IntensiveCare":42,"Total":60},"Deaths":66,"Recovered":298,"Severe":25,"Critical":7,"Emergencies":{"Suspected":3,"Total":224,"Severe":2,"Suspected/Accumulated":2344,"Total/Accumulated":50835,"Severe/Accumulated":2136},"MedicalActs":{"Suspected":1,"Total":102,"Suspected/Accumulated":962,"Total/Accumulated":14469},"PCRTests":{"Total":768,"Confirmed":30,"Total/Accumulated":63888,"Confirmed/Accumulated":1529},"Confirmed":263},"geometry":{"type":"Point","coordinates":[9.019688964401293,42.118564077669916]}},{"type":"Feature","properties":{"Country/Region":"France","Province/State":"Guyane","Code":"03","Population":{"Total":290691,"Under19":120681,"Under39":80023,"Under59":61783,"Under74":22111,"Over75":6093},"Beds":{"Resuscitation":13,"IntensiveCare":12,"Total":25},"Deaths":63,"Recovered":1722,"Severe":22,"Critical":4,"Emergencies":{"Suspected":4,"Total":224,"Severe":2,"Suspected/Accumulated":1927,"Total/Accumulated":40510,"Severe/Accumulated":909},"PCRTests":{"Total":444,"Confirmed":32,"Total/Accumulated":59947,"Confirmed/Accumulated":8718},"Confirmed":43,"MedicalTests":{"Total/Accumulated":35,"Confirmed/Accumulated":4}},"geometry":{"type":"Point","coordinates":[-53.41731165390502,3.588901056661561]}},{"type":"Feature","properties":{"Country/Region":"France","Province/State":"La Réunion","Code":"04","Population":{"Total":859959,"Under19":256143,"Under39":202783,"Under59":239212,"Under74":117045,"Over75":44776},"Beds":{"Resuscitation":52,"IntensiveCare":154,"Total":206},"Deaths":21,"Recovered":402,"Severe":53,"Critical":16,"Emergencies":{"Suspected":6,"Total":406,"Severe":3,"Suspected/Accumulated":491,"Total/Accumulated":81813,"Severe/Accumulated":300},"PCRTests":{"Total":1481,"Confirmed":60,"Total/Accumulated":168355,"Confirmed/Accumulated":4034},"Confirmed":94,"MedicalTests":{"Total/Accumulated":19,"Confirmed/Accumulated":1}},"geometry":{"type":"Point","coordinates":[55.52943947368424,-21.1374047368421]}},{"type":"Feature","properties":{"Country/Region":"France","Province/State":"Mayotte","Code":"06","Population":{"Total":279471,"Under19":150257,"Under39":74348,"Under59":42900,"Under74":9521,"Over75":2445},"Beds":{"Resuscitation":6,"IntensiveCare":0,"Total":6},"Deaths":29,"Recovered":457,"Severe":9,"Critical":3,"Emergencies":{"Suspected":1,"Total":102,"Suspected/Accumulated":1911,"Total/Accumulated":22581,"Severe/Accumulated":261},"PCRTests":{"Total":249,"Confirmed":28,"Total/Accumulated":21293,"Confirmed/Accumulated":2152},"Confirmed":128,"MedicalTests":{"Total/Accumulated":4,"Confirmed/Accumulated":1}},"geometry":{"type":"Point","coordinates":[45.14160071428572,-12.835344166666673]}}]}