{"type":"FeatureCollection","features":[{"type":"Feature","properties":{"Country/Region":"France","Province/State":"Île-de-France","Code":"11","Population":{"Total":12278210,"Under19":3140965,"Under39":3409765,"Under59":3210447,"Under74":1658207,"Over75":858826},"Beds":{"Resuscitation":1147,"IntensiveCare":2512,"Total":3659},"Deaths":7569,"Recovered":29518,"Severe":2604,"Critical":178,"Emergencies":{"Suspected":88,"Total":6260,"Severe":17,"Suspected/Accumulated":55077,"Total/Accumulated":847431,"Severe/Accumulated":16587},"MedicalActs":{"Suspected":40,"Total":1030,"Suspected/Accumulated":14873,"Total/Accumulated":191067},"PCRTests":{"Total":22665,"Confirmed":553,"Total/Accumulated":764467,"Confirmed/Accumulated":14042},"Confirmed":7660,"MedicalTests":{"Total/Accumulated":85340,"Confirmed/Accumulated":18277}},"geometry":{"type":"Point","coordinates":[2.5292589766081885,48.704415292397634]}},{"type":"Feature","properties":{"Country/Region":"France","Province/State":"Centre-Val de Loire","Code":"24","Population":{"Total":2559073,"Under19":598570,"Under39":541141,"Under59":661150,"Under74":478923,"Over75":279289},"Beds":{"Resuscitation":180,"IntensiveCare":346,"Total":526},"Deaths":559,"Recovered":2162,"Severe":209,"Critical":9,"Emergencies":{"Suspected":6,"Total":1477,"Severe":2,"Suspected/Accumulated":5422,"Total/Accumulated":191334,"Severe/Accumulated":1384},"MedicalActs":{"Suspected":7,"Total":360,"Suspected/Accumulated":1645,"Total/Accumulated":45787},"PCRTests":{"Total":2516,"Confirmed":43,"Total/Accumulated":105189,"Confirmed/Accumulated":1273},"Confirmed":1157,"MedicalTests":{"Total/Accumulated":20197,"Confirmed/Accumulated":1858}},"geometry":{"type":"Point","coordinates":[1.6429664800000017,47.54357092799999]}},{"type":"Feature","properties":{"Country/Region":"France","Province/State":"Bourgogne-Franche-Comté","Code":"27","Population":{"Total":2783039,"Under19":627017,"Under39":591411,"Under59":715664,"Under74":540051,"Over75":308896},"Beds":{"Resuscitation":198,"IntensiveCare":642,"Total":840},"Deaths":1061,"Recovered":4056,"Severe":23,"Critical":4,"Emergencies":{"Suspected":15,"Total":2025,"Severe":10,"Suspected/Accumulated":11785,"Total/Accumulated":245607,"Severe/Accumulated":4916},"MedicalActs":{"Suspected":2,"Total":214,"Suspected/Accumulated":2343,"Total/Accumulated":35348},"PCRTests":{"Total":3117,"Confirmed":23,"Total/Accumulated":137550,"Confirmed/Accumulated":1087},"Confirmed":1569,"MedicalTests":{"Total/Accumulated":15673,"Confirmed/Accumulated":1330}},"geometry":{"type":"Point","coordinates":[4.731409826897467,47.2969232490013]}},{"type":"Feature","properties":{"Country/Region":"France","Province/State":"Normandie","Code":"28","Population":{"Total":3303500,"Under19":781337,"Under39":727044,"Under59":842963,"Under74":615474,"Over75":336682},"Beds":{"Resuscitation":240,"IntensiveCare":548,"Total":788},"Deaths":440,"Recovered":1787,"Severe":141,"Critical":7,"Emergencies":{"Suspected":11,"Total":2082,"Severe":3,"Suspected/Accumulated":4997,"Total/Accumulated":262434,"Severe/Accumulated":2145},"MedicalActs":{"Suspected":3,"Total":429,"Suspected/Accumulated":3898,"Total/Accumulated":60344},"PCRTests":{"Total":3543,"Confirmed":28,"Total/Accumulated":166335,"Confirmed/Accumulated":1177},"Confirmed":912,"MedicalTests":{"Total/Accumulated":17253,"Confirmed/Accumulated":1385}},"geometry":{"type":"Point","coordinates":[-0.022673401869158984,49.066630336448576]}},{"type":"Feature","properties":{"Country/Region":"France","Province/State":"Hauts-de-France","Code":"32","Population":{"Total":5962662,"Under19":1525538,"Under39":1443348,"Under59":1522690,"Under74":994313,"Over75":476773},"Beds":{"Resuscitation":438,"IntensiveCare":1338,"Total":1776},"Deaths":1912,"Recovered":6975,"Severe":497,"Critical":37,"Emergencies":{"Suspected":12,"Total":3067,"Severe":3,"Suspected/Accumulated":13016,"Total/Accumulated":406692,"Severe/Accumulated":4712},"MedicalActs":{"Suspected":23,"Total":896,"Suspected/Accumulated":5160,"Total/Accumulated":114679},"PCRTests":{"Total":8679,"Confirmed":135,"Total/Accumulated":303462,"Confirmed/Accumulated":4989},"Confirmed":3011,"MedicalTests":{"Total/Accumulated":31790,"Confirmed/Accumulated":3410}},"geometry":{"type":"Point","coordinates":[2.8852615671641804,49.86155781716422]}},{"type":"Feature","properties":{"Country/Region":"France","Province/State":"Grand Est","Code":"44","Population":{"Total":5511747,"Under19":1258123,"Under39":1291962,"Under59":1448828,"Under74":988178,"Over75":524656},"Beds":{"Resuscitation":465,"IntensiveCare":840,"Total":1305},"Deaths":3616,"Recovered":12733,"Severe":653,"Critical":15,"Emergencies":{"Suspected":11,"Total":3095,"Severe":6,"Suspected/Accumulated":17872,"Total/Accumulated":402660,"Severe/Accumulated":8671},"MedicalActs":{"Suspected":21,"Total":504,"Suspected/Accumulated":7402,"Total/Accumulated":93933},"PCRTests":{"Total":8545,"Confirmed":112,"Total/Accumulated":338296,"Confirmed/Accumulated":4220},"Confirmed":5479,"MedicalTests":{"Total/Accumulated":24982,"Confirmed/Accumulated":3702}},"geometry":{"type":"Point","coordinates":[5.509890203045682,48.670969771573546]}},{"type":"Feature","properties":{"Country/Region":"France","Province/State":"Pays de la Loire","Code":"52","Population":{"Total":3801797,"Under19":933509,"Under39":853729,"Under59":970508,"Under74":667531,"Over75":376520},"Beds":{"Resuscitation":181,"IntensiveCare":572,"Total":753},"Deaths":476,"Recovered":2219,"Severe":108,"Critical":2,"Emergencies":{"Suspected":28,"Total":1955,"Severe":17,"Suspected/Accumulated":8932,"Total/Accumulated":229511,"Severe/Accumulated":4589},"MedicalActs":{"Suspected":15,"Total":504,"Suspected/Accumulated":4086,"Total/Accumulated":69076},"PCRTests":{"Total":6145,"Confirmed":100,"Total/Accumulated":189258,"Confirmed/Accumulated":3070},"Confirmed":1630,"MedicalTests":{"Total/Accumulated":1941,"Confirmed/Accumulated":78}},"geometry":{"type":"Point","coordinates":[-0.8763313771517983,47.44186302034428]}},{"type":"Feature","properties":{"Country/Region":"France","Province/State":"Bretagne","Code":"53","Population":{"Total":3340379,"Under19":773631,"Under39":714512,"Under59":866988,"Under74":632104,"Over75":353144},"Beds":{"Resuscitation":162,"IntensiveCare":462,"Total":624},"Deaths":267,"Recovered":1337,"Severe":57,"Critical":3,"Emergencies":{"Suspected":13,"Total":2154,"Severe":3,"Suspected/Accumulated":6003,"Total/Accumulated":245764,"Severe/Accumulated":2298},"MedicalActs":{"Suspected":7,"Total":383,"Suspected/Accumulated":2014,"Total/Accumulated":50855},"PCRTests":{"Total":5118,"Confirmed":60,"Total/Accumulated":137036,"Confirmed/Accumulated":1361},"Confirmed":962,"MedicalTests":{"Total/Accumulated":698,"Confirmed/Accumulated":25}},"geometry":{"type":"Point","coordinates":[-3.104342941176476,48.146701189258316]}},{"type":"Feature","properties":{"Country/Region":"France","Province/State":"Nouvelle-Aquitaine","Code":"75","Population":{"Total":5999982,"Under19":1293321,"Under39":1274746,"Under59":1561754,"Under74":1177229,"Over75":692932},"Beds":{"Resuscitation":412,"IntensiveCare":946,"Total":1358},"Deaths":425,"Recovered":2250,"Severe":55,"Critical":10,"Emergencies":{"Suspected":11,"Total":4199,"Severe":5,"Suspected/Accumulated":10709,"Total/Accumulated":472952,"Severe/Accumulated":4598},"MedicalActs":{"Suspected":38,"Total":1125,"Suspected/Accumulated":8673,"Total/Accumulated":163770},"PCRTests":{"Total":6503,"Confirmed":28,"Total/Accumulated":224726,"Confirmed/Accumulated":1401},"Confirmed":1007,"MedicalTests":{"Total/Accumulated":33043,"Confirmed/Accumulated":961}},"geometry":{"type":"Point","coordinates":[0.16186906163753495,45.156971701931916]}},{"type":"Feature","properties":{"Country/Region":"France","Province/State":"Occitanie","Code":"76","Population":{"Total":5924858,"Under19":1320456,"Under39":1330125,"Under59":1526711,"Under74":1099893,"Over75":647673},"Beds":{"Resuscitation":474,"IntensiveCare":1206,"Total":1680},"Deaths":514,"Recovered":2955,"Severe":52,"Critical":10,"Emergencies":{"Suspected":16,"Total":4371,"Suspected/Accumulated":9033,"Total/Accumulated":483316,"Severe/Accumulated":4031},"MedicalActs":{"Suspected":6,"Total":385,"Suspected/Accumulated":3341,"Total/Accumulated":58026},"PCRTests":{"Total":7679,"Confirmed":117,"Total/Accumulated":280229,"Confirmed/Accumulated":2381},"Confirmed":2374,"MedicalTests":{"Total/Accumulated":83743,"Confirmed/Accumulated":2680}},"geometry":{"type":"Point","coordinates":[1.988214846153848,43.761180626373644]}},{"type":"Feature","properties":{"Country/Region":"France","Province/State":"Auvergne-Rhône-Alpes","Code":"84","Population":{"Total":8032377,"Under19":1940253,"Under39":1900702,"Under59":2079813,"Under74":1340003,"Over75":771606},"Beds":{"Resuscitation":559,"IntensiveCare":1136,"Total":1695},"Deaths":1760,"Recovered":8047,"Severe":319,"Critical":16,"Emergencies":{"Suspected":21,"Total":4930,"Severe":5,"Suspected/Accumulated":17594,"Total/Accumulated":600259,"Severe/Accumulated":7287},"MedicalActs":{"Suspected":32,"Total":858,"Suspected/Accumulated":8687,"Total/Accumulated":128727},"PCRTests":{"Total":9505,"Confirmed":118,"Total/Accumulated":364771,"Confirmed/Accumulated":3681},"Confirmed":2093,"MedicalTests":{"Total/Accumulated":27674,"Confirmed/Accumulated":2153}},"geometry":{"type":"Point","coordinates":[4.515179591651545,45.475403602540794]}},{"type":"Feature","properties":{"Country/Region":"France","Province/State":"Guadeloupe","Code":"01","Population":{"Total":376879,"Under19":90617,"Under39":71707,"Under59":109452,"Under74":70936,"Over75":34167},"Beds":{"Resuscitation":27,"IntensiveCare":68,"Total":95},"Deaths":19,"Recovered":84,"Severe":5,"Emergencies":{"Suspected":1,"Total":218,"Suspected/Accumulated":335,"Total/Accumulated":28887,"Severe/Accumulated":104},"PCRTests":{"Total":277,"Confirmed":3,"Total/Accumulated":11855,"Confirmed/Accumulated":119},"Confirmed":106,"MedicalTests":{"Total/Accumulated":51,"Confirmed/Accumulated":17}},"geometry":{"type":"Point","coordinates":[-61.493846272189366,16.20469674556213]}},{"type":"Feature","properties":{"Country/Region":"France","Province/State":"Martinique","Code":"02","Population":{"Total":358749,"Under19":77005,"Under39":65776,"Under59":105638,"Under74":72163,"Over75":38167},"Beds":{"Resuscitation":26,"IntensiveCare":58,"Total":84},"Deaths":15,"Recovered":96,"Severe":9,"Critical":4,"MedicalActs":{"Total":88,"Suspected/Accumulated":171,"Total/Accumulated":14972},"PCRTests":{"Total":371,"Confirmed":9,"Total/Accumulated":14792,"Confirmed/Accumulated":109},"Confirmed":111,"MedicalTests":{"Total/Accumulated":29,"Confirmed/Accumulated":6}},"geometry":{"type":"Point","coordinates":[-60.98265692913386,14.6217557480315]}},{"type":"Feature","properties":{"Country/Region":"France","Province/State":"Provence-Alpes-Côte d'Azur","Code":"93","Population":{"Total":5055651,"Under19":1128765,"Under39":1109058,"Under59":1309879,"Under74":927347,"Over75":580602},"Beds":{"Resuscitation":460,"IntensiveCare":802,"Total":1262},"Deaths":966,"Recovered":5742,"Severe":380,"Critical":20,"Emergencies":{"Suspected":16,"Total":4299,"Severe":6,"Suspected/Accumulated":11497,"Total/Accumulated":481709,"Severe/Accumulated":5758},"MedicalActs":{"Suspected":18,"Total":789,"Suspected/Accumulated":7172,"Total/Accumulated":117331},"PCRTests":{"Total":9670,"Confirmed":173,"Total/Accumulated":331490,"Confirmed/Accumulated":3335},"Confirmed":1927,"MedicalTests":{"Total/Accumulated":80858,"Confirmed/Accumulated":4204}},"geometry":{"type":"Point","coordinates":[5.940587832647462,43.96417941015098]}},{"type":"Feature","properties":{"Country/Region":"France","Province/State":"Corse","Code":"94","Population":{"Total":344679,"Under19":68555,"Under39":76985,"Under59":93175,"Under74":65675,"Over75":40289},"Beds":{"Resuscitation":18,"IntensiveCare":42,"Total":60},"Deaths":59,"Recovered":252,"Severe":7,"Emergencies":{"Suspected":3,"Total":357,"Severe":1,"Suspected/Accumulated":2188,"Total/Accumulated":31178,"Severe/Accumulated":2052},"MedicalActs":{"Total":132,"Suspected/Accumulated":517,"Total/Accumulated":6240},"PCRTests":{"Total":485,"Confirmed":3,"Total/Accumulated":18269,"Confirmed/Accumulated":86},"Confirmed":263},"geometry":{"type":"Point","coordinates":[9.019688964401293,42.118564077669916]}},{"type":"Feature","properties":{"Country/Region":"France","Province/State":"Guyane","Code":"03","Population":{"Total":290691,"Under19":120681,"Under39":80023,"Under59":61783,"Under74":22111,"Over75":6093},"Beds":{"Resuscitation":13,"IntensiveCare":12,"Total":25},"Deaths":41,"Recovered":1072,"Severe":111,"Critical":28,"Emergencies":{"Suspected":14,"Total":190,"Severe":10,"Suspected/Accumulated":1594,"Total/Accumulated":27452,"Severe/Accumulated":687},"PCRTests":{"Total":732,"Confirmed":80,"Total/Accumulated":30998,"Confirmed/Accumulated":6600},"Confirmed":43,"MedicalTests":{"Total/Accumulated":35,"Confirmed/Accumulated":4}},"geometry":{"type":"Point","coordinates":[-53.41731165390502,3.588901056661561]}},{"type":"Feature","properties":{"Country/Region":"France","Province/State":"La Réunion","Code":"04","Population":{"Total":859959,"Under19":256143,"Under39":202783,"Under59":239212,"Under74":117045,"Over75":44776},"Beds":{"Resuscitation":52,"IntensiveCare":154,"Total":206},"Deaths":5,"Recovered":163,"Severe":18,"Critical":3,"Emergencies":{"Suspected":1,"Total":425,"Suspected/Accumulated":292,"Total/Accumulated":56344,"Severe/Accumulated":199},"PCRTests":{"Total":1539,"Confirmed":8,"Total/Accumulated":52636,"Confirmed/Accumulated":238},"Confirmed":94,"MedicalTests":{"Total/Accumulated":19,"Confirmed/Accumulated":1}},"geometry":{"type":"Point","coordinates":[55.52943947368424,-21.1374047368421]}},{"type":"Feature","properties":{"Country/Region":"France","Province/State":"Mayotte","Code":"06","Population":{"Total":279471,"Under19":150257,"Under39":74348,"Under59":42900,"Under74":9521,"Over75":2445},"Beds":{"Resuscitation":6,"IntensiveCare":0,"Total":6},"Deaths":28,"Recovered":423,"Severe":9,"Critical":1,"Emergencies":{"Suspected":3,"Total":89,"Suspected/Accumulated":1870,"Total/Accumulated":15864,"Severe/Accumulated":246},"PCRTests":{"Total":55,"Confirmed":5,"Total/Accumulated":8429,"Confirmed/Accumulated":1267},"Confirmed":128,"MedicalTests":{"Total/Accumulated":4,"Confirmed/Accumulated":1}},"geometry":{"type":"Point","coordinates":[45.14160071428572,-12.835344166666673]}}]}