{"type":"FeatureCollection","features":[{"type":"Feature","properties":{"Country/Region":"France","Province/State":"Île-de-France","Code":"11","Population":{"Total":12278210,"Under19":3140965,"Under39":3409765,"Under59":3210447,"Under74":1658207,"Over75":858826},"Beds":{"Resuscitation":1147,"IntensiveCare":2512,"Total":3659},"Deaths":8477,"Recovered":37461,"Severe":3168,"Critical":621,"Emergencies":{"Suspected":452,"Total":6324,"Severe":155,"Suspected/Accumulated":71455,"Total/Accumulated":1388785,"Severe/Accumulated":20725},"MedicalActs":{"Suspected":226,"Total":1641,"Suspected/Accumulated":25865,"Total/Accumulated":310899},"PCRTests":{"Total":48085,"Confirmed":8893,"Total/Accumulated":2914345,"Confirmed/Accumulated":233912},"Confirmed":7660,"MedicalTests":{"Total/Accumulated":85340,"Confirmed/Accumulated":18277}},"geometry":{"type":"Point","coordinates":[2.5292589766081885,48.704415292397634]}},{"type":"Feature","properties":{"Country/Region":"France","Province/State":"Centre-Val de Loire","Code":"24","Population":{"Total":2559073,"Under19":598570,"Under39":541141,"Under59":661150,"Under74":478923,"Over75":279289},"Beds":{"Resuscitation":180,"IntensiveCare":346,"Total":526},"Deaths":627,"Recovered":2767,"Severe":269,"Critical":56,"Emergencies":{"Suspected":23,"Total":1402,"Severe":3,"Suspected/Accumulated":6680,"Total/Accumulated":310745,"Severe/Accumulated":1734},"MedicalActs":{"Suspected":48,"Total":503,"Suspected/Accumulated":3196,"Total/Accumulated":81307},"PCRTests":{"Total":6905,"Confirmed":894,"Total/Accumulated":437790,"Confirmed/Accumulated":18823},"Confirmed":1157,"MedicalTests":{"Total/Accumulated":20197,"Confirmed/Accumulated":1858}},"geometry":{"type":"Point","coordinates":[1.6429664800000017,47.54357092799999]}},{"type":"Feature","properties":{"Country/Region":"France","Province/State":"Bourgogne-Franche-Comté","Code":"27","Population":{"Total":2783039,"Under19":627017,"Under39":591411,"Under59":715664,"Under74":540051,"Over75":308896},"Beds":{"Resuscitation":198,"IntensiveCare":642,"Total":840},"Deaths":1126,"Recovered":4509,"Severe":339,"Critical":56,"Emergencies":{"Suspected":73,"Total":1935,"Severe":37,"Suspected/Accumulated":14194,"Total/Accumulated":407207,"Severe/Accumulated":5763},"MedicalActs":{"Suspected":34,"Total":293,"Suspected/Accumulated":3932,"Total/Accumulated":58485},"PCRTests":{"Total":9194,"Confirmed":1294,"Total/Accumulated":517850,"Confirmed/Accumulated":21354},"Confirmed":1569,"MedicalTests":{"Total/Accumulated":15673,"Confirmed/Accumulated":1330}},"geometry":{"type":"Point","coordinates":[4.731409826897467,47.2969232490013]}},{"type":"Feature","properties":{"Country/Region":"France","Province/State":"Normandie","Code":"28","Population":{"Total":3303500,"Under19":781337,"Under39":727044,"Under59":842963,"Under74":615474,"Over75":336682},"Beds":{"Resuscitation":240,"IntensiveCare":548,"Total":788},"Deaths":535,"Recovered":2449,"Severe":514,"Critical":77,"Emergencies":{"Suspected":44,"Total":2034,"Severe":24,"Suspected/Accumulated":6746,"Total/Accumulated":434353,"Severe/Accumulated":2997},"MedicalActs":{"Suspected":55,"Total":567,"Suspected/Accumulated":7148,"Total/Accumulated":102734},"PCRTests":{"Total":9076,"Confirmed":1419,"Total/Accumulated":568454,"Confirmed/Accumulated":27782},"Confirmed":912,"MedicalTests":{"Total/Accumulated":17253,"Confirmed/Accumulated":1385}},"geometry":{"type":"Point","coordinates":[-0.022673401869158984,49.066630336448576]}},{"type":"Feature","properties":{"Country/Region":"France","Province/State":"Hauts-de-France","Code":"32","Population":{"Total":5962662,"Under19":1525538,"Under39":1443348,"Under59":1522690,"Under74":994313,"Over75":476773},"Beds":{"Resuscitation":438,"IntensiveCare":1338,"Total":1776},"Deaths":2168,"Recovered":8733,"Severe":1269,"Critical":228,"Emergencies":{"Suspected":121,"Total":3016,"Severe":64,"Suspected/Accumulated":16157,"Total/Accumulated":663948,"Severe/Accumulated":5830},"MedicalActs":{"Suspected":99,"Total":1198,"Suspected/Accumulated":9879,"Total/Accumulated":202097},"PCRTests":{"Total":25820,"Confirmed":4607,"Total/Accumulated":1287973,"Confirmed/Accumulated":86324},"Confirmed":3011,"MedicalTests":{"Total/Accumulated":31790,"Confirmed/Accumulated":3410}},"geometry":{"type":"Point","coordinates":[2.8852615671641804,49.86155781716422]}},{"type":"Feature","properties":{"Country/Region":"France","Province/State":"Grand Est","Code":"44","Population":{"Total":5511747,"Under19":1258123,"Under39":1291962,"Under59":1448828,"Under74":988178,"Over75":524656},"Beds":{"Resuscitation":465,"IntensiveCare":840,"Total":1305},"Deaths":3782,"Recovered":14082,"Severe":436,"Critical":68,"Emergencies":{"Suspected":62,"Total":3104,"Severe":33,"Suspected/Accumulated":19870,"Total/Accumulated":659234,"Severe/Accumulated":9582},"MedicalActs":{"Suspected":57,"Total":633,"Suspected/Accumulated":9978,"Total/Accumulated":148663},"PCRTests":{"Total":22350,"Confirmed":2881,"Total/Accumulated":1144909,"Confirmed/Accumulated":36440},"Confirmed":5479,"MedicalTests":{"Total/Accumulated":24982,"Confirmed/Accumulated":3702}},"geometry":{"type":"Point","coordinates":[5.509890203045682,48.670969771573546]}},{"type":"Feature","properties":{"Country/Region":"France","Province/State":"Pays de la Loire","Code":"52","Population":{"Total":3801797,"Under19":933509,"Under39":853729,"Under59":970508,"Under74":667531,"Over75":376520},"Beds":{"Resuscitation":181,"IntensiveCare":572,"Total":753},"Deaths":551,"Recovered":2927,"Severe":332,"Critical":55,"Emergencies":{"Suspected":47,"Total":1903,"Severe":24,"Suspected/Accumulated":11096,"Total/Accumulated":379900,"Severe/Accumulated":5779},"MedicalActs":{"Suspected":49,"Total":521,"Suspected/Accumulated":6473,"Total/Accumulated":112243},"PCRTests":{"Total":11980,"Confirmed":1501,"Total/Accumulated":701945,"Confirmed/Accumulated":28654},"Confirmed":1630,"MedicalTests":{"Total/Accumulated":1941,"Confirmed/Accumulated":78}},"geometry":{"type":"Point","coordinates":[-0.8763313771517983,47.44186302034428]}},{"type":"Feature","properties":{"Country/Region":"France","Province/State":"Bretagne","Code":"53","Population":{"Total":3340379,"Under19":773631,"Under39":714512,"Under59":866988,"Under74":632104,"Over75":353144},"Beds":{"Resuscitation":162,"IntensiveCare":462,"Total":624},"Deaths":306,"Recovered":1703,"Severe":225,"Critical":31,"Emergencies":{"Suspected":33,"Total":2036,"Severe":25,"Suspected/Accumulated":7519,"Total/Accumulated":404220,"Severe/Accumulated":2767},"MedicalActs":{"Suspected":26,"Total":375,"Suspected/Accumulated":3795,"Total/Accumulated":83706},"PCRTests":{"Total":9328,"Confirmed":893,"Total/Accumulated":558416,"Confirmed/Accumulated":19943},"Confirmed":962,"MedicalTests":{"Total/Accumulated":698,"Confirmed/Accumulated":25}},"geometry":{"type":"Point","coordinates":[-3.104342941176476,48.146701189258316]}},{"type":"Feature","properties":{"Country/Region":"France","Province/State":"Nouvelle-Aquitaine","Code":"75","Population":{"Total":5999982,"Under19":1293321,"Under39":1274746,"Under59":1561754,"Under74":1177229,"Over75":692932},"Beds":{"Resuscitation":412,"IntensiveCare":946,"Total":1358},"Deaths":588,"Recovered":3168,"Severe":503,"Critical":71,"Emergencies":{"Suspected":51,"Total":3782,"Severe":31,"Suspected/Accumulated":13453,"Total/Accumulated":782217,"Severe/Accumulated":5790},"MedicalActs":{"Suspected":81,"Total":1261,"Suspected/Accumulated":14917,"Total/Accumulated":267906},"PCRTests":{"Total":16776,"Confirmed":2107,"Total/Accumulated":1002982,"Confirmed/Accumulated":43885},"Confirmed":1007,"MedicalTests":{"Total/Accumulated":33043,"Confirmed/Accumulated":961}},"geometry":{"type":"Point","coordinates":[0.16186906163753495,45.156971701931916]}},{"type":"Feature","properties":{"Country/Region":"France","Province/State":"Occitanie","Code":"76","Population":{"Total":5924858,"Under19":1320456,"Under39":1330125,"Under59":1526711,"Under74":1099893,"Over75":647673},"Beds":{"Resuscitation":474,"IntensiveCare":1206,"Total":1680},"Deaths":722,"Recovered":4395,"Severe":849,"Critical":199,"Emergencies":{"Suspected":124,"Total":3651,"Severe":62,"Suspected/Accumulated":12833,"Total/Accumulated":797750,"Severe/Accumulated":5547},"MedicalActs":{"Suspected":39,"Total":412,"Suspected/Accumulated":5549,"Total/Accumulated":93075},"PCRTests":{"Total":20796,"Confirmed":3426,"Total/Accumulated":1217155,"Confirmed/Accumulated":71733},"Confirmed":2374,"MedicalTests":{"Total/Accumulated":83743,"Confirmed/Accumulated":2680}},"geometry":{"type":"Point","coordinates":[1.988214846153848,43.761180626373644]}},{"type":"Feature","properties":{"Country/Region":"France","Province/State":"Auvergne-Rhône-Alpes","Code":"84","Population":{"Total":8032377,"Under19":1940253,"Under39":1900702,"Under59":2079813,"Under74":1340003,"Over75":771606},"Beds":{"Resuscitation":559,"IntensiveCare":1136,"Total":1695},"Deaths":2176,"Recovered":10761,"Severe":2123,"Critical":311,"Emergencies":{"Suspected":330,"Total":4785,"Severe":154,"Suspected/Accumulated":24475,"Total/Accumulated":990407,"Severe/Accumulated":9860},"MedicalActs":{"Suspected":254,"Total":1034,"Suspected/Accumulated":16461,"Total/Accumulated":208076},"PCRTests":{"Total":37320,"Confirmed":8792,"Total/Accumulated":1535614,"Confirmed/Accumulated":118831},"Confirmed":2093,"MedicalTests":{"Total/Accumulated":27674,"Confirmed/Accumulated":2153}},"geometry":{"type":"Point","coordinates":[4.515179591651545,45.475403602540794]}},{"type":"Feature","properties":{"Country/Region":"France","Province/State":"Guadeloupe","Code":"01","Population":{"Total":376879,"Under19":90617,"Under39":71707,"Under59":109452,"Under74":70936,"Over75":34167},"Beds":{"Resuscitation":27,"IntensiveCare":68,"Total":95},"Deaths":118,"Recovered":516,"Severe":160,"Critical":26,"Emergencies":{"Suspected":8,"Total":244,"Severe":1,"Suspected/Accumulated":1434,"Total/Accumulated":47535,"Severe/Accumulated":648},"PCRTests":{"Total":506,"Confirmed":61,"Total/Accumulated":57728,"Confirmed/Accumulated":7125},"Confirmed":106,"MedicalTests":{"Total/Accumulated":51,"Confirmed/Accumulated":17}},"geometry":{"type":"Point","coordinates":[-61.493846272189366,16.20469674556213]}},{"type":"Feature","properties":{"Country/Region":"France","Province/State":"Martinique","Code":"02","Population":{"Total":358749,"Under19":77005,"Under39":65776,"Under59":105638,"Under74":72163,"Over75":38167},"Beds":{"Resuscitation":26,"IntensiveCare":58,"Total":84},"Deaths":27,"Recovered":161,"Severe":64,"Critical":16,"MedicalActs":{"Suspected":7,"Total":163,"Suspected/Accumulated":459,"Total/Accumulated":25125},"PCRTests":{"Total":745,"Confirmed":118,"Total/Accumulated":60595,"Confirmed/Accumulated":2869},"Confirmed":111,"MedicalTests":{"Total/Accumulated":29,"Confirmed/Accumulated":6}},"geometry":{"type":"Point","coordinates":[-60.98265692913386,14.6217557480315]}},{"type":"Feature","properties":{"Country/Region":"France","Province/State":"Provence-Alpes-Côte d'Azur","Code":"93","Population":{"Total":5055651,"Under19":1128765,"Under39":1109058,"Under59":1309879,"Under74":927347,"Over75":580602},"Beds":{"Resuscitation":460,"IntensiveCare":802,"Total":1262},"Deaths":1297,"Recovered":9277,"Severe":1266,"Critical":247,"Emergencies":{"Suspected":169,"Total":3599,"Severe":108,"Suspected/Accumulated":16808,"Total/Accumulated":795130,"Severe/Accumulated":8440},"MedicalActs":{"Suspected":79,"Total":859,"Suspected/Accumulated":12170,"Total/Accumulated":188161},"PCRTests":{"Total":20490,"Confirmed":3412,"Total/Accumulated":1331818,"Confirmed/Accumulated":79035},"Confirmed":1927,"MedicalTests":{"Total/Accumulated":80858,"Confirmed/Accumulated":4204}},"geometry":{"type":"Point","coordinates":[5.940587832647462,43.96417941015098]}},{"type":"Feature","properties":{"Country/Region":"France","Province/State":"Corse","Code":"94","Population":{"Total":344679,"Under19":68555,"Under39":76985,"Under59":93175,"Under74":65675,"Over75":40289},"Beds":{"Resuscitation":18,"IntensiveCare":42,"Total":60},"Deaths":68,"Recovered":319,"Severe":43,"Critical":9,"Emergencies":{"Suspected":5,"Total":166,"Severe":2,"Suspected/Accumulated":2403,"Total/Accumulated":54420,"Severe/Accumulated":2175},"MedicalActs":{"Suspected":9,"Total":109,"Suspected/Accumulated":1093,"Total/Accumulated":16641},"PCRTests":{"Total":1522,"Confirmed":139,"Total/Accumulated":76909,"Confirmed/Accumulated":2689},"Confirmed":263},"geometry":{"type":"Point","coordinates":[9.019688964401293,42.118564077669916]}},{"type":"Feature","properties":{"Country/Region":"France","Province/State":"Guyane","Code":"03","Population":{"Total":290691,"Under19":120681,"Under39":80023,"Under59":61783,"Under74":22111,"Over75":6093},"Beds":{"Resuscitation":13,"IntensiveCare":12,"Total":25},"Deaths":65,"Recovered":1763,"Severe":18,"Critical":5,"Emergencies":{"Total":234,"Suspected/Accumulated":1963,"Total/Accumulated":44489,"Severe/Accumulated":926},"PCRTests":{"Total":383,"Confirmed":24,"Total/Accumulated":64836,"Confirmed/Accumulated":8998},"Confirmed":43,"MedicalTests":{"Total/Accumulated":35,"Confirmed/Accumulated":4}},"geometry":{"type":"Point","coordinates":[-53.41731165390502,3.588901056661561]}},{"type":"Feature","properties":{"Country/Region":"France","Province/State":"La Réunion","Code":"04","Population":{"Total":859959,"Under19":256143,"Under39":202783,"Under59":239212,"Under74":117045,"Over75":44776},"Beds":{"Resuscitation":52,"IntensiveCare":154,"Total":206},"Deaths":24,"Recovered":446,"Severe":53,"Critical":11,"Emergencies":{"Suspected":4,"Total":381,"Severe":2,"Suspected/Accumulated":557,"Total/Accumulated":88186,"Severe/Accumulated":337},"PCRTests":{"Total":1721,"Confirmed":87,"Total/Accumulated":186088,"Confirmed/Accumulated":4805},"Confirmed":94,"MedicalTests":{"Total/Accumulated":19,"Confirmed/Accumulated":1}},"geometry":{"type":"Point","coordinates":[55.52943947368424,-21.1374047368421]}},{"type":"Feature","properties":{"Country/Region":"France","Province/State":"Mayotte","Code":"06","Population":{"Total":279471,"Under19":150257,"Under39":74348,"Under59":42900,"Under74":9521,"Over75":2445},"Beds":{"Resuscitation":6,"IntensiveCare":0,"Total":6},"Deaths":30,"Recovered":467,"Severe":9,"Critical":3,"Emergencies":{"Suspected":1,"Total":114,"Suspected/Accumulated":1927,"Total/Accumulated":24307,"Severe/Accumulated":263},"PCRTests":{"Total":276,"Confirmed":34,"Total/Accumulated":24594,"Confirmed/Accumulated":2451},"Confirmed":128,"MedicalTests":{"Total/Accumulated":4,"Confirmed/Accumulated":1}},"geometry":{"type":"Point","coordinates":[45.14160071428572,-12.835344166666673]}}]}