{"type":"FeatureCollection","features":[{"type":"Feature","properties":{"Country/Region":"France","Province/State":"Île-de-France","Code":"11","Population":{"Total":12278210,"Under19":3140965,"Under39":3409765,"Under59":3210447,"Under74":1658207,"Over75":858826},"Beds":{"Resuscitation":1147,"IntensiveCare":2512,"Total":3659},"Deaths":6390,"Recovered":19909,"Severe":9564,"Critical":1254,"Emergencies":{"Suspected":374,"Total":4706,"Severe":68,"Suspected/Accumulated":46895,"Total/Accumulated":336609,"Severe/Accumulated":14902},"MedicalActs":{"Suspected":27,"Total":859,"Suspected/Accumulated":10940,"Total/Accumulated":92085},"MedicalTests":{"Total":1144,"Confirmed":51,"Total/Accumulated":69393,"Confirmed/Accumulated":17747},"Confirmed":7660},"geometry":{"type":"Point","coordinates":[2.5292589766081885,48.704415292397634]}},{"type":"Feature","properties":{"Country/Region":"France","Province/State":"Centre-Val de Loire","Code":"24","Population":{"Total":2559073,"Under19":598570,"Under39":541141,"Under59":661150,"Under74":478923,"Over75":279289},"Beds":{"Resuscitation":180,"IntensiveCare":346,"Total":526},"Deaths":434,"Recovered":1392,"Severe":901,"Critical":88,"Emergencies":{"Suspected":42,"Total":1218,"Severe":7,"Suspected/Accumulated":3964,"Total/Accumulated":72100,"Severe/Accumulated":1043},"MedicalActs":{"Suspected":6,"Total":215,"Suspected/Accumulated":872,"Total/Accumulated":18349},"MedicalTests":{"Total":439,"Confirmed":6,"Total/Accumulated":14495,"Confirmed/Accumulated":1772},"Confirmed":1157},"geometry":{"type":"Point","coordinates":[1.6429664800000017,47.54357092799999]}},{"type":"Feature","properties":{"Country/Region":"France","Province/State":"Bourgogne-Franche-Comté","Code":"27","Population":{"Total":2783039,"Under19":627017,"Under39":591411,"Under59":715664,"Under74":540051,"Over75":308896},"Beds":{"Resuscitation":198,"IntensiveCare":642,"Total":840},"Deaths":906,"Recovered":2702,"Severe":1049,"Critical":112,"Emergencies":{"Suspected":62,"Total":1476,"Severe":26,"Suspected/Accumulated":9757,"Total/Accumulated":89536,"Severe/Accumulated":4032},"MedicalActs":{"Suspected":4,"Total":165,"Suspected/Accumulated":1594,"Total/Accumulated":15611},"MedicalTests":{"Total":472,"Confirmed":10,"Total/Accumulated":11875,"Confirmed/Accumulated":1295},"Confirmed":1569},"geometry":{"type":"Point","coordinates":[4.731409826897467,47.2969232490013]}},{"type":"Feature","properties":{"Country/Region":"France","Province/State":"Normandie","Code":"28","Population":{"Total":3303500,"Under19":781337,"Under39":727044,"Under59":842963,"Under74":615474,"Over75":336682},"Beds":{"Resuscitation":240,"IntensiveCare":548,"Total":788},"Deaths":367,"Recovered":1169,"Severe":553,"Critical":60,"Emergencies":{"Suspected":41,"Total":1698,"Severe":22,"Suspected/Accumulated":3810,"Total/Accumulated":98042,"Severe/Accumulated":1463},"MedicalActs":{"Suspected":16,"Total":265,"Suspected/Accumulated":2298,"Total/Accumulated":26369},"MedicalTests":{"Total":351,"Confirmed":3,"Total/Accumulated":12417,"Confirmed/Accumulated":1312},"Confirmed":912},"geometry":{"type":"Point","coordinates":[-0.022673401869158984,49.066630336448576]}},{"type":"Feature","properties":{"Country/Region":"France","Province/State":"Hauts-de-France","Code":"32","Population":{"Total":5962662,"Under19":1525538,"Under39":1443348,"Under59":1522690,"Under74":994313,"Over75":476773},"Beds":{"Resuscitation":438,"IntensiveCare":1338,"Total":1776},"Deaths":1496,"Recovered":4562,"Severe":2024,"Critical":242,"Emergencies":{"Suspected":75,"Total":2627,"Severe":25,"Suspected/Accumulated":10404,"Total/Accumulated":152423,"Severe/Accumulated":3769},"MedicalActs":{"Suspected":14,"Total":498,"Suspected/Accumulated":3526,"Total/Accumulated":50539},"MedicalTests":{"Total":840,"Confirmed":32,"Total/Accumulated":20676,"Confirmed/Accumulated":3167},"Confirmed":3011},"geometry":{"type":"Point","coordinates":[2.8852615671641804,49.86155781716422]}},{"type":"Feature","properties":{"Country/Region":"France","Province/State":"Grand Est","Code":"44","Population":{"Total":5511747,"Under19":1258123,"Under39":1291962,"Under59":1448828,"Under74":988178,"Over75":524656},"Beds":{"Resuscitation":465,"IntensiveCare":840,"Total":1305},"Deaths":3060,"Recovered":8726,"Severe":3434,"Critical":379,"Emergencies":{"Suspected":101,"Total":2392,"Severe":42,"Suspected/Accumulated":15093,"Total/Accumulated":151574,"Severe/Accumulated":7563},"MedicalActs":{"Suspected":25,"Total":431,"Suspected/Accumulated":5406,"Total/Accumulated":44319},"MedicalTests":{"Total":299,"Confirmed":2,"Total/Accumulated":20237,"Confirmed/Accumulated":3575},"Confirmed":5479},"geometry":{"type":"Point","coordinates":[5.509890203045682,48.670969771573546]}},{"type":"Feature","properties":{"Country/Region":"France","Province/State":"Pays de la Loire","Code":"52","Population":{"Total":3801797,"Under19":933509,"Under39":853729,"Under59":970508,"Under74":667531,"Over75":376520},"Beds":{"Resuscitation":181,"IntensiveCare":572,"Total":753},"Deaths":372,"Recovered":1373,"Severe":591,"Critical":58,"Emergencies":{"Suspected":66,"Total":1421,"Severe":39,"Suspected/Accumulated":6348,"Total/Accumulated":82091,"Severe/Accumulated":3069},"MedicalActs":{"Suspected":11,"Total":332,"Suspected/Accumulated":2499,"Total/Accumulated":28951},"MedicalTests":{"Total":33,"Total/Accumulated":1254,"Confirmed/Accumulated":76},"Confirmed":1630},"geometry":{"type":"Point","coordinates":[-0.8763313771517983,47.44186302034428]}},{"type":"Feature","properties":{"Country/Region":"France","Province/State":"Bretagne","Code":"53","Population":{"Total":3340379,"Under19":773631,"Under39":714512,"Under59":866988,"Under74":632104,"Over75":353144},"Beds":{"Resuscitation":162,"IntensiveCare":462,"Total":624},"Deaths":224,"Recovered":914,"Severe":339,"Critical":41,"Emergencies":{"Suspected":34,"Total":1498,"Severe":25,"Suspected/Accumulated":4208,"Total/Accumulated":89999,"Severe/Accumulated":1667},"MedicalActs":{"Suspected":10,"Total":262,"Suspected/Accumulated":983,"Total/Accumulated":22070},"MedicalTests":{"Total":9,"Total/Accumulated":473,"Confirmed/Accumulated":22},"Confirmed":962},"geometry":{"type":"Point","coordinates":[-3.104342941176476,48.146701189258316]}},{"type":"Feature","properties":{"Country/Region":"France","Province/State":"Nouvelle-Aquitaine","Code":"75","Population":{"Total":5999982,"Under19":1293321,"Under39":1274746,"Under59":1561754,"Under74":1177229,"Over75":692932},"Beds":{"Resuscitation":412,"IntensiveCare":946,"Total":1358},"Deaths":347,"Recovered":1589,"Severe":521,"Critical":85,"Emergencies":{"Suspected":59,"Total":2900,"Severe":34,"Suspected/Accumulated":8769,"Total/Accumulated":168933,"Severe/Accumulated":3833},"MedicalActs":{"Suspected":26,"Total":812,"Suspected/Accumulated":5995,"Total/Accumulated":71536},"MedicalTests":{"Total":627,"Confirmed":4,"Total/Accumulated":22319,"Confirmed/Accumulated":891},"Confirmed":1007},"geometry":{"type":"Point","coordinates":[0.16186906163753495,45.156971701931916]}},{"type":"Feature","properties":{"Country/Region":"France","Province/State":"Occitanie","Code":"76","Population":{"Total":5924858,"Under19":1320456,"Under39":1330125,"Under59":1526711,"Under74":1099893,"Over75":647673},"Beds":{"Resuscitation":474,"IntensiveCare":1206,"Total":1680},"Deaths":448,"Recovered":2290,"Severe":466,"Critical":103,"Emergencies":{"Suspected":61,"Total":2938,"Severe":29,"Suspected/Accumulated":7080,"Total/Accumulated":171397,"Severe/Accumulated":3148},"MedicalActs":{"Suspected":14,"Total":289,"Suspected/Accumulated":2300,"Total/Accumulated":25480},"MedicalTests":{"Total":2434,"Confirmed":29,"Total/Accumulated":51631,"Confirmed/Accumulated":2452},"Confirmed":2374},"geometry":{"type":"Point","coordinates":[1.988214846153848,43.761180626373644]}},{"type":"Feature","properties":{"Country/Region":"France","Province/State":"Auvergne-Rhône-Alpes","Code":"84","Population":{"Total":8032377,"Under19":1940253,"Under39":1900702,"Under59":2079813,"Under74":1340003,"Over75":771606},"Beds":{"Resuscitation":559,"IntensiveCare":1136,"Total":1695},"Deaths":1462,"Recovered":5596,"Severe":2206,"Critical":276,"Emergencies":{"Suspected":136,"Total":3660,"Severe":52,"Suspected/Accumulated":14163,"Total/Accumulated":216484,"Severe/Accumulated":6195},"MedicalActs":{"Suspected":24,"Total":652,"Suspected/Accumulated":5561,"Total/Accumulated":55911},"MedicalTests":{"Total":459,"Confirmed":12,"Total/Accumulated":20445,"Confirmed/Accumulated":2107},"Confirmed":2093},"geometry":{"type":"Point","coordinates":[4.515179591651545,45.475403602540794]}},{"type":"Feature","properties":{"Country/Region":"France","Province/State":"Guadeloupe","Code":"01","Population":{"Total":376879,"Under19":90617,"Under39":71707,"Under59":109452,"Under74":70936,"Over75":34167},"Beds":{"Resuscitation":27,"IntensiveCare":68,"Total":95},"Deaths":18,"Recovered":72,"Severe":15,"Critical":5,"Emergencies":{"Suspected":2,"Total":222,"Severe":1,"Suspected/Accumulated":207,"Total/Accumulated":11583,"Severe/Accumulated":96},"Confirmed":106,"MedicalTests":{"Total/Accumulated":46,"Confirmed/Accumulated":16}},"geometry":{"type":"Point","coordinates":[-61.493846272189366,16.20469674556213]}},{"type":"Feature","properties":{"Country/Region":"France","Province/State":"Martinique","Code":"02","Population":{"Total":358749,"Under19":77005,"Under39":65776,"Under59":105638,"Under74":72163,"Over75":38167},"Beds":{"Resuscitation":26,"IntensiveCare":58,"Total":84},"Deaths":14,"Recovered":78,"Severe":19,"Critical":7,"MedicalActs":{"Suspected":1,"Total":84,"Suspected/Accumulated":129,"Total/Accumulated":7088},"MedicalTests":{"Total":1,"Confirmed":1,"Total/Accumulated":26,"Confirmed/Accumulated":6},"Confirmed":111},"geometry":{"type":"Point","coordinates":[-60.98265692913386,14.6217557480315]}},{"type":"Feature","properties":{"Country/Region":"France","Province/State":"Provence-Alpes-Côte d'Azur","Code":"93","Population":{"Total":5055651,"Under19":1128765,"Under39":1109058,"Under59":1309879,"Under74":927347,"Over75":580602},"Beds":{"Resuscitation":460,"IntensiveCare":802,"Total":1262},"Deaths":764,"Recovered":4187,"Severe":1337,"Critical":184,"Emergencies":{"Suspected":61,"Total":2775,"Severe":31,"Suspected/Accumulated":9657,"Total/Accumulated":172699,"Severe/Accumulated":4952},"MedicalActs":{"Suspected":26,"Total":573,"Suspected/Accumulated":5006,"Total/Accumulated":51341},"MedicalTests":{"Total":1471,"Confirmed":16,"Total/Accumulated":63954,"Confirmed/Accumulated":4059},"Confirmed":1927},"geometry":{"type":"Point","coordinates":[5.940587832647462,43.96417941015098]}},{"type":"Feature","properties":{"Country/Region":"France","Province/State":"Corse","Code":"94","Population":{"Total":344679,"Under19":68555,"Under39":76985,"Under59":93175,"Under74":65675,"Over75":40289},"Beds":{"Resuscitation":18,"IntensiveCare":42,"Total":60},"Deaths":52,"Recovered":197,"Severe":52,"Critical":6,"Emergencies":{"Suspected":35,"Total":179,"Severe":32,"Suspected/Accumulated":1954,"Total/Accumulated":10338,"Severe/Accumulated":1886},"MedicalActs":{"Suspected":2,"Total":27,"Suspected/Accumulated":439,"Total/Accumulated":2785},"Confirmed":263},"geometry":{"type":"Point","coordinates":[9.019688964401293,42.118564077669916]}},{"type":"Feature","properties":{"Country/Region":"France","Province/State":"Guyane","Code":"03","Population":{"Total":290691,"Under19":120681,"Under39":80023,"Under59":61783,"Under74":22111,"Over75":6093},"Beds":{"Resuscitation":13,"IntensiveCare":12,"Total":25},"Deaths":1,"Recovered":36,"Severe":8,"Emergencies":{"Suspected":2,"Total":154,"Suspected/Accumulated":80,"Total/Accumulated":12012,"Severe/Accumulated":23},"MedicalTests":{"Total":1,"Total/Accumulated":34,"Confirmed/Accumulated":4},"Confirmed":43},"geometry":{"type":"Point","coordinates":[-53.41731165390502,3.588901056661561]}},{"type":"Feature","properties":{"Country/Region":"France","Province/State":"La Réunion","Code":"04","Population":{"Total":859959,"Under19":256143,"Under39":202783,"Under59":239212,"Under74":117045,"Over75":44776},"Beds":{"Resuscitation":52,"IntensiveCare":154,"Total":206},"Recovered":112,"Severe":8,"Critical":3,"Emergencies":{"Suspected":3,"Total":344,"Severe":2,"Suspected/Accumulated":252,"Total/Accumulated":23284,"Severe/Accumulated":175},"MedicalTests":{"Total":2,"Total/Accumulated":15,"Confirmed/Accumulated":1},"Confirmed":94},"geometry":{"type":"Point","coordinates":[55.52943947368424,-21.1374047368421]}},{"type":"Feature","properties":{"Country/Region":"France","Province/State":"Mayotte","Code":"06","Population":{"Total":279471,"Under19":150257,"Under39":74348,"Under59":42900,"Under74":9521,"Over75":2445},"Beds":{"Resuscitation":6,"IntensiveCare":0,"Total":6},"Deaths":12,"Recovered":115,"Severe":52,"Critical":8,"Emergencies":{"Suspected":37,"Total":99,"Severe":5,"Suspected/Accumulated":684,"Total/Accumulated":6802,"Severe/Accumulated":124},"Confirmed":128,"MedicalTests":{"Total/Accumulated":2,"Confirmed/Accumulated":1}},"geometry":{"type":"Point","coordinates":[45.14160071428572,-12.835344166666673]}}]}