{"type":"FeatureCollection","features":[{"type":"Feature","properties":{"Country/Region":"France","Province/State":"Île-de-France","Code":"11","Population":{"Total":12278210,"Under19":3140965,"Under39":3409765,"Under59":3210447,"Under74":1658207,"Over75":858826},"Beds":{"Resuscitation":1147,"IntensiveCare":2512,"Total":3659},"Deaths":807,"Recovered":2109,"Severe":7092,"Critical":1668,"Emergencies":{"Suspected":1386,"Total":4056,"Severe":465,"Suspected/Accumulated":19751,"Total/Accumulated":172298,"Severe/Accumulated":6182},"MedicalActs":{"Suspected":431,"Total":1577,"Suspected/Accumulated":5637,"Total/Accumulated":51926},"MedicalTests":{"Total":388,"Confirmed":185,"Total/Accumulated":12714,"Confirmed/Accumulated":5566},"Confirmed":7660},"geometry":{"type":"Point","coordinates":[2.5292589766081885,48.704415292397634]}},{"type":"Feature","properties":{"Country/Region":"France","Province/State":"Centre-Val de Loire","Code":"24","Population":{"Total":2559073,"Under19":598570,"Under39":541141,"Under59":661150,"Under74":478923,"Over75":279289},"Beds":{"Resuscitation":180,"IntensiveCare":346,"Total":526},"Confirmed":1157,"Deaths":39,"Recovered":83,"Severe":358,"Critical":103,"Emergencies":{"Suspected":95,"Total":655,"Severe":32,"Suspected/Accumulated":937,"Total/Accumulated":33453,"Severe/Accumulated":266},"MedicalActs":{"Suspected":21,"Total":217,"Suspected/Accumulated":283,"Total/Accumulated":10553},"MedicalTests":{"Total":6,"Confirmed":1,"Total/Accumulated":1462,"Confirmed/Accumulated":358}},"geometry":{"type":"Point","coordinates":[1.6429664800000017,47.54357092799999]}},{"type":"Feature","properties":{"Country/Region":"France","Province/State":"Bourgogne-Franche-Comté","Code":"27","Population":{"Total":2783039,"Under19":627017,"Under39":591411,"Under59":715664,"Under74":540051,"Over75":308896},"Beds":{"Resuscitation":198,"IntensiveCare":642,"Total":840},"Deaths":164,"Recovered":549,"Severe":873,"Critical":217,"Emergencies":{"Suspected":245,"Total":973,"Severe":85,"Suspected/Accumulated":4043,"Total/Accumulated":42696,"Severe/Accumulated":1621},"MedicalActs":{"Suspected":65,"Total":276,"Suspected/Accumulated":791,"Total/Accumulated":8616},"MedicalTests":{"Total":6,"Total/Accumulated":1139,"Confirmed/Accumulated":275},"Confirmed":1569},"geometry":{"type":"Point","coordinates":[4.731409826897467,47.2969232490013]}},{"type":"Feature","properties":{"Country/Region":"France","Province/State":"Normandie","Code":"28","Population":{"Total":3303500,"Under19":781337,"Under39":727044,"Under59":842963,"Under74":615474,"Over75":336682},"Beds":{"Resuscitation":240,"IntensiveCare":548,"Total":788},"Deaths":32,"Recovered":103,"Severe":455,"Critical":122,"Emergencies":{"Suspected":99,"Total":882,"Severe":36,"Suspected/Accumulated":1456,"Total/Accumulated":46769,"Severe/Accumulated":391},"MedicalActs":{"Suspected":107,"Total":406,"Suspected/Accumulated":1230,"Total/Accumulated":15114},"MedicalTests":{"Total":12,"Total/Accumulated":1430,"Confirmed/Accumulated":266},"Confirmed":912},"geometry":{"type":"Point","coordinates":[-0.022673401869158984,49.066630336448576]}},{"type":"Feature","properties":{"Country/Region":"France","Province/State":"Hauts-de-France","Code":"32","Population":{"Total":5962662,"Under19":1525538,"Under39":1443348,"Under59":1522690,"Under74":994313,"Over75":476773},"Beds":{"Resuscitation":438,"IntensiveCare":1338,"Total":1776},"Confirmed":2653,"Deaths":211,"Recovered":476,"Severe":1237,"Critical":348,"Emergencies":{"Suspected":282,"Total":1462,"Severe":95,"Suspected/Accumulated":3614,"Total/Accumulated":70830,"Severe/Accumulated":1242},"MedicalActs":{"Suspected":126,"Total":634,"Suspected/Accumulated":1766,"Total/Accumulated":31303},"MedicalTests":{"Total":28,"Confirmed":11,"Total/Accumulated":1387,"Confirmed/Accumulated":481}},"geometry":{"type":"Point","coordinates":[2.8852615671641804,49.86155781716422]}},{"type":"Feature","properties":{"Country/Region":"France","Province/State":"Grand Est","Code":"44","Population":{"Total":5511747,"Under19":1258123,"Under39":1291962,"Under59":1448828,"Under74":988178,"Over75":524656},"Beds":{"Resuscitation":465,"IntensiveCare":840,"Total":1305},"Deaths":815,"Recovered":1348,"Severe":3735,"Critical":792,"Emergencies":{"Suspected":452,"Total":1688,"Severe":202,"Suspected/Accumulated":7318,"Total/Accumulated":75072,"Severe/Accumulated":3563},"MedicalActs":{"Suspected":265,"Total":891,"Suspected/Accumulated":2598,"Total/Accumulated":22958},"MedicalTests":{"Total":31,"Confirmed":12,"Total/Accumulated":2466,"Confirmed/Accumulated":799},"Confirmed":5479},"geometry":{"type":"Point","coordinates":[5.509890203045682,48.670969771573546]}},{"type":"Feature","properties":{"Country/Region":"France","Province/State":"Pays de la Loire","Code":"52","Population":{"Total":3801797,"Under19":933509,"Under39":853729,"Under59":970508,"Under74":667531,"Over75":376520},"Beds":{"Resuscitation":181,"IntensiveCare":572,"Total":753},"Confirmed":780,"Deaths":47,"Recovered":182,"Severe":499,"Critical":107,"Emergencies":{"Suspected":176,"Total":822,"Severe":84,"Suspected/Accumulated":2427,"Total/Accumulated":37659,"Severe/Accumulated":941},"MedicalActs":{"Suspected":89,"Total":450,"Suspected/Accumulated":1284,"Total/Accumulated":14726},"MedicalTests":{"Total/Accumulated":265,"Confirmed/Accumulated":31}},"geometry":{"type":"Point","coordinates":[-0.8763313771517983,47.44186302034428]}},{"type":"Feature","properties":{"Country/Region":"France","Province/State":"Bretagne","Code":"53","Population":{"Total":3340379,"Under19":773631,"Under39":714512,"Under59":866988,"Under74":632104,"Over75":353144},"Beds":{"Resuscitation":162,"IntensiveCare":462,"Total":624},"Confirmed":962,"Deaths":41,"Recovered":166,"Severe":268,"Critical":57,"Emergencies":{"Suspected":83,"Total":870,"Severe":29,"Suspected/Accumulated":2142,"Total/Accumulated":42555,"Severe/Accumulated":432},"MedicalActs":{"Suspected":75,"Total":401,"Suspected/Accumulated":482,"Total/Accumulated":11945},"MedicalTests":{"Total":1,"Confirmed":1,"Total/Accumulated":54,"Confirmed/Accumulated":10}},"geometry":{"type":"Point","coordinates":[-3.104342941176476,48.146701189258316]}},{"type":"Feature","properties":{"Country/Region":"France","Province/State":"Nouvelle-Aquitaine","Code":"75","Population":{"Total":5999982,"Under19":1293321,"Under39":1274746,"Under59":1561754,"Under74":1177229,"Over75":692932},"Beds":{"Resuscitation":412,"IntensiveCare":946,"Total":1358},"Deaths":58,"Recovered":226,"Severe":558,"Critical":160,"Emergencies":{"Suspected":200,"Total":1707,"Severe":78,"Suspected/Accumulated":3587,"Total/Accumulated":77721,"Severe/Accumulated":1150},"MedicalActs":{"Suspected":236,"Total":1125,"Suspected/Accumulated":3274,"Total/Accumulated":38546},"MedicalTests":{"Total":2,"Total/Accumulated":2092,"Confirmed/Accumulated":205},"Confirmed":1007},"geometry":{"type":"Point","coordinates":[0.16186906163753495,45.156971701931916]}},{"type":"Feature","properties":{"Country/Region":"France","Province/State":"Occitanie","Code":"76","Population":{"Total":5924858,"Under19":1320456,"Under39":1330125,"Under59":1526711,"Under74":1099893,"Over75":647673},"Beds":{"Resuscitation":474,"IntensiveCare":1206,"Total":1680},"Confirmed":2002,"Deaths":76,"Recovered":325,"Severe":798,"Critical":227,"Emergencies":{"Suspected":254,"Total":1881,"Severe":122,"Suspected/Accumulated":2532,"Total/Accumulated":81231,"Severe/Accumulated":1072},"MedicalActs":{"Suspected":117,"Total":487,"Suspected/Accumulated":1146,"Total/Accumulated":13370},"MedicalTests":{"Total":1,"Total/Accumulated":885,"Confirmed/Accumulated":124}},"geometry":{"type":"Point","coordinates":[1.988214846153848,43.761180626373644]}},{"type":"Feature","properties":{"Country/Region":"France","Province/State":"Auvergne-Rhône-Alpes","Code":"84","Population":{"Total":8032377,"Under19":1940253,"Under39":1900702,"Under59":2079813,"Under74":1340003,"Over75":771606},"Beds":{"Resuscitation":559,"IntensiveCare":1136,"Total":1695},"Deaths":227,"Recovered":755,"Severe":2115,"Critical":497,"Emergencies":{"Suspected":498,"Total":2422,"Severe":200,"Suspected/Accumulated":5442,"Total/Accumulated":105179,"Severe/Accumulated":2507},"MedicalActs":{"Suspected":188,"Total":947,"Suspected/Accumulated":2683,"Total/Accumulated":28535},"MedicalTests":{"Total":4,"Confirmed":2,"Total/Accumulated":3307,"Confirmed/Accumulated":651},"Confirmed":2093},"geometry":{"type":"Point","coordinates":[4.515179591651545,45.475403602540794]}},{"type":"Feature","properties":{"Country/Region":"France","Province/State":"Guadeloupe","Code":"01","Population":{"Total":376879,"Under19":90617,"Under39":71707,"Under59":109452,"Under74":70936,"Over75":34167},"Beds":{"Resuscitation":27,"IntensiveCare":68,"Total":95},"Confirmed":106,"Deaths":4,"Recovered":20,"Severe":44,"Critical":13,"Emergencies":{"Suspected":3,"Total":119,"Suspected/Accumulated":33,"Total/Accumulated":5539,"Severe/Accumulated":14},"MedicalTests":{"Total/Accumulated":9,"Confirmed/Accumulated":4}},"geometry":{"type":"Point","coordinates":[-61.493846272189366,16.20469674556213]}},{"type":"Feature","properties":{"Country/Region":"France","Province/State":"Martinique","Code":"02","Population":{"Total":358749,"Under19":77005,"Under39":65776,"Under59":105638,"Under74":72163,"Over75":38167},"Beds":{"Resuscitation":26,"IntensiveCare":58,"Total":84},"Confirmed":111,"Deaths":3,"Recovered":17,"Severe":57,"Critical":15,"MedicalActs":{"Suspected":8,"Total":108,"Suspected/Accumulated":13,"Total/Accumulated":3507},"MedicalTests":{"Total/Accumulated":3,"Confirmed/Accumulated":1}},"geometry":{"type":"Point","coordinates":[-60.98265692913386,14.6217557480315]}},{"type":"Feature","properties":{"Country/Region":"France","Province/State":"Provence-Alpes-Côte d'Azur","Code":"93","Population":{"Total":5055651,"Under19":1128765,"Under39":1109058,"Under59":1309879,"Under74":927347,"Over75":580602},"Beds":{"Resuscitation":460,"IntensiveCare":802,"Total":1262},"Deaths":65,"Recovered":710,"Severe":1073,"Critical":243,"Emergencies":{"Suspected":278,"Total":2074,"Severe":152,"Suspected/Accumulated":3832,"Total/Accumulated":83112,"Severe/Accumulated":1933},"MedicalActs":{"Suspected":219,"Total":905,"Suspected/Accumulated":2405,"Total/Accumulated":25598},"MedicalTests":{"Total":13,"Confirmed":2,"Total/Accumulated":5850,"Confirmed/Accumulated":1014},"Confirmed":1927},"geometry":{"type":"Point","coordinates":[5.940587832647462,43.96417941015098]}},{"type":"Feature","properties":{"Country/Region":"France","Province/State":"Corse","Code":"94","Population":{"Total":344679,"Under19":68555,"Under39":76985,"Under59":93175,"Under74":65675,"Over75":40289},"Beds":{"Resuscitation":18,"IntensiveCare":42,"Total":60},"Deaths":21,"Recovered":79,"Severe":108,"Critical":20,"Emergencies":{"Suspected":46,"Total":122,"Severe":44,"Suspected/Accumulated":966,"Total/Accumulated":4815,"Severe/Accumulated":946},"MedicalActs":{"Suspected":21,"Total":48,"Suspected/Accumulated":267,"Total/Accumulated":1556},"Confirmed":263},"geometry":{"type":"Point","coordinates":[9.019688964401293,42.118564077669916]}},{"type":"Feature","properties":{"Country/Region":"France","Province/State":"Guyane","Code":"03","Population":{"Total":290691,"Under19":120681,"Under39":80023,"Under59":61783,"Under74":22111,"Over75":6093},"Beds":{"Resuscitation":13,"IntensiveCare":12,"Total":25},"Confirmed":43,"Recovered":15,"Emergencies":{"Suspected":1,"Total":126,"Suspected/Accumulated":9,"Total/Accumulated":6265,"Severe/Accumulated":1},"MedicalTests":{"Total/Accumulated":12,"Confirmed/Accumulated":2}},"geometry":{"type":"Point","coordinates":[-53.41731165390502,3.588901056661561]}},{"type":"Feature","properties":{"Country/Region":"France","Province/State":"La Réunion","Code":"04","Population":{"Total":859959,"Under19":256143,"Under39":202783,"Under59":239212,"Under74":117045,"Over75":44776},"Beds":{"Resuscitation":52,"IntensiveCare":154,"Total":206},"Recovered":5,"Severe":53,"Critical":4,"Emergencies":{"Suspected":7,"Total":284,"Severe":5,"Suspected/Accumulated":99,"Total/Accumulated":11235,"Severe/Accumulated":75},"Confirmed":94,"MedicalTests":{"Total/Accumulated":1}},"geometry":{"type":"Point","coordinates":[55.52943947368424,-21.1374047368421]}},{"type":"Feature","properties":{"Country/Region":"France","Province/State":"Mayotte","Code":"06","Population":{"Total":279471,"Under19":150257,"Under39":74348,"Under59":42900,"Under74":9521,"Over75":2445},"Beds":{"Resuscitation":6,"IntensiveCare":0,"Total":6},"Confirmed":74,"Recovered":8,"Severe":8,"Critical":2,"Emergencies":{"Suspected":10,"Total":89,"Severe":1,"Suspected/Accumulated":69,"Total/Accumulated":2910,"Severe/Accumulated":10},"MedicalTests":{"Total/Accumulated":2,"Confirmed/Accumulated":1}},"geometry":{"type":"Point","coordinates":[45.14160071428572,-12.835344166666673]}}]}