{"type":"FeatureCollection","features":[{"type":"Feature","properties":{"Country/Region":"France","Province/State":"Île-de-France","Code":"11","Population":{"Total":12278210,"Under19":3140965,"Under39":3409765,"Under59":3210447,"Under74":1658207,"Over75":858826},"Beds":{"Resuscitation":1147,"IntensiveCare":2512,"Total":3659},"Deaths":13049,"Recovered":58409,"Severe":4923,"Critical":600,"Emergencies":{"Suspected":138,"Total":5462,"Severe":59,"Suspected/Accumulated":92648,"Total/Accumulated":1962909,"Severe/Accumulated":29684},"MedicalActs":{"Suspected":78,"Total":2148,"Suspected/Accumulated":34539,"Total/Accumulated":458431},"PCRTests":{"Total":10965,"Confirmed":656,"Total/Accumulated":7508728,"Confirmed/Accumulated":607719},"Confirmed":7660,"MedicalTests":{"Total/Accumulated":85340,"Confirmed/Accumulated":18277}},"geometry":{"type":"Point","coordinates":[2.5292589766081885,48.704415292397634]}},{"type":"Feature","properties":{"Country/Region":"France","Province/State":"Centre-Val de Loire","Code":"24","Population":{"Total":2559073,"Under19":598570,"Under39":541141,"Under59":661150,"Under74":478923,"Over75":279289},"Beds":{"Resuscitation":180,"IntensiveCare":346,"Total":526},"Deaths":1569,"Recovered":6269,"Severe":1044,"Critical":125,"Emergencies":{"Suspected":34,"Total":1120,"Severe":9,"Suspected/Accumulated":9937,"Total/Accumulated":425558,"Severe/Accumulated":2836},"MedicalActs":{"Suspected":7,"Total":359,"Suspected/Accumulated":4845,"Total/Accumulated":115746},"PCRTests":{"Total":1233,"Confirmed":73,"Total/Accumulated":1251418,"Confirmed/Accumulated":86584},"Confirmed":1157,"MedicalTests":{"Total/Accumulated":20197,"Confirmed/Accumulated":1858}},"geometry":{"type":"Point","coordinates":[1.6429664800000017,47.54357092799999]}},{"type":"Feature","properties":{"Country/Region":"France","Province/State":"Bourgogne-Franche-Comté","Code":"27","Population":{"Total":2783039,"Under19":627017,"Under39":591411,"Under59":715664,"Under74":540051,"Over75":308896},"Beds":{"Resuscitation":198,"IntensiveCare":642,"Total":840},"Deaths":3176,"Recovered":11640,"Severe":1786,"Critical":176,"Emergencies":{"Suspected":48,"Total":1529,"Severe":30,"Suspected/Accumulated":22756,"Total/Accumulated":561371,"Severe/Accumulated":10577},"MedicalActs":{"Suspected":12,"Total":303,"Suspected/Accumulated":5993,"Total/Accumulated":84760},"PCRTests":{"Total":1299,"Confirmed":89,"Total/Accumulated":1611670,"Confirmed/Accumulated":139115},"Confirmed":1569,"MedicalTests":{"Total/Accumulated":15673,"Confirmed/Accumulated":1330}},"geometry":{"type":"Point","coordinates":[4.731409826897467,47.2969232490013]}},{"type":"Feature","properties":{"Country/Region":"France","Province/State":"Normandie","Code":"28","Population":{"Total":3303500,"Under19":781337,"Under39":727044,"Under59":842963,"Under74":615474,"Over75":336682},"Beds":{"Resuscitation":240,"IntensiveCare":548,"Total":788},"Deaths":1780,"Recovered":6863,"Severe":1312,"Critical":89,"Emergencies":{"Suspected":23,"Total":1510,"Severe":15,"Suspected/Accumulated":10226,"Total/Accumulated":608135,"Severe/Accumulated":4913},"MedicalActs":{"Suspected":27,"Total":567,"Suspected/Accumulated":10053,"Total/Accumulated":149983},"PCRTests":{"Total":2248,"Confirmed":117,"Total/Accumulated":1652125,"Confirmed/Accumulated":106679},"Confirmed":912,"MedicalTests":{"Total/Accumulated":17253,"Confirmed/Accumulated":1385}},"geometry":{"type":"Point","coordinates":[-0.022673401869158984,49.066630336448576]}},{"type":"Feature","properties":{"Country/Region":"France","Province/State":"Hauts-de-France","Code":"32","Population":{"Total":5962662,"Under19":1525538,"Under39":1443348,"Under59":1522690,"Under74":994313,"Over75":476773},"Beds":{"Resuscitation":438,"IntensiveCare":1338,"Total":1776},"Deaths":5080,"Recovered":20012,"Severe":2425,"Critical":277,"Emergencies":{"Suspected":70,"Total":2349,"Severe":25,"Suspected/Accumulated":24011,"Total/Accumulated":918769,"Severe/Accumulated":9458},"MedicalActs":{"Suspected":23,"Total":709,"Suspected/Accumulated":14628,"Total/Accumulated":288992},"PCRTests":{"Total":3798,"Confirmed":278,"Total/Accumulated":3490673,"Confirmed/Accumulated":289984},"Confirmed":3011,"MedicalTests":{"Total/Accumulated":31790,"Confirmed/Accumulated":3410}},"geometry":{"type":"Point","coordinates":[2.8852615671641804,49.86155781716422]}},{"type":"Feature","properties":{"Country/Region":"France","Province/State":"Grand Est","Code":"44","Population":{"Total":5511747,"Under19":1258123,"Under39":1291962,"Under59":1448828,"Under74":988178,"Over75":524656},"Beds":{"Resuscitation":465,"IntensiveCare":840,"Total":1305},"Deaths":6892,"Recovered":24075,"Severe":3035,"Critical":324,"Emergencies":{"Suspected":88,"Total":2558,"Severe":60,"Suspected/Accumulated":29836,"Total/Accumulated":912981,"Severe/Accumulated":15875},"MedicalActs":{"Suspected":42,"Total":895,"Suspected/Accumulated":14078,"Total/Accumulated":211775},"PCRTests":{"Total":2538,"Confirmed":179,"Total/Accumulated":3417286,"Confirmed/Accumulated":224033},"Confirmed":5479,"MedicalTests":{"Total/Accumulated":24982,"Confirmed/Accumulated":3702}},"geometry":{"type":"Point","coordinates":[5.509890203045682,48.670969771573546]}},{"type":"Feature","properties":{"Country/Region":"France","Province/State":"Pays de la Loire","Code":"52","Population":{"Total":3801797,"Under19":933509,"Under39":853729,"Under59":970508,"Under74":667531,"Over75":376520},"Beds":{"Resuscitation":181,"IntensiveCare":572,"Total":753},"Deaths":1619,"Recovered":7096,"Severe":963,"Critical":92,"Emergencies":{"Suspected":33,"Total":1389,"Severe":23,"Suspected/Accumulated":15491,"Total/Accumulated":530331,"Severe/Accumulated":8471},"MedicalActs":{"Suspected":16,"Total":595,"Suspected/Accumulated":8569,"Total/Accumulated":159461},"PCRTests":{"Total":2716,"Confirmed":184,"Total/Accumulated":1885546,"Confirmed/Accumulated":111050},"Confirmed":1630,"MedicalTests":{"Total/Accumulated":1941,"Confirmed/Accumulated":78}},"geometry":{"type":"Point","coordinates":[-0.8763313771517983,47.44186302034428]}},{"type":"Feature","properties":{"Country/Region":"France","Province/State":"Bretagne","Code":"53","Population":{"Total":3340379,"Under19":773631,"Under39":714512,"Under59":866988,"Under74":632104,"Over75":353144},"Beds":{"Resuscitation":162,"IntensiveCare":462,"Total":624},"Deaths":847,"Recovered":3833,"Severe":638,"Critical":39,"Emergencies":{"Suspected":12,"Total":1538,"Severe":7,"Suspected/Accumulated":10265,"Total/Accumulated":562964,"Severe/Accumulated":4169},"MedicalActs":{"Suspected":8,"Total":457,"Suspected/Accumulated":5386,"Total/Accumulated":117810},"PCRTests":{"Total":1691,"Confirmed":76,"Total/Accumulated":1454686,"Confirmed/Accumulated":65407},"Confirmed":962,"MedicalTests":{"Total/Accumulated":698,"Confirmed/Accumulated":25}},"geometry":{"type":"Point","coordinates":[-3.104342941176476,48.146701189258316]}},{"type":"Feature","properties":{"Country/Region":"France","Province/State":"Nouvelle-Aquitaine","Code":"75","Population":{"Total":5999982,"Under19":1293321,"Under39":1274746,"Under59":1561754,"Under74":1177229,"Over75":692932},"Beds":{"Resuscitation":412,"IntensiveCare":946,"Total":1358},"Deaths":2109,"Recovered":9037,"Severe":1417,"Critical":194,"Emergencies":{"Suspected":70,"Total":2679,"Severe":35,"Suspected/Accumulated":20079,"Total/Accumulated":1077394,"Severe/Accumulated":10156},"MedicalActs":{"Suspected":50,"Total":1459,"Suspected/Accumulated":19712,"Total/Accumulated":383194},"PCRTests":{"Total":2687,"Confirmed":173,"Total/Accumulated":2953480,"Confirmed/Accumulated":164858},"Confirmed":1007,"MedicalTests":{"Total/Accumulated":33043,"Confirmed/Accumulated":961}},"geometry":{"type":"Point","coordinates":[0.16186906163753495,45.156971701931916]}},{"type":"Feature","properties":{"Country/Region":"France","Province/State":"Occitanie","Code":"76","Population":{"Total":5924858,"Under19":1320456,"Under39":1330125,"Under59":1526711,"Under74":1099893,"Over75":647673},"Beds":{"Resuscitation":474,"IntensiveCare":1206,"Total":1680},"Deaths":2458,"Recovered":11446,"Severe":1622,"Critical":218,"Emergencies":{"Suspected":73,"Total":2863,"Severe":35,"Suspected/Accumulated":20183,"Total/Accumulated":1093393,"Severe/Accumulated":9599},"MedicalActs":{"Suspected":25,"Total":602,"Suspected/Accumulated":7725,"Total/Accumulated":133053},"PCRTests":{"Total":3101,"Confirmed":240,"Total/Accumulated":3346679,"Confirmed/Accumulated":224435},"Confirmed":2374,"MedicalTests":{"Total/Accumulated":83743,"Confirmed/Accumulated":2680}},"geometry":{"type":"Point","coordinates":[1.988214846153848,43.761180626373644]}},{"type":"Feature","properties":{"Country/Region":"France","Province/State":"Auvergne-Rhône-Alpes","Code":"84","Population":{"Total":8032377,"Under19":1940253,"Under39":1900702,"Under59":2079813,"Under74":1340003,"Over75":771606},"Beds":{"Resuscitation":559,"IntensiveCare":1136,"Total":1695},"Deaths":7708,"Recovered":31729,"Severe":3832,"Critical":409,"Emergencies":{"Suspected":128,"Total":3651,"Severe":65,"Suspected/Accumulated":45096,"Total/Accumulated":1363909,"Severe/Accumulated":21296},"MedicalActs":{"Suspected":40,"Total":1029,"Suspected/Accumulated":25462,"Total/Accumulated":299405},"PCRTests":{"Total":3552,"Confirmed":323,"Total/Accumulated":4813444,"Confirmed/Accumulated":507654},"Confirmed":2093,"MedicalTests":{"Total/Accumulated":27674,"Confirmed/Accumulated":2153}},"geometry":{"type":"Point","coordinates":[4.515179591651545,45.475403602540794]}},{"type":"Feature","properties":{"Country/Region":"France","Province/State":"Guadeloupe","Code":"01","Population":{"Total":376879,"Under19":90617,"Under39":71707,"Under59":109452,"Under74":70936,"Over75":34167},"Beds":{"Resuscitation":27,"IntensiveCare":68,"Total":95},"Deaths":169,"Recovered":785,"Severe":48,"Critical":5,"Emergencies":{"Suspected":1,"Total":197,"Suspected/Accumulated":1685,"Total/Accumulated":69259,"Severe/Accumulated":765},"PCRTests":{"Total":112,"Confirmed":2,"Total/Accumulated":97334,"Confirmed/Accumulated":8824},"Confirmed":106,"MedicalTests":{"Total/Accumulated":51,"Confirmed/Accumulated":17}},"geometry":{"type":"Point","coordinates":[-61.493846272189366,16.20469674556213]}},{"type":"Feature","properties":{"Country/Region":"France","Province/State":"Martinique","Code":"02","Population":{"Total":358749,"Under19":77005,"Under39":65776,"Under59":105638,"Under74":72163,"Over75":38167},"Beds":{"Resuscitation":26,"IntensiveCare":58,"Total":84},"Deaths":45,"Recovered":379,"Severe":12,"Critical":2,"MedicalActs":{"Total":78,"Suspected/Accumulated":647,"Total/Accumulated":35183},"PCRTests":{"Total":60,"Confirmed":1,"Total/Accumulated":113743,"Confirmed/Accumulated":6168},"Confirmed":111,"MedicalTests":{"Total/Accumulated":29,"Confirmed/Accumulated":6}},"geometry":{"type":"Point","coordinates":[-60.98265692913386,14.6217557480315]}},{"type":"Feature","properties":{"Country/Region":"France","Province/State":"Provence-Alpes-Côte d'Azur","Code":"93","Population":{"Total":5055651,"Under19":1128765,"Under39":1109058,"Under59":1309879,"Under74":927347,"Over75":580602},"Beds":{"Resuscitation":460,"IntensiveCare":802,"Total":1262},"Deaths":4252,"Recovered":21403,"Severe":3145,"Critical":376,"Emergencies":{"Suspected":158,"Total":3067,"Severe":104,"Suspected/Accumulated":29968,"Total/Accumulated":1083855,"Severe/Accumulated":16699},"MedicalActs":{"Suspected":56,"Total":1005,"Suspected/Accumulated":17602,"Total/Accumulated":268982},"PCRTests":{"Total":4933,"Confirmed":502,"Total/Accumulated":3783557,"Confirmed/Accumulated":276652},"Confirmed":1927,"MedicalTests":{"Total/Accumulated":80858,"Confirmed/Accumulated":4204}},"geometry":{"type":"Point","coordinates":[5.940587832647462,43.96417941015098]}},{"type":"Feature","properties":{"Country/Region":"France","Province/State":"Corse","Code":"94","Population":{"Total":344679,"Under19":68555,"Under39":76985,"Under59":93175,"Under74":65675,"Over75":40289},"Beds":{"Resuscitation":18,"IntensiveCare":42,"Total":60},"Deaths":123,"Recovered":542,"Severe":45,"Critical":8,"Emergencies":{"Suspected":2,"Total":157,"Severe":2,"Suspected/Accumulated":2729,"Total/Accumulated":71692,"Severe/Accumulated":2384},"MedicalActs":{"Suspected":6,"Total":102,"Suspected/Accumulated":1560,"Total/Accumulated":26365},"PCRTests":{"Total":282,"Confirmed":13,"Total/Accumulated":234682,"Confirmed/Accumulated":8192},"Confirmed":263},"geometry":{"type":"Point","coordinates":[9.019688964401293,42.118564077669916]}},{"type":"Feature","properties":{"Country/Region":"France","Province/State":"Guyane","Code":"03","Population":{"Total":290691,"Under19":120681,"Under39":80023,"Under59":61783,"Under74":22111,"Over75":6093},"Beds":{"Resuscitation":13,"IntensiveCare":12,"Total":25},"Deaths":72,"Recovered":2087,"Severe":45,"Critical":9,"Emergencies":{"Suspected":5,"Total":217,"Severe":1,"Suspected/Accumulated":2331,"Total/Accumulated":65463,"Severe/Accumulated":1052},"PCRTests":{"Total":73,"Confirmed":4,"Total/Accumulated":132877,"Confirmed/Accumulated":14273},"Confirmed":43,"MedicalTests":{"Total/Accumulated":35,"Confirmed/Accumulated":4}},"geometry":{"type":"Point","coordinates":[-53.41731165390502,3.588901056661561]}},{"type":"Feature","properties":{"Country/Region":"France","Province/State":"La Réunion","Code":"04","Population":{"Total":859959,"Under19":256143,"Under39":202783,"Under59":239212,"Under74":117045,"Over75":44776},"Beds":{"Resuscitation":52,"IntensiveCare":154,"Total":206},"Deaths":54,"Recovered":759,"Severe":42,"Critical":7,"Emergencies":{"Suspected":2,"Total":349,"Severe":2,"Suspected/Accumulated":937,"Total/Accumulated":124709,"Severe/Accumulated":547},"PCRTests":{"Total":480,"Confirmed":6,"Total/Accumulated":354398,"Confirmed/Accumulated":9971},"Confirmed":94,"MedicalTests":{"Total/Accumulated":19,"Confirmed/Accumulated":1}},"geometry":{"type":"Point","coordinates":[55.52943947368424,-21.1374047368421]}},{"type":"Feature","properties":{"Country/Region":"France","Province/State":"Mayotte","Code":"06","Population":{"Total":279471,"Under19":150257,"Under39":74348,"Under59":42900,"Under74":9521,"Over75":2445},"Beds":{"Resuscitation":6,"IntensiveCare":0,"Total":6},"Deaths":45,"Recovered":570,"Severe":23,"Critical":5,"Emergencies":{"Suspected":2,"Total":112,"Suspected/Accumulated":2027,"Total/Accumulated":35261,"Severe/Accumulated":299},"PCRTests":{"Total":177,"Confirmed":23,"Total/Accumulated":58296,"Confirmed/Accumulated":5905},"Confirmed":128,"MedicalTests":{"Total/Accumulated":4,"Confirmed/Accumulated":1}},"geometry":{"type":"Point","coordinates":[45.14160071428572,-12.835344166666673]}}]}