{"type":"FeatureCollection","features":[{"type":"Feature","properties":{"Country/Region":"France","Province/State":"Île-de-France","Code":"11","Population":{"Total":12278210,"Under19":3140965,"Under39":3409765,"Under59":3210447,"Under74":1658207,"Over75":858826},"Beds":{"Resuscitation":1147,"IntensiveCare":2512,"Total":3659},"Confirmed":1240,"Emergencies":{"Suspected":502,"Total":6087,"Severe":102,"Suspected/Accumulated":2377,"Total/Accumulated":101876,"Severe/Accumulated":627},"MedicalActs":{"Suspected":195,"Total":2433,"Suspected/Accumulated":642,"Total/Accumulated":30507},"MedicalTests":{"Total":136,"Confirmed":44,"Total/Accumulated":659,"Confirmed/Accumulated":178},"Deaths":4},"geometry":{"type":"Point","coordinates":[2.5292589766081885,48.704415292397634]}},{"type":"Feature","properties":{"Country/Region":"France","Province/State":"Centre-Val de Loire","Code":"24","Population":{"Total":2559073,"Under19":598570,"Under39":541141,"Under59":661150,"Under74":478923,"Over75":279289},"Beds":{"Resuscitation":180,"IntensiveCare":346,"Total":526},"Confirmed":71,"Emergencies":{"Suspected":12,"Total":1172,"Severe":5,"Suspected/Accumulated":76,"Total/Accumulated":21163,"Severe/Accumulated":12},"MedicalActs":{"Suspected":6,"Total":429,"Suspected/Accumulated":13,"Total/Accumulated":6736},"MedicalTests":{"Total":2,"Total/Accumulated":15,"Confirmed/Accumulated":4}},"geometry":{"type":"Point","coordinates":[1.6429664800000017,47.54357092799999]}},{"type":"Feature","properties":{"Country/Region":"France","Province/State":"Bourgogne-Franche-Comté","Code":"27","Population":{"Total":2783039,"Under19":627017,"Under39":591411,"Under59":715664,"Under74":540051,"Over75":308896},"Beds":{"Resuscitation":198,"IntensiveCare":642,"Total":840},"Confirmed":412,"Deaths":6,"Critical":25,"Emergencies":{"Suspected":68,"Total":1531,"Severe":28,"Suspected/Accumulated":696,"Total/Accumulated":26318,"Severe/Accumulated":285},"MedicalActs":{"Suspected":30,"Total":358,"Suspected/Accumulated":100,"Total/Accumulated":5284},"MedicalTests":{"Total":2,"Confirmed":1,"Total/Accumulated":9,"Confirmed/Accumulated":1}},"geometry":{"type":"Point","coordinates":[4.731409826897467,47.2969232490013]}},{"type":"Feature","properties":{"Country/Region":"France","Province/State":"Normandie","Code":"28","Population":{"Total":3303500,"Under19":781337,"Under39":727044,"Under59":842963,"Under74":615474,"Over75":336682},"Beds":{"Resuscitation":240,"IntensiveCare":548,"Total":788},"Confirmed":143,"Deaths":1,"Severe":19,"Emergencies":{"Suspected":43,"Total":1598,"Severe":4,"Suspected/Accumulated":196,"Total/Accumulated":30167,"Severe/Accumulated":32},"MedicalActs":{"Suspected":31,"Total":794,"Suspected/Accumulated":83,"Total/Accumulated":9563},"MedicalTests":{"Total":1,"Confirmed":1,"Total/Accumulated":22,"Confirmed/Accumulated":2}},"geometry":{"type":"Point","coordinates":[-0.022673401869158984,49.066630336448576]}},{"type":"Feature","properties":{"Country/Region":"France","Province/State":"Hauts-de-France","Code":"32","Population":{"Total":5962662,"Under19":1525538,"Under39":1443348,"Under59":1522690,"Under74":994313,"Over75":476773},"Beds":{"Resuscitation":438,"IntensiveCare":1338,"Total":1776},"Confirmed":507,"Emergencies":{"Suspected":68,"Total":2349,"Severe":19,"Suspected/Accumulated":532,"Total/Accumulated":45678,"Severe/Accumulated":116},"MedicalActs":{"Suspected":37,"Total":1241,"Suspected/Accumulated":95,"Total/Accumulated":20056},"MedicalTests":{"Total":1,"Total/Accumulated":12,"Confirmed/Accumulated":3},"Deaths":29},"geometry":{"type":"Point","coordinates":[2.8852615671641804,49.86155781716422]}},{"type":"Feature","properties":{"Country/Region":"France","Province/State":"Grand Est","Code":"44","Population":{"Total":5511747,"Under19":1258123,"Under39":1291962,"Under59":1448828,"Under74":988178,"Over75":524656},"Beds":{"Resuscitation":465,"IntensiveCare":840,"Total":1305},"Confirmed":1378,"Deaths":45,"Emergencies":{"Suspected":186,"Total":2696,"Severe":77,"Suspected/Accumulated":813,"Total/Accumulated":45632,"Severe/Accumulated":377},"MedicalActs":{"Suspected":66,"Total":1256,"Suspected/Accumulated":352,"Total/Accumulated":12039},"MedicalTests":{"Total":5,"Confirmed":2,"Total/Accumulated":79,"Confirmed/Accumulated":25}},"geometry":{"type":"Point","coordinates":[5.509890203045682,48.670969771573546]}},{"type":"Feature","properties":{"Country/Region":"France","Province/State":"Pays de la Loire","Code":"52","Population":{"Total":3801797,"Under19":933509,"Under39":853729,"Under59":970508,"Under74":667531,"Over75":376520},"Beds":{"Resuscitation":181,"IntensiveCare":572,"Total":753},"Confirmed":99,"Recovered":4,"Emergencies":{"Suspected":54,"Total":1246,"Severe":15,"Suspected/Accumulated":553,"Total/Accumulated":23344,"Severe/Accumulated":127},"MedicalActs":{"Suspected":54,"Total":653,"Suspected/Accumulated":93,"Total/Accumulated":8340},"MedicalTests":{"Total/Accumulated":1}},"geometry":{"type":"Point","coordinates":[-0.8763313771517983,47.44186302034428]}},{"type":"Feature","properties":{"Country/Region":"France","Province/State":"Bretagne","Code":"53","Population":{"Total":3340379,"Under19":773631,"Under39":714512,"Under59":866988,"Under74":632104,"Over75":353144},"Beds":{"Resuscitation":162,"IntensiveCare":462,"Total":624},"Confirmed":207,"Deaths":3,"Emergencies":{"Suspected":51,"Total":1480,"Severe":7,"Suspected/Accumulated":713,"Total/Accumulated":26014,"Severe/Accumulated":22},"MedicalActs":{"Suspected":27,"Total":686,"Suspected/Accumulated":38,"Total/Accumulated":6898},"MedicalTests":{"Total/Accumulated":2,"Confirmed/Accumulated":1}},"geometry":{"type":"Point","coordinates":[-3.104342941176476,48.146701189258316]}},{"type":"Feature","properties":{"Country/Region":"France","Province/State":"Nouvelle-Aquitaine","Code":"75","Population":{"Total":5999982,"Under19":1293321,"Under39":1274746,"Under59":1561754,"Under74":1177229,"Over75":692932},"Beds":{"Resuscitation":412,"IntensiveCare":946,"Total":1358},"Confirmed":152,"Deaths":2,"Recovered":2,"Emergencies":{"Suspected":64,"Total":2744,"Severe":10,"Suspected/Accumulated":590,"Total/Accumulated":49116,"Severe/Accumulated":74},"MedicalActs":{"Suspected":186,"Total":1753,"Suspected/Accumulated":444,"Total/Accumulated":22233},"MedicalTests":{"Total":17,"Total/Accumulated":85}},"geometry":{"type":"Point","coordinates":[0.16186906163753495,45.156971701931916]}},{"type":"Feature","properties":{"Country/Region":"France","Province/State":"Occitanie","Code":"76","Population":{"Total":5924858,"Under19":1320456,"Under39":1330125,"Under59":1526711,"Under74":1099893,"Over75":647673},"Beds":{"Resuscitation":474,"IntensiveCare":1206,"Total":1680},"Confirmed":254,"Deaths":1,"Recovered":3,"Critical":23,"Emergencies":{"Suspected":107,"Total":2846,"Severe":47,"Suspected/Accumulated":471,"Total/Accumulated":52935,"Severe/Accumulated":188},"MedicalActs":{"Suspected":75,"Total":804,"Suspected/Accumulated":121,"Total/Accumulated":7659},"MedicalTests":{"Total":8,"Total/Accumulated":35,"Confirmed/Accumulated":1}},"geometry":{"type":"Point","coordinates":[1.988214846153848,43.761180626373644]}},{"type":"Feature","properties":{"Country/Region":"France","Province/State":"Auvergne-Rhône-Alpes","Code":"84","Population":{"Total":8032377,"Under19":1940253,"Under39":1900702,"Under59":2079813,"Under74":1340003,"Over75":771606},"Beds":{"Resuscitation":559,"IntensiveCare":1136,"Total":1695},"Confirmed":523,"Deaths":18,"Recovered":8,"Emergencies":{"Suspected":63,"Total":3706,"Severe":29,"Suspected/Accumulated":425,"Total/Accumulated":67187,"Severe/Accumulated":199},"MedicalActs":{"Suspected":114,"Total":1184,"Suspected/Accumulated":314,"Total/Accumulated":16257},"MedicalTests":{"Total/Accumulated":47,"Confirmed/Accumulated":4}},"geometry":{"type":"Point","coordinates":[4.515179591651545,45.475403602540794]}},{"type":"Feature","properties":{"Country/Region":"France","Province/State":"Guadeloupe","Code":"01","Population":{"Total":376879,"Under19":90617,"Under39":71707,"Under59":109452,"Under74":70936,"Over75":34167},"Beds":{"Resuscitation":27,"IntensiveCare":68,"Total":95},"Confirmed":6,"Emergencies":{"Total":180,"Total/Accumulated":3516}},"geometry":{"type":"Point","coordinates":[-61.493846272189366,16.20469674556213]}},{"type":"Feature","properties":{"Country/Region":"France","Province/State":"Martinique","Code":"02","Population":{"Total":358749,"Under19":77005,"Under39":65776,"Under59":105638,"Under74":72163,"Over75":38167},"Beds":{"Resuscitation":26,"IntensiveCare":58,"Total":84},"Confirmed":15,"MedicalActs":{"Total":100,"Total/Accumulated":1987}},"geometry":{"type":"Point","coordinates":[-60.98265692913386,14.6217557480315]}},{"type":"Feature","properties":{"Country/Region":"France","Province/State":"Provence-Alpes-Côte d'Azur","Code":"93","Population":{"Total":5055651,"Under19":1128765,"Under39":1109058,"Under59":1309879,"Under74":927347,"Over75":580602},"Beds":{"Resuscitation":460,"IntensiveCare":802,"Total":1262},"Confirmed":330,"Emergencies":{"Suspected":88,"Total":3074,"Severe":39,"Suspected/Accumulated":653,"Total/Accumulated":51703,"Severe/Accumulated":349},"MedicalActs":{"Suspected":104,"Total":1158,"Suspected/Accumulated":191,"Total/Accumulated":14216},"MedicalTests":{"Total":2,"Confirmed":1,"Total/Accumulated":69,"Confirmed/Accumulated":2}},"geometry":{"type":"Point","coordinates":[5.940587832647462,43.96417941015098]}},{"type":"Feature","properties":{"Country/Region":"France","Province/State":"Corse","Code":"94","Population":{"Total":344679,"Under19":68555,"Under39":76985,"Under59":93175,"Under74":65675,"Over75":40289},"Beds":{"Resuscitation":18,"IntensiveCare":42,"Total":60},"Confirmed":115,"Deaths":5,"Critical":2,"Emergencies":{"Suspected":35,"Total":146,"Severe":35,"Suspected/Accumulated":266,"Total/Accumulated":2854,"Severe/Accumulated":256},"MedicalActs":{"Suspected":47,"Total":100,"Suspected/Accumulated":63,"Total/Accumulated":970}},"geometry":{"type":"Point","coordinates":[9.019688964401293,42.118564077669916]}},{"type":"Feature","properties":{"Country/Region":"France","Province/State":"Guyane","Code":"03","Population":{"Total":290691,"Under19":120681,"Under39":80023,"Under59":61783,"Under74":22111,"Over75":6093},"Beds":{"Resuscitation":13,"IntensiveCare":12,"Total":25},"Confirmed":11,"Recovered":3,"Emergencies":{"Total":224,"Suspected/Accumulated":1,"Total/Accumulated":3912}},"geometry":{"type":"Point","coordinates":[-53.41731165390502,3.588901056661561]}},{"type":"Feature","properties":{"Country/Region":"France","Province/State":"La Réunion","Code":"04","Population":{"Total":859959,"Under19":256143,"Under39":202783,"Under59":239212,"Under74":117045,"Over75":44776},"Beds":{"Resuscitation":52,"IntensiveCare":154,"Total":206},"Confirmed":9,"Emergencies":{"Total":444,"Suspected/Accumulated":56,"Total/Accumulated":7108,"Severe/Accumulated":53}},"geometry":{"type":"Point","coordinates":[55.52943947368424,-21.1374047368421]}},{"type":"Feature","properties":{"Country/Region":"France","Province/State":"Mayotte","Code":"06","Population":{"Total":279471,"Under19":150257,"Under39":74348,"Under59":42900,"Under74":9521,"Over75":2445},"Beds":{"Resuscitation":6,"IntensiveCare":0,"Total":6},"Confirmed":1,"Emergencies":{"Total":136,"Total/Accumulated":1786}},"geometry":{"type":"Point","coordinates":[45.14160071428572,-12.835344166666673]}}]}