{"type":"FeatureCollection","features":[{"type":"Feature","properties":{"Country/Region":"France","Province/State":"Île-de-France","Code":"11","Population":{"Total":12278210,"Under19":3140965,"Under39":3409765,"Under59":3210447,"Under74":1658207,"Over75":858826},"Beds":{"Resuscitation":1147,"IntensiveCare":2512,"Total":3659},"Deaths":688,"Recovered":1937,"Severe":6523,"Critical":1570,"Emergencies":{"Suspected":1760,"Total":5193,"Severe":544,"Suspected/Accumulated":18548,"Total/Accumulated":168241,"Severe/Accumulated":5733},"MedicalActs":{"Suspected":518,"Total":1722,"Suspected/Accumulated":5206,"Total/Accumulated":50349},"MedicalTests":{"Total":738,"Confirmed":325,"Total/Accumulated":12382,"Confirmed/Accumulated":5398},"Confirmed":7660},"geometry":{"type":"Point","coordinates":[2.5292589766081885,48.704415292397634]}},{"type":"Feature","properties":{"Country/Region":"France","Province/State":"Centre-Val de Loire","Code":"24","Population":{"Total":2559073,"Under19":598570,"Under39":541141,"Under59":661150,"Under74":478923,"Over75":279289},"Beds":{"Resuscitation":180,"IntensiveCare":346,"Total":526},"Confirmed":1030,"Deaths":35,"Recovered":77,"Severe":293,"Critical":89,"Emergencies":{"Suspected":112,"Total":920,"Severe":33,"Suspected/Accumulated":927,"Total/Accumulated":32798,"Severe/Accumulated":238},"MedicalActs":{"Suspected":33,"Total":333,"Suspected/Accumulated":262,"Total/Accumulated":10336},"MedicalTests":{"Total":113,"Confirmed":26,"Total/Accumulated":1556,"Confirmed/Accumulated":394}},"geometry":{"type":"Point","coordinates":[1.6429664800000017,47.54357092799999]}},{"type":"Feature","properties":{"Country/Region":"France","Province/State":"Bourgogne-Franche-Comté","Code":"27","Population":{"Total":2783039,"Under19":627017,"Under39":591411,"Under59":715664,"Under74":540051,"Over75":308896},"Beds":{"Resuscitation":198,"IntensiveCare":642,"Total":840},"Deaths":148,"Recovered":493,"Severe":787,"Critical":194,"Emergencies":{"Suspected":317,"Total":1186,"Severe":130,"Suspected/Accumulated":3809,"Total/Accumulated":41723,"Severe/Accumulated":1541},"MedicalActs":{"Suspected":63,"Total":286,"Suspected/Accumulated":726,"Total/Accumulated":8340},"MedicalTests":{"Total":34,"Confirmed":16,"Total/Accumulated":1174,"Confirmed/Accumulated":277},"Confirmed":1569},"geometry":{"type":"Point","coordinates":[4.731409826897467,47.2969232490013]}},{"type":"Feature","properties":{"Country/Region":"France","Province/State":"Normandie","Code":"28","Population":{"Total":3303500,"Under19":781337,"Under39":727044,"Under59":842963,"Under74":615474,"Over75":336682},"Beds":{"Resuscitation":240,"IntensiveCare":548,"Total":788},"Deaths":26,"Recovered":95,"Severe":385,"Critical":111,"Emergencies":{"Suspected":122,"Total":1218,"Severe":41,"Suspected/Accumulated":1372,"Total/Accumulated":45887,"Severe/Accumulated":355},"MedicalActs":{"Suspected":170,"Total":553,"Suspected/Accumulated":1123,"Total/Accumulated":14708},"MedicalTests":{"Total":55,"Confirmed":4,"Total/Accumulated":1422,"Confirmed/Accumulated":266},"Confirmed":912},"geometry":{"type":"Point","coordinates":[-0.022673401869158984,49.066630336448576]}},{"type":"Feature","properties":{"Country/Region":"France","Province/State":"Hauts-de-France","Code":"32","Population":{"Total":5962662,"Under19":1525538,"Under39":1443348,"Under59":1522690,"Under74":994313,"Over75":476773},"Beds":{"Resuscitation":438,"IntensiveCare":1338,"Total":1776},"Confirmed":2498,"Deaths":196,"Recovered":452,"Severe":1132,"Critical":329,"Emergencies":{"Suspected":362,"Total":1907,"Severe":114,"Suspected/Accumulated":3409,"Total/Accumulated":69375,"Severe/Accumulated":1146},"MedicalActs":{"Suspected":224,"Total":935,"Suspected/Accumulated":1640,"Total/Accumulated":30669},"MedicalTests":{"Total":80,"Confirmed":26,"Total/Accumulated":1356,"Confirmed/Accumulated":470}},"geometry":{"type":"Point","coordinates":[2.8852615671641804,49.86155781716422]}},{"type":"Feature","properties":{"Country/Region":"France","Province/State":"Grand Est","Code":"44","Population":{"Total":5511747,"Under19":1258123,"Under39":1291962,"Under59":1448828,"Under74":988178,"Over75":524656},"Beds":{"Resuscitation":465,"IntensiveCare":840,"Total":1305},"Deaths":753,"Recovered":1264,"Severe":3525,"Critical":756,"Emergencies":{"Suspected":612,"Total":2327,"Severe":274,"Suspected/Accumulated":6897,"Total/Accumulated":73384,"Severe/Accumulated":3365},"MedicalActs":{"Suspected":299,"Total":927,"Suspected/Accumulated":2333,"Total/Accumulated":22067},"MedicalTests":{"Total":116,"Confirmed":39,"Total/Accumulated":2456,"Confirmed/Accumulated":794},"Confirmed":5479},"geometry":{"type":"Point","coordinates":[5.509890203045682,48.670969771573546]}},{"type":"Feature","properties":{"Country/Region":"France","Province/State":"Pays de la Loire","Code":"52","Population":{"Total":3801797,"Under19":933509,"Under39":853729,"Under59":970508,"Under74":667531,"Over75":376520},"Beds":{"Resuscitation":181,"IntensiveCare":572,"Total":753},"Confirmed":637,"Deaths":42,"Recovered":163,"Severe":441,"Critical":103,"Emergencies":{"Suspected":207,"Total":1068,"Severe":94,"Suspected/Accumulated":2288,"Total/Accumulated":36843,"Severe/Accumulated":865},"MedicalActs":{"Suspected":133,"Total":532,"Suspected/Accumulated":1195,"Total/Accumulated":14276},"MedicalTests":{"Total":8,"Confirmed":2,"Total/Accumulated":269,"Confirmed/Accumulated":33}},"geometry":{"type":"Point","coordinates":[-0.8763313771517983,47.44186302034428]}},{"type":"Feature","properties":{"Country/Region":"France","Province/State":"Bretagne","Code":"53","Population":{"Total":3340379,"Under19":773631,"Under39":714512,"Under59":866988,"Under74":632104,"Over75":353144},"Beds":{"Resuscitation":162,"IntensiveCare":462,"Total":624},"Confirmed":889,"Deaths":37,"Recovered":145,"Severe":240,"Critical":57,"Emergencies":{"Suspected":123,"Total":1178,"Severe":45,"Suspected/Accumulated":2014,"Total/Accumulated":41688,"Severe/Accumulated":401},"MedicalActs":{"Suspected":59,"Total":466,"Suspected/Accumulated":407,"Total/Accumulated":11544},"MedicalTests":{"Total":2,"Total/Accumulated":53,"Confirmed/Accumulated":9}},"geometry":{"type":"Point","coordinates":[-3.104342941176476,48.146701189258316]}},{"type":"Feature","properties":{"Country/Region":"France","Province/State":"Nouvelle-Aquitaine","Code":"75","Population":{"Total":5999982,"Under19":1293321,"Under39":1274746,"Under59":1561754,"Under74":1177229,"Over75":692932},"Beds":{"Resuscitation":412,"IntensiveCare":946,"Total":1358},"Deaths":50,"Recovered":211,"Severe":490,"Critical":127,"Emergencies":{"Suspected":311,"Total":2210,"Severe":119,"Suspected/Accumulated":3409,"Total/Accumulated":76551,"Severe/Accumulated":1075},"MedicalActs":{"Suspected":322,"Total":1380,"Suspected/Accumulated":3038,"Total/Accumulated":37421},"MedicalTests":{"Total":110,"Confirmed":9,"Total/Accumulated":2383,"Confirmed/Accumulated":240},"Confirmed":1007},"geometry":{"type":"Point","coordinates":[0.16186906163753495,45.156971701931916]}},{"type":"Feature","properties":{"Country/Region":"France","Province/State":"Occitanie","Code":"76","Population":{"Total":5924858,"Under19":1320456,"Under39":1330125,"Under59":1526711,"Under74":1099893,"Over75":647673},"Beds":{"Resuscitation":474,"IntensiveCare":1206,"Total":1680},"Confirmed":1823,"Deaths":68,"Recovered":314,"Severe":706,"Critical":212,"Emergencies":{"Suspected":270,"Total":2080,"Severe":132,"Suspected/Accumulated":2287,"Total/Accumulated":79367,"Severe/Accumulated":952},"MedicalActs":{"Suspected":130,"Total":563,"Suspected/Accumulated":1029,"Total/Accumulated":12883},"MedicalTests":{"Total":247,"Confirmed":34,"Total/Accumulated":4933,"Confirmed/Accumulated":763}},"geometry":{"type":"Point","coordinates":[1.988214846153848,43.761180626373644]}},{"type":"Feature","properties":{"Country/Region":"France","Province/State":"Auvergne-Rhône-Alpes","Code":"84","Population":{"Total":8032377,"Under19":1940253,"Under39":1900702,"Under59":2079813,"Under74":1340003,"Over75":771606},"Beds":{"Resuscitation":559,"IntensiveCare":1136,"Total":1695},"Deaths":196,"Recovered":709,"Severe":1943,"Critical":441,"Emergencies":{"Suspected":606,"Total":2769,"Severe":232,"Suspected/Accumulated":4986,"Total/Accumulated":102846,"Severe/Accumulated":2328},"MedicalActs":{"Suspected":271,"Total":1096,"Suspected/Accumulated":2495,"Total/Accumulated":27588},"MedicalTests":{"Total":146,"Confirmed":15,"Total/Accumulated":3756,"Confirmed/Accumulated":648},"Confirmed":2093},"geometry":{"type":"Point","coordinates":[4.515179591651545,45.475403602540794]}},{"type":"Feature","properties":{"Country/Region":"France","Province/State":"Guadeloupe","Code":"01","Population":{"Total":376879,"Under19":90617,"Under39":71707,"Under59":109452,"Under74":70936,"Over75":34167},"Beds":{"Resuscitation":27,"IntensiveCare":68,"Total":95},"Confirmed":102,"Deaths":1,"Recovered":20,"Severe":44,"Critical":13,"Emergencies":{"Suspected":10,"Total":159,"Severe":4,"Suspected/Accumulated":33,"Total/Accumulated":5420,"Severe/Accumulated":14},"MedicalTests":{"Total":2,"Confirmed":1,"Total/Accumulated":10,"Confirmed/Accumulated":4}},"geometry":{"type":"Point","coordinates":[-61.493846272189366,16.20469674556213]}},{"type":"Feature","properties":{"Country/Region":"France","Province/State":"Martinique","Code":"02","Population":{"Total":358749,"Under19":77005,"Under39":65776,"Under59":105638,"Under74":72163,"Over75":38167},"Beds":{"Resuscitation":26,"IntensiveCare":58,"Total":84},"Deaths":1,"Recovered":15,"Severe":53,"Critical":14,"MedicalActs":{"Suspected":4,"Total":89,"Suspected/Accumulated":5,"Total/Accumulated":3399},"Confirmed":93,"MedicalTests":{"Total/Accumulated":3,"Confirmed/Accumulated":1}},"geometry":{"type":"Point","coordinates":[-60.98265692913386,14.6217557480315]}},{"type":"Feature","properties":{"Country/Region":"France","Province/State":"Provence-Alpes-Côte d'Azur","Code":"93","Population":{"Total":5055651,"Under19":1128765,"Under39":1109058,"Under59":1309879,"Under74":927347,"Over75":580602},"Beds":{"Resuscitation":460,"IntensiveCare":802,"Total":1262},"Deaths":55,"Recovered":691,"Severe":934,"Critical":208,"Emergencies":{"Suspected":320,"Total":2382,"Severe":182,"Suspected/Accumulated":3565,"Total/Accumulated":81038,"Severe/Accumulated":1781},"MedicalActs":{"Suspected":228,"Total":1021,"Suspected/Accumulated":2186,"Total/Accumulated":24693},"MedicalTests":{"Total":242,"Confirmed":26,"Total/Accumulated":7191,"Confirmed/Accumulated":1200},"Confirmed":1927},"geometry":{"type":"Point","coordinates":[5.940587832647462,43.96417941015098]}},{"type":"Feature","properties":{"Country/Region":"France","Province/State":"Corse","Code":"94","Population":{"Total":344679,"Under19":68555,"Under39":76985,"Under59":93175,"Under74":65675,"Over75":40289},"Beds":{"Resuscitation":18,"IntensiveCare":42,"Total":60},"Deaths":21,"Recovered":71,"Severe":108,"Critical":18,"Emergencies":{"Suspected":41,"Total":126,"Severe":41,"Suspected/Accumulated":920,"Total/Accumulated":4693,"Severe/Accumulated":902},"MedicalActs":{"Suspected":31,"Total":63,"Suspected/Accumulated":246,"Total/Accumulated":1508},"Confirmed":263},"geometry":{"type":"Point","coordinates":[9.019688964401293,42.118564077669916]}},{"type":"Feature","properties":{"Country/Region":"France","Province/State":"Guyane","Code":"03","Population":{"Total":290691,"Under19":120681,"Under39":80023,"Under59":61783,"Under74":22111,"Over75":6093},"Beds":{"Resuscitation":13,"IntensiveCare":12,"Total":25},"Confirmed":37,"Recovered":15,"Emergencies":{"Suspected":1,"Total":169,"Severe":1,"Suspected/Accumulated":8,"Total/Accumulated":6139,"Severe/Accumulated":1},"MedicalTests":{"Total/Accumulated":12,"Confirmed/Accumulated":2}},"geometry":{"type":"Point","coordinates":[-53.41731165390502,3.588901056661561]}},{"type":"Feature","properties":{"Country/Region":"France","Province/State":"La Réunion","Code":"04","Population":{"Total":859959,"Under19":256143,"Under39":202783,"Under59":239212,"Under74":117045,"Over75":44776},"Beds":{"Resuscitation":52,"IntensiveCare":154,"Total":206},"Severe":15,"Critical":3,"Emergencies":{"Suspected":8,"Total":286,"Severe":5,"Suspected/Accumulated":94,"Total/Accumulated":10951,"Severe/Accumulated":71},"Confirmed":94,"MedicalTests":{"Total/Accumulated":1}},"geometry":{"type":"Point","coordinates":[55.52943947368424,-21.1374047368421]}},{"type":"Feature","properties":{"Country/Region":"France","Province/State":"Mayotte","Code":"06","Population":{"Total":279471,"Under19":150257,"Under39":74348,"Under59":42900,"Under74":9521,"Over75":2445},"Beds":{"Resuscitation":6,"IntensiveCare":0,"Total":6},"Confirmed":63,"Recovered":7,"Severe":7,"Critical":2,"Emergencies":{"Suspected":6,"Total":74,"Severe":2,"Suspected/Accumulated":59,"Total/Accumulated":2821,"Severe/Accumulated":9},"MedicalTests":{"Total":1,"Total/Accumulated":2,"Confirmed/Accumulated":1}},"geometry":{"type":"Point","coordinates":[45.14160071428572,-12.835344166666673]}}]}