{"type":"FeatureCollection","features":[{"type":"Feature","properties":{"Country/Region":"France","Province/State":"Île-de-France","Code":"11","Population":{"Total":12278210,"Under19":3140965,"Under39":3409765,"Under59":3210447,"Under74":1658207,"Over75":858826},"Beds":{"Resuscitation":1147,"IntensiveCare":2512,"Total":3659},"Deaths":8198,"Recovered":35533,"Severe":2493,"Critical":453,"Emergencies":{"Suspected":280,"Total":6661,"Severe":84,"Suspected/Accumulated":67436,"Total/Accumulated":1313602,"Severe/Accumulated":19411},"MedicalActs":{"Suspected":214,"Total":1613,"Suspected/Accumulated":23344,"Total/Accumulated":291205},"PCRTests":{"Total":37846,"Confirmed":6544,"Total/Accumulated":2498475,"Confirmed/Accumulated":163854},"Confirmed":7660,"MedicalTests":{"Total/Accumulated":85340,"Confirmed/Accumulated":18277}},"geometry":{"type":"Point","coordinates":[2.5292589766081885,48.704415292397634]}},{"type":"Feature","properties":{"Country/Region":"France","Province/State":"Centre-Val de Loire","Code":"24","Population":{"Total":2559073,"Under19":598570,"Under39":541141,"Under59":661150,"Under74":478923,"Over75":279289},"Beds":{"Resuscitation":180,"IntensiveCare":346,"Total":526},"Deaths":610,"Recovered":2632,"Severe":157,"Critical":28,"Emergencies":{"Suspected":22,"Total":1416,"Severe":7,"Suspected/Accumulated":6393,"Total/Accumulated":294069,"Severe/Accumulated":1640},"MedicalActs":{"Suspected":17,"Total":448,"Suspected/Accumulated":2854,"Total/Accumulated":75923},"PCRTests":{"Total":4560,"Confirmed":353,"Total/Accumulated":374631,"Confirmed/Accumulated":12275},"Confirmed":1157,"MedicalTests":{"Total/Accumulated":20197,"Confirmed/Accumulated":1858}},"geometry":{"type":"Point","coordinates":[1.6429664800000017,47.54357092799999]}},{"type":"Feature","properties":{"Country/Region":"France","Province/State":"Bourgogne-Franche-Comté","Code":"27","Population":{"Total":2783039,"Under19":627017,"Under39":591411,"Under59":715664,"Under74":540051,"Over75":308896},"Beds":{"Resuscitation":198,"IntensiveCare":642,"Total":840},"Deaths":1092,"Recovered":4351,"Severe":142,"Critical":30,"Emergencies":{"Suspected":31,"Total":1826,"Severe":10,"Suspected/Accumulated":13561,"Total/Accumulated":384799,"Severe/Accumulated":5460},"MedicalActs":{"Suspected":14,"Total":254,"Suspected/Accumulated":3592,"Total/Accumulated":54788},"PCRTests":{"Total":5848,"Confirmed":578,"Total/Accumulated":444561,"Confirmed/Accumulated":12689},"Confirmed":1569,"MedicalTests":{"Total/Accumulated":15673,"Confirmed/Accumulated":1330}},"geometry":{"type":"Point","coordinates":[4.731409826897467,47.2969232490013]}},{"type":"Feature","properties":{"Country/Region":"France","Province/State":"Normandie","Code":"28","Population":{"Total":3303500,"Under19":781337,"Under39":727044,"Under59":842963,"Under74":615474,"Over75":336682},"Beds":{"Resuscitation":240,"IntensiveCare":548,"Total":788},"Deaths":492,"Recovered":2225,"Severe":285,"Critical":55,"Emergencies":{"Suspected":31,"Total":2040,"Severe":13,"Suspected/Accumulated":6303,"Total/Accumulated":410520,"Severe/Accumulated":2776},"MedicalActs":{"Suspected":57,"Total":524,"Suspected/Accumulated":6613,"Total/Accumulated":96012},"PCRTests":{"Total":6461,"Confirmed":794,"Total/Accumulated":491346,"Confirmed/Accumulated":17967},"Confirmed":912,"MedicalTests":{"Total/Accumulated":17253,"Confirmed/Accumulated":1385}},"geometry":{"type":"Point","coordinates":[-0.022673401869158984,49.066630336448576]}},{"type":"Feature","properties":{"Country/Region":"France","Province/State":"Hauts-de-France","Code":"32","Population":{"Total":5962662,"Under19":1525538,"Under39":1443348,"Under59":1522690,"Under74":994313,"Over75":476773},"Beds":{"Resuscitation":438,"IntensiveCare":1338,"Total":1776},"Deaths":2060,"Recovered":8143,"Severe":751,"Critical":131,"Emergencies":{"Suspected":58,"Total":3135,"Severe":25,"Suspected/Accumulated":15185,"Total/Accumulated":628610,"Severe/Accumulated":5399},"MedicalActs":{"Suspected":66,"Total":976,"Suspected/Accumulated":8969,"Total/Accumulated":189445},"PCRTests":{"Total":16402,"Confirmed":2310,"Total/Accumulated":1072416,"Confirmed/Accumulated":53720},"Confirmed":3011,"MedicalTests":{"Total/Accumulated":31790,"Confirmed/Accumulated":3410}},"geometry":{"type":"Point","coordinates":[2.8852615671641804,49.86155781716422]}},{"type":"Feature","properties":{"Country/Region":"France","Province/State":"Grand Est","Code":"44","Population":{"Total":5511747,"Under19":1258123,"Under39":1291962,"Under59":1448828,"Under74":988178,"Over75":524656},"Beds":{"Resuscitation":465,"IntensiveCare":840,"Total":1305},"Deaths":3749,"Recovered":13865,"Severe":269,"Critical":44,"Emergencies":{"Suspected":33,"Total":2968,"Severe":21,"Suspected/Accumulated":19343,"Total/Accumulated":622791,"Severe/Accumulated":9325},"MedicalActs":{"Suspected":37,"Total":562,"Suspected/Accumulated":9497,"Total/Accumulated":140407},"PCRTests":{"Total":11942,"Confirmed":851,"Total/Accumulated":987704,"Confirmed/Accumulated":22156},"Confirmed":5479,"MedicalTests":{"Total/Accumulated":24982,"Confirmed/Accumulated":3702}},"geometry":{"type":"Point","coordinates":[5.509890203045682,48.670969771573546]}},{"type":"Feature","properties":{"Country/Region":"France","Province/State":"Pays de la Loire","Code":"52","Population":{"Total":3801797,"Under19":933509,"Under39":853729,"Under59":970508,"Under74":667531,"Over75":376520},"Beds":{"Resuscitation":181,"IntensiveCare":572,"Total":753},"Deaths":525,"Recovered":2742,"Severe":198,"Critical":20,"Emergencies":{"Suspected":36,"Total":1851,"Severe":19,"Suspected/Accumulated":10679,"Total/Accumulated":358393,"Severe/Accumulated":5527},"MedicalActs":{"Suspected":27,"Total":482,"Suspected/Accumulated":6107,"Total/Accumulated":106058},"PCRTests":{"Total":7622,"Confirmed":640,"Total/Accumulated":607472,"Confirmed/Accumulated":19354},"Confirmed":1630,"MedicalTests":{"Total/Accumulated":1941,"Confirmed/Accumulated":78}},"geometry":{"type":"Point","coordinates":[-0.8763313771517983,47.44186302034428]}},{"type":"Feature","properties":{"Country/Region":"France","Province/State":"Bretagne","Code":"53","Population":{"Total":3340379,"Under19":773631,"Under39":714512,"Under59":866988,"Under74":632104,"Over75":353144},"Beds":{"Resuscitation":162,"IntensiveCare":462,"Total":624},"Deaths":294,"Recovered":1570,"Severe":185,"Critical":18,"Emergencies":{"Suspected":17,"Total":1793,"Severe":6,"Suspected/Accumulated":7231,"Total/Accumulated":381593,"Severe/Accumulated":2643},"MedicalActs":{"Suspected":9,"Total":339,"Suspected/Accumulated":3555,"Total/Accumulated":78997},"PCRTests":{"Total":6087,"Confirmed":363,"Total/Accumulated":486007,"Confirmed/Accumulated":13878},"Confirmed":962,"MedicalTests":{"Total/Accumulated":698,"Confirmed/Accumulated":25}},"geometry":{"type":"Point","coordinates":[-3.104342941176476,48.146701189258316]}},{"type":"Feature","properties":{"Country/Region":"France","Province/State":"Nouvelle-Aquitaine","Code":"75","Population":{"Total":5999982,"Under19":1293321,"Under39":1274746,"Under59":1561754,"Under74":1177229,"Over75":692932},"Beds":{"Resuscitation":412,"IntensiveCare":946,"Total":1358},"Deaths":524,"Recovered":2896,"Severe":378,"Critical":68,"Emergencies":{"Suspected":30,"Total":3406,"Severe":18,"Suspected/Accumulated":12973,"Total/Accumulated":740901,"Severe/Accumulated":5518},"MedicalActs":{"Suspected":74,"Total":1205,"Suspected/Accumulated":13998,"Total/Accumulated":252628},"PCRTests":{"Total":10632,"Confirmed":847,"Total/Accumulated":875785,"Confirmed/Accumulated":31913},"Confirmed":1007,"MedicalTests":{"Total/Accumulated":33043,"Confirmed/Accumulated":961}},"geometry":{"type":"Point","coordinates":[0.16186906163753495,45.156971701931916]}},{"type":"Feature","properties":{"Country/Region":"France","Province/State":"Occitanie","Code":"76","Population":{"Total":5924858,"Under19":1320456,"Under39":1330125,"Under59":1526711,"Under74":1099893,"Over75":647673},"Beds":{"Resuscitation":474,"IntensiveCare":1206,"Total":1680},"Deaths":622,"Recovered":3932,"Severe":493,"Critical":130,"Emergencies":{"Suspected":51,"Total":3565,"Severe":25,"Suspected/Accumulated":11806,"Total/Accumulated":755331,"Severe/Accumulated":5055},"MedicalActs":{"Suspected":42,"Total":372,"Suspected/Accumulated":5104,"Total/Accumulated":87735},"PCRTests":{"Total":14561,"Confirmed":1930,"Total/Accumulated":1042995,"Confirmed/Accumulated":47828},"Confirmed":2374,"MedicalTests":{"Total/Accumulated":83743,"Confirmed/Accumulated":2680}},"geometry":{"type":"Point","coordinates":[1.988214846153848,43.761180626373644]}},{"type":"Feature","properties":{"Country/Region":"France","Province/State":"Auvergne-Rhône-Alpes","Code":"84","Population":{"Total":8032377,"Under19":1940253,"Under39":1900702,"Under59":2079813,"Under74":1340003,"Over75":771606},"Beds":{"Resuscitation":559,"IntensiveCare":1136,"Total":1695},"Deaths":1987,"Recovered":9894,"Severe":987,"Critical":174,"Emergencies":{"Suspected":108,"Total":4531,"Severe":48,"Suspected/Accumulated":22074,"Total/Accumulated":935817,"Severe/Accumulated":8761},"MedicalActs":{"Suspected":161,"Total":1023,"Suspected/Accumulated":14420,"Total/Accumulated":195353},"PCRTests":{"Total":22004,"Confirmed":3437,"Total/Accumulated":1255686,"Confirmed/Accumulated":66297},"Confirmed":2093,"MedicalTests":{"Total/Accumulated":27674,"Confirmed/Accumulated":2153}},"geometry":{"type":"Point","coordinates":[4.515179591651545,45.475403602540794]}},{"type":"Feature","properties":{"Country/Region":"France","Province/State":"Guadeloupe","Code":"01","Population":{"Total":376879,"Under19":90617,"Under39":71707,"Under59":109452,"Under74":70936,"Over75":34167},"Beds":{"Resuscitation":27,"IntensiveCare":68,"Total":95},"Deaths":91,"Recovered":382,"Severe":202,"Critical":27,"Emergencies":{"Suspected":11,"Total":231,"Severe":5,"Suspected/Accumulated":1298,"Total/Accumulated":44834,"Severe/Accumulated":582},"PCRTests":{"Total":523,"Confirmed":85,"Total/Accumulated":53157,"Confirmed/Accumulated":6425},"Confirmed":106,"MedicalTests":{"Total/Accumulated":51,"Confirmed/Accumulated":17}},"geometry":{"type":"Point","coordinates":[-61.493846272189366,16.20469674556213]}},{"type":"Feature","properties":{"Country/Region":"France","Province/State":"Martinique","Code":"02","Population":{"Total":358749,"Under19":77005,"Under39":65776,"Under59":105638,"Under74":72163,"Over75":38167},"Beds":{"Resuscitation":26,"IntensiveCare":58,"Total":84},"Deaths":22,"Recovered":141,"Severe":42,"Critical":17,"MedicalActs":{"Suspected":6,"Total":127,"Suspected/Accumulated":399,"Total/Accumulated":23607},"PCRTests":{"Total":679,"Confirmed":72,"Total/Accumulated":54169,"Confirmed/Accumulated":1980},"Confirmed":111,"MedicalTests":{"Total/Accumulated":29,"Confirmed/Accumulated":6}},"geometry":{"type":"Point","coordinates":[-60.98265692913386,14.6217557480315]}},{"type":"Feature","properties":{"Country/Region":"France","Province/State":"Provence-Alpes-Côte d'Azur","Code":"93","Population":{"Total":5055651,"Under19":1128765,"Under39":1109058,"Under59":1309879,"Under74":927347,"Over75":580602},"Beds":{"Resuscitation":460,"IntensiveCare":802,"Total":1262},"Deaths":1187,"Recovered":8545,"Severe":823,"Critical":180,"Emergencies":{"Suspected":62,"Total":3337,"Severe":35,"Suspected/Accumulated":15504,"Total/Accumulated":753437,"Severe/Accumulated":7686},"MedicalActs":{"Suspected":68,"Total":863,"Suspected/Accumulated":11380,"Total/Accumulated":177320},"PCRTests":{"Total":12879,"Confirmed":1403,"Total/Accumulated":1176590,"Confirmed/Accumulated":59235},"Confirmed":1927,"MedicalTests":{"Total/Accumulated":80858,"Confirmed/Accumulated":4204}},"geometry":{"type":"Point","coordinates":[5.940587832647462,43.96417941015098]}},{"type":"Feature","properties":{"Country/Region":"France","Province/State":"Corse","Code":"94","Population":{"Total":344679,"Under19":68555,"Under39":76985,"Under59":93175,"Under74":65675,"Over75":40289},"Beds":{"Resuscitation":18,"IntensiveCare":42,"Total":60},"Deaths":66,"Recovered":302,"Severe":27,"Critical":7,"Emergencies":{"Suspected":2,"Total":211,"Severe":2,"Suspected/Accumulated":2355,"Total/Accumulated":51903,"Severe/Accumulated":2145},"MedicalActs":{"Suspected":1,"Total":130,"Suspected/Accumulated":984,"Total/Accumulated":15135},"PCRTests":{"Total":747,"Confirmed":51,"Total/Accumulated":66673,"Confirmed/Accumulated":1684},"Confirmed":263},"geometry":{"type":"Point","coordinates":[9.019688964401293,42.118564077669916]}},{"type":"Feature","properties":{"Country/Region":"France","Province/State":"Guyane","Code":"03","Population":{"Total":290691,"Under19":120681,"Under39":80023,"Under59":61783,"Under74":22111,"Over75":6093},"Beds":{"Resuscitation":13,"IntensiveCare":12,"Total":25},"Deaths":65,"Recovered":1733,"Severe":27,"Critical":6,"Emergencies":{"Suspected":1,"Total":221,"Severe":1,"Suspected/Accumulated":1941,"Total/Accumulated":41709,"Severe/Accumulated":917},"PCRTests":{"Total":389,"Confirmed":27,"Total/Accumulated":61546,"Confirmed/Accumulated":8820},"Confirmed":43,"MedicalTests":{"Total/Accumulated":35,"Confirmed/Accumulated":4}},"geometry":{"type":"Point","coordinates":[-53.41731165390502,3.588901056661561]}},{"type":"Feature","properties":{"Country/Region":"France","Province/State":"La Réunion","Code":"04","Population":{"Total":859959,"Under19":256143,"Under39":202783,"Under59":239212,"Under74":117045,"Over75":44776},"Beds":{"Resuscitation":52,"IntensiveCare":154,"Total":206},"Deaths":23,"Recovered":417,"Severe":44,"Critical":13,"Emergencies":{"Suspected":6,"Total":366,"Severe":3,"Suspected/Accumulated":519,"Total/Accumulated":83655,"Severe/Accumulated":317},"PCRTests":{"Total":1212,"Confirmed":60,"Total/Accumulated":173798,"Confirmed/Accumulated":4246},"Confirmed":94,"MedicalTests":{"Total/Accumulated":19,"Confirmed/Accumulated":1}},"geometry":{"type":"Point","coordinates":[55.52943947368424,-21.1374047368421]}},{"type":"Feature","properties":{"Country/Region":"France","Province/State":"Mayotte","Code":"06","Population":{"Total":279471,"Under19":150257,"Under39":74348,"Under59":42900,"Under74":9521,"Over75":2445},"Beds":{"Resuscitation":6,"IntensiveCare":0,"Total":6},"Deaths":29,"Recovered":459,"Severe":11,"Critical":5,"Emergencies":{"Total":105,"Suspected/Accumulated":1914,"Total/Accumulated":23119,"Severe/Accumulated":262},"PCRTests":{"Total":237,"Confirmed":26,"Total/Accumulated":22170,"Confirmed/Accumulated":2219},"Confirmed":128,"MedicalTests":{"Total/Accumulated":4,"Confirmed/Accumulated":1}},"geometry":{"type":"Point","coordinates":[45.14160071428572,-12.835344166666673]}}]}