{"type":"FeatureCollection","features":[{"type":"Feature","properties":{"Country/Region":"France","Province/State":"Île-de-France","Code":"11","Population":{"Total":12278210,"Under19":3140965,"Under39":3409765,"Under59":3210447,"Under74":1658207,"Over75":858826},"Beds":{"Resuscitation":1147,"IntensiveCare":2512,"Total":3659},"Deaths":6710,"Recovered":22119,"Severe":8164,"Critical":917,"Emergencies":{"Suspected":188,"Total":4885,"Severe":31,"Suspected/Accumulated":49752,"Total/Accumulated":378669,"Severe/Accumulated":15362},"MedicalActs":{"Suspected":54,"Total":1096,"Suspected/Accumulated":11425,"Total/Accumulated":101095},"MedicalTests":{"Total":348,"Confirmed":13,"Total/Accumulated":77476,"Confirmed/Accumulated":18078},"Confirmed":7660},"geometry":{"type":"Point","coordinates":[2.5292589766081885,48.704415292397634]}},{"type":"Feature","properties":{"Country/Region":"France","Province/State":"Centre-Val de Loire","Code":"24","Population":{"Total":2559073,"Under19":598570,"Under39":541141,"Under59":661150,"Under74":478923,"Over75":279289},"Beds":{"Resuscitation":180,"IntensiveCare":346,"Total":526},"Deaths":471,"Recovered":1577,"Severe":755,"Critical":60,"Emergencies":{"Suspected":25,"Total":1239,"Severe":5,"Suspected/Accumulated":4621,"Total/Accumulated":82494,"Severe/Accumulated":1186},"MedicalActs":{"Suspected":19,"Total":292,"Suspected/Accumulated":1001,"Total/Accumulated":20516},"MedicalTests":{"Total":101,"Confirmed":4,"Total/Accumulated":17207,"Confirmed/Accumulated":1829},"Confirmed":1157},"geometry":{"type":"Point","coordinates":[1.6429664800000017,47.54357092799999]}},{"type":"Feature","properties":{"Country/Region":"France","Province/State":"Bourgogne-Franche-Comté","Code":"27","Population":{"Total":2783039,"Under19":627017,"Under39":591411,"Under59":715664,"Under74":540051,"Over75":308896},"Beds":{"Resuscitation":198,"IntensiveCare":642,"Total":840},"Deaths":959,"Recovered":2975,"Severe":811,"Critical":94,"Emergencies":{"Suspected":38,"Total":1543,"Severe":15,"Suspected/Accumulated":10340,"Total/Accumulated":102136,"Severe/Accumulated":4272},"MedicalActs":{"Suspected":26,"Total":236,"Suspected/Accumulated":1725,"Total/Accumulated":17282},"MedicalTests":{"Total":73,"Total/Accumulated":13994,"Confirmed/Accumulated":1323},"Confirmed":1569},"geometry":{"type":"Point","coordinates":[4.731409826897467,47.2969232490013]}},{"type":"Feature","properties":{"Country/Region":"France","Province/State":"Normandie","Code":"28","Population":{"Total":3303500,"Under19":781337,"Under39":727044,"Under59":842963,"Under74":615474,"Over75":336682},"Beds":{"Resuscitation":240,"IntensiveCare":548,"Total":788},"Deaths":394,"Recovered":1303,"Severe":464,"Critical":36,"Emergencies":{"Suspected":29,"Total":1756,"Severe":19,"Suspected/Accumulated":4145,"Total/Accumulated":111872,"Severe/Accumulated":1611},"MedicalActs":{"Suspected":18,"Total":408,"Suspected/Accumulated":2452,"Total/Accumulated":29452},"MedicalTests":{"Total":117,"Confirmed":1,"Total/Accumulated":15105,"Confirmed/Accumulated":1346},"Confirmed":912},"geometry":{"type":"Point","coordinates":[-0.022673401869158984,49.066630336448576]}},{"type":"Feature","properties":{"Country/Region":"France","Province/State":"Hauts-de-France","Code":"32","Population":{"Total":5962662,"Under19":1525538,"Under39":1443348,"Under59":1522690,"Under74":994313,"Over75":476773},"Beds":{"Resuscitation":438,"IntensiveCare":1338,"Total":1776},"Deaths":1616,"Recovered":5111,"Severe":1767,"Critical":186,"Emergencies":{"Suspected":50,"Total":2543,"Severe":25,"Suspected/Accumulated":11341,"Total/Accumulated":174483,"Severe/Accumulated":4070},"MedicalActs":{"Suspected":19,"Total":607,"Suspected/Accumulated":3699,"Total/Accumulated":55492},"MedicalTests":{"Total":115,"Confirmed":2,"Total/Accumulated":26533,"Confirmed/Accumulated":3305},"Confirmed":3011},"geometry":{"type":"Point","coordinates":[2.8852615671641804,49.86155781716422]}},{"type":"Feature","properties":{"Country/Region":"France","Province/State":"Grand Est","Code":"44","Population":{"Total":5511747,"Under19":1258123,"Under39":1291962,"Under59":1448828,"Under74":988178,"Over75":524656},"Beds":{"Resuscitation":465,"IntensiveCare":840,"Total":1305},"Deaths":3256,"Recovered":9704,"Severe":2834,"Critical":247,"Emergencies":{"Suspected":59,"Total":2638,"Severe":29,"Suspected/Accumulated":15981,"Total/Accumulated":171890,"Severe/Accumulated":7897},"MedicalActs":{"Suspected":35,"Total":616,"Suspected/Accumulated":5715,"Total/Accumulated":49180},"MedicalTests":{"Total":34,"Confirmed":1,"Total/Accumulated":22345,"Confirmed/Accumulated":3651},"Confirmed":5479},"geometry":{"type":"Point","coordinates":[5.509890203045682,48.670969771573546]}},{"type":"Feature","properties":{"Country/Region":"France","Province/State":"Pays de la Loire","Code":"52","Population":{"Total":3801797,"Under19":933509,"Under39":853729,"Under59":970508,"Under74":667531,"Over75":376520},"Beds":{"Resuscitation":181,"IntensiveCare":572,"Total":753},"Deaths":407,"Recovered":1538,"Severe":497,"Critical":39,"Emergencies":{"Suspected":34,"Total":1456,"Severe":20,"Suspected/Accumulated":7054,"Total/Accumulated":94326,"Severe/Accumulated":3412},"MedicalActs":{"Suspected":24,"Total":489,"Suspected/Accumulated":2673,"Total/Accumulated":32613},"Confirmed":1630,"MedicalTests":{"Total/Accumulated":1599,"Confirmed/Accumulated":78}},"geometry":{"type":"Point","coordinates":[-0.8763313771517983,47.44186302034428]}},{"type":"Feature","properties":{"Country/Region":"France","Province/State":"Bretagne","Code":"53","Population":{"Total":3340379,"Under19":773631,"Under39":714512,"Under59":866988,"Under74":632104,"Over75":353144},"Beds":{"Resuscitation":162,"IntensiveCare":462,"Total":624},"Deaths":235,"Recovered":1033,"Severe":264,"Critical":29,"Emergencies":{"Suspected":22,"Total":1522,"Severe":14,"Suspected/Accumulated":4459,"Total/Accumulated":103059,"Severe/Accumulated":1830},"MedicalActs":{"Suspected":16,"Total":411,"Suspected/Accumulated":1075,"Total/Accumulated":24682},"MedicalTests":{"Total":4,"Total/Accumulated":541,"Confirmed/Accumulated":23},"Confirmed":962},"geometry":{"type":"Point","coordinates":[-3.104342941176476,48.146701189258316]}},{"type":"Feature","properties":{"Country/Region":"France","Province/State":"Nouvelle-Aquitaine","Code":"75","Population":{"Total":5999982,"Under19":1293321,"Under39":1274746,"Under59":1561754,"Under74":1177229,"Over75":692932},"Beds":{"Resuscitation":412,"IntensiveCare":946,"Total":1358},"Deaths":371,"Recovered":1736,"Severe":433,"Critical":64,"Emergencies":{"Suspected":26,"Total":2949,"Severe":17,"Suspected/Accumulated":9402,"Total/Accumulated":193825,"Severe/Accumulated":4073},"MedicalActs":{"Suspected":41,"Total":1188,"Suspected/Accumulated":6332,"Total/Accumulated":80147},"MedicalTests":{"Total":165,"Confirmed":1,"Total/Accumulated":28031,"Confirmed/Accumulated":950},"Confirmed":1007},"geometry":{"type":"Point","coordinates":[0.16186906163753495,45.156971701931916]}},{"type":"Feature","properties":{"Country/Region":"France","Province/State":"Occitanie","Code":"76","Population":{"Total":5924858,"Under19":1320456,"Under39":1330125,"Under59":1526711,"Under74":1099893,"Over75":647673},"Beds":{"Resuscitation":474,"IntensiveCare":1206,"Total":1680},"Deaths":469,"Recovered":2492,"Severe":349,"Critical":80,"Emergencies":{"Suspected":49,"Total":3048,"Severe":30,"Suspected/Accumulated":7708,"Total/Accumulated":196940,"Severe/Accumulated":3448},"MedicalActs":{"Suspected":21,"Total":508,"Suspected/Accumulated":2448,"Total/Accumulated":28826},"MedicalTests":{"Total":598,"Confirmed":1,"Total/Accumulated":65933,"Confirmed/Accumulated":2582},"Confirmed":2374},"geometry":{"type":"Point","coordinates":[1.988214846153848,43.761180626373644]}},{"type":"Feature","properties":{"Country/Region":"France","Province/State":"Auvergne-Rhône-Alpes","Code":"84","Population":{"Total":8032377,"Under19":1940253,"Under39":1900702,"Under59":2079813,"Under74":1340003,"Over75":771606},"Beds":{"Resuscitation":559,"IntensiveCare":1136,"Total":1695},"Deaths":1562,"Recovered":6235,"Severe":1769,"Critical":189,"Emergencies":{"Suspected":75,"Total":3932,"Severe":27,"Suspected/Accumulated":15383,"Total/Accumulated":247800,"Severe/Accumulated":6606},"MedicalActs":{"Suspected":69,"Total":886,"Suspected/Accumulated":6002,"Total/Accumulated":62571},"MedicalTests":{"Total":264,"Total/Accumulated":23862,"Confirmed/Accumulated":2133},"Confirmed":2093},"geometry":{"type":"Point","coordinates":[4.515179591651545,45.475403602540794]}},{"type":"Feature","properties":{"Country/Region":"France","Province/State":"Guadeloupe","Code":"01","Population":{"Total":376879,"Under19":90617,"Under39":71707,"Under59":109452,"Under74":70936,"Over75":34167},"Beds":{"Resuscitation":27,"IntensiveCare":68,"Total":95},"Deaths":19,"Recovered":72,"Severe":14,"Critical":3,"Emergencies":{"Suspected":3,"Total":137,"Suspected/Accumulated":283,"Total/Accumulated":13194,"Severe/Accumulated":100},"Confirmed":106,"MedicalTests":{"Total/Accumulated":48,"Confirmed/Accumulated":17}},"geometry":{"type":"Point","coordinates":[-61.493846272189366,16.20469674556213]}},{"type":"Feature","properties":{"Country/Region":"France","Province/State":"Martinique","Code":"02","Population":{"Total":358749,"Under19":77005,"Under39":65776,"Under59":105638,"Under74":72163,"Over75":38167},"Beds":{"Resuscitation":26,"IntensiveCare":58,"Total":84},"Deaths":14,"Recovered":80,"Severe":19,"Critical":5,"MedicalActs":{"Total":83,"Suspected/Accumulated":132,"Total/Accumulated":7843},"MedicalTests":{"Total":2,"Total/Accumulated":29,"Confirmed/Accumulated":6},"Confirmed":111},"geometry":{"type":"Point","coordinates":[-60.98265692913386,14.6217557480315]}},{"type":"Feature","properties":{"Country/Region":"France","Province/State":"Provence-Alpes-Côte d'Azur","Code":"93","Population":{"Total":5055651,"Under19":1128765,"Under39":1109058,"Under59":1309879,"Under74":927347,"Over75":580602},"Beds":{"Resuscitation":460,"IntensiveCare":802,"Total":1262},"Deaths":836,"Recovered":4537,"Severe":1120,"Critical":122,"Emergencies":{"Suspected":44,"Total":2957,"Severe":28,"Suspected/Accumulated":10126,"Total/Accumulated":197430,"Severe/Accumulated":5208},"MedicalActs":{"Suspected":44,"Total":833,"Suspected/Accumulated":5307,"Total/Accumulated":57459},"MedicalTests":{"Total":196,"Total/Accumulated":71855,"Confirmed/Accumulated":4135},"Confirmed":1927},"geometry":{"type":"Point","coordinates":[5.940587832647462,43.96417941015098]}},{"type":"Feature","properties":{"Country/Region":"France","Province/State":"Corse","Code":"94","Population":{"Total":344679,"Under19":68555,"Under39":76985,"Under59":93175,"Under74":65675,"Over75":40289},"Beds":{"Resuscitation":18,"IntensiveCare":42,"Total":60},"Deaths":56,"Recovered":211,"Severe":42,"Critical":5,"Emergencies":{"Suspected":8,"Total":177,"Severe":8,"Suspected/Accumulated":2039,"Total/Accumulated":11836,"Severe/Accumulated":1966},"MedicalActs":{"Suspected":10,"Total":78,"Suspected/Accumulated":460,"Total/Accumulated":3097},"Confirmed":263},"geometry":{"type":"Point","coordinates":[9.019688964401293,42.118564077669916]}},{"type":"Feature","properties":{"Country/Region":"France","Province/State":"Guyane","Code":"03","Population":{"Total":290691,"Under19":120681,"Under39":80023,"Under59":61783,"Under74":22111,"Over75":6093},"Beds":{"Resuscitation":13,"IntensiveCare":12,"Total":25},"Deaths":1,"Recovered":43,"Severe":8,"Emergencies":{"Suspected":2,"Total":147,"Severe":1,"Suspected/Accumulated":95,"Total/Accumulated":13442,"Severe/Accumulated":30},"MedicalTests":{"Total":1,"Total/Accumulated":35,"Confirmed/Accumulated":4},"Confirmed":43},"geometry":{"type":"Point","coordinates":[-53.41731165390502,3.588901056661561]}},{"type":"Feature","properties":{"Country/Region":"France","Province/State":"La Réunion","Code":"04","Population":{"Total":859959,"Under19":256143,"Under39":202783,"Under59":239212,"Under74":117045,"Over75":44776},"Beds":{"Resuscitation":52,"IntensiveCare":154,"Total":206},"Recovered":115,"Severe":12,"Critical":4,"Emergencies":{"Total":416,"Suspected/Accumulated":263,"Total/Accumulated":26541,"Severe/Accumulated":182},"Confirmed":94,"MedicalTests":{"Total/Accumulated":17,"Confirmed/Accumulated":1}},"geometry":{"type":"Point","coordinates":[55.52943947368424,-21.1374047368421]}},{"type":"Feature","properties":{"Country/Region":"France","Province/State":"Mayotte","Code":"06","Population":{"Total":279471,"Under19":150257,"Under39":74348,"Under59":42900,"Under74":9521,"Over75":2445},"Beds":{"Resuscitation":6,"IntensiveCare":0,"Total":6},"Deaths":17,"Recovered":176,"Severe":50,"Critical":11,"Emergencies":{"Suspected":15,"Total":75,"Severe":2,"Suspected/Accumulated":981,"Total/Accumulated":7824,"Severe/Accumulated":164},"Confirmed":128,"MedicalTests":{"Total/Accumulated":3,"Confirmed/Accumulated":1}},"geometry":{"type":"Point","coordinates":[45.14160071428572,-12.835344166666673]}}]}