{"type":"FeatureCollection","features":[{"type":"Feature","properties":{"Country/Region":"France","Province/State":"Île-de-France","Code":"11","Population":{"Total":12278210,"Under19":3140965,"Under39":3409765,"Under59":3210447,"Under74":1658207,"Over75":858826},"Beds":{"Resuscitation":1147,"IntensiveCare":2512,"Total":3659},"Deaths":7106,"Recovered":24789,"Severe":6169,"Critical":562,"Emergencies":{"Suspected":114,"Total":6068,"Severe":18,"Suspected/Accumulated":51681,"Total/Accumulated":460739,"Severe/Accumulated":15847},"MedicalActs":{"Suspected":70,"Total":1538,"Suspected/Accumulated":12165,"Total/Accumulated":117448},"PCRTests":{"Total":1539,"Confirmed":28,"Total/Accumulated":127369,"Confirmed/Accumulated":3407},"Confirmed":7660,"MedicalTests":{"Total/Accumulated":85340,"Confirmed/Accumulated":18277}},"geometry":{"type":"Point","coordinates":[2.5292589766081885,48.704415292397634]}},{"type":"Feature","properties":{"Country/Region":"France","Province/State":"Centre-Val de Loire","Code":"24","Population":{"Total":2559073,"Under19":598570,"Under39":541141,"Under59":661150,"Under74":478923,"Over75":279289},"Beds":{"Resuscitation":180,"IntensiveCare":346,"Total":526},"Deaths":508,"Recovered":1754,"Severe":607,"Critical":39,"Emergencies":{"Suspected":8,"Total":1297,"Severe":3,"Suspected/Accumulated":4973,"Total/Accumulated":102227,"Severe/Accumulated":1282},"MedicalActs":{"Suspected":8,"Total":323,"Suspected/Accumulated":1159,"Total/Accumulated":24809},"PCRTests":{"Total":260,"Confirmed":6,"Total/Accumulated":23867,"Confirmed/Accumulated":518},"Confirmed":1157,"MedicalTests":{"Total/Accumulated":20197,"Confirmed/Accumulated":1858}},"geometry":{"type":"Point","coordinates":[1.6429664800000017,47.54357092799999]}},{"type":"Feature","properties":{"Country/Region":"France","Province/State":"Bourgogne-Franche-Comté","Code":"27","Population":{"Total":2783039,"Under19":627017,"Under39":591411,"Under59":715664,"Under74":540051,"Over75":308896},"Beds":{"Resuscitation":198,"IntensiveCare":642,"Total":840},"Deaths":1010,"Recovered":3487,"Severe":416,"Critical":34,"Emergencies":{"Suspected":17,"Total":1798,"Severe":9,"Suspected/Accumulated":10832,"Total/Accumulated":127016,"Severe/Accumulated":4518},"MedicalActs":{"Suspected":10,"Total":281,"Suspected/Accumulated":1892,"Total/Accumulated":20646},"PCRTests":{"Total":329,"Confirmed":4,"Total/Accumulated":28965,"Confirmed/Accumulated":400},"Confirmed":1569,"MedicalTests":{"Total/Accumulated":15673,"Confirmed/Accumulated":1330}},"geometry":{"type":"Point","coordinates":[4.731409826897467,47.2969232490013]}},{"type":"Feature","properties":{"Country/Region":"France","Province/State":"Normandie","Code":"28","Population":{"Total":3303500,"Under19":781337,"Under39":727044,"Under59":842963,"Under74":615474,"Over75":336682},"Beds":{"Resuscitation":240,"IntensiveCare":548,"Total":788},"Deaths":420,"Recovered":1476,"Severe":334,"Critical":20,"Emergencies":{"Suspected":18,"Total":2014,"Severe":9,"Suspected/Accumulated":4465,"Total/Accumulated":138919,"Severe/Accumulated":1817},"MedicalActs":{"Suspected":18,"Total":490,"Suspected/Accumulated":2762,"Total/Accumulated":34882},"PCRTests":{"Total":533,"Confirmed":2,"Total/Accumulated":23906,"Confirmed/Accumulated":242},"Confirmed":912,"MedicalTests":{"Total/Accumulated":17253,"Confirmed/Accumulated":1385}},"geometry":{"type":"Point","coordinates":[-0.022673401869158984,49.066630336448576]}},{"type":"Feature","properties":{"Country/Region":"France","Province/State":"Hauts-de-France","Code":"32","Population":{"Total":5962662,"Under19":1525538,"Under39":1443348,"Under59":1522690,"Under74":994313,"Over75":476773},"Beds":{"Resuscitation":438,"IntensiveCare":1338,"Total":1776},"Deaths":1733,"Recovered":5709,"Severe":1414,"Critical":123,"Emergencies":{"Suspected":30,"Total":2976,"Severe":17,"Suspected/Accumulated":12023,"Total/Accumulated":216102,"Severe/Accumulated":4349},"MedicalActs":{"Suspected":15,"Total":691,"Suspected/Accumulated":3934,"Total/Accumulated":64876},"PCRTests":{"Total":481,"Confirmed":5,"Total/Accumulated":56426,"Confirmed/Accumulated":1375},"Confirmed":3011,"MedicalTests":{"Total/Accumulated":31790,"Confirmed/Accumulated":3410}},"geometry":{"type":"Point","coordinates":[2.8852615671641804,49.86155781716422]}},{"type":"Feature","properties":{"Country/Region":"France","Province/State":"Grand Est","Code":"44","Population":{"Total":5511747,"Under19":1258123,"Under39":1291962,"Under59":1448828,"Under74":988178,"Over75":524656},"Beds":{"Resuscitation":465,"IntensiveCare":840,"Total":1305},"Deaths":3420,"Recovered":10893,"Severe":2023,"Critical":161,"Emergencies":{"Suspected":26,"Total":3094,"Severe":17,"Suspected/Accumulated":16878,"Total/Accumulated":213951,"Severe/Accumulated":8262},"MedicalActs":{"Suspected":26,"Total":824,"Suspected/Accumulated":6127,"Total/Accumulated":57603},"PCRTests":{"Total":468,"Confirmed":6,"Total/Accumulated":64496,"Confirmed/Accumulated":1513},"Confirmed":5479,"MedicalTests":{"Total/Accumulated":24982,"Confirmed/Accumulated":3702}},"geometry":{"type":"Point","coordinates":[5.509890203045682,48.670969771573546]}},{"type":"Feature","properties":{"Country/Region":"France","Province/State":"Pays de la Loire","Code":"52","Population":{"Total":3801797,"Under19":933509,"Under39":853729,"Under59":970508,"Under74":667531,"Over75":376520},"Beds":{"Resuscitation":181,"IntensiveCare":572,"Total":753},"Deaths":439,"Recovered":1745,"Severe":385,"Critical":19,"Emergencies":{"Suspected":32,"Total":1711,"Severe":25,"Suspected/Accumulated":7666,"Total/Accumulated":118667,"Severe/Accumulated":3803},"MedicalActs":{"Suspected":14,"Total":600,"Suspected/Accumulated":2943,"Total/Accumulated":39297},"PCRTests":{"Total":454,"Confirmed":18,"Total/Accumulated":30523,"Confirmed/Accumulated":574},"Confirmed":1630,"MedicalTests":{"Total/Accumulated":1941,"Confirmed/Accumulated":78}},"geometry":{"type":"Point","coordinates":[-0.8763313771517983,47.44186302034428]}},{"type":"Feature","properties":{"Country/Region":"France","Province/State":"Bretagne","Code":"53","Population":{"Total":3340379,"Under19":773631,"Under39":714512,"Under59":866988,"Under74":632104,"Over75":353144},"Beds":{"Resuscitation":162,"IntensiveCare":462,"Total":624},"Deaths":249,"Recovered":1141,"Severe":198,"Critical":17,"Emergencies":{"Suspected":24,"Total":1865,"Severe":13,"Suspected/Accumulated":5028,"Total/Accumulated":128638,"Severe/Accumulated":2068},"MedicalActs":{"Suspected":13,"Total":491,"Suspected/Accumulated":1259,"Total/Accumulated":29568},"PCRTests":{"Total":329,"Confirmed":4,"Total/Accumulated":22537,"Confirmed/Accumulated":410},"Confirmed":962,"MedicalTests":{"Total/Accumulated":698,"Confirmed/Accumulated":25}},"geometry":{"type":"Point","coordinates":[-3.104342941176476,48.146701189258316]}},{"type":"Feature","properties":{"Country/Region":"France","Province/State":"Nouvelle-Aquitaine","Code":"75","Population":{"Total":5999982,"Under19":1293321,"Under39":1274746,"Under59":1561754,"Under74":1177229,"Over75":692932},"Beds":{"Resuscitation":412,"IntensiveCare":946,"Total":1358},"Deaths":395,"Recovered":1927,"Severe":299,"Critical":37,"Emergencies":{"Suspected":23,"Total":3549,"Severe":8,"Suspected/Accumulated":9933,"Total/Accumulated":243832,"Severe/Accumulated":4285},"MedicalActs":{"Suspected":40,"Total":1269,"Suspected/Accumulated":6784,"Total/Accumulated":95404},"PCRTests":{"Total":845,"Confirmed":1,"Total/Accumulated":50408,"Confirmed/Accumulated":535},"Confirmed":1007,"MedicalTests":{"Total/Accumulated":33043,"Confirmed/Accumulated":961}},"geometry":{"type":"Point","coordinates":[0.16186906163753495,45.156971701931916]}},{"type":"Feature","properties":{"Country/Region":"France","Province/State":"Occitanie","Code":"76","Population":{"Total":5924858,"Under19":1320456,"Under39":1330125,"Under59":1526711,"Under74":1099893,"Over75":647673},"Beds":{"Resuscitation":474,"IntensiveCare":1206,"Total":1680},"Deaths":495,"Recovered":2692,"Severe":237,"Critical":44,"Emergencies":{"Suspected":29,"Total":3743,"Severe":18,"Suspected/Accumulated":8307,"Total/Accumulated":247612,"Severe/Accumulated":3747},"MedicalActs":{"Suspected":6,"Total":567,"Suspected/Accumulated":2668,"Total/Accumulated":34490},"PCRTests":{"Total":649,"Confirmed":1,"Total/Accumulated":61741,"Confirmed/Accumulated":597},"Confirmed":2374,"MedicalTests":{"Total/Accumulated":83743,"Confirmed/Accumulated":2680}},"geometry":{"type":"Point","coordinates":[1.988214846153848,43.761180626373644]}},{"type":"Feature","properties":{"Country/Region":"France","Province/State":"Auvergne-Rhône-Alpes","Code":"84","Population":{"Total":8032377,"Under19":1940253,"Under39":1900702,"Under59":2079813,"Under74":1340003,"Over75":771606},"Beds":{"Resuscitation":559,"IntensiveCare":1136,"Total":1695},"Deaths":1673,"Recovered":7022,"Severe":1161,"Critical":127,"Emergencies":{"Suspected":43,"Total":4700,"Severe":15,"Suspected/Accumulated":16206,"Total/Accumulated":311057,"Severe/Accumulated":6905},"MedicalActs":{"Suspected":47,"Total":962,"Suspected/Accumulated":6607,"Total/Accumulated":74768},"PCRTests":{"Total":694,"Confirmed":3,"Total/Accumulated":66497,"Confirmed/Accumulated":853},"Confirmed":2093,"MedicalTests":{"Total/Accumulated":27674,"Confirmed/Accumulated":2153}},"geometry":{"type":"Point","coordinates":[4.515179591651545,45.475403602540794]}},{"type":"Feature","properties":{"Country/Region":"France","Province/State":"Guadeloupe","Code":"01","Population":{"Total":376879,"Under19":90617,"Under39":71707,"Under59":109452,"Under74":70936,"Over75":34167},"Beds":{"Resuscitation":27,"IntensiveCare":68,"Total":95},"Deaths":19,"Recovered":73,"Severe":13,"Critical":1,"Emergencies":{"Total":184,"Suspected/Accumulated":298,"Total/Accumulated":15810,"Severe/Accumulated":102},"PCRTests":{"Total":8,"Total/Accumulated":1495,"Confirmed/Accumulated":10},"Confirmed":106,"MedicalTests":{"Total/Accumulated":51,"Confirmed/Accumulated":17}},"geometry":{"type":"Point","coordinates":[-61.493846272189366,16.20469674556213]}},{"type":"Feature","properties":{"Country/Region":"France","Province/State":"Martinique","Code":"02","Population":{"Total":358749,"Under19":77005,"Under39":65776,"Under59":105638,"Under74":72163,"Over75":38167},"Beds":{"Resuscitation":26,"IntensiveCare":58,"Total":84},"Deaths":14,"Recovered":85,"Severe":13,"Critical":2,"MedicalActs":{"Total":72,"Suspected/Accumulated":146,"Total/Accumulated":9166},"PCRTests":{"Total":2,"Total/Accumulated":1901,"Confirmed/Accumulated":19},"Confirmed":111,"MedicalTests":{"Total/Accumulated":29,"Confirmed/Accumulated":6}},"geometry":{"type":"Point","coordinates":[-60.98265692913386,14.6217557480315]}},{"type":"Feature","properties":{"Country/Region":"France","Province/State":"Provence-Alpes-Côte d'Azur","Code":"93","Population":{"Total":5055651,"Under19":1128765,"Under39":1109058,"Under59":1309879,"Under74":927347,"Over75":580602},"Beds":{"Resuscitation":460,"IntensiveCare":802,"Total":1262},"Deaths":898,"Recovered":4891,"Severe":886,"Critical":77,"Emergencies":{"Suspected":19,"Total":3506,"Severe":9,"Suspected/Accumulated":10600,"Total/Accumulated":245536,"Severe/Accumulated":5470},"MedicalActs":{"Suspected":20,"Total":878,"Suspected/Accumulated":5718,"Total/Accumulated":67874},"PCRTests":{"Total":605,"Confirmed":21,"Total/Accumulated":68494,"Confirmed/Accumulated":801},"Confirmed":1927,"MedicalTests":{"Total/Accumulated":80858,"Confirmed/Accumulated":4204}},"geometry":{"type":"Point","coordinates":[5.940587832647462,43.96417941015098]}},{"type":"Feature","properties":{"Country/Region":"France","Province/State":"Corse","Code":"94","Population":{"Total":344679,"Under19":68555,"Under39":76985,"Under59":93175,"Under74":65675,"Over75":40289},"Beds":{"Resuscitation":18,"IntensiveCare":42,"Total":60},"Deaths":58,"Recovered":228,"Severe":27,"Critical":5,"Emergencies":{"Suspected":1,"Total":208,"Severe":1,"Suspected/Accumulated":2107,"Total/Accumulated":14698,"Severe/Accumulated":2016},"MedicalActs":{"Total":54,"Suspected/Accumulated":479,"Total/Accumulated":3695},"PCRTests":{"Total":25,"Total/Accumulated":4152,"Confirmed/Accumulated":28},"Confirmed":263},"geometry":{"type":"Point","coordinates":[9.019688964401293,42.118564077669916]}},{"type":"Feature","properties":{"Country/Region":"France","Province/State":"Guyane","Code":"03","Population":{"Total":290691,"Under19":120681,"Under39":80023,"Under59":61783,"Under74":22111,"Over75":6093},"Beds":{"Resuscitation":13,"IntensiveCare":12,"Total":25},"Deaths":1,"Recovered":72,"Severe":22,"Critical":2,"Emergencies":{"Suspected":8,"Total":188,"Severe":1,"Suspected/Accumulated":253,"Total/Accumulated":16274,"Severe/Accumulated":54},"PCRTests":{"Total":1,"Total/Accumulated":839,"Confirmed/Accumulated":84},"Confirmed":43,"MedicalTests":{"Total/Accumulated":35,"Confirmed/Accumulated":4}},"geometry":{"type":"Point","coordinates":[-53.41731165390502,3.588901056661561]}},{"type":"Feature","properties":{"Country/Region":"France","Province/State":"La Réunion","Code":"04","Population":{"Total":859959,"Under19":256143,"Under39":202783,"Under59":239212,"Under74":117045,"Over75":44776},"Beds":{"Resuscitation":52,"IntensiveCare":154,"Total":206},"Deaths":1,"Recovered":119,"Severe":20,"Critical":4,"Emergencies":{"Total":413,"Suspected/Accumulated":271,"Total/Accumulated":32097,"Severe/Accumulated":188},"PCRTests":{"Total":241,"Confirmed":3,"Total/Accumulated":8030,"Confirmed/Accumulated":32},"Confirmed":94,"MedicalTests":{"Total/Accumulated":19,"Confirmed/Accumulated":1}},"geometry":{"type":"Point","coordinates":[55.52943947368424,-21.1374047368421]}},{"type":"Feature","properties":{"Country/Region":"France","Province/State":"Mayotte","Code":"06","Population":{"Total":279471,"Under19":150257,"Under39":74348,"Under59":42900,"Under74":9521,"Over75":2445},"Beds":{"Resuscitation":6,"IntensiveCare":0,"Total":6},"Deaths":19,"Recovered":243,"Severe":47,"Critical":13,"Emergencies":{"Suspected":13,"Total":99,"Suspected/Accumulated":1346,"Total/Accumulated":9422,"Severe/Accumulated":198},"PCRTests":{"Total":154,"Confirmed":65,"Total/Accumulated":1154,"Confirmed/Accumulated":336},"Confirmed":128,"MedicalTests":{"Total/Accumulated":4,"Confirmed/Accumulated":1}},"geometry":{"type":"Point","coordinates":[45.14160071428572,-12.835344166666673]}}]}