{"type":"FeatureCollection","features":[{"type":"Feature","properties":{"Country/Region":"France","Province/State":"Île-de-France","Code":"11","Population":{"Total":12278210,"Under19":3140965,"Under39":3409765,"Under59":3210447,"Under74":1658207,"Over75":858826},"Beds":{"Resuscitation":1147,"IntensiveCare":2512,"Total":3659},"Deaths":5516,"Recovered":15754,"Severe":11609,"Critical":1913,"Emergencies":{"Suspected":308,"Total":4211,"Severe":85,"Suspected/Accumulated":42957,"Total/Accumulated":284940,"Severe/Accumulated":14089},"MedicalActs":{"Suspected":76,"Total":1106,"Suspected/Accumulated":10247,"Total/Accumulated":80681},"MedicalTests":{"Total":348,"Confirmed":30,"Total/Accumulated":56982,"Confirmed/Accumulated":17011},"Confirmed":7660},"geometry":{"type":"Point","coordinates":[2.5292589766081885,48.704415292397634]}},{"type":"Feature","properties":{"Country/Region":"France","Province/State":"Centre-Val de Loire","Code":"24","Population":{"Total":2559073,"Under19":598570,"Under39":541141,"Under59":661150,"Under74":478923,"Over75":279289},"Beds":{"Resuscitation":180,"IntensiveCare":346,"Total":526},"Deaths":348,"Recovered":1056,"Severe":974,"Critical":144,"Emergencies":{"Suspected":42,"Total":988,"Severe":9,"Suspected/Accumulated":3602,"Total/Accumulated":59106,"Severe/Accumulated":897},"MedicalActs":{"Suspected":8,"Total":254,"Suspected/Accumulated":743,"Total/Accumulated":15788},"MedicalTests":{"Total":200,"Confirmed":3,"Total/Accumulated":9755,"Confirmed/Accumulated":1667},"Confirmed":1157},"geometry":{"type":"Point","coordinates":[1.6429664800000017,47.54357092799999]}},{"type":"Feature","properties":{"Country/Region":"France","Province/State":"Bourgogne-Franche-Comté","Code":"27","Population":{"Total":2783039,"Under19":627017,"Under39":591411,"Under59":715664,"Under74":540051,"Over75":308896},"Beds":{"Resuscitation":198,"IntensiveCare":642,"Total":840},"Deaths":786,"Recovered":2227,"Severe":1216,"Critical":201,"Emergencies":{"Suspected":80,"Total":1231,"Severe":37,"Suspected/Accumulated":8899,"Total/Accumulated":74201,"Severe/Accumulated":3650},"MedicalActs":{"Suspected":23,"Total":214,"Suspected/Accumulated":1453,"Total/Accumulated":13386},"MedicalTests":{"Total":44,"Confirmed":1,"Total/Accumulated":8967,"Confirmed/Accumulated":1203},"Confirmed":1569},"geometry":{"type":"Point","coordinates":[4.731409826897467,47.2969232490013]}},{"type":"Feature","properties":{"Country/Region":"France","Province/State":"Normandie","Code":"28","Population":{"Total":3303500,"Under19":781337,"Under39":727044,"Under59":842963,"Under74":615474,"Over75":336682},"Beds":{"Resuscitation":240,"IntensiveCare":548,"Total":788},"Deaths":314,"Recovered":974,"Severe":615,"Critical":116,"Emergencies":{"Suspected":34,"Total":1473,"Severe":20,"Suspected/Accumulated":3389,"Total/Accumulated":81058,"Severe/Accumulated":1240},"MedicalActs":{"Suspected":15,"Total":397,"Suspected/Accumulated":2138,"Total/Accumulated":22814},"MedicalTests":{"Total":30,"Confirmed":3,"Total/Accumulated":9278,"Confirmed/Accumulated":1226},"Confirmed":912},"geometry":{"type":"Point","coordinates":[-0.022673401869158984,49.066630336448576]}},{"type":"Feature","properties":{"Country/Region":"France","Province/State":"Hauts-de-France","Code":"32","Population":{"Total":5962662,"Under19":1525538,"Under39":1443348,"Under59":1522690,"Under74":994313,"Over75":476773},"Beds":{"Resuscitation":438,"IntensiveCare":1338,"Total":1776},"Deaths":1281,"Recovered":3672,"Severe":2385,"Critical":389,"Emergencies":{"Suspected":89,"Total":2219,"Severe":34,"Suspected/Accumulated":9502,"Total/Accumulated":125291,"Severe/Accumulated":3365},"MedicalActs":{"Suspected":33,"Total":604,"Suspected/Accumulated":3265,"Total/Accumulated":44706},"MedicalTests":{"Total":55,"Confirmed":7,"Total/Accumulated":12826,"Confirmed/Accumulated":2721},"Confirmed":3011},"geometry":{"type":"Point","coordinates":[2.8852615671641804,49.86155781716422]}},{"type":"Feature","properties":{"Country/Region":"France","Province/State":"Grand Est","Code":"44","Population":{"Total":5511747,"Under19":1258123,"Under39":1291962,"Under59":1448828,"Under74":988178,"Over75":524656},"Beds":{"Resuscitation":465,"IntensiveCare":840,"Total":1305},"Deaths":2714,"Recovered":7232,"Severe":4253,"Critical":647,"Emergencies":{"Suspected":103,"Total":2135,"Severe":55,"Suspected/Accumulated":14105,"Total/Accumulated":126878,"Severe/Accumulated":7026},"MedicalActs":{"Suspected":34,"Total":613,"Suspected/Accumulated":5007,"Total/Accumulated":38231},"MedicalTests":{"Total":23,"Confirmed":3,"Total/Accumulated":17147,"Confirmed/Accumulated":3460},"Confirmed":5479},"geometry":{"type":"Point","coordinates":[5.509890203045682,48.670969771573546]}},{"type":"Feature","properties":{"Country/Region":"France","Province/State":"Pays de la Loire","Code":"52","Population":{"Total":3801797,"Under19":933509,"Under39":853729,"Under59":970508,"Under74":667531,"Over75":376520},"Beds":{"Resuscitation":181,"IntensiveCare":572,"Total":753},"Deaths":307,"Recovered":1113,"Severe":717,"Critical":100,"Emergencies":{"Suspected":56,"Total":1259,"Severe":30,"Suspected/Accumulated":5737,"Total/Accumulated":67475,"Severe/Accumulated":2646},"MedicalActs":{"Suspected":16,"Total":449,"Suspected/Accumulated":2300,"Total/Accumulated":24625},"MedicalTests":{"Total":6,"Total/Accumulated":896,"Confirmed/Accumulated":69},"Confirmed":1630},"geometry":{"type":"Point","coordinates":[-0.8763313771517983,47.44186302034428]}},{"type":"Feature","properties":{"Country/Region":"France","Province/State":"Bretagne","Code":"53","Population":{"Total":3340379,"Under19":773631,"Under39":714512,"Under59":866988,"Under74":632104,"Over75":353144},"Beds":{"Resuscitation":162,"IntensiveCare":462,"Total":624},"Deaths":202,"Recovered":766,"Severe":412,"Critical":59,"Emergencies":{"Suspected":34,"Total":1306,"Severe":22,"Suspected/Accumulated":3825,"Total/Accumulated":74606,"Severe/Accumulated":1400},"MedicalActs":{"Suspected":6,"Total":300,"Suspected/Accumulated":890,"Total/Accumulated":18886},"MedicalTests":{"Total":2,"Total/Accumulated":370,"Confirmed/Accumulated":22},"Confirmed":962},"geometry":{"type":"Point","coordinates":[-3.104342941176476,48.146701189258316]}},{"type":"Feature","properties":{"Country/Region":"France","Province/State":"Nouvelle-Aquitaine","Code":"75","Population":{"Total":5999982,"Under19":1293321,"Under39":1274746,"Under59":1561754,"Under74":1177229,"Over75":692932},"Beds":{"Resuscitation":412,"IntensiveCare":946,"Total":1358},"Deaths":289,"Recovered":1276,"Severe":707,"Critical":133,"Emergencies":{"Suspected":76,"Total":2506,"Severe":50,"Suspected/Accumulated":8148,"Total/Accumulated":139199,"Severe/Accumulated":3416},"MedicalActs":{"Suspected":55,"Total":1058,"Suspected/Accumulated":5570,"Total/Accumulated":61318},"MedicalTests":{"Total":46,"Confirmed":1,"Total/Accumulated":15997,"Confirmed/Accumulated":848},"Confirmed":1007},"geometry":{"type":"Point","coordinates":[0.16186906163753495,45.156971701931916]}},{"type":"Feature","properties":{"Country/Region":"France","Province/State":"Occitanie","Code":"76","Population":{"Total":5924858,"Under19":1320456,"Under39":1330125,"Under59":1526711,"Under74":1099893,"Over75":647673},"Beds":{"Resuscitation":474,"IntensiveCare":1206,"Total":1680},"Deaths":361,"Recovered":2006,"Severe":724,"Critical":172,"Emergencies":{"Suspected":57,"Total":2593,"Severe":21,"Suspected/Accumulated":6488,"Total/Accumulated":140487,"Severe/Accumulated":2852},"MedicalActs":{"Suspected":19,"Total":424,"Suspected/Accumulated":2109,"Total/Accumulated":21652},"MedicalTests":{"Total":397,"Confirmed":7,"Total/Accumulated":36057,"Confirmed/Accumulated":2225},"Confirmed":2374},"geometry":{"type":"Point","coordinates":[1.988214846153848,43.761180626373644]}},{"type":"Feature","properties":{"Country/Region":"France","Province/State":"Auvergne-Rhône-Alpes","Code":"84","Population":{"Total":8032377,"Under19":1940253,"Under39":1900702,"Under59":2079813,"Under74":1340003,"Over75":771606},"Beds":{"Resuscitation":559,"IntensiveCare":1136,"Total":1695},"Deaths":1212,"Recovered":4643,"Severe":2682,"Critical":444,"Emergencies":{"Suspected":111,"Total":2988,"Severe":44,"Suspected/Accumulated":13177,"Total/Accumulated":179917,"Severe/Accumulated":5712},"MedicalActs":{"Suspected":63,"Total":867,"Suspected/Accumulated":5127,"Total/Accumulated":47598},"MedicalTests":{"Total":111,"Confirmed":4,"Total/Accumulated":15897,"Confirmed/Accumulated":1980},"Confirmed":2093},"geometry":{"type":"Point","coordinates":[4.515179591651545,45.475403602540794]}},{"type":"Feature","properties":{"Country/Region":"France","Province/State":"Guadeloupe","Code":"01","Population":{"Total":376879,"Under19":90617,"Under39":71707,"Under59":109452,"Under74":70936,"Over75":34167},"Beds":{"Resuscitation":27,"IntensiveCare":68,"Total":95},"Deaths":13,"Recovered":70,"Severe":22,"Critical":11,"Emergencies":{"Suspected":2,"Total":179,"Suspected/Accumulated":217,"Total/Accumulated":9413,"Severe/Accumulated":88},"Confirmed":106,"MedicalTests":{"Total/Accumulated":37,"Confirmed/Accumulated":14}},"geometry":{"type":"Point","coordinates":[-61.493846272189366,16.20469674556213]}},{"type":"Feature","properties":{"Country/Region":"France","Province/State":"Martinique","Code":"02","Population":{"Total":358749,"Under19":77005,"Under39":65776,"Under59":105638,"Under74":72163,"Over75":38167},"Beds":{"Resuscitation":26,"IntensiveCare":58,"Total":84},"Deaths":14,"Recovered":63,"Severe":32,"Critical":9,"MedicalActs":{"Suspected":2,"Total":83,"Suspected/Accumulated":114,"Total/Accumulated":6098},"Confirmed":111,"MedicalTests":{"Total/Accumulated":22,"Confirmed/Accumulated":5}},"geometry":{"type":"Point","coordinates":[-60.98265692913386,14.6217557480315]}},{"type":"Feature","properties":{"Country/Region":"France","Province/State":"Provence-Alpes-Côte d'Azur","Code":"93","Population":{"Total":5055651,"Under19":1128765,"Under39":1109058,"Under59":1309879,"Under74":927347,"Over75":580602},"Beds":{"Resuscitation":460,"IntensiveCare":802,"Total":1262},"Deaths":625,"Recovered":3366,"Severe":1671,"Critical":289,"Emergencies":{"Suspected":85,"Total":2431,"Severe":50,"Suspected/Accumulated":8723,"Total/Accumulated":142357,"Severe/Accumulated":4470},"MedicalActs":{"Suspected":42,"Total":792,"Suspected/Accumulated":4569,"Total/Accumulated":43510},"MedicalTests":{"Total":135,"Confirmed":7,"Total/Accumulated":50227,"Confirmed/Accumulated":3796},"Confirmed":1927},"geometry":{"type":"Point","coordinates":[5.940587832647462,43.96417941015098]}},{"type":"Feature","properties":{"Country/Region":"France","Province/State":"Corse","Code":"94","Population":{"Total":344679,"Under19":68555,"Under39":76985,"Under59":93175,"Under74":65675,"Over75":40289},"Beds":{"Resuscitation":18,"IntensiveCare":42,"Total":60},"Deaths":50,"Recovered":172,"Severe":64,"Critical":9,"Emergencies":{"Suspected":4,"Total":134,"Severe":3,"Suspected/Accumulated":1677,"Total/Accumulated":8424,"Severe/Accumulated":1621},"MedicalActs":{"Suspected":4,"Total":40,"Suspected/Accumulated":414,"Total/Accumulated":2405},"Confirmed":263},"geometry":{"type":"Point","coordinates":[9.019688964401293,42.118564077669916]}},{"type":"Feature","properties":{"Country/Region":"France","Province/State":"Guyane","Code":"03","Population":{"Total":290691,"Under19":120681,"Under39":80023,"Under59":61783,"Under74":22111,"Over75":6093},"Beds":{"Resuscitation":13,"IntensiveCare":12,"Total":25},"Deaths":1,"Recovered":35,"Severe":1,"Emergencies":{"Suspected":2,"Total":132,"Severe":2,"Suspected/Accumulated":66,"Total/Accumulated":10226,"Severe/Accumulated":20},"Confirmed":43,"MedicalTests":{"Total/Accumulated":30,"Confirmed/Accumulated":4}},"geometry":{"type":"Point","coordinates":[-53.41731165390502,3.588901056661561]}},{"type":"Feature","properties":{"Country/Region":"France","Province/State":"La Réunion","Code":"04","Population":{"Total":859959,"Under19":256143,"Under39":202783,"Under59":239212,"Under74":117045,"Over75":44776},"Beds":{"Resuscitation":52,"IntensiveCare":154,"Total":206},"Recovered":102,"Severe":7,"Critical":2,"Emergencies":{"Suspected":1,"Total":326,"Suspected/Accumulated":241,"Total/Accumulated":19250,"Severe/Accumulated":165},"Confirmed":94,"MedicalTests":{"Total/Accumulated":11,"Confirmed/Accumulated":1}},"geometry":{"type":"Point","coordinates":[55.52943947368424,-21.1374047368421]}},{"type":"Feature","properties":{"Country/Region":"France","Province/State":"Mayotte","Code":"06","Population":{"Total":279471,"Under19":150257,"Under39":74348,"Under59":42900,"Under74":9521,"Over75":2445},"Beds":{"Resuscitation":6,"IntensiveCare":0,"Total":6},"Deaths":6,"Recovered":60,"Severe":28,"Critical":3,"Emergencies":{"Suspected":16,"Total":100,"Severe":1,"Suspected/Accumulated":369,"Total/Accumulated":5398,"Severe/Accumulated":85},"Confirmed":128,"MedicalTests":{"Total/Accumulated":2,"Confirmed/Accumulated":1}},"geometry":{"type":"Point","coordinates":[45.14160071428572,-12.835344166666673]}}]}