{"type":"FeatureCollection","features":[{"type":"Feature","properties":{"Country/Region":"France","Province/State":"Île-de-France","Code":"11","Population":{"Total":12278210,"Under19":3140965,"Under39":3409765,"Under59":3210447,"Under74":1658207,"Over75":858826},"Beds":{"Resuscitation":1147,"IntensiveCare":2512,"Total":3659},"Deaths":6898,"Recovered":23335,"Severe":7333,"Critical":703,"Emergencies":{"Suspected":196,"Total":5542,"Severe":41,"Suspected/Accumulated":50265,"Total/Accumulated":409511,"Severe/Accumulated":15563},"MedicalActs":{"Suspected":43,"Total":1085,"Suspected/Accumulated":11754,"Total/Accumulated":107250},"MedicalTests":{"Total":656,"Confirmed":17,"Total/Accumulated":82428,"Confirmed/Accumulated":18209},"Confirmed":7660},"geometry":{"type":"Point","coordinates":[2.5292589766081885,48.704415292397634]}},{"type":"Feature","properties":{"Country/Region":"France","Province/State":"Centre-Val de Loire","Code":"24","Population":{"Total":2559073,"Under19":598570,"Under39":541141,"Under59":661150,"Under74":478923,"Over75":279289},"Beds":{"Resuscitation":180,"IntensiveCare":346,"Total":526},"Deaths":493,"Recovered":1657,"Severe":697,"Critical":50,"Emergencies":{"Suspected":35,"Total":1446,"Severe":3,"Suspected/Accumulated":4497,"Total/Accumulated":90160,"Severe/Accumulated":1205},"MedicalActs":{"Suspected":10,"Total":317,"Suspected/Accumulated":1075,"Total/Accumulated":22057},"MedicalTests":{"Total":381,"Confirmed":1,"Total/Accumulated":19137,"Confirmed/Accumulated":1851},"Confirmed":1157},"geometry":{"type":"Point","coordinates":[1.6429664800000017,47.54357092799999]}},{"type":"Feature","properties":{"Country/Region":"France","Province/State":"Bourgogne-Franche-Comté","Code":"27","Population":{"Total":2783039,"Under19":627017,"Under39":591411,"Under59":715664,"Under74":540051,"Over75":308896},"Beds":{"Resuscitation":198,"IntensiveCare":642,"Total":840},"Deaths":988,"Recovered":3164,"Severe":661,"Critical":62,"Emergencies":{"Suspected":67,"Total":1784,"Severe":31,"Suspected/Accumulated":10499,"Total/Accumulated":111798,"Severe/Accumulated":4351},"MedicalActs":{"Suspected":14,"Total":283,"Suspected/Accumulated":1809,"Total/Accumulated":18589},"MedicalTests":{"Total":60,"Confirmed":1,"Total/Accumulated":15055,"Confirmed/Accumulated":1326},"Confirmed":1569},"geometry":{"type":"Point","coordinates":[4.731409826897467,47.2969232490013]}},{"type":"Feature","properties":{"Country/Region":"France","Province/State":"Normandie","Code":"28","Population":{"Total":3303500,"Under19":781337,"Under39":727044,"Under59":842963,"Under74":615474,"Over75":336682},"Beds":{"Resuscitation":240,"IntensiveCare":548,"Total":788},"Deaths":407,"Recovered":1364,"Severe":435,"Critical":33,"Emergencies":{"Suspected":27,"Total":1852,"Severe":20,"Suspected/Accumulated":4217,"Total/Accumulated":122103,"Severe/Accumulated":1692},"MedicalActs":{"Suspected":15,"Total":390,"Suspected/Accumulated":2576,"Total/Accumulated":31438},"MedicalTests":{"Total":165,"Confirmed":1,"Total/Accumulated":16439,"Confirmed/Accumulated":1376},"Confirmed":912},"geometry":{"type":"Point","coordinates":[-0.022673401869158984,49.066630336448576]}},{"type":"Feature","properties":{"Country/Region":"France","Province/State":"Hauts-de-France","Code":"32","Population":{"Total":5962662,"Under19":1525538,"Under39":1443348,"Under59":1522690,"Under74":994313,"Over75":476773},"Beds":{"Resuscitation":438,"IntensiveCare":1338,"Total":1776},"Deaths":1668,"Recovered":5372,"Severe":1637,"Critical":161,"Emergencies":{"Suspected":43,"Total":2567,"Severe":22,"Suspected/Accumulated":11397,"Total/Accumulated":189777,"Severe/Accumulated":4156},"MedicalActs":{"Suspected":21,"Total":708,"Suspected/Accumulated":3804,"Total/Accumulated":58949},"MedicalTests":{"Total":260,"Confirmed":4,"Total/Accumulated":29534,"Confirmed/Accumulated":3364},"Confirmed":3011},"geometry":{"type":"Point","coordinates":[2.8852615671641804,49.86155781716422]}},{"type":"Feature","properties":{"Country/Region":"France","Province/State":"Grand Est","Code":"44","Population":{"Total":5511747,"Under19":1258123,"Under39":1291962,"Under59":1448828,"Under74":988178,"Over75":524656},"Beds":{"Resuscitation":465,"IntensiveCare":840,"Total":1305},"Deaths":3349,"Recovered":10183,"Severe":2527,"Critical":210,"Emergencies":{"Suspected":71,"Total":2784,"Severe":32,"Suspected/Accumulated":16202,"Total/Accumulated":188080,"Severe/Accumulated":8046},"MedicalActs":{"Suspected":33,"Total":596,"Suspected/Accumulated":5905,"Total/Accumulated":52367},"MedicalTests":{"Total":201,"Total/Accumulated":23890,"Confirmed/Accumulated":3675},"Confirmed":5479},"geometry":{"type":"Point","coordinates":[5.509890203045682,48.670969771573546]}},{"type":"Feature","properties":{"Country/Region":"France","Province/State":"Pays de la Loire","Code":"52","Population":{"Total":3801797,"Under19":933509,"Under39":853729,"Under59":970508,"Under74":667531,"Over75":376520},"Beds":{"Resuscitation":181,"IntensiveCare":572,"Total":753},"Deaths":422,"Recovered":1623,"Severe":452,"Critical":32,"Emergencies":{"Suspected":23,"Total":1731,"Severe":13,"Suspected/Accumulated":7153,"Total/Accumulated":103524,"Severe/Accumulated":3520},"MedicalActs":{"Suspected":12,"Total":453,"Suspected/Accumulated":2789,"Total/Accumulated":35103},"MedicalTests":{"Total":11,"Total/Accumulated":1811,"Confirmed/Accumulated":78},"Confirmed":1630},"geometry":{"type":"Point","coordinates":[-0.8763313771517983,47.44186302034428]}},{"type":"Feature","properties":{"Country/Region":"France","Province/State":"Bretagne","Code":"53","Population":{"Total":3340379,"Under19":773631,"Under39":714512,"Under59":866988,"Under74":632104,"Over75":353144},"Beds":{"Resuscitation":162,"IntensiveCare":462,"Total":624},"Deaths":242,"Recovered":1084,"Severe":236,"Critical":20,"Emergencies":{"Suspected":52,"Total":1829,"Severe":9,"Suspected/Accumulated":4744,"Total/Accumulated":112386,"Severe/Accumulated":1893},"MedicalActs":{"Suspected":9,"Total":342,"Suspected/Accumulated":1153,"Total/Accumulated":26479},"MedicalTests":{"Total":2,"Total/Accumulated":655,"Confirmed/Accumulated":25},"Confirmed":962},"geometry":{"type":"Point","coordinates":[-3.104342941176476,48.146701189258316]}},{"type":"Feature","properties":{"Country/Region":"France","Province/State":"Nouvelle-Aquitaine","Code":"75","Population":{"Total":5999982,"Under19":1293321,"Under39":1274746,"Under59":1561754,"Under74":1177229,"Over75":692932},"Beds":{"Resuscitation":412,"IntensiveCare":946,"Total":1358},"Deaths":381,"Recovered":1812,"Severe":374,"Critical":57,"Emergencies":{"Suspected":45,"Total":3425,"Severe":17,"Suspected/Accumulated":9464,"Total/Accumulated":212314,"Severe/Accumulated":4132},"MedicalActs":{"Suspected":36,"Total":1050,"Suspected/Accumulated":6551,"Total/Accumulated":85869},"MedicalTests":{"Total":232,"Total/Accumulated":31109,"Confirmed/Accumulated":957},"Confirmed":1007},"geometry":{"type":"Point","coordinates":[0.16186906163753495,45.156971701931916]}},{"type":"Feature","properties":{"Country/Region":"France","Province/State":"Occitanie","Code":"76","Population":{"Total":5924858,"Under19":1320456,"Under39":1330125,"Under59":1526711,"Under74":1099893,"Over75":647673},"Beds":{"Resuscitation":474,"IntensiveCare":1206,"Total":1680},"Deaths":481,"Recovered":2592,"Severe":297,"Critical":62,"Emergencies":{"Suspected":48,"Total":3392,"Severe":20,"Suspected/Accumulated":7873,"Total/Accumulated":215821,"Severe/Accumulated":3552},"MedicalActs":{"Suspected":15,"Total":385,"Suspected/Accumulated":2557,"Total/Accumulated":30941},"MedicalTests":{"Total":2786,"Confirmed":10,"Total/Accumulated":76897,"Confirmed/Accumulated":2636},"Confirmed":2374},"geometry":{"type":"Point","coordinates":[1.988214846153848,43.761180626373644]}},{"type":"Feature","properties":{"Country/Region":"France","Province/State":"Auvergne-Rhône-Alpes","Code":"84","Population":{"Total":8032377,"Under19":1940253,"Under39":1900702,"Under59":2079813,"Under74":1340003,"Over75":771606},"Beds":{"Resuscitation":559,"IntensiveCare":1136,"Total":1695},"Deaths":1615,"Recovered":6571,"Severe":1532,"Critical":152,"Emergencies":{"Suspected":77,"Total":4433,"Severe":23,"Suspected/Accumulated":15388,"Total/Accumulated":271572,"Severe/Accumulated":6645},"MedicalActs":{"Suspected":44,"Total":870,"Suspected/Accumulated":6282,"Total/Accumulated":67273},"MedicalTests":{"Total":548,"Confirmed":4,"Total/Accumulated":25977,"Confirmed/Accumulated":2148},"Confirmed":2093},"geometry":{"type":"Point","coordinates":[4.515179591651545,45.475403602540794]}},{"type":"Feature","properties":{"Country/Region":"France","Province/State":"Guadeloupe","Code":"01","Population":{"Total":376879,"Under19":90617,"Under39":71707,"Under59":109452,"Under74":70936,"Over75":34167},"Beds":{"Resuscitation":27,"IntensiveCare":68,"Total":95},"Deaths":19,"Recovered":73,"Severe":13,"Critical":2,"Emergencies":{"Total":72,"Suspected/Accumulated":233,"Total/Accumulated":13618,"Severe/Accumulated":99},"Confirmed":106,"MedicalTests":{"Total/Accumulated":51,"Confirmed/Accumulated":17}},"geometry":{"type":"Point","coordinates":[-61.493846272189366,16.20469674556213]}},{"type":"Feature","properties":{"Country/Region":"France","Province/State":"Martinique","Code":"02","Population":{"Total":358749,"Under19":77005,"Under39":65776,"Under59":105638,"Under74":72163,"Over75":38167},"Beds":{"Resuscitation":26,"IntensiveCare":58,"Total":84},"Deaths":14,"Recovered":81,"Severe":18,"Critical":2,"MedicalActs":{"Total":102,"Suspected/Accumulated":139,"Total/Accumulated":8360},"Confirmed":111,"MedicalTests":{"Total/Accumulated":29,"Confirmed/Accumulated":6}},"geometry":{"type":"Point","coordinates":[-60.98265692913386,14.6217557480315]}},{"type":"Feature","properties":{"Country/Region":"France","Province/State":"Provence-Alpes-Côte d'Azur","Code":"93","Population":{"Total":5055651,"Under19":1128765,"Under39":1109058,"Under59":1309879,"Under74":927347,"Over75":580602},"Beds":{"Resuscitation":460,"IntensiveCare":802,"Total":1262},"Deaths":874,"Recovered":4702,"Severe":1008,"Critical":101,"Emergencies":{"Suspected":29,"Total":3440,"Severe":13,"Suspected/Accumulated":10302,"Total/Accumulated":215842,"Severe/Accumulated":5316},"MedicalActs":{"Suspected":34,"Total":725,"Suspected/Accumulated":5519,"Total/Accumulated":61517},"MedicalTests":{"Total":830,"Confirmed":4,"Total/Accumulated":77354,"Confirmed/Accumulated":4179},"Confirmed":1927},"geometry":{"type":"Point","coordinates":[5.940587832647462,43.96417941015098]}},{"type":"Feature","properties":{"Country/Region":"France","Province/State":"Corse","Code":"94","Population":{"Total":344679,"Under19":68555,"Under39":76985,"Under59":93175,"Under74":65675,"Over75":40289},"Beds":{"Resuscitation":18,"IntensiveCare":42,"Total":60},"Deaths":57,"Recovered":218,"Severe":35,"Critical":4,"Emergencies":{"Suspected":2,"Total":196,"Severe":1,"Suspected/Accumulated":2070,"Total/Accumulated":12932,"Severe/Accumulated":1986},"MedicalActs":{"Suspected":1,"Total":44,"Suspected/Accumulated":475,"Total/Accumulated":3327},"Confirmed":263},"geometry":{"type":"Point","coordinates":[9.019688964401293,42.118564077669916]}},{"type":"Feature","properties":{"Country/Region":"France","Province/State":"Guyane","Code":"03","Population":{"Total":290691,"Under19":120681,"Under39":80023,"Under59":61783,"Under74":22111,"Over75":6093},"Beds":{"Resuscitation":13,"IntensiveCare":12,"Total":25},"Deaths":1,"Recovered":51,"Severe":12,"Emergencies":{"Suspected":6,"Total":173,"Severe":2,"Suspected/Accumulated":118,"Total/Accumulated":14517,"Severe/Accumulated":43},"Confirmed":43,"MedicalTests":{"Total/Accumulated":35,"Confirmed/Accumulated":4}},"geometry":{"type":"Point","coordinates":[-53.41731165390502,3.588901056661561]}},{"type":"Feature","properties":{"Country/Region":"France","Province/State":"La Réunion","Code":"04","Population":{"Total":859959,"Under19":256143,"Under39":202783,"Under59":239212,"Under74":117045,"Over75":44776},"Beds":{"Resuscitation":52,"IntensiveCare":154,"Total":206},"Deaths":1,"Recovered":116,"Severe":11,"Critical":1,"Emergencies":{"Total":352,"Suspected/Accumulated":261,"Total/Accumulated":28671,"Severe/Accumulated":182},"Confirmed":94,"MedicalTests":{"Total/Accumulated":19,"Confirmed/Accumulated":1}},"geometry":{"type":"Point","coordinates":[55.52943947368424,-21.1374047368421]}},{"type":"Feature","properties":{"Country/Region":"France","Province/State":"Mayotte","Code":"06","Population":{"Total":279471,"Under19":150257,"Under39":74348,"Under59":42900,"Under74":9521,"Over75":2445},"Beds":{"Resuscitation":6,"IntensiveCare":0,"Total":6},"Deaths":18,"Recovered":202,"Severe":49,"Critical":12,"Emergencies":{"Suspected":45,"Total":129,"Severe":6,"Suspected/Accumulated":1161,"Total/Accumulated":8466,"Severe/Accumulated":182},"Confirmed":128,"MedicalTests":{"Total/Accumulated":4,"Confirmed/Accumulated":1}},"geometry":{"type":"Point","coordinates":[45.14160071428572,-12.835344166666673]}}]}