{"type":"FeatureCollection","features":[{"type":"Feature","properties":{"Country/Region":"France","Province/State":"Île-de-France","Code":"11","Population":{"Total":12278210,"Under19":3140965,"Under39":3409765,"Under59":3210447,"Under74":1658207,"Over75":858826},"Beds":{"Resuscitation":1147,"IntensiveCare":2512,"Total":3659},"Deaths":4942,"Recovered":13095,"Severe":12474,"Critical":2210,"Emergencies":{"Suspected":656,"Total":4433,"Severe":191,"Suspected/Accumulated":40624,"Total/Accumulated":263831,"Severe/Accumulated":13514},"MedicalActs":{"Suspected":101,"Total":923,"Suspected/Accumulated":9900,"Total/Accumulated":76085},"MedicalTests":{"Total":2034,"Confirmed":286,"Total/Accumulated":47470,"Confirmed/Accumulated":15884},"Confirmed":7660},"geometry":{"type":"Point","coordinates":[2.5292589766081885,48.704415292397634]}},{"type":"Feature","properties":{"Country/Region":"France","Province/State":"Centre-Val de Loire","Code":"24","Population":{"Total":2559073,"Under19":598570,"Under39":541141,"Under59":661150,"Under74":478923,"Over75":279289},"Beds":{"Resuscitation":180,"IntensiveCare":346,"Total":526},"Deaths":298,"Recovered":896,"Severe":960,"Critical":171,"Emergencies":{"Suspected":98,"Total":1148,"Severe":24,"Suspected/Accumulated":3168,"Total/Accumulated":53738,"Severe/Accumulated":831},"MedicalActs":{"Suspected":22,"Total":167,"Suspected/Accumulated":693,"Total/Accumulated":14843},"MedicalTests":{"Total":303,"Confirmed":26,"Total/Accumulated":7533,"Confirmed/Accumulated":1543},"Confirmed":1157},"geometry":{"type":"Point","coordinates":[1.6429664800000017,47.54357092799999]}},{"type":"Feature","properties":{"Country/Region":"France","Province/State":"Bourgogne-Franche-Comté","Code":"27","Population":{"Total":2783039,"Under19":627017,"Under39":591411,"Under59":715664,"Under74":540051,"Over75":308896},"Beds":{"Resuscitation":198,"IntensiveCare":642,"Total":840},"Deaths":677,"Recovered":1864,"Severe":1334,"Critical":238,"Emergencies":{"Suspected":158,"Total":1394,"Severe":67,"Suspected/Accumulated":8328,"Total/Accumulated":68075,"Severe/Accumulated":3394},"MedicalActs":{"Suspected":9,"Total":120,"Suspected/Accumulated":1365,"Total/Accumulated":12574},"MedicalTests":{"Total":444,"Confirmed":36,"Total/Accumulated":6819,"Confirmed/Accumulated":1118},"Confirmed":1569},"geometry":{"type":"Point","coordinates":[4.731409826897467,47.2969232490013]}},{"type":"Feature","properties":{"Country/Region":"France","Province/State":"Normandie","Code":"28","Population":{"Total":3303500,"Under19":781337,"Under39":727044,"Under59":842963,"Under74":615474,"Over75":336682},"Beds":{"Resuscitation":240,"IntensiveCare":548,"Total":788},"Deaths":283,"Recovered":821,"Severe":663,"Critical":143,"Emergencies":{"Suspected":59,"Total":1505,"Severe":28,"Suspected/Accumulated":3163,"Total/Accumulated":74003,"Severe/Accumulated":1116},"MedicalActs":{"Suspected":19,"Total":277,"Suspected/Accumulated":2067,"Total/Accumulated":21500},"MedicalTests":{"Total":447,"Confirmed":31,"Total/Accumulated":8000,"Confirmed/Accumulated":1138},"Confirmed":912},"geometry":{"type":"Point","coordinates":[-0.022673401869158984,49.066630336448576]}},{"type":"Feature","properties":{"Country/Region":"France","Province/State":"Hauts-de-France","Code":"32","Population":{"Total":5962662,"Under19":1525538,"Under39":1443348,"Under59":1522690,"Under74":994313,"Over75":476773},"Beds":{"Resuscitation":438,"IntensiveCare":1338,"Total":1776},"Deaths":1127,"Recovered":2909,"Severe":2578,"Critical":473,"Emergencies":{"Suspected":199,"Total":2245,"Severe":81,"Suspected/Accumulated":8838,"Total/Accumulated":114254,"Severe/Accumulated":3118},"MedicalActs":{"Suspected":27,"Total":507,"Suspected/Accumulated":3123,"Total/Accumulated":42426},"MedicalTests":{"Total":639,"Confirmed":81,"Total/Accumulated":9960,"Confirmed/Accumulated":2473},"Confirmed":3011},"geometry":{"type":"Point","coordinates":[2.8852615671641804,49.86155781716422]}},{"type":"Feature","properties":{"Country/Region":"France","Province/State":"Grand Est","Code":"44","Population":{"Total":5511747,"Under19":1258123,"Under39":1291962,"Under59":1448828,"Under74":988178,"Over75":524656},"Beds":{"Resuscitation":465,"IntensiveCare":840,"Total":1305},"Deaths":2515,"Recovered":6219,"Severe":4592,"Critical":740,"Emergencies":{"Suspected":183,"Total":2140,"Severe":104,"Suspected/Accumulated":13520,"Total/Accumulated":116874,"Severe/Accumulated":6731},"MedicalActs":{"Suspected":54,"Total":458,"Suspected/Accumulated":4819,"Total/Accumulated":35924},"MedicalTests":{"Total":578,"Confirmed":41,"Total/Accumulated":14729,"Confirmed/Accumulated":3308},"Confirmed":5479},"geometry":{"type":"Point","coordinates":[5.509890203045682,48.670969771573546]}},{"type":"Feature","properties":{"Country/Region":"France","Province/State":"Pays de la Loire","Code":"52","Population":{"Total":3801797,"Under19":933509,"Under39":853729,"Under59":970508,"Under74":667531,"Over75":376520},"Beds":{"Resuscitation":181,"IntensiveCare":572,"Total":753},"Deaths":268,"Recovered":957,"Severe":775,"Critical":123,"Emergencies":{"Suspected":132,"Total":1210,"Severe":76,"Suspected/Accumulated":5358,"Total/Accumulated":61407,"Severe/Accumulated":2424},"MedicalActs":{"Suspected":17,"Total":334,"Suspected/Accumulated":2216,"Total/Accumulated":22885},"MedicalTests":{"Total":34,"Confirmed":1,"Total/Accumulated":634,"Confirmed/Accumulated":64},"Confirmed":1630},"geometry":{"type":"Point","coordinates":[-0.8763313771517983,47.44186302034428]}},{"type":"Feature","properties":{"Country/Region":"France","Province/State":"Bretagne","Code":"53","Population":{"Total":3340379,"Under19":773631,"Under39":714512,"Under59":866988,"Under74":632104,"Over75":353144},"Beds":{"Resuscitation":162,"IntensiveCare":462,"Total":624},"Deaths":189,"Recovered":650,"Severe":455,"Critical":83,"Emergencies":{"Suspected":62,"Total":1216,"Severe":43,"Suspected/Accumulated":3639,"Total/Accumulated":68183,"Severe/Accumulated":1273},"MedicalActs":{"Suspected":15,"Total":209,"Suspected/Accumulated":849,"Total/Accumulated":17781},"MedicalTests":{"Total":12,"Confirmed":1,"Total/Accumulated":168,"Confirmed/Accumulated":18},"Confirmed":962},"geometry":{"type":"Point","coordinates":[-3.104342941176476,48.146701189258316]}},{"type":"Feature","properties":{"Country/Region":"France","Province/State":"Nouvelle-Aquitaine","Code":"75","Population":{"Total":5999982,"Under19":1293321,"Under39":1274746,"Under59":1561754,"Under74":1177229,"Over75":692932},"Beds":{"Resuscitation":412,"IntensiveCare":946,"Total":1358},"Deaths":259,"Recovered":1083,"Severe":838,"Critical":191,"Emergencies":{"Suspected":122,"Total":2595,"Severe":72,"Suspected/Accumulated":7651,"Total/Accumulated":126748,"Severe/Accumulated":3157},"MedicalActs":{"Suspected":63,"Total":778,"Suspected/Accumulated":5373,"Total/Accumulated":57492},"MedicalTests":{"Total":625,"Confirmed":6,"Total/Accumulated":12244,"Confirmed/Accumulated":774},"Confirmed":1007},"geometry":{"type":"Point","coordinates":[0.16186906163753495,45.156971701931916]}},{"type":"Feature","properties":{"Country/Region":"France","Province/State":"Occitanie","Code":"76","Population":{"Total":5924858,"Under19":1320456,"Under39":1330125,"Under59":1526711,"Under74":1099893,"Over75":647673},"Beds":{"Resuscitation":474,"IntensiveCare":1206,"Total":1680},"Deaths":312,"Recovered":1728,"Severe":893,"Critical":234,"Emergencies":{"Suspected":154,"Total":2507,"Severe":49,"Suspected/Accumulated":6024,"Total/Accumulated":128581,"Severe/Accumulated":2686},"MedicalActs":{"Suspected":19,"Total":268,"Suspected/Accumulated":2007,"Total/Accumulated":20225},"MedicalTests":{"Total":1844,"Confirmed":49,"Total/Accumulated":28624,"Confirmed/Accumulated":2068},"Confirmed":2374},"geometry":{"type":"Point","coordinates":[1.988214846153848,43.761180626373644]}},{"type":"Feature","properties":{"Country/Region":"France","Province/State":"Auvergne-Rhône-Alpes","Code":"84","Population":{"Total":8032377,"Under19":1940253,"Under39":1900702,"Under59":2079813,"Under74":1340003,"Over75":771606},"Beds":{"Resuscitation":559,"IntensiveCare":1136,"Total":1695},"Deaths":1062,"Recovered":3904,"Severe":2936,"Critical":576,"Emergencies":{"Suspected":194,"Total":3066,"Severe":93,"Suspected/Accumulated":12491,"Total/Accumulated":164808,"Severe/Accumulated":5436},"MedicalActs":{"Suspected":51,"Total":600,"Suspected/Accumulated":4875,"Total/Accumulated":44392},"MedicalTests":{"Total":493,"Confirmed":39,"Total/Accumulated":12902,"Confirmed/Accumulated":1807},"Confirmed":2093},"geometry":{"type":"Point","coordinates":[4.515179591651545,45.475403602540794]}},{"type":"Feature","properties":{"Country/Region":"France","Province/State":"Guadeloupe","Code":"01","Population":{"Total":376879,"Under19":90617,"Under39":71707,"Under59":109452,"Under74":70936,"Over75":34167},"Beds":{"Resuscitation":27,"IntensiveCare":68,"Total":95},"Deaths":12,"Recovered":62,"Severe":32,"Critical":16,"Emergencies":{"Suspected":3,"Total":180,"Severe":1,"Suspected/Accumulated":184,"Total/Accumulated":8590,"Severe/Accumulated":76},"Confirmed":106,"MedicalTests":{"Total/Accumulated":31,"Confirmed/Accumulated":13}},"geometry":{"type":"Point","coordinates":[-61.493846272189366,16.20469674556213]}},{"type":"Feature","properties":{"Country/Region":"France","Province/State":"Martinique","Code":"02","Population":{"Total":358749,"Under19":77005,"Under39":65776,"Under59":105638,"Under74":72163,"Over75":38167},"Beds":{"Resuscitation":26,"IntensiveCare":58,"Total":84},"Deaths":9,"Recovered":60,"Severe":35,"Critical":10,"MedicalActs":{"Suspected":3,"Total":109,"Suspected/Accumulated":101,"Total/Accumulated":5653},"Confirmed":111,"MedicalTests":{"Total/Accumulated":19,"Confirmed/Accumulated":5}},"geometry":{"type":"Point","coordinates":[-60.98265692913386,14.6217557480315]}},{"type":"Feature","properties":{"Country/Region":"France","Province/State":"Provence-Alpes-Côte d'Azur","Code":"93","Population":{"Total":5055651,"Under19":1128765,"Under39":1109058,"Under59":1309879,"Under74":927347,"Over75":580602},"Beds":{"Resuscitation":460,"IntensiveCare":802,"Total":1262},"Deaths":499,"Recovered":2834,"Severe":1786,"Critical":355,"Emergencies":{"Suspected":146,"Total":2362,"Severe":89,"Suspected/Accumulated":8097,"Total/Accumulated":130745,"Severe/Accumulated":4155},"MedicalActs":{"Suspected":47,"Total":620,"Suspected/Accumulated":4353,"Total/Accumulated":40442},"MedicalTests":{"Total":1771,"Confirmed":63,"Total/Accumulated":42382,"Confirmed/Accumulated":3613},"Confirmed":1927},"geometry":{"type":"Point","coordinates":[5.940587832647462,43.96417941015098]}},{"type":"Feature","properties":{"Country/Region":"France","Province/State":"Corse","Code":"94","Population":{"Total":344679,"Under19":68555,"Under39":76985,"Under59":93175,"Under74":65675,"Over75":40289},"Beds":{"Resuscitation":18,"IntensiveCare":42,"Total":60},"Deaths":47,"Recovered":152,"Severe":70,"Critical":13,"Emergencies":{"Suspected":37,"Total":124,"Severe":37,"Suspected/Accumulated":1523,"Total/Accumulated":7690,"Severe/Accumulated":1469},"MedicalActs":{"Suspected":1,"Total":29,"Suspected/Accumulated":392,"Total/Accumulated":2270},"Confirmed":263},"geometry":{"type":"Point","coordinates":[9.019688964401293,42.118564077669916]}},{"type":"Feature","properties":{"Country/Region":"France","Province/State":"Guyane","Code":"03","Population":{"Total":290691,"Under19":120681,"Under39":80023,"Under59":61783,"Under74":22111,"Over75":6093},"Beds":{"Resuscitation":13,"IntensiveCare":12,"Total":25},"Recovered":29,"Severe":4,"Critical":2,"Emergencies":{"Suspected":3,"Total":142,"Severe":3,"Suspected/Accumulated":61,"Total/Accumulated":9463,"Severe/Accumulated":16},"Confirmed":43,"MedicalTests":{"Total/Accumulated":26,"Confirmed/Accumulated":4}},"geometry":{"type":"Point","coordinates":[-53.41731165390502,3.588901056661561]}},{"type":"Feature","properties":{"Country/Region":"France","Province/State":"La Réunion","Code":"04","Population":{"Total":859959,"Under19":256143,"Under39":202783,"Under59":239212,"Under74":117045,"Over75":44776},"Beds":{"Resuscitation":52,"IntensiveCare":154,"Total":206},"Recovered":93,"Severe":15,"Critical":2,"Emergencies":{"Suspected":1,"Total":368,"Severe":1,"Suspected/Accumulated":232,"Total/Accumulated":17672,"Severe/Accumulated":161},"Confirmed":94,"MedicalTests":{"Total/Accumulated":8,"Confirmed/Accumulated":1}},"geometry":{"type":"Point","coordinates":[55.52943947368424,-21.1374047368421]}},{"type":"Feature","properties":{"Country/Region":"France","Province/State":"Mayotte","Code":"06","Population":{"Total":279471,"Under19":150257,"Under39":74348,"Under59":42900,"Under74":9521,"Over75":2445},"Beds":{"Resuscitation":6,"IntensiveCare":0,"Total":6},"Deaths":6,"Recovered":47,"Severe":22,"Critical":4,"Emergencies":{"Suspected":23,"Total":100,"Severe":1,"Suspected/Accumulated":301,"Total/Accumulated":4887,"Severe/Accumulated":71},"Confirmed":128,"MedicalTests":{"Total/Accumulated":2,"Confirmed/Accumulated":1}},"geometry":{"type":"Point","coordinates":[45.14160071428572,-12.835344166666673]}}]}