{"type":"FeatureCollection","features":[{"type":"Feature","properties":{"Country/Region":"France","Province/State":"Île-de-France","Code":"11","Population":{"Total":12278210,"Under19":3140965,"Under39":3409765,"Under59":3210447,"Under74":1658207,"Over75":858826},"Beds":{"Resuscitation":1147,"IntensiveCare":2512,"Total":3659},"Deaths":6474,"Recovered":20320,"Severe":9373,"Critical":1171,"Emergencies":{"Suspected":144,"Total":4058,"Severe":40,"Suspected/Accumulated":47457,"Total/Accumulated":349768,"Severe/Accumulated":15043},"MedicalActs":{"Suspected":55,"Total":1176,"Suspected/Accumulated":11128,"Total/Accumulated":95721},"MedicalTests":{"Total":18,"Confirmed":2,"Total/Accumulated":69141,"Confirmed/Accumulated":17736},"Confirmed":7660},"geometry":{"type":"Point","coordinates":[2.5292589766081885,48.704415292397634]}},{"type":"Feature","properties":{"Country/Region":"France","Province/State":"Centre-Val de Loire","Code":"24","Population":{"Total":2559073,"Under19":598570,"Under39":541141,"Under59":661150,"Under74":478923,"Over75":279289},"Beds":{"Resuscitation":180,"IntensiveCare":346,"Total":526},"Deaths":444,"Recovered":1435,"Severe":871,"Critical":76,"Emergencies":{"Suspected":35,"Total":998,"Severe":15,"Suspected/Accumulated":4061,"Total/Accumulated":75368,"Severe/Accumulated":1074},"MedicalActs":{"Suspected":3,"Total":224,"Suspected/Accumulated":901,"Total/Accumulated":19134},"MedicalTests":{"Total":3,"Total/Accumulated":14473,"Confirmed/Accumulated":1772},"Confirmed":1157},"geometry":{"type":"Point","coordinates":[1.6429664800000017,47.54357092799999]}},{"type":"Feature","properties":{"Country/Region":"France","Province/State":"Bourgogne-Franche-Comté","Code":"27","Population":{"Total":2783039,"Under19":627017,"Under39":591411,"Under59":715664,"Under74":540051,"Over75":308896},"Beds":{"Resuscitation":198,"IntensiveCare":642,"Total":840},"Deaths":926,"Recovered":2786,"Severe":1000,"Critical":106,"Emergencies":{"Suspected":31,"Total":1291,"Severe":14,"Suspected/Accumulated":9874,"Total/Accumulated":93663,"Severe/Accumulated":4104},"MedicalActs":{"Suspected":15,"Total":208,"Suspected/Accumulated":1627,"Total/Accumulated":16272},"Confirmed":1569,"MedicalTests":{"Total/Accumulated":11819,"Confirmed/Accumulated":1295}},"geometry":{"type":"Point","coordinates":[4.731409826897467,47.2969232490013]}},{"type":"Feature","properties":{"Country/Region":"France","Province/State":"Normandie","Code":"28","Population":{"Total":3303500,"Under19":781337,"Under39":727044,"Under59":842963,"Under74":615474,"Over75":336682},"Beds":{"Resuscitation":240,"IntensiveCare":548,"Total":788},"Deaths":371,"Recovered":1207,"Severe":530,"Critical":58,"Emergencies":{"Suspected":22,"Total":1282,"Severe":12,"Suspected/Accumulated":3871,"Total/Accumulated":102290,"Severe/Accumulated":1497},"MedicalActs":{"Suspected":15,"Total":371,"Suspected/Accumulated":2347,"Total/Accumulated":27633},"Confirmed":912,"MedicalTests":{"Total/Accumulated":12345,"Confirmed/Accumulated":1312}},"geometry":{"type":"Point","coordinates":[-0.022673401869158984,49.066630336448576]}},{"type":"Feature","properties":{"Country/Region":"France","Province/State":"Hauts-de-France","Code":"32","Population":{"Total":5962662,"Under19":1525538,"Under39":1443348,"Under59":1522690,"Under74":994313,"Over75":476773},"Beds":{"Resuscitation":438,"IntensiveCare":1338,"Total":1776},"Deaths":1521,"Recovered":4658,"Severe":1971,"Critical":220,"Emergencies":{"Suspected":51,"Total":2074,"Severe":28,"Suspected/Accumulated":10585,"Total/Accumulated":159335,"Severe/Accumulated":3853},"MedicalActs":{"Suspected":21,"Total":532,"Suspected/Accumulated":3588,"Total/Accumulated":52430},"Confirmed":3011,"MedicalTests":{"Total/Accumulated":20134,"Confirmed/Accumulated":3141}},"geometry":{"type":"Point","coordinates":[2.8852615671641804,49.86155781716422]}},{"type":"Feature","properties":{"Country/Region":"France","Province/State":"Grand Est","Code":"44","Population":{"Total":5511747,"Under19":1258123,"Under39":1291962,"Under59":1448828,"Under74":988178,"Over75":524656},"Beds":{"Resuscitation":465,"IntensiveCare":840,"Total":1305},"Deaths":3113,"Recovered":8903,"Severe":3326,"Critical":350,"Emergencies":{"Suspected":41,"Total":2190,"Severe":21,"Suspected/Accumulated":15240,"Total/Accumulated":158490,"Severe/Accumulated":7632},"MedicalActs":{"Suspected":46,"Total":721,"Suspected/Accumulated":5520,"Total/Accumulated":46496},"Confirmed":5479,"MedicalTests":{"Total/Accumulated":20209,"Confirmed/Accumulated":3575}},"geometry":{"type":"Point","coordinates":[5.509890203045682,48.670969771573546]}},{"type":"Feature","properties":{"Country/Region":"France","Province/State":"Pays de la Loire","Code":"52","Population":{"Total":3801797,"Under19":933509,"Under39":853729,"Under59":970508,"Under74":667531,"Over75":376520},"Beds":{"Resuscitation":181,"IntensiveCare":572,"Total":753},"Deaths":383,"Recovered":1407,"Severe":572,"Critical":53,"Emergencies":{"Suspected":31,"Total":1177,"Severe":14,"Suspected/Accumulated":6466,"Total/Accumulated":85737,"Severe/Accumulated":3136},"MedicalActs":{"Suspected":21,"Total":446,"Suspected/Accumulated":2563,"Total/Accumulated":30456},"Confirmed":1630,"MedicalTests":{"Total/Accumulated":1224,"Confirmed/Accumulated":76}},"geometry":{"type":"Point","coordinates":[-0.8763313771517983,47.44186302034428]}},{"type":"Feature","properties":{"Country/Region":"France","Province/State":"Bretagne","Code":"53","Population":{"Total":3340379,"Under19":773631,"Under39":714512,"Under59":866988,"Under74":632104,"Over75":353144},"Beds":{"Resuscitation":162,"IntensiveCare":462,"Total":624},"Deaths":227,"Recovered":939,"Severe":327,"Critical":43,"Emergencies":{"Suspected":19,"Total":1304,"Severe":15,"Suspected/Accumulated":4276,"Total/Accumulated":94466,"Severe/Accumulated":1714},"MedicalActs":{"Suspected":14,"Total":306,"Suspected/Accumulated":1017,"Total/Accumulated":23157},"Confirmed":962,"MedicalTests":{"Total/Accumulated":465,"Confirmed/Accumulated":22}},"geometry":{"type":"Point","coordinates":[-3.104342941176476,48.146701189258316]}},{"type":"Feature","properties":{"Country/Region":"France","Province/State":"Nouvelle-Aquitaine","Code":"75","Population":{"Total":5999982,"Under19":1293321,"Under39":1274746,"Under59":1561754,"Under74":1177229,"Over75":692932},"Beds":{"Resuscitation":412,"IntensiveCare":946,"Total":1358},"Deaths":353,"Recovered":1643,"Severe":493,"Critical":85,"Emergencies":{"Suspected":48,"Total":2376,"Severe":27,"Suspected/Accumulated":8870,"Total/Accumulated":177050,"Severe/Accumulated":3876},"MedicalActs":{"Suspected":44,"Total":1018,"Suspected/Accumulated":6126,"Total/Accumulated":74965},"MedicalTests":{"Total":3,"Total/Accumulated":22375,"Confirmed/Accumulated":891},"Confirmed":1007},"geometry":{"type":"Point","coordinates":[0.16186906163753495,45.156971701931916]}},{"type":"Feature","properties":{"Country/Region":"France","Province/State":"Occitanie","Code":"76","Population":{"Total":5924858,"Under19":1320456,"Under39":1330125,"Under59":1526711,"Under74":1099893,"Over75":647673},"Beds":{"Resuscitation":474,"IntensiveCare":1206,"Total":1680},"Deaths":453,"Recovered":2341,"Severe":440,"Critical":108,"Emergencies":{"Suspected":34,"Total":2439,"Severe":19,"Suspected/Accumulated":7180,"Total/Accumulated":179837,"Severe/Accumulated":3208},"MedicalActs":{"Suspected":25,"Total":456,"Suspected/Accumulated":2363,"Total/Accumulated":26956},"MedicalTests":{"Total":101,"Confirmed":8,"Total/Accumulated":52128,"Confirmed/Accumulated":2468},"Confirmed":2374},"geometry":{"type":"Point","coordinates":[1.988214846153848,43.761180626373644]}},{"type":"Feature","properties":{"Country/Region":"France","Province/State":"Auvergne-Rhône-Alpes","Code":"84","Population":{"Total":8032377,"Under19":1940253,"Under39":1900702,"Under59":2079813,"Under74":1340003,"Over75":771606},"Beds":{"Resuscitation":559,"IntensiveCare":1136,"Total":1695},"Deaths":1483,"Recovered":5707,"Severe":2116,"Critical":253,"Emergencies":{"Suspected":69,"Total":3120,"Severe":31,"Suspected/Accumulated":14334,"Total/Accumulated":226707,"Severe/Accumulated":6269},"MedicalActs":{"Suspected":47,"Total":788,"Suspected/Accumulated":5712,"Total/Accumulated":58574},"MedicalTests":{"Total":8,"Confirmed":1,"Total/Accumulated":20597,"Confirmed/Accumulated":2107},"Confirmed":2093},"geometry":{"type":"Point","coordinates":[4.515179591651545,45.475403602540794]}},{"type":"Feature","properties":{"Country/Region":"France","Province/State":"Guadeloupe","Code":"01","Population":{"Total":376879,"Under19":90617,"Under39":71707,"Under59":109452,"Under74":70936,"Over75":34167},"Beds":{"Resuscitation":27,"IntensiveCare":68,"Total":95},"Deaths":19,"Recovered":72,"Severe":14,"Critical":4,"Emergencies":{"Total":150,"Suspected/Accumulated":213,"Total/Accumulated":12072,"Severe/Accumulated":97},"Confirmed":106,"MedicalTests":{"Total/Accumulated":46,"Confirmed/Accumulated":16}},"geometry":{"type":"Point","coordinates":[-61.493846272189366,16.20469674556213]}},{"type":"Feature","properties":{"Country/Region":"France","Province/State":"Martinique","Code":"02","Population":{"Total":358749,"Under19":77005,"Under39":65776,"Under59":105638,"Under74":72163,"Over75":38167},"Beds":{"Resuscitation":26,"IntensiveCare":58,"Total":84},"Deaths":14,"Recovered":79,"Severe":19,"Critical":5,"MedicalActs":{"Suspected":1,"Total":68,"Suspected/Accumulated":130,"Total/Accumulated":7317},"Confirmed":111,"MedicalTests":{"Total/Accumulated":25,"Confirmed/Accumulated":5}},"geometry":{"type":"Point","coordinates":[-60.98265692913386,14.6217557480315]}},{"type":"Feature","properties":{"Country/Region":"France","Province/State":"Provence-Alpes-Côte d'Azur","Code":"93","Population":{"Total":5055651,"Under19":1128765,"Under39":1109058,"Under59":1309879,"Under74":927347,"Over75":580602},"Beds":{"Resuscitation":460,"IntensiveCare":802,"Total":1262},"Deaths":777,"Recovered":4239,"Severe":1321,"Critical":175,"Emergencies":{"Suspected":24,"Total":2472,"Severe":16,"Suspected/Accumulated":9761,"Total/Accumulated":181029,"Severe/Accumulated":5000},"MedicalActs":{"Suspected":39,"Total":728,"Suspected/Accumulated":5121,"Total/Accumulated":53799},"MedicalTests":{"Total":17,"Total/Accumulated":64089,"Confirmed/Accumulated":4061},"Confirmed":1927},"geometry":{"type":"Point","coordinates":[5.940587832647462,43.96417941015098]}},{"type":"Feature","properties":{"Country/Region":"France","Province/State":"Corse","Code":"94","Population":{"Total":344679,"Under19":68555,"Under39":76985,"Under59":93175,"Under74":65675,"Over75":40289},"Beds":{"Resuscitation":18,"IntensiveCare":42,"Total":60},"Deaths":52,"Recovered":199,"Severe":51,"Critical":6,"Emergencies":{"Total":117,"Suspected/Accumulated":1959,"Total/Accumulated":10787,"Severe/Accumulated":1889},"MedicalActs":{"Suspected":2,"Total":47,"Suspected/Accumulated":444,"Total/Accumulated":2906},"Confirmed":263},"geometry":{"type":"Point","coordinates":[9.019688964401293,42.118564077669916]}},{"type":"Feature","properties":{"Country/Region":"France","Province/State":"Guyane","Code":"03","Population":{"Total":290691,"Under19":120681,"Under39":80023,"Under59":61783,"Under74":22111,"Over75":6093},"Beds":{"Resuscitation":13,"IntensiveCare":12,"Total":25},"Deaths":1,"Recovered":38,"Severe":6,"Emergencies":{"Suspected":2,"Total":149,"Severe":1,"Suspected/Accumulated":86,"Total/Accumulated":12454,"Severe/Accumulated":26},"Confirmed":43,"MedicalTests":{"Total/Accumulated":34,"Confirmed/Accumulated":4}},"geometry":{"type":"Point","coordinates":[-53.41731165390502,3.588901056661561]}},{"type":"Feature","properties":{"Country/Region":"France","Province/State":"La Réunion","Code":"04","Population":{"Total":859959,"Under19":256143,"Under39":202783,"Under59":239212,"Under74":117045,"Over75":44776},"Beds":{"Resuscitation":52,"IntensiveCare":154,"Total":206},"Recovered":112,"Severe":13,"Critical":4,"Emergencies":{"Suspected":1,"Total":293,"Severe":1,"Suspected/Accumulated":256,"Total/Accumulated":24328,"Severe/Accumulated":179},"Confirmed":94,"MedicalTests":{"Total/Accumulated":15,"Confirmed/Accumulated":1}},"geometry":{"type":"Point","coordinates":[55.52943947368424,-21.1374047368421]}},{"type":"Feature","properties":{"Country/Region":"France","Province/State":"Mayotte","Code":"06","Population":{"Total":279471,"Under19":150257,"Under39":74348,"Under59":42900,"Under74":9521,"Over75":2445},"Beds":{"Resuscitation":6,"IntensiveCare":0,"Total":6},"Deaths":12,"Recovered":123,"Severe":59,"Critical":11,"Emergencies":{"Suspected":24,"Total":88,"Severe":4,"Suspected/Accumulated":779,"Total/Accumulated":7119,"Severe/Accumulated":140},"Confirmed":128,"MedicalTests":{"Total/Accumulated":2,"Confirmed/Accumulated":1}},"geometry":{"type":"Point","coordinates":[45.14160071428572,-12.835344166666673]}}]}