{"type":"FeatureCollection","features":[{"type":"Feature","properties":{"Country/Region":"France","Province/State":"Île-de-France","Code":"11","Population":{"Total":12278210,"Under19":3140965,"Under39":3409765,"Under59":3210447,"Under74":1658207,"Over75":858826},"Beds":{"Resuscitation":1147,"IntensiveCare":2512,"Total":3659},"Deaths":7693,"Recovered":30681,"Severe":2334,"Critical":167,"Emergencies":{"Suspected":145,"Total":6562,"Severe":28,"Suspected/Accumulated":57787,"Total/Accumulated":1013272,"Severe/Accumulated":17115},"MedicalActs":{"Suspected":111,"Total":1168,"Suspected/Accumulated":16355,"Total/Accumulated":221384},"PCRTests":{"Total":32171,"Confirmed":2135,"Total/Accumulated":1285248,"Confirmed/Accumulated":38866},"Confirmed":7660,"MedicalTests":{"Total/Accumulated":85340,"Confirmed/Accumulated":18277}},"geometry":{"type":"Point","coordinates":[2.5292589766081885,48.704415292397634]}},{"type":"Feature","properties":{"Country/Region":"France","Province/State":"Centre-Val de Loire","Code":"24","Population":{"Total":2559073,"Under19":598570,"Under39":541141,"Under59":661150,"Under74":478923,"Over75":279289},"Beds":{"Resuscitation":180,"IntensiveCare":346,"Total":526},"Deaths":574,"Recovered":2378,"Severe":61,"Critical":8,"Emergencies":{"Suspected":7,"Total":1459,"Severe":2,"Suspected/Accumulated":5730,"Total/Accumulated":230512,"Severe/Accumulated":1459},"MedicalActs":{"Suspected":17,"Total":366,"Suspected/Accumulated":1905,"Total/Accumulated":56257},"PCRTests":{"Total":6040,"Confirmed":144,"Total/Accumulated":179009,"Confirmed/Accumulated":3204},"Confirmed":1157,"MedicalTests":{"Total/Accumulated":20197,"Confirmed/Accumulated":1858}},"geometry":{"type":"Point","coordinates":[1.6429664800000017,47.54357092799999]}},{"type":"Feature","properties":{"Country/Region":"France","Province/State":"Bourgogne-Franche-Comté","Code":"27","Population":{"Total":2783039,"Under19":627017,"Under39":591411,"Under59":715664,"Under74":540051,"Over75":308896},"Beds":{"Resuscitation":198,"IntensiveCare":642,"Total":840},"Deaths":1065,"Recovered":4109,"Severe":18,"Critical":4,"Emergencies":{"Suspected":10,"Total":2041,"Severe":3,"Suspected/Accumulated":12269,"Total/Accumulated":300569,"Severe/Accumulated":5083},"MedicalActs":{"Suspected":28,"Total":241,"Suspected/Accumulated":2538,"Total/Accumulated":41993},"PCRTests":{"Total":5681,"Confirmed":146,"Total/Accumulated":212778,"Confirmed/Accumulated":2537},"Confirmed":1569,"MedicalTests":{"Total/Accumulated":15673,"Confirmed/Accumulated":1330}},"geometry":{"type":"Point","coordinates":[4.731409826897467,47.2969232490013]}},{"type":"Feature","properties":{"Country/Region":"France","Province/State":"Normandie","Code":"28","Population":{"Total":3303500,"Under19":781337,"Under39":727044,"Under59":842963,"Under74":615474,"Over75":336682},"Beds":{"Resuscitation":240,"IntensiveCare":548,"Total":788},"Deaths":447,"Recovered":1897,"Severe":68,"Critical":2,"Emergencies":{"Suspected":9,"Total":2090,"Severe":2,"Suspected/Accumulated":5240,"Total/Accumulated":319944,"Severe/Accumulated":2277},"MedicalActs":{"Suspected":12,"Total":403,"Suspected/Accumulated":4316,"Total/Accumulated":71925},"PCRTests":{"Total":5334,"Confirmed":153,"Total/Accumulated":249825,"Confirmed/Accumulated":2635},"Confirmed":912,"MedicalTests":{"Total/Accumulated":17253,"Confirmed/Accumulated":1385}},"geometry":{"type":"Point","coordinates":[-0.022673401869158984,49.066630336448576]}},{"type":"Feature","properties":{"Country/Region":"France","Province/State":"Hauts-de-France","Code":"32","Population":{"Total":5962662,"Under19":1525538,"Under39":1443348,"Under59":1522690,"Under74":994313,"Over75":476773},"Beds":{"Resuscitation":438,"IntensiveCare":1338,"Total":1776},"Deaths":1938,"Recovered":7235,"Severe":459,"Critical":37,"Emergencies":{"Suspected":15,"Total":3013,"Severe":2,"Suspected/Accumulated":13423,"Total/Accumulated":490153,"Severe/Accumulated":4841},"MedicalActs":{"Suspected":40,"Total":861,"Suspected/Accumulated":5726,"Total/Accumulated":139907},"PCRTests":{"Total":10846,"Confirmed":278,"Total/Accumulated":473208,"Confirmed/Accumulated":9066},"Confirmed":3011,"MedicalTests":{"Total/Accumulated":31790,"Confirmed/Accumulated":3410}},"geometry":{"type":"Point","coordinates":[2.8852615671641804,49.86155781716422]}},{"type":"Feature","properties":{"Country/Region":"France","Province/State":"Grand Est","Code":"44","Population":{"Total":5511747,"Under19":1258123,"Under39":1291962,"Under59":1448828,"Under74":988178,"Over75":524656},"Beds":{"Resuscitation":465,"IntensiveCare":840,"Total":1305},"Deaths":3660,"Recovered":13083,"Severe":460,"Critical":15,"Emergencies":{"Suspected":12,"Total":3052,"Severe":5,"Suspected/Accumulated":18243,"Total/Accumulated":487492,"Severe/Accumulated":8835},"MedicalActs":{"Suspected":21,"Total":571,"Suspected/Accumulated":7935,"Total/Accumulated":110899},"PCRTests":{"Total":11205,"Confirmed":249,"Total/Accumulated":514958,"Confirmed/Accumulated":7359},"Confirmed":5479,"MedicalTests":{"Total/Accumulated":24982,"Confirmed/Accumulated":3702}},"geometry":{"type":"Point","coordinates":[5.509890203045682,48.670969771573546]}},{"type":"Feature","properties":{"Country/Region":"France","Province/State":"Pays de la Loire","Code":"52","Population":{"Total":3801797,"Under19":933509,"Under39":853729,"Under59":970508,"Under74":667531,"Over75":376520},"Beds":{"Resuscitation":181,"IntensiveCare":572,"Total":753},"Deaths":490,"Recovered":2397,"Severe":93,"Critical":9,"Emergencies":{"Suspected":18,"Total":1778,"Severe":10,"Suspected/Accumulated":9509,"Total/Accumulated":279722,"Severe/Accumulated":4936},"MedicalActs":{"Suspected":19,"Total":528,"Suspected/Accumulated":4518,"Total/Accumulated":82622},"PCRTests":{"Total":7524,"Confirmed":156,"Total/Accumulated":312554,"Confirmed/Accumulated":6019},"Confirmed":1630,"MedicalTests":{"Total/Accumulated":1941,"Confirmed/Accumulated":78}},"geometry":{"type":"Point","coordinates":[-0.8763313771517983,47.44186302034428]}},{"type":"Feature","properties":{"Country/Region":"France","Province/State":"Bretagne","Code":"53","Population":{"Total":3340379,"Under19":773631,"Under39":714512,"Under59":866988,"Under74":632104,"Over75":353144},"Beds":{"Resuscitation":162,"IntensiveCare":462,"Total":624},"Deaths":269,"Recovered":1381,"Severe":61,"Critical":6,"Emergencies":{"Suspected":6,"Total":1909,"Severe":4,"Suspected/Accumulated":6345,"Total/Accumulated":300097,"Severe/Accumulated":2402},"MedicalActs":{"Suspected":5,"Total":300,"Suspected/Accumulated":2355,"Total/Accumulated":61558},"PCRTests":{"Total":6110,"Confirmed":127,"Total/Accumulated":238837,"Confirmed/Accumulated":3093},"Confirmed":962,"MedicalTests":{"Total/Accumulated":698,"Confirmed/Accumulated":25}},"geometry":{"type":"Point","coordinates":[-3.104342941176476,48.146701189258316]}},{"type":"Feature","properties":{"Country/Region":"France","Province/State":"Nouvelle-Aquitaine","Code":"75","Population":{"Total":5999982,"Under19":1293321,"Under39":1274746,"Under59":1561754,"Under74":1177229,"Over75":692932},"Beds":{"Resuscitation":412,"IntensiveCare":946,"Total":1358},"Deaths":432,"Recovered":2329,"Severe":68,"Critical":11,"Emergencies":{"Suspected":25,"Total":3950,"Severe":8,"Suspected/Accumulated":11175,"Total/Accumulated":583913,"Severe/Accumulated":4770},"MedicalActs":{"Suspected":75,"Total":1164,"Suspected/Accumulated":10215,"Total/Accumulated":197401},"PCRTests":{"Total":13810,"Confirmed":509,"Total/Accumulated":407234,"Confirmed/Accumulated":5636},"Confirmed":1007,"MedicalTests":{"Total/Accumulated":33043,"Confirmed/Accumulated":961}},"geometry":{"type":"Point","coordinates":[0.16186906163753495,45.156971701931916]}},{"type":"Feature","properties":{"Country/Region":"France","Province/State":"Occitanie","Code":"76","Population":{"Total":5924858,"Under19":1320456,"Under39":1330125,"Under59":1526711,"Under74":1099893,"Over75":647673},"Beds":{"Resuscitation":474,"IntensiveCare":1206,"Total":1680},"Deaths":521,"Recovered":3081,"Severe":115,"Critical":18,"Emergencies":{"Suspected":24,"Total":3842,"Severe":7,"Suspected/Accumulated":9552,"Total/Accumulated":594638,"Severe/Accumulated":4179},"MedicalActs":{"Suspected":17,"Total":343,"Suspected/Accumulated":3722,"Total/Accumulated":69386},"PCRTests":{"Total":14034,"Confirmed":531,"Total/Accumulated":492223,"Confirmed/Accumulated":9155},"Confirmed":2374,"MedicalTests":{"Total/Accumulated":83743,"Confirmed/Accumulated":2680}},"geometry":{"type":"Point","coordinates":[1.988214846153848,43.761180626373644]}},{"type":"Feature","properties":{"Country/Region":"France","Province/State":"Auvergne-Rhône-Alpes","Code":"84","Population":{"Total":8032377,"Under19":1940253,"Under39":1900702,"Under59":2079813,"Under74":1340003,"Over75":771606},"Beds":{"Resuscitation":559,"IntensiveCare":1136,"Total":1695},"Deaths":1776,"Recovered":8310,"Severe":265,"Critical":19,"Emergencies":{"Suspected":39,"Total":4878,"Severe":16,"Suspected/Accumulated":18349,"Total/Accumulated":730807,"Severe/Accumulated":7502},"MedicalActs":{"Suspected":61,"Total":851,"Suspected/Accumulated":9745,"Total/Accumulated":152558},"PCRTests":{"Total":15123,"Confirmed":689,"Total/Accumulated":586456,"Confirmed/Accumulated":10514},"Confirmed":2093,"MedicalTests":{"Total/Accumulated":27674,"Confirmed/Accumulated":2153}},"geometry":{"type":"Point","coordinates":[4.515179591651545,45.475403602540794]}},{"type":"Feature","properties":{"Country/Region":"France","Province/State":"Guadeloupe","Code":"01","Population":{"Total":376879,"Under19":90617,"Under39":71707,"Under59":109452,"Under74":70936,"Over75":34167},"Beds":{"Resuscitation":27,"IntensiveCare":68,"Total":95},"Deaths":19,"Recovered":93,"Severe":17,"Critical":8,"Emergencies":{"Suspected":9,"Total":191,"Severe":6,"Suspected/Accumulated":385,"Total/Accumulated":34772,"Severe/Accumulated":124},"PCRTests":{"Total":1219,"Confirmed":135,"Total/Accumulated":25809,"Confirmed/Accumulated":1012},"Confirmed":106,"MedicalTests":{"Total/Accumulated":51,"Confirmed/Accumulated":17}},"geometry":{"type":"Point","coordinates":[-61.493846272189366,16.20469674556213]}},{"type":"Feature","properties":{"Country/Region":"France","Province/State":"Martinique","Code":"02","Population":{"Total":358749,"Under19":77005,"Under39":65776,"Under59":105638,"Under74":72163,"Over75":38167},"Beds":{"Resuscitation":26,"IntensiveCare":58,"Total":84},"Deaths":17,"Recovered":101,"Severe":14,"Critical":3,"MedicalActs":{"Suspected":3,"Total":141,"Suspected/Accumulated":217,"Total/Accumulated":17985},"PCRTests":{"Total":774,"Confirmed":29,"Total/Accumulated":30345,"Confirmed/Accumulated":544},"Confirmed":111,"MedicalTests":{"Total/Accumulated":29,"Confirmed/Accumulated":6}},"geometry":{"type":"Point","coordinates":[-60.98265692913386,14.6217557480315]}},{"type":"Feature","properties":{"Country/Region":"France","Province/State":"Provence-Alpes-Côte d'Azur","Code":"93","Population":{"Total":5055651,"Under19":1128765,"Under39":1109058,"Under59":1309879,"Under74":927347,"Over75":580602},"Beds":{"Resuscitation":460,"IntensiveCare":802,"Total":1262},"Deaths":988,"Recovered":6294,"Severe":348,"Critical":39,"Emergencies":{"Suspected":61,"Total":4126,"Severe":29,"Suspected/Accumulated":12369,"Total/Accumulated":595749,"Severe/Accumulated":6078},"MedicalActs":{"Suspected":55,"Total":747,"Suspected/Accumulated":8119,"Total/Accumulated":140153},"PCRTests":{"Total":18171,"Confirmed":1030,"Total/Accumulated":614844,"Confirmed/Accumulated":16785},"Confirmed":1927,"MedicalTests":{"Total/Accumulated":80858,"Confirmed/Accumulated":4204}},"geometry":{"type":"Point","coordinates":[5.940587832647462,43.96417941015098]}},{"type":"Feature","properties":{"Country/Region":"France","Province/State":"Corse","Code":"94","Population":{"Total":344679,"Under19":68555,"Under39":76985,"Under59":93175,"Under74":65675,"Over75":40289},"Beds":{"Resuscitation":18,"IntensiveCare":42,"Total":60},"Deaths":59,"Recovered":256,"Severe":9,"Critical":2,"Emergencies":{"Suspected":4,"Total":304,"Severe":2,"Suspected/Accumulated":2218,"Total/Accumulated":41054,"Severe/Accumulated":2068},"MedicalActs":{"Suspected":5,"Total":150,"Suspected/Accumulated":623,"Total/Accumulated":9819},"PCRTests":{"Total":964,"Confirmed":36,"Total/Accumulated":29420,"Confirmed/Accumulated":251},"Confirmed":263},"geometry":{"type":"Point","coordinates":[9.019688964401293,42.118564077669916]}},{"type":"Feature","properties":{"Country/Region":"France","Province/State":"Guyane","Code":"03","Population":{"Total":290691,"Under19":120681,"Under39":80023,"Under59":61783,"Under74":22111,"Over75":6093},"Beds":{"Resuscitation":13,"IntensiveCare":12,"Total":25},"Deaths":52,"Recovered":1466,"Severe":86,"Critical":14,"Emergencies":{"Suspected":6,"Total":225,"Severe":5,"Suspected/Accumulated":1786,"Total/Accumulated":32243,"Severe/Accumulated":835},"PCRTests":{"Total":630,"Confirmed":45,"Total/Accumulated":43219,"Confirmed/Accumulated":7686},"Confirmed":43,"MedicalTests":{"Total/Accumulated":35,"Confirmed/Accumulated":4}},"geometry":{"type":"Point","coordinates":[-53.41731165390502,3.588901056661561]}},{"type":"Feature","properties":{"Country/Region":"France","Province/State":"La Réunion","Code":"04","Population":{"Total":859959,"Under19":256143,"Under39":202783,"Under59":239212,"Under74":117045,"Over75":44776},"Beds":{"Resuscitation":52,"IntensiveCare":154,"Total":206},"Deaths":7,"Recovered":200,"Severe":52,"Critical":9,"Emergencies":{"Suspected":5,"Total":408,"Severe":2,"Suspected/Accumulated":341,"Total/Accumulated":66865,"Severe/Accumulated":213},"PCRTests":{"Total":2681,"Confirmed":74,"Total/Accumulated":98533,"Confirmed/Accumulated":1121},"Confirmed":94,"MedicalTests":{"Total/Accumulated":19,"Confirmed/Accumulated":1}},"geometry":{"type":"Point","coordinates":[55.52943947368424,-21.1374047368421]}},{"type":"Feature","properties":{"Country/Region":"France","Province/State":"Mayotte","Code":"06","Population":{"Total":279471,"Under19":150257,"Under39":74348,"Under59":42900,"Under74":9521,"Over75":2445},"Beds":{"Resuscitation":6,"IntensiveCare":0,"Total":6},"Deaths":28,"Recovered":440,"Severe":7,"Critical":2,"Emergencies":{"Total":86,"Suspected/Accumulated":1885,"Total/Accumulated":18550,"Severe/Accumulated":250},"PCRTests":{"Total":304,"Confirmed":12,"Total/Accumulated":13511,"Confirmed/Accumulated":1563},"Confirmed":128,"MedicalTests":{"Total/Accumulated":4,"Confirmed/Accumulated":1}},"geometry":{"type":"Point","coordinates":[45.14160071428572,-12.835344166666673]}}]}