{"type":"FeatureCollection","features":[{"type":"Feature","properties":{"Country/Region":"France","Province/State":"Île-de-France","Code":"11","Population":{"Total":12278210,"Under19":3140965,"Under39":3409765,"Under59":3210447,"Under74":1658207,"Over75":858826},"Beds":{"Resuscitation":1147,"IntensiveCare":2512,"Total":3659},"Deaths":2850,"Recovered":6857,"Severe":12479,"Critical":2668,"Emergencies":{"Suspected":930,"Total":4091,"Severe":301,"Suspected/Accumulated":32402,"Total/Accumulated":215580,"Severe/Accumulated":10808},"MedicalActs":{"Suspected":199,"Total":950,"Suspected/Accumulated":8444,"Total/Accumulated":63743},"MedicalTests":{"Total":2096,"Confirmed":673,"Total/Accumulated":28770,"Confirmed/Accumulated":11425},"Confirmed":7660},"geometry":{"type":"Point","coordinates":[2.5292589766081885,48.704415292397634]}},{"type":"Feature","properties":{"Country/Region":"France","Province/State":"Centre-Val de Loire","Code":"24","Population":{"Total":2559073,"Under19":598570,"Under39":541141,"Under59":661150,"Under74":478923,"Over75":279289},"Beds":{"Resuscitation":180,"IntensiveCare":346,"Total":526},"Deaths":154,"Recovered":435,"Severe":837,"Critical":213,"Emergencies":{"Suspected":92,"Total":873,"Severe":29,"Suspected/Accumulated":1950,"Total/Accumulated":42113,"Severe/Accumulated":592},"MedicalActs":{"Suspected":10,"Total":167,"Suspected/Accumulated":492,"Total/Accumulated":12439},"MedicalTests":{"Total":449,"Confirmed":106,"Total/Accumulated":4434,"Confirmed/Accumulated":1054},"Confirmed":1157},"geometry":{"type":"Point","coordinates":[1.6429664800000017,47.54357092799999]}},{"type":"Feature","properties":{"Country/Region":"France","Province/State":"Bourgogne-Franche-Comté","Code":"27","Population":{"Total":2783039,"Under19":627017,"Under39":591411,"Under59":715664,"Under74":540051,"Over75":308896},"Beds":{"Resuscitation":198,"IntensiveCare":642,"Total":840},"Deaths":412,"Recovered":1160,"Severe":1227,"Critical":292,"Emergencies":{"Suspected":188,"Total":1140,"Severe":76,"Suspected/Accumulated":6259,"Total/Accumulated":53761,"Severe/Accumulated":2594},"MedicalActs":{"Suspected":22,"Total":165,"Suspected/Accumulated":1133,"Total/Accumulated":10423},"MedicalTests":{"Total":268,"Confirmed":56,"Total/Accumulated":3501,"Confirmed/Accumulated":697},"Confirmed":1569},"geometry":{"type":"Point","coordinates":[4.731409826897467,47.2969232490013]}},{"type":"Feature","properties":{"Country/Region":"France","Province/State":"Normandie","Code":"28","Population":{"Total":3303500,"Under19":781337,"Under39":727044,"Under59":842963,"Under74":615474,"Over75":336682},"Beds":{"Resuscitation":240,"IntensiveCare":548,"Total":788},"Deaths":165,"Recovered":453,"Severe":680,"Critical":213,"Emergencies":{"Suspected":85,"Total":1207,"Severe":35,"Suspected/Accumulated":2414,"Total/Accumulated":58604,"Severe/Accumulated":754},"MedicalActs":{"Suspected":28,"Total":237,"Suspected/Accumulated":1777,"Total/Accumulated":17986},"MedicalTests":{"Total":478,"Confirmed":52,"Total/Accumulated":4293,"Confirmed/Accumulated":712},"Confirmed":912},"geometry":{"type":"Point","coordinates":[-0.022673401869158984,49.066630336448576]}},{"type":"Feature","properties":{"Country/Region":"France","Province/State":"Hauts-de-France","Code":"32","Population":{"Total":5962662,"Under19":1525538,"Under39":1443348,"Under59":1522690,"Under74":994313,"Over75":476773},"Beds":{"Resuscitation":438,"IntensiveCare":1338,"Total":1776},"Deaths":679,"Recovered":1575,"Severe":2366,"Critical":573,"Emergencies":{"Suspected":253,"Total":2037,"Severe":90,"Suspected/Accumulated":6501,"Total/Accumulated":89864,"Severe/Accumulated":2262},"MedicalActs":{"Suspected":57,"Total":468,"Suspected/Accumulated":2620,"Total/Accumulated":36530},"MedicalTests":{"Total":651,"Confirmed":161,"Total/Accumulated":5547,"Confirmed/Accumulated":1691},"Confirmed":3011},"geometry":{"type":"Point","coordinates":[2.8852615671641804,49.86155781716422]}},{"type":"Feature","properties":{"Country/Region":"France","Province/State":"Grand Est","Code":"44","Population":{"Total":5511747,"Under19":1258123,"Under39":1291962,"Under59":1448828,"Under74":988178,"Over75":524656},"Beds":{"Resuscitation":465,"IntensiveCare":840,"Total":1305},"Deaths":1781,"Recovered":3797,"Severe":4708,"Critical":937,"Emergencies":{"Suspected":280,"Total":1871,"Severe":137,"Suspected/Accumulated":11104,"Total/Accumulated":93972,"Severe/Accumulated":5573},"MedicalActs":{"Suspected":101,"Total":487,"Suspected/Accumulated":3987,"Total/Accumulated":28718},"MedicalTests":{"Total":1114,"Confirmed":256,"Total/Accumulated":8621,"Confirmed/Accumulated":2375},"Confirmed":5479},"geometry":{"type":"Point","coordinates":[5.509890203045682,48.670969771573546]}},{"type":"Feature","properties":{"Country/Region":"France","Province/State":"Pays de la Loire","Code":"52","Population":{"Total":3801797,"Under19":933509,"Under39":853729,"Under59":970508,"Under74":667531,"Over75":376520},"Beds":{"Resuscitation":181,"IntensiveCare":572,"Total":753},"Confirmed":1630,"Deaths":194,"Recovered":570,"Severe":700,"Critical":178,"Emergencies":{"Suspected":127,"Total":1036,"Severe":72,"Suspected/Accumulated":4045,"Total/Accumulated":48112,"Severe/Accumulated":1739},"MedicalActs":{"Suspected":40,"Total":322,"Suspected/Accumulated":1865,"Total/Accumulated":18254},"MedicalTests":{"Total":22,"Confirmed":1,"Total/Accumulated":492,"Confirmed/Accumulated":58}},"geometry":{"type":"Point","coordinates":[-0.8763313771517983,47.44186302034428]}},{"type":"Feature","properties":{"Country/Region":"France","Province/State":"Bretagne","Code":"53","Population":{"Total":3340379,"Under19":773631,"Under39":714512,"Under59":866988,"Under74":632104,"Over75":353144},"Beds":{"Resuscitation":162,"IntensiveCare":462,"Total":624},"Deaths":107,"Recovered":373,"Severe":484,"Critical":136,"Emergencies":{"Suspected":86,"Total":1215,"Severe":43,"Suspected/Accumulated":2996,"Total/Accumulated":53750,"Severe/Accumulated":857},"MedicalActs":{"Suspected":15,"Total":222,"Suspected/Accumulated":703,"Total/Accumulated":14457},"MedicalTests":{"Total":8,"Total/Accumulated":121,"Confirmed/Accumulated":16},"Confirmed":962},"geometry":{"type":"Point","coordinates":[-3.104342941176476,48.146701189258316]}},{"type":"Feature","properties":{"Country/Region":"France","Province/State":"Nouvelle-Aquitaine","Code":"75","Population":{"Total":5999982,"Under19":1293321,"Under39":1274746,"Under59":1561754,"Under74":1177229,"Over75":692932},"Beds":{"Resuscitation":412,"IntensiveCare":946,"Total":1358},"Deaths":165,"Recovered":739,"Severe":797,"Critical":242,"Emergencies":{"Suspected":236,"Total":2126,"Severe":107,"Suspected/Accumulated":5930,"Total/Accumulated":98457,"Severe/Accumulated":2287},"MedicalActs":{"Suspected":82,"Total":742,"Suspected/Accumulated":4564,"Total/Accumulated":47182},"MedicalTests":{"Total":424,"Confirmed":25,"Total/Accumulated":5502,"Confirmed/Accumulated":498},"Confirmed":1007},"geometry":{"type":"Point","coordinates":[0.16186906163753495,45.156971701931916]}},{"type":"Feature","properties":{"Country/Region":"France","Province/State":"Occitanie","Code":"76","Population":{"Total":5924858,"Under19":1320456,"Under39":1330125,"Under59":1526711,"Under74":1099893,"Over75":647673},"Beds":{"Resuscitation":474,"IntensiveCare":1206,"Total":1680},"Deaths":195,"Recovered":993,"Severe":1000,"Critical":329,"Emergencies":{"Suspected":168,"Total":2104,"Severe":80,"Suspected/Accumulated":4531,"Total/Accumulated":101400,"Severe/Accumulated":2032},"MedicalActs":{"Suspected":29,"Total":231,"Suspected/Accumulated":1663,"Total/Accumulated":16281},"MedicalTests":{"Total":94,"Confirmed":14,"Total/Accumulated":2135,"Confirmed/Accumulated":260},"Confirmed":2374},"geometry":{"type":"Point","coordinates":[1.988214846153848,43.761180626373644]}},{"type":"Feature","properties":{"Country/Region":"France","Province/State":"Auvergne-Rhône-Alpes","Code":"84","Population":{"Total":8032377,"Under19":1940253,"Under39":1900702,"Under59":2079813,"Under74":1340003,"Over75":771606},"Beds":{"Resuscitation":559,"IntensiveCare":1136,"Total":1695},"Deaths":654,"Recovered":2330,"Severe":2908,"Critical":736,"Emergencies":{"Suspected":356,"Total":2685,"Severe":150,"Suspected/Accumulated":9656,"Total/Accumulated":131218,"Severe/Accumulated":4289},"MedicalActs":{"Suspected":92,"Total":657,"Suspected/Accumulated":4018,"Total/Accumulated":35667},"MedicalTests":{"Total":312,"Confirmed":50,"Total/Accumulated":6279,"Confirmed/Accumulated":1219},"Confirmed":2093},"geometry":{"type":"Point","coordinates":[4.515179591651545,45.475403602540794]}},{"type":"Feature","properties":{"Country/Region":"France","Province/State":"Guadeloupe","Code":"01","Population":{"Total":376879,"Under19":90617,"Under39":71707,"Under59":109452,"Under74":70936,"Over75":34167},"Beds":{"Resuscitation":27,"IntensiveCare":68,"Total":95},"Deaths":10,"Recovered":46,"Severe":33,"Critical":16,"Emergencies":{"Suspected":9,"Total":138,"Severe":4,"Suspected/Accumulated":101,"Total/Accumulated":6958,"Severe/Accumulated":46},"MedicalTests":{"Total":1,"Total/Accumulated":24,"Confirmed/Accumulated":12},"Confirmed":106},"geometry":{"type":"Point","coordinates":[-61.493846272189366,16.20469674556213]}},{"type":"Feature","properties":{"Country/Region":"France","Province/State":"Martinique","Code":"02","Population":{"Total":358749,"Under19":77005,"Under39":65776,"Under59":105638,"Under74":72163,"Over75":38167},"Beds":{"Resuscitation":26,"IntensiveCare":58,"Total":84},"Deaths":4,"Recovered":43,"Severe":49,"Critical":19,"MedicalActs":{"Suspected":2,"Total":105,"Suspected/Accumulated":52,"Total/Accumulated":4475},"MedicalTests":{"Total":2,"Total/Accumulated":14,"Confirmed/Accumulated":4},"Confirmed":111},"geometry":{"type":"Point","coordinates":[-60.98265692913386,14.6217557480315]}},{"type":"Feature","properties":{"Country/Region":"France","Province/State":"Provence-Alpes-Côte d'Azur","Code":"93","Population":{"Total":5055651,"Under19":1128765,"Under39":1109058,"Under59":1309879,"Under74":927347,"Over75":580602},"Beds":{"Resuscitation":460,"IntensiveCare":802,"Total":1262},"Deaths":269,"Recovered":1684,"Severe":1796,"Critical":437,"Emergencies":{"Suspected":176,"Total":2001,"Severe":86,"Suspected/Accumulated":6137,"Total/Accumulated":104001,"Severe/Accumulated":3189},"MedicalActs":{"Suspected":107,"Total":660,"Suspected/Accumulated":3511,"Total/Accumulated":32370},"MedicalTests":{"Total":1509,"Confirmed":131,"Total/Accumulated":16086,"Confirmed/Accumulated":2021},"Confirmed":1927},"geometry":{"type":"Point","coordinates":[5.940587832647462,43.96417941015098]}},{"type":"Feature","properties":{"Country/Region":"France","Province/State":"Corse","Code":"94","Population":{"Total":344679,"Under19":68555,"Under39":76985,"Under59":93175,"Under74":65675,"Over75":40289},"Beds":{"Resuscitation":18,"IntensiveCare":42,"Total":60},"Deaths":32,"Recovered":117,"Severe":90,"Critical":21,"Emergencies":{"Suspected":14,"Total":120,"Severe":14,"Suspected/Accumulated":1275,"Total/Accumulated":6107,"Severe/Accumulated":1229},"MedicalActs":{"Suspected":1,"Total":19,"Suspected/Accumulated":346,"Total/Accumulated":1870},"Confirmed":263},"geometry":{"type":"Point","coordinates":[9.019688964401293,42.118564077669916]}},{"type":"Feature","properties":{"Country/Region":"France","Province/State":"Guyane","Code":"03","Population":{"Total":290691,"Under19":120681,"Under39":80023,"Under59":61783,"Under74":22111,"Over75":6093},"Beds":{"Resuscitation":13,"IntensiveCare":12,"Total":25},"Recovered":15,"Severe":9,"Critical":1,"Emergencies":{"Suspected":1,"Total":150,"Suspected/Accumulated":34,"Total/Accumulated":7732,"Severe/Accumulated":7},"MedicalTests":{"Total":2,"Confirmed":1,"Total/Accumulated":25,"Confirmed/Accumulated":3},"Confirmed":43},"geometry":{"type":"Point","coordinates":[-53.41731165390502,3.588901056661561]}},{"type":"Feature","properties":{"Country/Region":"France","Province/State":"La Réunion","Code":"04","Population":{"Total":859959,"Under19":256143,"Under39":202783,"Under59":239212,"Under74":117045,"Over75":44776},"Beds":{"Resuscitation":52,"IntensiveCare":154,"Total":206},"Recovered":55,"Severe":39,"Critical":4,"Emergencies":{"Suspected":8,"Total":262,"Severe":3,"Suspected/Accumulated":173,"Total/Accumulated":13922,"Severe/Accumulated":126},"MedicalTests":{"Total":1,"Total/Accumulated":4},"Confirmed":94},"geometry":{"type":"Point","coordinates":[55.52943947368424,-21.1374047368421]}},{"type":"Feature","properties":{"Country/Region":"France","Province/State":"Mayotte","Code":"06","Population":{"Total":279471,"Under19":150257,"Under39":74348,"Under59":42900,"Under74":9521,"Over75":2445},"Beds":{"Resuscitation":6,"IntensiveCare":0,"Total":6},"Deaths":2,"Recovered":25,"Severe":15,"Critical":4,"Emergencies":{"Suspected":9,"Total":90,"Severe":1,"Suspected/Accumulated":163,"Total/Accumulated":3754,"Severe/Accumulated":36},"Confirmed":128,"MedicalTests":{"Total/Accumulated":2,"Confirmed/Accumulated":1}},"geometry":{"type":"Point","coordinates":[45.14160071428572,-12.835344166666673]}}]}