{"type":"FeatureCollection","features":[{"type":"Feature","properties":{"Country/Region":"France","Province/State":"Île-de-France","Code":"11","Population":{"Total":12278210,"Under19":3140965,"Under39":3409765,"Under59":3210447,"Under74":1658207,"Over75":858826},"Beds":{"Resuscitation":1147,"IntensiveCare":2512,"Total":3659},"Deaths":4756,"Recovered":12766,"Severe":13209,"Critical":2668,"Emergencies":{"Suspected":372,"Total":3667,"Severe":126,"Suspected/Accumulated":39414,"Total/Accumulated":259368,"Severe/Accumulated":13292},"MedicalActs":{"Suspected":106,"Total":1094,"Suspected/Accumulated":9800,"Total/Accumulated":75170},"MedicalTests":{"Total":149,"Confirmed":18,"Total/Accumulated":43812,"Confirmed/Accumulated":15164},"Confirmed":7660},"geometry":{"type":"Point","coordinates":[2.5292589766081885,48.704415292397634]}},{"type":"Feature","properties":{"Country/Region":"France","Province/State":"Centre-Val de Loire","Code":"24","Population":{"Total":2559073,"Under19":598570,"Under39":541141,"Under59":661150,"Under74":478923,"Over75":279289},"Beds":{"Resuscitation":180,"IntensiveCare":346,"Total":526},"Deaths":284,"Recovered":867,"Severe":996,"Critical":213,"Emergencies":{"Suspected":63,"Total":888,"Severe":15,"Suspected/Accumulated":2872,"Total/Accumulated":52331,"Severe/Accumulated":793},"MedicalActs":{"Suspected":18,"Total":227,"Suspected/Accumulated":671,"Total/Accumulated":14678},"MedicalTests":{"Total":4,"Confirmed":1,"Total/Accumulated":6801,"Confirmed/Accumulated":1424},"Confirmed":1157},"geometry":{"type":"Point","coordinates":[1.6429664800000017,47.54357092799999]}},{"type":"Feature","properties":{"Country/Region":"France","Province/State":"Bourgogne-Franche-Comté","Code":"27","Population":{"Total":2783039,"Under19":627017,"Under39":591411,"Under59":715664,"Under74":540051,"Over75":308896},"Beds":{"Resuscitation":198,"IntensiveCare":642,"Total":840},"Deaths":657,"Recovered":1839,"Severe":1380,"Critical":295,"Emergencies":{"Suspected":104,"Total":1056,"Severe":43,"Suspected/Accumulated":8147,"Total/Accumulated":66682,"Severe/Accumulated":3315},"MedicalActs":{"Suspected":13,"Total":219,"Suspected/Accumulated":1356,"Total/Accumulated":12454},"MedicalTests":{"Total":11,"Confirmed":2,"Total/Accumulated":5858,"Confirmed/Accumulated":1031},"Confirmed":1569},"geometry":{"type":"Point","coordinates":[4.731409826897467,47.2969232490013]}},{"type":"Feature","properties":{"Country/Region":"France","Province/State":"Normandie","Code":"28","Population":{"Total":3303500,"Under19":781337,"Under39":727044,"Under59":842963,"Under74":615474,"Over75":336682},"Beds":{"Resuscitation":240,"IntensiveCare":548,"Total":788},"Deaths":274,"Recovered":805,"Severe":741,"Critical":225,"Emergencies":{"Suspected":30,"Total":1157,"Severe":20,"Suspected/Accumulated":3051,"Total/Accumulated":72405,"Severe/Accumulated":1076},"MedicalActs":{"Suspected":20,"Total":307,"Suspected/Accumulated":2048,"Total/Accumulated":21223},"MedicalTests":{"Total":4,"Confirmed":2,"Total/Accumulated":7302,"Confirmed/Accumulated":1092},"Confirmed":912},"geometry":{"type":"Point","coordinates":[-0.022673401869158984,49.066630336448576]}},{"type":"Feature","properties":{"Country/Region":"France","Province/State":"Hauts-de-France","Code":"32","Population":{"Total":5962662,"Under19":1525538,"Under39":1443348,"Under59":1522690,"Under74":994313,"Over75":476773},"Beds":{"Resuscitation":438,"IntensiveCare":1338,"Total":1776},"Deaths":1094,"Recovered":2789,"Severe":2552,"Critical":583,"Emergencies":{"Suspected":87,"Total":1672,"Severe":35,"Suspected/Accumulated":8424,"Total/Accumulated":111308,"Severe/Accumulated":2995},"MedicalActs":{"Suspected":38,"Total":402,"Suspected/Accumulated":3096,"Total/Accumulated":41922},"MedicalTests":{"Total":19,"Confirmed":2,"Total/Accumulated":9071,"Confirmed/Accumulated":2343},"Confirmed":3011},"geometry":{"type":"Point","coordinates":[2.8852615671641804,49.86155781716422]}},{"type":"Feature","properties":{"Country/Region":"France","Province/State":"Grand Est","Code":"44","Population":{"Total":5511747,"Under19":1258123,"Under39":1291962,"Under59":1448828,"Under74":988178,"Over75":524656},"Beds":{"Resuscitation":465,"IntensiveCare":840,"Total":1305},"Deaths":2463,"Recovered":6139,"Severe":4993,"Critical":971,"Emergencies":{"Suspected":111,"Total":1658,"Severe":65,"Suspected/Accumulated":13194,"Total/Accumulated":114679,"Severe/Accumulated":6618},"MedicalActs":{"Suspected":54,"Total":656,"Suspected/Accumulated":4765,"Total/Accumulated":35469},"MedicalTests":{"Total":6,"Total/Accumulated":13587,"Confirmed/Accumulated":3194},"Confirmed":5479},"geometry":{"type":"Point","coordinates":[5.509890203045682,48.670969771573546]}},{"type":"Feature","properties":{"Country/Region":"France","Province/State":"Pays de la Loire","Code":"52","Population":{"Total":3801797,"Under19":933509,"Under39":853729,"Under59":970508,"Under74":667531,"Over75":376520},"Beds":{"Resuscitation":181,"IntensiveCare":572,"Total":753},"Deaths":258,"Recovered":947,"Severe":823,"Critical":182,"Emergencies":{"Suspected":39,"Total":909,"Severe":31,"Suspected/Accumulated":5123,"Total/Accumulated":60201,"Severe/Accumulated":2332},"MedicalActs":{"Suspected":24,"Total":434,"Suspected/Accumulated":2199,"Total/Accumulated":22552},"Confirmed":1630,"MedicalTests":{"Total/Accumulated":573,"Confirmed/Accumulated":61}},"geometry":{"type":"Point","coordinates":[-0.8763313771517983,47.44186302034428]}},{"type":"Feature","properties":{"Country/Region":"France","Province/State":"Bretagne","Code":"53","Population":{"Total":3340379,"Under19":773631,"Under39":714512,"Under59":866988,"Under74":632104,"Over75":353144},"Beds":{"Resuscitation":162,"IntensiveCare":462,"Total":624},"Deaths":185,"Recovered":639,"Severe":514,"Critical":141,"Emergencies":{"Suspected":46,"Total":1079,"Severe":35,"Suspected/Accumulated":3717,"Total/Accumulated":66590,"Severe/Accumulated":1201},"MedicalActs":{"Suspected":6,"Total":305,"Suspected/Accumulated":834,"Total/Accumulated":17576},"Confirmed":962,"MedicalTests":{"Total/Accumulated":150,"Confirmed/Accumulated":17}},"geometry":{"type":"Point","coordinates":[-3.104342941176476,48.146701189258316]}},{"type":"Feature","properties":{"Country/Region":"France","Province/State":"Nouvelle-Aquitaine","Code":"75","Population":{"Total":5999982,"Under19":1293321,"Under39":1274746,"Under59":1561754,"Under74":1177229,"Over75":692932},"Beds":{"Resuscitation":412,"IntensiveCare":946,"Total":1358},"Deaths":247,"Recovered":1061,"Severe":866,"Critical":264,"Emergencies":{"Suspected":90,"Total":1872,"Severe":52,"Suspected/Accumulated":7385,"Total/Accumulated":123157,"Severe/Accumulated":3066},"MedicalActs":{"Suspected":61,"Total":902,"Suspected/Accumulated":5310,"Total/Accumulated":56715},"Confirmed":1007,"MedicalTests":{"Total/Accumulated":8976,"Confirmed/Accumulated":625}},"geometry":{"type":"Point","coordinates":[0.16186906163753495,45.156971701931916]}},{"type":"Feature","properties":{"Country/Region":"France","Province/State":"Occitanie","Code":"76","Population":{"Total":5924858,"Under19":1320456,"Under39":1330125,"Under59":1526711,"Under74":1099893,"Over75":647673},"Beds":{"Resuscitation":474,"IntensiveCare":1206,"Total":1680},"Deaths":295,"Recovered":1687,"Severe":1047,"Critical":336,"Emergencies":{"Suspected":68,"Total":1988,"Severe":36,"Suspected/Accumulated":5778,"Total/Accumulated":125693,"Severe/Accumulated":2603},"MedicalActs":{"Suspected":30,"Total":417,"Suspected/Accumulated":1988,"Total/Accumulated":19958},"Confirmed":2374,"MedicalTests":{"Total/Accumulated":3871,"Confirmed/Accumulated":367}},"geometry":{"type":"Point","coordinates":[1.988214846153848,43.761180626373644]}},{"type":"Feature","properties":{"Country/Region":"France","Province/State":"Auvergne-Rhône-Alpes","Code":"84","Population":{"Total":8032377,"Under19":1940253,"Under39":1900702,"Under59":2079813,"Under74":1340003,"Over75":771606},"Beds":{"Resuscitation":559,"IntensiveCare":1136,"Total":1695},"Deaths":1011,"Recovered":3833,"Severe":3055,"Critical":783,"Emergencies":{"Suspected":123,"Total":2353,"Severe":55,"Suspected/Accumulated":12126,"Total/Accumulated":161494,"Severe/Accumulated":5299},"MedicalActs":{"Suspected":56,"Total":801,"Suspected/Accumulated":4824,"Total/Accumulated":43795},"Confirmed":2093,"MedicalTests":{"Total/Accumulated":8682,"Confirmed/Accumulated":1540}},"geometry":{"type":"Point","coordinates":[4.515179591651545,45.475403602540794]}},{"type":"Feature","properties":{"Country/Region":"France","Province/State":"Guadeloupe","Code":"01","Population":{"Total":376879,"Under19":90617,"Under39":71707,"Under59":109452,"Under74":70936,"Over75":34167},"Beds":{"Resuscitation":27,"IntensiveCare":68,"Total":95},"Deaths":11,"Recovered":61,"Severe":44,"Critical":20,"Emergencies":{"Total":132,"Suspected/Accumulated":150,"Total/Accumulated":8374,"Severe/Accumulated":73},"Confirmed":106,"MedicalTests":{"Total/Accumulated":29,"Confirmed/Accumulated":13}},"geometry":{"type":"Point","coordinates":[-61.493846272189366,16.20469674556213]}},{"type":"Feature","properties":{"Country/Region":"France","Province/State":"Martinique","Code":"02","Population":{"Total":358749,"Under19":77005,"Under39":65776,"Under59":105638,"Under74":72163,"Over75":38167},"Beds":{"Resuscitation":26,"IntensiveCare":58,"Total":84},"Deaths":7,"Recovered":60,"Severe":64,"Critical":21,"MedicalActs":{"Total":86,"Suspected/Accumulated":98,"Total/Accumulated":5546},"Confirmed":111,"MedicalTests":{"Total/Accumulated":18,"Confirmed/Accumulated":5}},"geometry":{"type":"Point","coordinates":[-60.98265692913386,14.6217557480315]}},{"type":"Feature","properties":{"Country/Region":"France","Province/State":"Provence-Alpes-Côte d'Azur","Code":"93","Population":{"Total":5055651,"Under19":1128765,"Under39":1109058,"Under59":1309879,"Under74":927347,"Over75":580602},"Beds":{"Resuscitation":460,"IntensiveCare":802,"Total":1262},"Deaths":470,"Recovered":2767,"Severe":1909,"Critical":441,"Emergencies":{"Suspected":124,"Total":2105,"Severe":63,"Suspected/Accumulated":7906,"Total/Accumulated":128080,"Severe/Accumulated":4057},"MedicalActs":{"Suspected":48,"Total":649,"Suspected/Accumulated":4306,"Total/Accumulated":39822},"MedicalTests":{"Total":5,"Total/Accumulated":29050,"Confirmed/Accumulated":2601},"Confirmed":1927},"geometry":{"type":"Point","coordinates":[5.940587832647462,43.96417941015098]}},{"type":"Feature","properties":{"Country/Region":"France","Province/State":"Corse","Code":"94","Population":{"Total":344679,"Under19":68555,"Under39":76985,"Under59":93175,"Under74":65675,"Over75":40289},"Beds":{"Resuscitation":18,"IntensiveCare":42,"Total":60},"Deaths":44,"Recovered":150,"Severe":108,"Critical":26,"Emergencies":{"Suspected":9,"Total":115,"Severe":8,"Suspected/Accumulated":1482,"Total/Accumulated":7566,"Severe/Accumulated":1428},"MedicalActs":{"Suspected":1,"Total":25,"Suspected/Accumulated":391,"Total/Accumulated":2241},"Confirmed":263},"geometry":{"type":"Point","coordinates":[9.019688964401293,42.118564077669916]}},{"type":"Feature","properties":{"Country/Region":"France","Province/State":"Guyane","Code":"03","Population":{"Total":290691,"Under19":120681,"Under39":80023,"Under59":61783,"Under74":22111,"Over75":6093},"Beds":{"Resuscitation":13,"IntensiveCare":12,"Total":25},"Recovered":28,"Severe":19,"Critical":2,"Confirmed":43,"Emergencies":{"Suspected/Accumulated":40,"Total/Accumulated":8247,"Severe/Accumulated":10},"MedicalTests":{"Total/Accumulated":24,"Confirmed/Accumulated":3}},"geometry":{"type":"Point","coordinates":[-53.41731165390502,3.588901056661561]}},{"type":"Feature","properties":{"Country/Region":"France","Province/State":"La Réunion","Code":"04","Population":{"Total":859959,"Under19":256143,"Under39":202783,"Under59":239212,"Under74":117045,"Over75":44776},"Beds":{"Resuscitation":52,"IntensiveCare":154,"Total":206},"Recovered":90,"Severe":57,"Critical":6,"Emergencies":{"Suspected":2,"Total":272,"Suspected/Accumulated":225,"Total/Accumulated":17253,"Severe/Accumulated":157},"Confirmed":94,"MedicalTests":{"Total/Accumulated":6}},"geometry":{"type":"Point","coordinates":[55.52943947368424,-21.1374047368421]}},{"type":"Feature","properties":{"Country/Region":"France","Province/State":"Mayotte","Code":"06","Population":{"Total":279471,"Under19":150257,"Under39":74348,"Under59":42900,"Under74":9521,"Over75":2445},"Beds":{"Resuscitation":6,"IntensiveCare":0,"Total":6},"Deaths":5,"Recovered":44,"Severe":25,"Critical":6,"Emergencies":{"Suspected":3,"Total":86,"Suspected/Accumulated":278,"Total/Accumulated":4790,"Severe/Accumulated":69},"Confirmed":128,"MedicalTests":{"Total/Accumulated":2,"Confirmed/Accumulated":1}},"geometry":{"type":"Point","coordinates":[45.14160071428572,-12.835344166666673]}}]}