{"type":"FeatureCollection","features":[{"type":"Feature","properties":{"Country/Region":"France","Province/State":"Île-de-France","Code":"11","Population":{"Total":12278210,"Under19":3140965,"Under39":3409765,"Under59":3210447,"Under74":1658207,"Over75":858826},"Beds":{"Resuscitation":1147,"IntensiveCare":2512,"Total":3659},"Deaths":7706,"Recovered":30858,"Severe":2284,"Critical":178,"Emergencies":{"Suspected":122,"Total":6086,"Severe":25,"Suspected/Accumulated":58175,"Total/Accumulated":1032366,"Severe/Accumulated":17185},"MedicalActs":{"Suspected":98,"Total":1472,"Suspected/Accumulated":16585,"Total/Accumulated":225176},"PCRTests":{"Total":12451,"Confirmed":758,"Total/Accumulated":1366282,"Confirmed/Accumulated":44317},"Confirmed":7660,"MedicalTests":{"Total/Accumulated":85340,"Confirmed/Accumulated":18277}},"geometry":{"type":"Point","coordinates":[2.5292589766081885,48.704415292397634]}},{"type":"Feature","properties":{"Country/Region":"France","Province/State":"Centre-Val de Loire","Code":"24","Population":{"Total":2559073,"Under19":598570,"Under39":541141,"Under59":661150,"Under74":478923,"Over75":279289},"Beds":{"Resuscitation":180,"IntensiveCare":346,"Total":526},"Deaths":574,"Recovered":2392,"Severe":52,"Critical":7,"Emergencies":{"Suspected":15,"Total":1242,"Severe":2,"Suspected/Accumulated":5766,"Total/Accumulated":234699,"Severe/Accumulated":1467},"MedicalActs":{"Suspected":23,"Total":468,"Suspected/Accumulated":1945,"Total/Accumulated":57506},"PCRTests":{"Total":2887,"Confirmed":84,"Total/Accumulated":194582,"Confirmed/Accumulated":3624},"Confirmed":1157,"MedicalTests":{"Total/Accumulated":20197,"Confirmed/Accumulated":1858}},"geometry":{"type":"Point","coordinates":[1.6429664800000017,47.54357092799999]}},{"type":"Feature","properties":{"Country/Region":"France","Province/State":"Bourgogne-Franche-Comté","Code":"27","Population":{"Total":2783039,"Under19":627017,"Under39":591411,"Under59":715664,"Under74":540051,"Over75":308896},"Beds":{"Resuscitation":198,"IntensiveCare":642,"Total":840},"Deaths":1065,"Recovered":4111,"Severe":26,"Critical":4,"Emergencies":{"Suspected":14,"Total":1971,"Severe":3,"Suspected/Accumulated":12318,"Total/Accumulated":306457,"Severe/Accumulated":5095},"MedicalActs":{"Suspected":31,"Total":298,"Suspected/Accumulated":2591,"Total/Accumulated":42742},"PCRTests":{"Total":3717,"Confirmed":85,"Total/Accumulated":228973,"Confirmed/Accumulated":2979},"Confirmed":1569,"MedicalTests":{"Total/Accumulated":15673,"Confirmed/Accumulated":1330}},"geometry":{"type":"Point","coordinates":[4.731409826897467,47.2969232490013]}},{"type":"Feature","properties":{"Country/Region":"France","Province/State":"Normandie","Code":"28","Population":{"Total":3303500,"Under19":781337,"Under39":727044,"Under59":842963,"Under74":615474,"Over75":336682},"Beds":{"Resuscitation":240,"IntensiveCare":548,"Total":788},"Deaths":447,"Recovered":1901,"Severe":68,"Critical":2,"Emergencies":{"Suspected":10,"Total":1833,"Severe":8,"Suspected/Accumulated":5276,"Total/Accumulated":325772,"Severe/Accumulated":2298},"MedicalActs":{"Suspected":26,"Total":528,"Suspected/Accumulated":4396,"Total/Accumulated":73260},"PCRTests":{"Total":3296,"Confirmed":123,"Total/Accumulated":266069,"Confirmed/Accumulated":3168},"Confirmed":912,"MedicalTests":{"Total/Accumulated":17253,"Confirmed/Accumulated":1385}},"geometry":{"type":"Point","coordinates":[-0.022673401869158984,49.066630336448576]}},{"type":"Feature","properties":{"Country/Region":"France","Province/State":"Hauts-de-France","Code":"32","Population":{"Total":5962662,"Under19":1525538,"Under39":1443348,"Under59":1522690,"Under74":994313,"Over75":476773},"Beds":{"Resuscitation":438,"IntensiveCare":1338,"Total":1776},"Deaths":1943,"Recovered":7279,"Severe":438,"Critical":34,"Emergencies":{"Suspected":18,"Total":2913,"Severe":4,"Suspected/Accumulated":13465,"Total/Accumulated":499240,"Severe/Accumulated":4851},"MedicalActs":{"Suspected":26,"Total":928,"Suspected/Accumulated":5797,"Total/Accumulated":142599},"PCRTests":{"Total":4359,"Confirmed":136,"Total/Accumulated":500890,"Confirmed/Accumulated":9876},"Confirmed":3011,"MedicalTests":{"Total/Accumulated":31790,"Confirmed/Accumulated":3410}},"geometry":{"type":"Point","coordinates":[2.8852615671641804,49.86155781716422]}},{"type":"Feature","properties":{"Country/Region":"France","Province/State":"Grand Est","Code":"44","Population":{"Total":5511747,"Under19":1258123,"Under39":1291962,"Under59":1448828,"Under74":988178,"Over75":524656},"Beds":{"Resuscitation":465,"IntensiveCare":840,"Total":1305},"Deaths":3665,"Recovered":13129,"Severe":443,"Critical":15,"Emergencies":{"Suspected":29,"Total":3221,"Severe":6,"Suspected/Accumulated":18313,"Total/Accumulated":496806,"Severe/Accumulated":8856},"MedicalActs":{"Suspected":28,"Total":831,"Suspected/Accumulated":8000,"Total/Accumulated":112824},"PCRTests":{"Total":8148,"Confirmed":157,"Total/Accumulated":548018,"Confirmed/Accumulated":8080},"Confirmed":5479,"MedicalTests":{"Total/Accumulated":24982,"Confirmed/Accumulated":3702}},"geometry":{"type":"Point","coordinates":[5.509890203045682,48.670969771573546]}},{"type":"Feature","properties":{"Country/Region":"France","Province/State":"Pays de la Loire","Code":"52","Population":{"Total":3801797,"Under19":933509,"Under39":853729,"Under59":970508,"Under74":667531,"Over75":376520},"Beds":{"Resuscitation":181,"IntensiveCare":572,"Total":753},"Deaths":492,"Recovered":2410,"Severe":86,"Critical":6,"Emergencies":{"Suspected":16,"Total":1695,"Severe":7,"Suspected/Accumulated":9564,"Total/Accumulated":285002,"Severe/Accumulated":4970},"MedicalActs":{"Suspected":18,"Total":565,"Suspected/Accumulated":4571,"Total/Accumulated":84205},"PCRTests":{"Total":3928,"Confirmed":90,"Total/Accumulated":331347,"Confirmed/Accumulated":6517},"Confirmed":1630,"MedicalTests":{"Total/Accumulated":1941,"Confirmed/Accumulated":78}},"geometry":{"type":"Point","coordinates":[-0.8763313771517983,47.44186302034428]}},{"type":"Feature","properties":{"Country/Region":"France","Province/State":"Bretagne","Code":"53","Population":{"Total":3340379,"Under19":773631,"Under39":714512,"Under59":866988,"Under74":632104,"Over75":353144},"Beds":{"Resuscitation":162,"IntensiveCare":462,"Total":624},"Deaths":269,"Recovered":1386,"Severe":63,"Critical":6,"Emergencies":{"Suspected":9,"Total":1906,"Severe":3,"Suspected/Accumulated":6369,"Total/Accumulated":305615,"Severe/Accumulated":2412},"MedicalActs":{"Suspected":24,"Total":486,"Suspected/Accumulated":2388,"Total/Accumulated":62703},"PCRTests":{"Total":3047,"Confirmed":80,"Total/Accumulated":255220,"Confirmed/Accumulated":3450},"Confirmed":962,"MedicalTests":{"Total/Accumulated":698,"Confirmed/Accumulated":25}},"geometry":{"type":"Point","coordinates":[-3.104342941176476,48.146701189258316]}},{"type":"Feature","properties":{"Country/Region":"France","Province/State":"Nouvelle-Aquitaine","Code":"75","Population":{"Total":5999982,"Under19":1293321,"Under39":1274746,"Under59":1561754,"Under74":1177229,"Over75":692932},"Beds":{"Resuscitation":412,"IntensiveCare":946,"Total":1358},"Deaths":433,"Recovered":2340,"Severe":72,"Critical":11,"Emergencies":{"Suspected":42,"Total":3713,"Severe":11,"Suspected/Accumulated":11286,"Total/Accumulated":595414,"Severe/Accumulated":4799},"MedicalActs":{"Suspected":55,"Total":1503,"Suspected/Accumulated":10376,"Total/Accumulated":201263},"PCRTests":{"Total":6222,"Confirmed":289,"Total/Accumulated":444081,"Confirmed/Accumulated":7120},"Confirmed":1007,"MedicalTests":{"Total/Accumulated":33043,"Confirmed/Accumulated":961}},"geometry":{"type":"Point","coordinates":[0.16186906163753495,45.156971701931916]}},{"type":"Feature","properties":{"Country/Region":"France","Province/State":"Occitanie","Code":"76","Population":{"Total":5924858,"Under19":1320456,"Under39":1330125,"Under59":1526711,"Under74":1099893,"Over75":647673},"Beds":{"Resuscitation":474,"IntensiveCare":1206,"Total":1680},"Deaths":525,"Recovered":3107,"Severe":140,"Critical":22,"Emergencies":{"Suspected":35,"Total":3759,"Severe":6,"Suspected/Accumulated":9654,"Total/Accumulated":605864,"Severe/Accumulated":4210},"MedicalActs":{"Suspected":28,"Total":545,"Suspected/Accumulated":3782,"Total/Accumulated":70548},"PCRTests":{"Total":5851,"Confirmed":221,"Total/Accumulated":529313,"Confirmed/Accumulated":10487},"Confirmed":2374,"MedicalTests":{"Total/Accumulated":83743,"Confirmed/Accumulated":2680}},"geometry":{"type":"Point","coordinates":[1.988214846153848,43.761180626373644]}},{"type":"Feature","properties":{"Country/Region":"France","Province/State":"Auvergne-Rhône-Alpes","Code":"84","Population":{"Total":8032377,"Under19":1940253,"Under39":1900702,"Under59":2079813,"Under74":1340003,"Over75":771606},"Beds":{"Resuscitation":559,"IntensiveCare":1136,"Total":1695},"Deaths":1778,"Recovered":8347,"Severe":284,"Critical":25,"Emergencies":{"Suspected":57,"Total":4427,"Severe":12,"Suspected/Accumulated":18489,"Total/Accumulated":744859,"Severe/Accumulated":7539},"MedicalActs":{"Suspected":59,"Total":1059,"Suspected/Accumulated":9914,"Total/Accumulated":155272},"PCRTests":{"Total":7496,"Confirmed":303,"Total/Accumulated":627224,"Confirmed/Accumulated":12369},"Confirmed":2093,"MedicalTests":{"Total/Accumulated":27674,"Confirmed/Accumulated":2153}},"geometry":{"type":"Point","coordinates":[4.515179591651545,45.475403602540794]}},{"type":"Feature","properties":{"Country/Region":"France","Province/State":"Guadeloupe","Code":"01","Population":{"Total":376879,"Under19":90617,"Under39":71707,"Under59":109452,"Under74":70936,"Over75":34167},"Beds":{"Resuscitation":27,"IntensiveCare":68,"Total":95},"Deaths":20,"Recovered":97,"Severe":22,"Critical":10,"Emergencies":{"Suspected":11,"Total":212,"Severe":2,"Suspected/Accumulated":414,"Total/Accumulated":35440,"Severe/Accumulated":135},"PCRTests":{"Total":301,"Confirmed":19,"Total/Accumulated":28097,"Confirmed/Accumulated":1215},"Confirmed":106,"MedicalTests":{"Total/Accumulated":51,"Confirmed/Accumulated":17}},"geometry":{"type":"Point","coordinates":[-61.493846272189366,16.20469674556213]}},{"type":"Feature","properties":{"Country/Region":"France","Province/State":"Martinique","Code":"02","Population":{"Total":358749,"Under19":77005,"Under39":65776,"Under59":105638,"Under74":72163,"Over75":38167},"Beds":{"Resuscitation":26,"IntensiveCare":58,"Total":84},"Deaths":17,"Recovered":103,"Severe":13,"Critical":4,"MedicalActs":{"Total":125,"Suspected/Accumulated":222,"Total/Accumulated":18358},"PCRTests":{"Total":234,"Confirmed":7,"Total/Accumulated":32495,"Confirmed/Accumulated":595},"Confirmed":111,"MedicalTests":{"Total/Accumulated":29,"Confirmed/Accumulated":6}},"geometry":{"type":"Point","coordinates":[-60.98265692913386,14.6217557480315]}},{"type":"Feature","properties":{"Country/Region":"France","Province/State":"Provence-Alpes-Côte d'Azur","Code":"93","Population":{"Total":5055651,"Under19":1128765,"Under39":1109058,"Under59":1309879,"Under74":927347,"Over75":580602},"Beds":{"Resuscitation":460,"IntensiveCare":802,"Total":1262},"Deaths":988,"Recovered":6391,"Severe":358,"Critical":42,"Emergencies":{"Suspected":86,"Total":3849,"Severe":32,"Suspected/Accumulated":12591,"Total/Accumulated":607545,"Severe/Accumulated":6165},"MedicalActs":{"Suspected":61,"Total":957,"Suspected/Accumulated":8296,"Total/Accumulated":142522},"PCRTests":{"Total":7214,"Confirmed":452,"Total/Accumulated":662940,"Confirmed/Accumulated":19622},"Confirmed":1927,"MedicalTests":{"Total/Accumulated":80858,"Confirmed/Accumulated":4204}},"geometry":{"type":"Point","coordinates":[5.940587832647462,43.96417941015098]}},{"type":"Feature","properties":{"Country/Region":"France","Province/State":"Corse","Code":"94","Population":{"Total":344679,"Under19":68555,"Under39":76985,"Under59":93175,"Under74":65675,"Over75":40289},"Beds":{"Resuscitation":18,"IntensiveCare":42,"Total":60},"Deaths":59,"Recovered":258,"Severe":9,"Critical":1,"Emergencies":{"Suspected":3,"Total":285,"Severe":1,"Suspected/Accumulated":2228,"Total/Accumulated":42000,"Severe/Accumulated":2074},"MedicalActs":{"Suspected":9,"Total":123,"Suspected/Accumulated":658,"Total/Accumulated":10190},"PCRTests":{"Total":378,"Confirmed":12,"Total/Accumulated":32118,"Confirmed/Accumulated":358},"Confirmed":263},"geometry":{"type":"Point","coordinates":[9.019688964401293,42.118564077669916]}},{"type":"Feature","properties":{"Country/Region":"France","Province/State":"Guyane","Code":"03","Population":{"Total":290691,"Under19":120681,"Under39":80023,"Under59":61783,"Under74":22111,"Over75":6093},"Beds":{"Resuscitation":13,"IntensiveCare":12,"Total":25},"Deaths":54,"Recovered":1507,"Severe":81,"Critical":13,"Emergencies":{"Suspected":6,"Total":200,"Severe":6,"Suspected/Accumulated":1797,"Total/Accumulated":32820,"Severe/Accumulated":846},"PCRTests":{"Total":341,"Confirmed":25,"Total/Accumulated":44763,"Confirmed/Accumulated":7805},"Confirmed":43,"MedicalTests":{"Total/Accumulated":35,"Confirmed/Accumulated":4}},"geometry":{"type":"Point","coordinates":[-53.41731165390502,3.588901056661561]}},{"type":"Feature","properties":{"Country/Region":"France","Province/State":"La Réunion","Code":"04","Population":{"Total":859959,"Under19":256143,"Under39":202783,"Under59":239212,"Under74":117045,"Over75":44776},"Beds":{"Resuscitation":52,"IntensiveCare":154,"Total":206},"Deaths":8,"Recovered":211,"Severe":67,"Critical":14,"Emergencies":{"Suspected":3,"Total":449,"Severe":2,"Suspected/Accumulated":359,"Total/Accumulated":68153,"Severe/Accumulated":223},"PCRTests":{"Total":1450,"Confirmed":34,"Total/Accumulated":105858,"Confirmed/Accumulated":1324},"Confirmed":94,"MedicalTests":{"Total/Accumulated":19,"Confirmed/Accumulated":1}},"geometry":{"type":"Point","coordinates":[55.52943947368424,-21.1374047368421]}},{"type":"Feature","properties":{"Country/Region":"France","Province/State":"Mayotte","Code":"06","Population":{"Total":279471,"Under19":150257,"Under39":74348,"Under59":42900,"Under74":9521,"Over75":2445},"Beds":{"Resuscitation":6,"IntensiveCare":0,"Total":6},"Deaths":28,"Recovered":442,"Severe":6,"Emergencies":{"Suspected":2,"Total":121,"Suspected/Accumulated":1889,"Total/Accumulated":18857,"Severe/Accumulated":251},"PCRTests":{"Total":48,"Confirmed":3,"Total/Accumulated":14181,"Confirmed/Accumulated":1600},"Confirmed":128,"MedicalTests":{"Total/Accumulated":4,"Confirmed/Accumulated":1}},"geometry":{"type":"Point","coordinates":[45.14160071428572,-12.835344166666673]}}]}