{"type":"FeatureCollection","features":[{"type":"Feature","properties":{"Country/Region":"France","Province/State":"Île-de-France","Code":"11","Population":{"Total":12278210,"Under19":3140965,"Under39":3409765,"Under59":3210447,"Under74":1658207,"Over75":858826},"Beds":{"Resuscitation":1147,"IntensiveCare":2512,"Total":3659},"Deaths":7358,"Recovered":26540,"Severe":4710,"Critical":388,"Emergencies":{"Suspected":30,"Total":6273,"Severe":8,"Suspected/Accumulated":52611,"Total/Accumulated":557048,"Severe/Accumulated":16068},"MedicalActs":{"Suspected":18,"Total":993,"Suspected/Accumulated":12631,"Total/Accumulated":135307},"Confirmed":7660,"MedicalTests":{"Total/Accumulated":85340,"Confirmed/Accumulated":18277}},"geometry":{"type":"Point","coordinates":[2.5292589766081885,48.704415292397634]}},{"type":"Feature","properties":{"Country/Region":"France","Province/State":"Centre-Val de Loire","Code":"24","Population":{"Total":2559073,"Under19":598570,"Under39":541141,"Under59":661150,"Under74":478923,"Over75":279289},"Beds":{"Resuscitation":180,"IntensiveCare":346,"Total":526},"Deaths":528,"Recovered":1861,"Severe":502,"Critical":30,"Emergencies":{"Suspected":6,"Total":1452,"Severe":1,"Suspected/Accumulated":5124,"Total/Accumulated":123930,"Severe/Accumulated":1313},"MedicalActs":{"Suspected":3,"Total":293,"Suspected/Accumulated":1234,"Total/Accumulated":29705},"Confirmed":1157,"MedicalTests":{"Total/Accumulated":20197,"Confirmed/Accumulated":1858}},"geometry":{"type":"Point","coordinates":[1.6429664800000017,47.54357092799999]}},{"type":"Feature","properties":{"Country/Region":"France","Province/State":"Bourgogne-Franche-Comté","Code":"27","Population":{"Total":2783039,"Under19":627017,"Under39":591411,"Under59":715664,"Under74":540051,"Over75":308896},"Beds":{"Resuscitation":198,"IntensiveCare":642,"Total":840},"Deaths":1032,"Recovered":3755,"Severe":211,"Critical":18,"Emergencies":{"Suspected":10,"Total":1752,"Severe":5,"Suspected/Accumulated":11153,"Total/Accumulated":155129,"Severe/Accumulated":4679},"MedicalActs":{"Suspected":6,"Total":170,"Suspected/Accumulated":2007,"Total/Accumulated":24026},"Confirmed":1569,"MedicalTests":{"Total/Accumulated":15673,"Confirmed/Accumulated":1330}},"geometry":{"type":"Point","coordinates":[4.731409826897467,47.2969232490013]}},{"type":"Feature","properties":{"Country/Region":"France","Province/State":"Normandie","Code":"28","Population":{"Total":3303500,"Under19":781337,"Under39":727044,"Under59":842963,"Under74":615474,"Over75":336682},"Beds":{"Resuscitation":240,"IntensiveCare":548,"Total":788},"Deaths":427,"Recovered":1559,"Severe":272,"Critical":13,"Emergencies":{"Suspected":8,"Total":1778,"Severe":8,"Suspected/Accumulated":4604,"Total/Accumulated":168903,"Severe/Accumulated":1915},"MedicalActs":{"Suspected":12,"Total":363,"Suspected/Accumulated":2961,"Total/Accumulated":40895},"Confirmed":912,"MedicalTests":{"Total/Accumulated":17253,"Confirmed/Accumulated":1385}},"geometry":{"type":"Point","coordinates":[-0.022673401869158984,49.066630336448576]}},{"type":"Feature","properties":{"Country/Region":"France","Province/State":"Hauts-de-France","Code":"32","Population":{"Total":5962662,"Under19":1525538,"Under39":1443348,"Under59":1522690,"Under74":994313,"Over75":476773},"Beds":{"Resuscitation":438,"IntensiveCare":1338,"Total":1776},"Deaths":1804,"Recovered":6092,"Severe":1162,"Critical":84,"Emergencies":{"Suspected":9,"Total":3065,"Severe":4,"Suspected/Accumulated":12360,"Total/Accumulated":263660,"Severe/Accumulated":4497},"MedicalActs":{"Suspected":12,"Total":562,"Suspected/Accumulated":4153,"Total/Accumulated":75598},"Confirmed":3011,"MedicalTests":{"Total/Accumulated":31790,"Confirmed/Accumulated":3410}},"geometry":{"type":"Point","coordinates":[2.8852615671641804,49.86155781716422]}},{"type":"Feature","properties":{"Country/Region":"France","Province/State":"Grand Est","Code":"44","Population":{"Total":5511747,"Under19":1258123,"Under39":1291962,"Under59":1448828,"Under74":988178,"Over75":524656},"Beds":{"Resuscitation":465,"IntensiveCare":840,"Total":1305},"Deaths":3518,"Recovered":11740,"Severe":1379,"Critical":82,"Emergencies":{"Suspected":8,"Total":2879,"Severe":3,"Suspected/Accumulated":17264,"Total/Accumulated":260003,"Severe/Accumulated":8433},"MedicalActs":{"Suspected":10,"Total":446,"Suspected/Accumulated":6413,"Total/Accumulated":66485},"Confirmed":5479,"MedicalTests":{"Total/Accumulated":24982,"Confirmed/Accumulated":3702}},"geometry":{"type":"Point","coordinates":[5.509890203045682,48.670969771573546]}},{"type":"Feature","properties":{"Country/Region":"France","Province/State":"Pays de la Loire","Code":"52","Population":{"Total":3801797,"Under19":933509,"Under39":853729,"Under59":970508,"Under74":667531,"Over75":376520},"Beds":{"Resuscitation":181,"IntensiveCare":572,"Total":753},"Deaths":461,"Recovered":1941,"Severe":262,"Critical":11,"Emergencies":{"Suspected":16,"Total":1586,"Severe":13,"Suspected/Accumulated":8113,"Total/Accumulated":145232,"Severe/Accumulated":4111},"MedicalActs":{"Suspected":9,"Total":387,"Suspected/Accumulated":3156,"Total/Accumulated":46413},"Confirmed":1630,"MedicalTests":{"Total/Accumulated":1941,"Confirmed/Accumulated":78}},"geometry":{"type":"Point","coordinates":[-0.8763313771517983,47.44186302034428]}},{"type":"Feature","properties":{"Country/Region":"France","Province/State":"Bretagne","Code":"53","Population":{"Total":3340379,"Under19":773631,"Under39":714512,"Under59":866988,"Under74":632104,"Over75":353144},"Beds":{"Resuscitation":162,"IntensiveCare":462,"Total":624},"Deaths":257,"Recovered":1223,"Severe":136,"Critical":10,"Emergencies":{"Suspected":21,"Total":1675,"Severe":1,"Suspected/Accumulated":5292,"Total/Accumulated":156391,"Severe/Accumulated":2173},"MedicalActs":{"Suspected":2,"Total":207,"Suspected/Accumulated":1357,"Total/Accumulated":34357},"Confirmed":962,"MedicalTests":{"Total/Accumulated":698,"Confirmed/Accumulated":25}},"geometry":{"type":"Point","coordinates":[-3.104342941176476,48.146701189258316]}},{"type":"Feature","properties":{"Country/Region":"France","Province/State":"Nouvelle-Aquitaine","Code":"75","Population":{"Total":5999982,"Under19":1293321,"Under39":1274746,"Under59":1561754,"Under74":1177229,"Over75":692932},"Beds":{"Resuscitation":412,"IntensiveCare":946,"Total":1358},"Deaths":411,"Recovered":2101,"Severe":154,"Critical":17,"Emergencies":{"Suspected":7,"Total":3370,"Severe":6,"Suspected/Accumulated":10186,"Total/Accumulated":297487,"Severe/Accumulated":4409},"MedicalActs":{"Suspected":14,"Total":893,"Suspected/Accumulated":7088,"Total/Accumulated":111640},"Confirmed":1007,"MedicalTests":{"Total/Accumulated":33043,"Confirmed/Accumulated":961}},"geometry":{"type":"Point","coordinates":[0.16186906163753495,45.156971701931916]}},{"type":"Feature","properties":{"Country/Region":"France","Province/State":"Occitanie","Code":"76","Population":{"Total":5924858,"Under19":1320456,"Under39":1330125,"Under59":1526711,"Under74":1099893,"Over75":647673},"Beds":{"Resuscitation":474,"IntensiveCare":1206,"Total":1680},"Deaths":508,"Recovered":2828,"Severe":113,"Critical":16,"Emergencies":{"Suspected":10,"Total":3406,"Severe":4,"Suspected/Accumulated":8547,"Total/Accumulated":303116,"Severe/Accumulated":3861},"MedicalActs":{"Suspected":8,"Total":287,"Suspected/Accumulated":2809,"Total/Accumulated":40181},"Confirmed":2374,"MedicalTests":{"Total/Accumulated":83743,"Confirmed/Accumulated":2680}},"geometry":{"type":"Point","coordinates":[1.988214846153848,43.761180626373644]}},{"type":"Feature","properties":{"Country/Region":"France","Province/State":"Auvergne-Rhône-Alpes","Code":"84","Population":{"Total":8032377,"Under19":1940253,"Under39":1900702,"Under59":2079813,"Under74":1340003,"Over75":771606},"Beds":{"Resuscitation":559,"IntensiveCare":1136,"Total":1695},"Deaths":1721,"Recovered":7510,"Severe":699,"Critical":38,"Emergencies":{"Suspected":2,"Total":4373,"Suspected/Accumulated":16533,"Total/Accumulated":380003,"Severe/Accumulated":7041},"MedicalActs":{"Suspected":15,"Total":720,"Suspected/Accumulated":6954,"Total/Accumulated":87777},"Confirmed":2093,"MedicalTests":{"Total/Accumulated":27674,"Confirmed/Accumulated":2153}},"geometry":{"type":"Point","coordinates":[4.515179591651545,45.475403602540794]}},{"type":"Feature","properties":{"Country/Region":"France","Province/State":"Guadeloupe","Code":"01","Population":{"Total":376879,"Under19":90617,"Under39":71707,"Under59":109452,"Under74":70936,"Over75":34167},"Beds":{"Resuscitation":27,"IntensiveCare":68,"Total":95},"Deaths":19,"Recovered":78,"Severe":8,"Emergencies":{"Total":232,"Suspected/Accumulated":302,"Total/Accumulated":19174,"Severe/Accumulated":104},"Confirmed":106,"MedicalTests":{"Total/Accumulated":51,"Confirmed/Accumulated":17}},"geometry":{"type":"Point","coordinates":[-61.493846272189366,16.20469674556213]}},{"type":"Feature","properties":{"Country/Region":"France","Province/State":"Martinique","Code":"02","Population":{"Total":358749,"Under19":77005,"Under39":65776,"Under59":105638,"Under74":72163,"Over75":38167},"Beds":{"Resuscitation":26,"IntensiveCare":58,"Total":84},"Deaths":14,"Recovered":89,"Severe":9,"Critical":1,"MedicalActs":{"Total":98,"Suspected/Accumulated":150,"Total/Accumulated":10646},"Confirmed":111,"MedicalTests":{"Total/Accumulated":29,"Confirmed/Accumulated":6}},"geometry":{"type":"Point","coordinates":[-60.98265692913386,14.6217557480315]}},{"type":"Feature","properties":{"Country/Region":"France","Province/State":"Provence-Alpes-Côte d'Azur","Code":"93","Population":{"Total":5055651,"Under19":1128765,"Under39":1109058,"Under59":1309879,"Under74":927347,"Over75":580602},"Beds":{"Resuscitation":460,"IntensiveCare":802,"Total":1262},"Deaths":927,"Recovered":5174,"Severe":708,"Critical":56,"Emergencies":{"Suspected":7,"Total":3437,"Severe":4,"Suspected/Accumulated":10941,"Total/Accumulated":300160,"Severe/Accumulated":5564},"MedicalActs":{"Suspected":11,"Total":683,"Suspected/Accumulated":5970,"Total/Accumulated":79514},"Confirmed":1927,"MedicalTests":{"Total/Accumulated":80858,"Confirmed/Accumulated":4204}},"geometry":{"type":"Point","coordinates":[5.940587832647462,43.96417941015098]}},{"type":"Feature","properties":{"Country/Region":"France","Province/State":"Corse","Code":"94","Population":{"Total":344679,"Under19":68555,"Under39":76985,"Under59":93175,"Under74":65675,"Over75":40289},"Beds":{"Resuscitation":18,"IntensiveCare":42,"Total":60},"Deaths":59,"Recovered":242,"Severe":16,"Critical":3,"Emergencies":{"Suspected":1,"Total":192,"Severe":1,"Suspected/Accumulated":2141,"Total/Accumulated":17892,"Severe/Accumulated":2036},"MedicalActs":{"Total":6,"Suspected/Accumulated":484,"Total/Accumulated":4191},"Confirmed":263},"geometry":{"type":"Point","coordinates":[9.019688964401293,42.118564077669916]}},{"type":"Feature","properties":{"Country/Region":"France","Province/State":"Guyane","Code":"03","Population":{"Total":290691,"Under19":120681,"Under39":80023,"Under59":61783,"Under74":22111,"Over75":6093},"Beds":{"Resuscitation":13,"IntensiveCare":12,"Total":25},"Deaths":4,"Recovered":157,"Severe":87,"Critical":12,"Emergencies":{"Suspected":20,"Total":192,"Severe":13,"Suspected/Accumulated":495,"Total/Accumulated":19337,"Severe/Accumulated":165},"Confirmed":43,"MedicalTests":{"Total/Accumulated":35,"Confirmed/Accumulated":4}},"geometry":{"type":"Point","coordinates":[-53.41731165390502,3.588901056661561]}},{"type":"Feature","properties":{"Country/Region":"France","Province/State":"La Réunion","Code":"04","Population":{"Total":859959,"Under19":256143,"Under39":202783,"Under59":239212,"Under74":117045,"Over75":44776},"Beds":{"Resuscitation":52,"IntensiveCare":154,"Total":206},"Deaths":1,"Recovered":129,"Severe":22,"Critical":3,"Emergencies":{"Total":389,"Suspected/Accumulated":274,"Total/Accumulated":38257,"Severe/Accumulated":190},"Confirmed":94,"MedicalTests":{"Total/Accumulated":19,"Confirmed/Accumulated":1}},"geometry":{"type":"Point","coordinates":[55.52943947368424,-21.1374047368421]}},{"type":"Feature","properties":{"Country/Region":"France","Province/State":"Mayotte","Code":"06","Population":{"Total":279471,"Under19":150257,"Under39":74348,"Under59":42900,"Under74":9521,"Over75":2445},"Beds":{"Resuscitation":6,"IntensiveCare":0,"Total":6},"Deaths":25,"Recovered":306,"Severe":40,"Critical":10,"Emergencies":{"Suspected":14,"Total":128,"Severe":1,"Suspected/Accumulated":1582,"Total/Accumulated":11234,"Severe/Accumulated":221},"Confirmed":128,"MedicalTests":{"Total/Accumulated":4,"Confirmed/Accumulated":1}},"geometry":{"type":"Point","coordinates":[45.14160071428572,-12.835344166666673]}}]}