{"type":"FeatureCollection","features":[{"type":"Feature","properties":{"Country/Region":"France","Province/State":"Île-de-France","Code":"11","Population":{"Total":12278210,"Under19":3140965,"Under39":3409765,"Under59":3210447,"Under74":1658207,"Over75":858826},"Beds":{"Resuscitation":1147,"IntensiveCare":2512,"Total":3659},"Deaths":6421,"Recovered":20135,"Severe":9429,"Critical":1218,"Emergencies":{"Suspected":223,"Total":4458,"Severe":37,"Suspected/Accumulated":47851,"Total/Accumulated":341067,"Severe/Accumulated":15003},"MedicalActs":{"Suspected":65,"Total":1195,"Suspected/Accumulated":11005,"Total/Accumulated":93280},"MedicalTests":{"Total":28,"Confirmed":3,"Total/Accumulated":69460,"Confirmed/Accumulated":17754},"Confirmed":7660},"geometry":{"type":"Point","coordinates":[2.5292589766081885,48.704415292397634]}},{"type":"Feature","properties":{"Country/Region":"France","Province/State":"Centre-Val de Loire","Code":"24","Population":{"Total":2559073,"Under19":598570,"Under39":541141,"Under59":661150,"Under74":478923,"Over75":279289},"Beds":{"Resuscitation":180,"IntensiveCare":346,"Total":526},"Deaths":439,"Recovered":1428,"Severe":869,"Critical":79,"Emergencies":{"Suspected":39,"Total":1101,"Severe":11,"Suspected/Accumulated":4300,"Total/Accumulated":73201,"Severe/Accumulated":1085},"MedicalActs":{"Suspected":9,"Total":272,"Suspected/Accumulated":881,"Total/Accumulated":18621},"MedicalTests":{"Total":106,"Confirmed":4,"Total/Accumulated":14604,"Confirmed/Accumulated":1777},"Confirmed":1157},"geometry":{"type":"Point","coordinates":[1.6429664800000017,47.54357092799999]}},{"type":"Feature","properties":{"Country/Region":"France","Province/State":"Bourgogne-Franche-Comté","Code":"27","Population":{"Total":2783039,"Under19":627017,"Under39":591411,"Under59":715664,"Under74":540051,"Over75":308896},"Beds":{"Resuscitation":198,"IntensiveCare":642,"Total":840},"Deaths":914,"Recovered":2764,"Severe":1011,"Critical":115,"Emergencies":{"Suspected":55,"Total":1344,"Severe":27,"Suspected/Accumulated":9903,"Total/Accumulated":90880,"Severe/Accumulated":4092},"MedicalActs":{"Suspected":10,"Total":248,"Suspected/Accumulated":1604,"Total/Accumulated":15859},"MedicalTests":{"Total":34,"Total/Accumulated":11921,"Confirmed/Accumulated":1295},"Confirmed":1569},"geometry":{"type":"Point","coordinates":[4.731409826897467,47.2969232490013]}},{"type":"Feature","properties":{"Country/Region":"France","Province/State":"Normandie","Code":"28","Population":{"Total":3303500,"Under19":781337,"Under39":727044,"Under59":842963,"Under74":615474,"Over75":336682},"Beds":{"Resuscitation":240,"IntensiveCare":548,"Total":788},"Deaths":370,"Recovered":1202,"Severe":526,"Critical":59,"Emergencies":{"Suspected":19,"Total":1335,"Severe":10,"Suspected/Accumulated":3892,"Total/Accumulated":99377,"Severe/Accumulated":1480},"MedicalActs":{"Suspected":14,"Total":393,"Suspected/Accumulated":2312,"Total/Accumulated":26762},"MedicalTests":{"Total":9,"Confirmed":1,"Total/Accumulated":12427,"Confirmed/Accumulated":1313},"Confirmed":912},"geometry":{"type":"Point","coordinates":[-0.022673401869158984,49.066630336448576]}},{"type":"Feature","properties":{"Country/Region":"France","Province/State":"Hauts-de-France","Code":"32","Population":{"Total":5962662,"Under19":1525538,"Under39":1443348,"Under59":1522690,"Under74":994313,"Over75":476773},"Beds":{"Resuscitation":438,"IntensiveCare":1338,"Total":1776},"Deaths":1507,"Recovered":4627,"Severe":1996,"Critical":223,"Emergencies":{"Suspected":82,"Total":2505,"Severe":33,"Suspected/Accumulated":10745,"Total/Accumulated":154928,"Severe/Accumulated":3838},"MedicalActs":{"Suspected":19,"Total":569,"Suspected/Accumulated":3545,"Total/Accumulated":51108},"MedicalTests":{"Total":20,"Total/Accumulated":20742,"Confirmed/Accumulated":3172},"Confirmed":3011},"geometry":{"type":"Point","coordinates":[2.8852615671641804,49.86155781716422]}},{"type":"Feature","properties":{"Country/Region":"France","Province/State":"Grand Est","Code":"44","Population":{"Total":5511747,"Under19":1258123,"Under39":1291962,"Under59":1448828,"Under74":988178,"Over75":524656},"Beds":{"Resuscitation":465,"IntensiveCare":840,"Total":1305},"Deaths":3090,"Recovered":8828,"Severe":3378,"Critical":365,"Emergencies":{"Suspected":63,"Total":2204,"Severe":30,"Suspected/Accumulated":15380,"Total/Accumulated":153092,"Severe/Accumulated":7634},"MedicalActs":{"Suspected":26,"Total":695,"Suspected/Accumulated":5432,"Total/Accumulated":45014},"MedicalTests":{"Total":2,"Total/Accumulated":20244,"Confirmed/Accumulated":3575},"Confirmed":5479},"geometry":{"type":"Point","coordinates":[5.509890203045682,48.670969771573546]}},{"type":"Feature","properties":{"Country/Region":"France","Province/State":"Pays de la Loire","Code":"52","Population":{"Total":3801797,"Under19":933509,"Under39":853729,"Under59":970508,"Under74":667531,"Over75":376520},"Beds":{"Resuscitation":181,"IntensiveCare":572,"Total":753},"Deaths":377,"Recovered":1392,"Severe":580,"Critical":56,"Emergencies":{"Suspected":44,"Total":1157,"Severe":29,"Suspected/Accumulated":6559,"Total/Accumulated":83309,"Severe/Accumulated":3159},"MedicalActs":{"Suspected":21,"Total":490,"Suspected/Accumulated":2520,"Total/Accumulated":29441},"MedicalTests":{"Total":3,"Total/Accumulated":1259,"Confirmed/Accumulated":76},"Confirmed":1630},"geometry":{"type":"Point","coordinates":[-0.8763313771517983,47.44186302034428]}},{"type":"Feature","properties":{"Country/Region":"France","Province/State":"Bretagne","Code":"53","Population":{"Total":3340379,"Under19":773631,"Under39":714512,"Under59":866988,"Under74":632104,"Over75":353144},"Beds":{"Resuscitation":162,"IntensiveCare":462,"Total":624},"Deaths":225,"Recovered":931,"Severe":329,"Critical":41,"Emergencies":{"Suspected":22,"Total":1467,"Severe":9,"Suspected/Accumulated":4239,"Total/Accumulated":91521,"Severe/Accumulated":1683},"MedicalActs":{"Suspected":9,"Total":371,"Suspected/Accumulated":992,"Total/Accumulated":22441},"Confirmed":962,"MedicalTests":{"Total/Accumulated":473,"Confirmed/Accumulated":22}},"geometry":{"type":"Point","coordinates":[-3.104342941176476,48.146701189258316]}},{"type":"Feature","properties":{"Country/Region":"France","Province/State":"Nouvelle-Aquitaine","Code":"75","Population":{"Total":5999982,"Under19":1293321,"Under39":1274746,"Under59":1561754,"Under74":1177229,"Over75":692932},"Beds":{"Resuscitation":412,"IntensiveCare":946,"Total":1358},"Deaths":348,"Recovered":1618,"Severe":499,"Critical":84,"Emergencies":{"Suspected":35,"Total":2824,"Severe":15,"Suspected/Accumulated":9007,"Total/Accumulated":171757,"Severe/Accumulated":3881},"MedicalActs":{"Suspected":41,"Total":1096,"Suspected/Accumulated":6036,"Total/Accumulated":72632},"MedicalTests":{"Total":24,"Total/Accumulated":22353,"Confirmed/Accumulated":892},"Confirmed":1007},"geometry":{"type":"Point","coordinates":[0.16186906163753495,45.156971701931916]}},{"type":"Feature","properties":{"Country/Region":"France","Province/State":"Occitanie","Code":"76","Population":{"Total":5924858,"Under19":1320456,"Under39":1330125,"Under59":1526711,"Under74":1099893,"Over75":647673},"Beds":{"Resuscitation":474,"IntensiveCare":1206,"Total":1680},"Deaths":450,"Recovered":2329,"Severe":440,"Critical":107,"Emergencies":{"Suspected":55,"Total":2945,"Severe":25,"Suspected/Accumulated":7260,"Total/Accumulated":174334,"Severe/Accumulated":3212},"MedicalActs":{"Suspected":15,"Total":450,"Suspected/Accumulated":2315,"Total/Accumulated":25930},"MedicalTests":{"Total":179,"Confirmed":3,"Total/Accumulated":52013,"Confirmed/Accumulated":2476},"Confirmed":2374},"geometry":{"type":"Point","coordinates":[1.988214846153848,43.761180626373644]}},{"type":"Feature","properties":{"Country/Region":"France","Province/State":"Auvergne-Rhône-Alpes","Code":"84","Population":{"Total":8032377,"Under19":1940253,"Under39":1900702,"Under59":2079813,"Under74":1340003,"Over75":771606},"Beds":{"Resuscitation":559,"IntensiveCare":1136,"Total":1695},"Deaths":1469,"Recovered":5680,"Severe":2128,"Critical":262,"Emergencies":{"Suspected":78,"Total":3497,"Severe":26,"Suspected/Accumulated":14656,"Total/Accumulated":219981,"Severe/Accumulated":6324},"MedicalActs":{"Suspected":49,"Total":887,"Suspected/Accumulated":5610,"Total/Accumulated":56798},"MedicalTests":{"Total":21,"Confirmed":1,"Total/Accumulated":20471,"Confirmed/Accumulated":2109},"Confirmed":2093},"geometry":{"type":"Point","coordinates":[4.515179591651545,45.475403602540794]}},{"type":"Feature","properties":{"Country/Region":"France","Province/State":"Guadeloupe","Code":"01","Population":{"Total":376879,"Under19":90617,"Under39":71707,"Under59":109452,"Under74":70936,"Over75":34167},"Beds":{"Resuscitation":27,"IntensiveCare":68,"Total":95},"Deaths":19,"Recovered":72,"Severe":14,"Critical":4,"Emergencies":{"Suspected":3,"Total":163,"Suspected/Accumulated":261,"Total/Accumulated":11746,"Severe/Accumulated":97},"Confirmed":106,"MedicalTests":{"Total/Accumulated":46,"Confirmed/Accumulated":16}},"geometry":{"type":"Point","coordinates":[-61.493846272189366,16.20469674556213]}},{"type":"Feature","properties":{"Country/Region":"France","Province/State":"Martinique","Code":"02","Population":{"Total":358749,"Under19":77005,"Under39":65776,"Under59":105638,"Under74":72163,"Over75":38167},"Beds":{"Resuscitation":26,"IntensiveCare":58,"Total":84},"Deaths":14,"Recovered":78,"Severe":19,"Critical":7,"MedicalActs":{"Total":66,"Suspected/Accumulated":129,"Total/Accumulated":7154},"Confirmed":111,"MedicalTests":{"Total/Accumulated":26,"Confirmed/Accumulated":6}},"geometry":{"type":"Point","coordinates":[-60.98265692913386,14.6217557480315]}},{"type":"Feature","properties":{"Country/Region":"France","Province/State":"Provence-Alpes-Côte d'Azur","Code":"93","Population":{"Total":5055651,"Under19":1128765,"Under39":1109058,"Under59":1309879,"Under74":927347,"Over75":580602},"Beds":{"Resuscitation":460,"IntensiveCare":802,"Total":1262},"Deaths":770,"Recovered":4223,"Severe":1319,"Critical":180,"Emergencies":{"Suspected":50,"Total":2834,"Severe":21,"Suspected/Accumulated":9772,"Total/Accumulated":175533,"Severe/Accumulated":5000},"MedicalActs":{"Suspected":35,"Total":819,"Suspected/Accumulated":5041,"Total/Accumulated":52160},"MedicalTests":{"Total":22,"Confirmed":3,"Total/Accumulated":63993,"Confirmed/Accumulated":4063},"Confirmed":1927},"geometry":{"type":"Point","coordinates":[5.940587832647462,43.96417941015098]}},{"type":"Feature","properties":{"Country/Region":"France","Province/State":"Corse","Code":"94","Population":{"Total":344679,"Under19":68555,"Under39":76985,"Under59":93175,"Under74":65675,"Over75":40289},"Beds":{"Resuscitation":18,"IntensiveCare":42,"Total":60},"Deaths":52,"Recovered":199,"Severe":50,"Critical":6,"Emergencies":{"Suspected":2,"Total":156,"Severe":1,"Suspected/Accumulated":1956,"Total/Accumulated":10494,"Severe/Accumulated":1887},"MedicalActs":{"Suspected":2,"Total":34,"Suspected/Accumulated":441,"Total/Accumulated":2819},"Confirmed":263},"geometry":{"type":"Point","coordinates":[9.019688964401293,42.118564077669916]}},{"type":"Feature","properties":{"Country/Region":"France","Province/State":"Guyane","Code":"03","Population":{"Total":290691,"Under19":120681,"Under39":80023,"Under59":61783,"Under74":22111,"Over75":6093},"Beds":{"Resuscitation":13,"IntensiveCare":12,"Total":25},"Deaths":1,"Recovered":38,"Severe":6,"Emergencies":{"Suspected":2,"Total":155,"Severe":1,"Suspected/Accumulated":84,"Total/Accumulated":12167,"Severe/Accumulated":24},"Confirmed":43,"MedicalTests":{"Total/Accumulated":34,"Confirmed/Accumulated":4}},"geometry":{"type":"Point","coordinates":[-53.41731165390502,3.588901056661561]}},{"type":"Feature","properties":{"Country/Region":"France","Province/State":"La Réunion","Code":"04","Population":{"Total":859959,"Under19":256143,"Under39":202783,"Under59":239212,"Under74":117045,"Over75":44776},"Beds":{"Resuscitation":52,"IntensiveCare":154,"Total":206},"Recovered":112,"Severe":9,"Critical":4,"Emergencies":{"Suspected":2,"Total":363,"Severe":2,"Suspected/Accumulated":260,"Total/Accumulated":23647,"Severe/Accumulated":179},"Confirmed":94,"MedicalTests":{"Total/Accumulated":15,"Confirmed/Accumulated":1}},"geometry":{"type":"Point","coordinates":[55.52943947368424,-21.1374047368421]}},{"type":"Feature","properties":{"Country/Region":"France","Province/State":"Mayotte","Code":"06","Population":{"Total":279471,"Under19":150257,"Under39":74348,"Under59":42900,"Under74":9521,"Over75":2445},"Beds":{"Resuscitation":6,"IntensiveCare":0,"Total":6},"Deaths":12,"Recovered":118,"Severe":55,"Critical":10,"Emergencies":{"Suspected":28,"Total":117,"Severe":6,"Suspected/Accumulated":712,"Total/Accumulated":6919,"Severe/Accumulated":130},"Confirmed":128,"MedicalTests":{"Total/Accumulated":2,"Confirmed/Accumulated":1}},"geometry":{"type":"Point","coordinates":[45.14160071428572,-12.835344166666673]}}]}