{"type":"FeatureCollection","features":[{"type":"Feature","properties":{"Country/Region":"France","Province/State":"Île-de-France","Code":"11","Population":{"Total":12278210,"Under19":3140965,"Under39":3409765,"Under59":3210447,"Under74":1658207,"Over75":858826},"Beds":{"Resuscitation":1147,"IntensiveCare":2512,"Total":3659},"Deaths":7498,"Recovered":28375,"Severe":3287,"Critical":241,"Emergencies":{"Suspected":60,"Total":6242,"Severe":7,"Suspected/Accumulated":53589,"Total/Accumulated":719278,"Severe/Accumulated":16317},"MedicalActs":{"Suspected":65,"Total":1418,"Suspected/Accumulated":13633,"Total/Accumulated":166198},"PCRTests":{"Total":6062,"Confirmed":73,"Total/Accumulated":459992,"Confirmed/Accumulated":8282},"Confirmed":7660,"MedicalTests":{"Total/Accumulated":85340,"Confirmed/Accumulated":18277}},"geometry":{"type":"Point","coordinates":[2.5292589766081885,48.704415292397634]}},{"type":"Feature","properties":{"Country/Region":"France","Province/State":"Centre-Val de Loire","Code":"24","Population":{"Total":2559073,"Under19":598570,"Under39":541141,"Under59":661150,"Under74":478923,"Over75":279289},"Beds":{"Resuscitation":180,"IntensiveCare":346,"Total":526},"Deaths":553,"Recovered":1994,"Severe":369,"Critical":15,"Emergencies":{"Suspected":5,"Total":1427,"Severe":2,"Suspected/Accumulated":5259,"Total/Accumulated":160587,"Severe/Accumulated":1344},"MedicalActs":{"Suspected":15,"Total":441,"Suspected/Accumulated":1421,"Total/Accumulated":37817},"PCRTests":{"Total":891,"Confirmed":1,"Total/Accumulated":72388,"Confirmed/Accumulated":905},"Confirmed":1157,"MedicalTests":{"Total/Accumulated":20197,"Confirmed/Accumulated":1858}},"geometry":{"type":"Point","coordinates":[1.6429664800000017,47.54357092799999]}},{"type":"Feature","properties":{"Country/Region":"France","Province/State":"Bourgogne-Franche-Comté","Code":"27","Population":{"Total":2783039,"Under19":627017,"Under39":591411,"Under59":715664,"Under74":540051,"Over75":308896},"Beds":{"Resuscitation":198,"IntensiveCare":642,"Total":840},"Deaths":1057,"Recovered":3943,"Severe":90,"Critical":8,"Emergencies":{"Suspected":10,"Total":2055,"Severe":4,"Suspected/Accumulated":11431,"Total/Accumulated":203626,"Severe/Accumulated":4811},"MedicalActs":{"Suspected":9,"Total":328,"Suspected/Accumulated":2140,"Total/Accumulated":29687},"PCRTests":{"Total":1107,"Confirmed":11,"Total/Accumulated":91712,"Confirmed/Accumulated":805},"Confirmed":1569,"MedicalTests":{"Total/Accumulated":15673,"Confirmed/Accumulated":1330}},"geometry":{"type":"Point","coordinates":[4.731409826897467,47.2969232490013]}},{"type":"Feature","properties":{"Country/Region":"France","Province/State":"Normandie","Code":"28","Population":{"Total":3303500,"Under19":781337,"Under39":727044,"Under59":842963,"Under74":615474,"Over75":336682},"Beds":{"Resuscitation":240,"IntensiveCare":548,"Total":788},"Deaths":435,"Recovered":1699,"Severe":209,"Critical":8,"Emergencies":{"Suspected":9,"Total":2182,"Severe":4,"Suspected/Accumulated":4818,"Total/Accumulated":220469,"Severe/Accumulated":2042},"MedicalActs":{"Suspected":31,"Total":562,"Suspected/Accumulated":3449,"Total/Accumulated":51151},"PCRTests":{"Total":2144,"Confirmed":8,"Total/Accumulated":109350,"Confirmed/Accumulated":872},"Confirmed":912,"MedicalTests":{"Total/Accumulated":17253,"Confirmed/Accumulated":1385}},"geometry":{"type":"Point","coordinates":[-0.022673401869158984,49.066630336448576]}},{"type":"Feature","properties":{"Country/Region":"France","Province/State":"Hauts-de-France","Code":"32","Population":{"Total":5962662,"Under19":1525538,"Under39":1443348,"Under59":1522690,"Under74":994313,"Over75":476773},"Beds":{"Resuscitation":438,"IntensiveCare":1338,"Total":1776},"Deaths":1876,"Recovered":6622,"Severe":699,"Critical":43,"Emergencies":{"Suspected":23,"Total":3196,"Severe":8,"Suspected/Accumulated":12697,"Total/Accumulated":343567,"Severe/Accumulated":4629},"MedicalActs":{"Suspected":25,"Total":985,"Suspected/Accumulated":4545,"Total/Accumulated":95004},"PCRTests":{"Total":2696,"Confirmed":41,"Total/Accumulated":192024,"Confirmed/Accumulated":3328},"Confirmed":3011,"MedicalTests":{"Total/Accumulated":31790,"Confirmed/Accumulated":3410}},"geometry":{"type":"Point","coordinates":[2.8852615671641804,49.86155781716422]}},{"type":"Feature","properties":{"Country/Region":"France","Province/State":"Grand Est","Code":"44","Population":{"Total":5511747,"Under19":1258123,"Under39":1291962,"Under59":1448828,"Under74":988178,"Over75":524656},"Beds":{"Resuscitation":465,"IntensiveCare":840,"Total":1305},"Deaths":3585,"Recovered":12403,"Severe":906,"Critical":46,"Emergencies":{"Suspected":6,"Total":3284,"Severe":1,"Suspected/Accumulated":17596,"Total/Accumulated":337958,"Severe/Accumulated":8558},"MedicalActs":{"Suspected":21,"Total":785,"Suspected/Accumulated":6828,"Total/Accumulated":80918},"PCRTests":{"Total":2310,"Confirmed":7,"Total/Accumulated":231179,"Confirmed/Accumulated":3130},"Confirmed":5479,"MedicalTests":{"Total/Accumulated":24982,"Confirmed/Accumulated":3702}},"geometry":{"type":"Point","coordinates":[5.509890203045682,48.670969771573546]}},{"type":"Feature","properties":{"Country/Region":"France","Province/State":"Pays de la Loire","Code":"52","Population":{"Total":3801797,"Under19":933509,"Under39":853729,"Under59":970508,"Under74":667531,"Over75":376520},"Beds":{"Resuscitation":181,"IntensiveCare":572,"Total":753},"Deaths":470,"Recovered":2117,"Severe":133,"Critical":3,"Emergencies":{"Suspected":23,"Total":1792,"Severe":11,"Suspected/Accumulated":8461,"Total/Accumulated":190549,"Severe/Accumulated":4341},"MedicalActs":{"Suspected":27,"Total":602,"Suspected/Accumulated":3549,"Total/Accumulated":58286},"PCRTests":{"Total":1932,"Confirmed":52,"Total/Accumulated":103271,"Confirmed/Accumulated":1529},"Confirmed":1630,"MedicalTests":{"Total/Accumulated":1941,"Confirmed/Accumulated":78}},"geometry":{"type":"Point","coordinates":[-0.8763313771517983,47.44186302034428]}},{"type":"Feature","properties":{"Country/Region":"France","Province/State":"Bretagne","Code":"53","Population":{"Total":3340379,"Under19":773631,"Under39":714512,"Under59":866988,"Under74":632104,"Over75":353144},"Beds":{"Resuscitation":162,"IntensiveCare":462,"Total":624},"Deaths":260,"Recovered":1295,"Severe":71,"Critical":2,"Emergencies":{"Suspected":10,"Total":2047,"Severe":1,"Suspected/Accumulated":5663,"Total/Accumulated":204372,"Severe/Accumulated":2229},"MedicalActs":{"Suspected":37,"Total":467,"Suspected/Accumulated":1546,"Total/Accumulated":42644},"PCRTests":{"Total":1454,"Confirmed":12,"Total/Accumulated":68625,"Confirmed/Accumulated":636},"Confirmed":962,"MedicalTests":{"Total/Accumulated":698,"Confirmed/Accumulated":25}},"geometry":{"type":"Point","coordinates":[-3.104342941176476,48.146701189258316]}},{"type":"Feature","properties":{"Country/Region":"France","Province/State":"Nouvelle-Aquitaine","Code":"75","Population":{"Total":5999982,"Under19":1293321,"Under39":1274746,"Under59":1561754,"Under74":1177229,"Over75":692932},"Beds":{"Resuscitation":412,"IntensiveCare":946,"Total":1358},"Deaths":422,"Recovered":2203,"Severe":62,"Critical":9,"Emergencies":{"Suspected":8,"Total":3927,"Severe":3,"Suspected/Accumulated":10420,"Total/Accumulated":390012,"Severe/Accumulated":4498},"MedicalActs":{"Suspected":42,"Total":1521,"Suspected/Accumulated":7547,"Total/Accumulated":138577},"PCRTests":{"Total":1679,"Confirmed":4,"Total/Accumulated":139687,"Confirmed/Accumulated":931},"Confirmed":1007,"MedicalTests":{"Total/Accumulated":33043,"Confirmed/Accumulated":961}},"geometry":{"type":"Point","coordinates":[0.16186906163753495,45.156971701931916]}},{"type":"Feature","properties":{"Country/Region":"France","Province/State":"Occitanie","Code":"76","Population":{"Total":5924858,"Under19":1320456,"Under39":1330125,"Under59":1526711,"Under74":1099893,"Over75":647673},"Beds":{"Resuscitation":474,"IntensiveCare":1206,"Total":1680},"Deaths":513,"Recovered":2915,"Severe":48,"Critical":7,"Emergencies":{"Suspected":11,"Total":4165,"Severe":5,"Suspected/Accumulated":8764,"Total/Accumulated":398862,"Severe/Accumulated":3952},"MedicalActs":{"Suspected":21,"Total":496,"Suspected/Accumulated":3038,"Total/Accumulated":49457},"PCRTests":{"Total":1854,"Confirmed":7,"Total/Accumulated":180004,"Confirmed/Accumulated":1370},"Confirmed":2374,"MedicalTests":{"Total/Accumulated":83743,"Confirmed/Accumulated":2680}},"geometry":{"type":"Point","coordinates":[1.988214846153848,43.761180626373644]}},{"type":"Feature","properties":{"Country/Region":"France","Province/State":"Auvergne-Rhône-Alpes","Code":"84","Population":{"Total":8032377,"Under19":1940253,"Under39":1900702,"Under59":2079813,"Under74":1340003,"Over75":771606},"Beds":{"Resuscitation":559,"IntensiveCare":1136,"Total":1695},"Deaths":1747,"Recovered":7812,"Severe":437,"Critical":24,"Emergencies":{"Suspected":17,"Total":4944,"Severe":1,"Suspected/Accumulated":16978,"Total/Accumulated":499889,"Severe/Accumulated":7174},"MedicalActs":{"Suspected":49,"Total":1124,"Suspected/Accumulated":7690,"Total/Accumulated":109760},"PCRTests":{"Total":3548,"Confirmed":25,"Total/Accumulated":232948,"Confirmed/Accumulated":2170},"Confirmed":2093,"MedicalTests":{"Total/Accumulated":27674,"Confirmed/Accumulated":2153}},"geometry":{"type":"Point","coordinates":[4.515179591651545,45.475403602540794]}},{"type":"Feature","properties":{"Country/Region":"France","Province/State":"Guadeloupe","Code":"01","Population":{"Total":376879,"Under19":90617,"Under39":71707,"Under59":109452,"Under74":70936,"Over75":34167},"Beds":{"Resuscitation":27,"IntensiveCare":68,"Total":95},"Deaths":19,"Recovered":82,"Severe":10,"Critical":4,"Emergencies":{"Total":191,"Suspected/Accumulated":303,"Total/Accumulated":24342,"Severe/Accumulated":104},"PCRTests":{"Total":116,"Confirmed":2,"Total/Accumulated":7575,"Confirmed/Accumulated":44},"Confirmed":106,"MedicalTests":{"Total/Accumulated":51,"Confirmed/Accumulated":17}},"geometry":{"type":"Point","coordinates":[-61.493846272189366,16.20469674556213]}},{"type":"Feature","properties":{"Country/Region":"France","Province/State":"Martinique","Code":"02","Population":{"Total":358749,"Under19":77005,"Under39":65776,"Under59":105638,"Under74":72163,"Over75":38167},"Beds":{"Resuscitation":26,"IntensiveCare":58,"Total":84},"Deaths":15,"Recovered":90,"Severe":14,"Critical":5,"MedicalActs":{"Total":87,"Suspected/Accumulated":157,"Total/Accumulated":12944},"PCRTests":{"Total":154,"Total/Accumulated":9291,"Confirmed/Accumulated":75},"Confirmed":111,"MedicalTests":{"Total/Accumulated":29,"Confirmed/Accumulated":6}},"geometry":{"type":"Point","coordinates":[-60.98265692913386,14.6217557480315]}},{"type":"Feature","properties":{"Country/Region":"France","Province/State":"Provence-Alpes-Côte d'Azur","Code":"93","Population":{"Total":5055651,"Under19":1128765,"Under39":1109058,"Under59":1309879,"Under74":927347,"Over75":580602},"Beds":{"Resuscitation":460,"IntensiveCare":802,"Total":1262},"Deaths":952,"Recovered":5518,"Severe":462,"Critical":25,"Emergencies":{"Suspected":18,"Total":4391,"Severe":3,"Suspected/Accumulated":11165,"Total/Accumulated":397415,"Severe/Accumulated":5657},"MedicalActs":{"Suspected":31,"Total":1004,"Suspected/Accumulated":6462,"Total/Accumulated":99094},"PCRTests":{"Total":2475,"Confirmed":18,"Total/Accumulated":210809,"Confirmed/Accumulated":1929},"Confirmed":1927,"MedicalTests":{"Total/Accumulated":80858,"Confirmed/Accumulated":4204}},"geometry":{"type":"Point","coordinates":[5.940587832647462,43.96417941015098]}},{"type":"Feature","properties":{"Country/Region":"France","Province/State":"Corse","Code":"94","Population":{"Total":344679,"Under19":68555,"Under39":76985,"Under59":93175,"Under74":65675,"Over75":40289},"Beds":{"Resuscitation":18,"IntensiveCare":42,"Total":60},"Deaths":59,"Recovered":247,"Severe":12,"Critical":1,"Emergencies":{"Suspected":3,"Total":303,"Suspected/Accumulated":2157,"Total/Accumulated":24365,"Severe/Accumulated":2042},"MedicalActs":{"Suspected":1,"Total":32,"Suspected/Accumulated":489,"Total/Accumulated":4665},"PCRTests":{"Total":121,"Confirmed":1,"Total/Accumulated":11942,"Confirmed/Accumulated":59},"Confirmed":263},"geometry":{"type":"Point","coordinates":[9.019688964401293,42.118564077669916]}},{"type":"Feature","properties":{"Country/Region":"France","Province/State":"Guyane","Code":"03","Population":{"Total":290691,"Under19":120681,"Under39":80023,"Under59":61783,"Under74":22111,"Over75":6093},"Beds":{"Resuscitation":13,"IntensiveCare":12,"Total":25},"Deaths":25,"Recovered":599,"Severe":153,"Critical":23,"Emergencies":{"Suspected":25,"Total":146,"Severe":7,"Suspected/Accumulated":1225,"Total/Accumulated":23891,"Severe/Accumulated":485},"PCRTests":{"Total":327,"Confirmed":63,"Total/Accumulated":19919,"Confirmed/Accumulated":4860},"Confirmed":43,"MedicalTests":{"Total/Accumulated":35,"Confirmed/Accumulated":4}},"geometry":{"type":"Point","coordinates":[-53.41731165390502,3.588901056661561]}},{"type":"Feature","properties":{"Country/Region":"France","Province/State":"La Réunion","Code":"04","Population":{"Total":859959,"Under19":256143,"Under39":202783,"Under59":239212,"Under74":117045,"Over75":44776},"Beds":{"Resuscitation":52,"IntensiveCare":154,"Total":206},"Deaths":3,"Recovered":150,"Severe":20,"Critical":3,"Emergencies":{"Suspected":2,"Total":430,"Severe":2,"Suspected/Accumulated":283,"Total/Accumulated":48154,"Severe/Accumulated":196},"PCRTests":{"Total":780,"Confirmed":19,"Total/Accumulated":31477,"Confirmed/Accumulated":149},"Confirmed":94,"MedicalTests":{"Total/Accumulated":19,"Confirmed/Accumulated":1}},"geometry":{"type":"Point","coordinates":[55.52943947368424,-21.1374047368421]}},{"type":"Feature","properties":{"Country/Region":"France","Province/State":"Mayotte","Code":"06","Population":{"Total":279471,"Under19":150257,"Under39":74348,"Under59":42900,"Under74":9521,"Over75":2445},"Beds":{"Resuscitation":6,"IntensiveCare":0,"Total":6},"Deaths":28,"Recovered":390,"Severe":13,"Critical":3,"Emergencies":{"Total":102,"Suspected/Accumulated":1841,"Total/Accumulated":13955,"Severe/Accumulated":237},"PCRTests":{"Total":37,"Confirmed":2,"Total/Accumulated":5750,"Confirmed/Accumulated":1017},"Confirmed":128,"MedicalTests":{"Total/Accumulated":4,"Confirmed/Accumulated":1}},"geometry":{"type":"Point","coordinates":[45.14160071428572,-12.835344166666673]}}]}