{"type":"FeatureCollection","features":[{"type":"Feature","properties":{"Country/Region":"France","Province/State":"Île-de-France","Code":"11","Population":{"Total":12278210,"Under19":3140965,"Under39":3409765,"Under59":3210447,"Under74":1658207,"Over75":858826},"Beds":{"Resuscitation":1147,"IntensiveCare":2512,"Total":3659},"Deaths":1571,"Recovered":3887,"Severe":10273,"Critical":2301,"Emergencies":{"Suspected":1401,"Total":4301,"Severe":524,"Suspected/Accumulated":25992,"Total/Accumulated":190634,"Severe/Accumulated":8503},"MedicalActs":{"Suspected":288,"Total":1117,"Suspected/Accumulated":7038,"Total/Accumulated":56875},"MedicalTests":{"Total":1903,"Confirmed":706,"Total/Accumulated":20199,"Confirmed/Accumulated":8470},"Confirmed":7660},"geometry":{"type":"Point","coordinates":[2.5292589766081885,48.704415292397634]}},{"type":"Feature","properties":{"Country/Region":"France","Province/State":"Centre-Val de Loire","Code":"24","Population":{"Total":2559073,"Under19":598570,"Under39":541141,"Under59":661150,"Under74":478923,"Over75":279289},"Beds":{"Resuscitation":180,"IntensiveCare":346,"Total":526},"Deaths":84,"Recovered":179,"Severe":640,"Critical":172,"Emergencies":{"Suspected":113,"Total":888,"Severe":33,"Suspected/Accumulated":1397,"Total/Accumulated":36882,"Severe/Accumulated":426},"MedicalActs":{"Suspected":20,"Total":150,"Suspected/Accumulated":367,"Total/Accumulated":11258},"MedicalTests":{"Total":353,"Confirmed":82,"Total/Accumulated":2833,"Confirmed/Accumulated":679},"Confirmed":1157},"geometry":{"type":"Point","coordinates":[1.6429664800000017,47.54357092799999]}},{"type":"Feature","properties":{"Country/Region":"France","Province/State":"Bourgogne-Franche-Comté","Code":"27","Population":{"Total":2783039,"Under19":627017,"Under39":591411,"Under59":715664,"Under74":540051,"Over75":308896},"Beds":{"Resuscitation":198,"IntensiveCare":642,"Total":840},"Deaths":271,"Recovered":746,"Severe":1017,"Critical":250,"Emergencies":{"Suspected":212,"Total":1035,"Severe":91,"Suspected/Accumulated":5061,"Total/Accumulated":47111,"Severe/Accumulated":2049},"MedicalActs":{"Suspected":29,"Total":179,"Suspected/Accumulated":943,"Total/Accumulated":9319},"MedicalTests":{"Total":280,"Confirmed":51,"Total/Accumulated":2294,"Confirmed/Accumulated":459},"Confirmed":1569},"geometry":{"type":"Point","coordinates":[4.731409826897467,47.2969232490013]}},{"type":"Feature","properties":{"Country/Region":"France","Province/State":"Normandie","Code":"28","Population":{"Total":3303500,"Under19":781337,"Under39":727044,"Under59":842963,"Under74":615474,"Over75":336682},"Beds":{"Resuscitation":240,"IntensiveCare":548,"Total":788},"Deaths":81,"Recovered":224,"Severe":630,"Critical":185,"Emergencies":{"Suspected":112,"Total":1134,"Severe":43,"Suspected/Accumulated":1914,"Total/Accumulated":51324,"Severe/Accumulated":565},"MedicalActs":{"Suspected":45,"Total":243,"Suspected/Accumulated":1461,"Total/Accumulated":16193},"MedicalTests":{"Total":237,"Confirmed":34,"Total/Accumulated":2544,"Confirmed/Accumulated":437},"Confirmed":912},"geometry":{"type":"Point","coordinates":[-0.022673401869158984,49.066630336448576]}},{"type":"Feature","properties":{"Country/Region":"France","Province/State":"Hauts-de-France","Code":"32","Population":{"Total":5962662,"Under19":1525538,"Under39":1443348,"Under59":1522690,"Under74":994313,"Over75":476773},"Beds":{"Resuscitation":438,"IntensiveCare":1338,"Total":1776},"Deaths":370,"Recovered":857,"Severe":1825,"Critical":518,"Emergencies":{"Suspected":348,"Total":1884,"Severe":114,"Suspected/Accumulated":4959,"Total/Accumulated":78196,"Severe/Accumulated":1702},"MedicalActs":{"Suspected":74,"Total":478,"Suspected/Accumulated":2182,"Total/Accumulated":33447},"MedicalTests":{"Total":509,"Confirmed":144,"Total/Accumulated":3102,"Confirmed/Accumulated":1027},"Confirmed":3011},"geometry":{"type":"Point","coordinates":[2.8852615671641804,49.86155781716422]}},{"type":"Feature","properties":{"Country/Region":"France","Province/State":"Grand Est","Code":"44","Population":{"Total":5511747,"Under19":1258123,"Under39":1291962,"Under59":1448828,"Under74":988178,"Over75":524656},"Beds":{"Resuscitation":465,"IntensiveCare":840,"Total":1305},"Deaths":1178,"Recovered":2227,"Severe":4657,"Critical":949,"Emergencies":{"Suspected":426,"Total":1876,"Severe":220,"Suspected/Accumulated":9250,"Total/Accumulated":82837,"Severe/Accumulated":4585},"MedicalActs":{"Suspected":157,"Total":563,"Suspected/Accumulated":3258,"Total/Accumulated":25280},"MedicalTests":{"Total":760,"Confirmed":211,"Total/Accumulated":5469,"Confirmed/Accumulated":1665},"Confirmed":5479},"geometry":{"type":"Point","coordinates":[5.509890203045682,48.670969771573546]}},{"type":"Feature","properties":{"Country/Region":"France","Province/State":"Pays de la Loire","Code":"52","Population":{"Total":3801797,"Under19":933509,"Under39":853729,"Under59":970508,"Under74":667531,"Over75":376520},"Beds":{"Resuscitation":181,"IntensiveCare":572,"Total":753},"Deaths":100,"Recovered":338,"Severe":571,"Critical":141,"Emergencies":{"Suspected":173,"Total":1047,"Severe":71,"Suspected/Accumulated":3145,"Total/Accumulated":41808,"Severe/Accumulated":1285},"MedicalActs":{"Suspected":67,"Total":359,"Suspected/Accumulated":1569,"Total/Accumulated":16103},"MedicalTests":{"Total":15,"Confirmed":2,"Total/Accumulated":392,"Confirmed/Accumulated":50},"Confirmed":1021},"geometry":{"type":"Point","coordinates":[-0.8763313771517983,47.44186302034428]}},{"type":"Feature","properties":{"Country/Region":"France","Province/State":"Bretagne","Code":"53","Population":{"Total":3340379,"Under19":773631,"Under39":714512,"Under59":866988,"Under74":632104,"Over75":353144},"Beds":{"Resuscitation":162,"IntensiveCare":462,"Total":624},"Deaths":63,"Recovered":227,"Severe":391,"Critical":111,"Emergencies":{"Suspected":124,"Total":1004,"Severe":39,"Suspected/Accumulated":2582,"Total/Accumulated":46759,"Severe/Accumulated":592},"MedicalActs":{"Suspected":16,"Total":216,"Suspected/Accumulated":583,"Total/Accumulated":12862},"MedicalTests":{"Total":13,"Confirmed":1,"Total/Accumulated":92,"Confirmed/Accumulated":13},"Confirmed":962},"geometry":{"type":"Point","coordinates":[-3.104342941176476,48.146701189258316]}},{"type":"Feature","properties":{"Country/Region":"France","Province/State":"Nouvelle-Aquitaine","Code":"75","Population":{"Total":5999982,"Under19":1293321,"Under39":1274746,"Under59":1561754,"Under74":1177229,"Over75":692932},"Beds":{"Resuscitation":412,"IntensiveCare":946,"Total":1358},"Deaths":94,"Recovered":495,"Severe":705,"Critical":221,"Emergencies":{"Suspected":260,"Total":1943,"Severe":117,"Suspected/Accumulated":4683,"Total/Accumulated":85686,"Severe/Accumulated":1645},"MedicalActs":{"Suspected":113,"Total":799,"Suspected/Accumulated":3890,"Total/Accumulated":41987},"MedicalTests":{"Total":336,"Confirmed":33,"Total/Accumulated":3835,"Confirmed/Accumulated":366},"Confirmed":1007},"geometry":{"type":"Point","coordinates":[0.16186906163753495,45.156971701931916]}},{"type":"Feature","properties":{"Country/Region":"France","Province/State":"Occitanie","Code":"76","Population":{"Total":5924858,"Under19":1320456,"Under39":1330125,"Under59":1526711,"Under74":1099893,"Over75":647673},"Beds":{"Resuscitation":474,"IntensiveCare":1206,"Total":1680},"Deaths":119,"Recovered":597,"Severe":976,"Critical":321,"Emergencies":{"Suspected":213,"Total":2022,"Severe":108,"Suspected/Accumulated":3515,"Total/Accumulated":89082,"Severe/Accumulated":1532},"MedicalActs":{"Suspected":39,"Total":264,"Suspected/Accumulated":1393,"Total/Accumulated":14523},"MedicalTests":{"Total":161,"Confirmed":16,"Total/Accumulated":1620,"Confirmed/Accumulated":197},"Confirmed":2374},"geometry":{"type":"Point","coordinates":[1.988214846153848,43.761180626373644]}},{"type":"Feature","properties":{"Country/Region":"France","Province/State":"Auvergne-Rhône-Alpes","Code":"84","Population":{"Total":8032377,"Under19":1940253,"Under39":1900702,"Under59":2079813,"Under74":1340003,"Over75":771606},"Beds":{"Resuscitation":559,"IntensiveCare":1136,"Total":1695},"Deaths":404,"Recovered":1374,"Severe":2706,"Critical":700,"Emergencies":{"Suspected":416,"Total":2599,"Severe":168,"Suspected/Accumulated":7447,"Total/Accumulated":115497,"Severe/Accumulated":3338},"MedicalActs":{"Suspected":99,"Total":653,"Suspected/Accumulated":3299,"Total/Accumulated":31361},"MedicalTests":{"Total":376,"Confirmed":58,"Total/Accumulated":4729,"Confirmed/Accumulated":927},"Confirmed":2093},"geometry":{"type":"Point","coordinates":[4.515179591651545,45.475403602540794]}},{"type":"Feature","properties":{"Country/Region":"France","Province/State":"Guadeloupe","Code":"01","Population":{"Total":376879,"Under19":90617,"Under39":71707,"Under59":109452,"Under74":70936,"Over75":34167},"Beds":{"Resuscitation":27,"IntensiveCare":68,"Total":95},"Deaths":7,"Recovered":28,"Severe":44,"Critical":16,"Emergencies":{"Suspected":6,"Total":139,"Severe":4,"Suspected/Accumulated":60,"Total/Accumulated":6130,"Severe/Accumulated":27},"MedicalTests":{"Total":3,"Confirmed":2,"Total/Accumulated":19,"Confirmed/Accumulated":9},"Confirmed":106},"geometry":{"type":"Point","coordinates":[-61.493846272189366,16.20469674556213]}},{"type":"Feature","properties":{"Country/Region":"France","Province/State":"Martinique","Code":"02","Population":{"Total":358749,"Under19":77005,"Under39":65776,"Under59":105638,"Under74":72163,"Over75":38167},"Beds":{"Resuscitation":26,"IntensiveCare":58,"Total":84},"Deaths":3,"Recovered":31,"Severe":64,"Critical":20,"MedicalActs":{"Total":84,"Suspected/Accumulated":29,"Total/Accumulated":3929},"MedicalTests":{"Total":2,"Total/Accumulated":9,"Confirmed/Accumulated":4},"Confirmed":111},"geometry":{"type":"Point","coordinates":[-60.98265692913386,14.6217557480315]}},{"type":"Feature","properties":{"Country/Region":"France","Province/State":"Provence-Alpes-Côte d'Azur","Code":"93","Population":{"Total":5055651,"Under19":1128765,"Under39":1109058,"Under59":1309879,"Under74":927347,"Over75":580602},"Beds":{"Resuscitation":460,"IntensiveCare":802,"Total":1262},"Deaths":141,"Recovered":1075,"Severe":1492,"Critical":370,"Emergencies":{"Suspected":233,"Total":2002,"Severe":131,"Suspected/Accumulated":4964,"Total/Accumulated":91646,"Severe/Accumulated":2506},"MedicalActs":{"Suspected":122,"Total":657,"Suspected/Accumulated":2893,"Total/Accumulated":28265},"MedicalTests":{"Total":1054,"Confirmed":100,"Total/Accumulated":11228,"Confirmed/Accumulated":1607},"Confirmed":1927},"geometry":{"type":"Point","coordinates":[5.940587832647462,43.96417941015098]}},{"type":"Feature","properties":{"Country/Region":"France","Province/State":"Corse","Code":"94","Population":{"Total":344679,"Under19":68555,"Under39":76985,"Under59":93175,"Under74":65675,"Over75":40289},"Beds":{"Resuscitation":18,"IntensiveCare":42,"Total":60},"Deaths":23,"Recovered":110,"Severe":108,"Critical":25,"Emergencies":{"Suspected":48,"Total":156,"Severe":43,"Suspected/Accumulated":1160,"Total/Accumulated":5392,"Severe/Accumulated":1129},"MedicalActs":{"Suspected":9,"Total":26,"Suspected/Accumulated":306,"Total/Accumulated":1667},"Confirmed":263},"geometry":{"type":"Point","coordinates":[9.019688964401293,42.118564077669916]}},{"type":"Feature","properties":{"Country/Region":"France","Province/State":"Guyane","Code":"03","Population":{"Total":290691,"Under19":120681,"Under39":80023,"Under59":61783,"Under74":22111,"Over75":6093},"Beds":{"Resuscitation":13,"IntensiveCare":12,"Total":25},"Recovered":15,"Severe":5,"Emergencies":{"Total":126,"Suspected/Accumulated":12,"Total/Accumulated":6852,"Severe/Accumulated":1},"Confirmed":43,"MedicalTests":{"Total/Accumulated":13,"Confirmed/Accumulated":2}},"geometry":{"type":"Point","coordinates":[-53.41731165390502,3.588901056661561]}},{"type":"Feature","properties":{"Country/Region":"France","Province/State":"La Réunion","Code":"04","Population":{"Total":859959,"Under19":256143,"Under39":202783,"Under59":239212,"Under74":117045,"Over75":44776},"Beds":{"Resuscitation":52,"IntensiveCare":154,"Total":206},"Recovered":24,"Severe":57,"Critical":6,"Emergencies":{"Suspected":5,"Total":263,"Severe":2,"Suspected/Accumulated":127,"Total/Accumulated":12249,"Severe/Accumulated":94},"MedicalTests":{"Total":1,"Total/Accumulated":3},"Confirmed":94},"geometry":{"type":"Point","coordinates":[55.52943947368424,-21.1374047368421]}},{"type":"Feature","properties":{"Country/Region":"France","Province/State":"Mayotte","Code":"06","Population":{"Total":279471,"Under19":150257,"Under39":74348,"Under59":42900,"Under74":9521,"Over75":2445},"Beds":{"Resuscitation":6,"IntensiveCare":0,"Total":6},"Confirmed":116,"Deaths":2,"Recovered":10,"Severe":13,"Critical":3,"Emergencies":{"Suspected":7,"Total":76,"Severe":4,"Suspected/Accumulated":116,"Total/Accumulated":3257,"Severe/Accumulated":20},"MedicalTests":{"Total/Accumulated":2,"Confirmed/Accumulated":1}},"geometry":{"type":"Point","coordinates":[45.14160071428572,-12.835344166666673]}}]}