{"type":"FeatureCollection","features":[{"type":"Feature","properties":{"Country/Region":"France","Province/State":"Île-de-France","Code":"11","Population":{"Total":12278210,"Under19":3140965,"Under39":3409765,"Under59":3210447,"Under74":1658207,"Over75":858826},"Beds":{"Resuscitation":1147,"IntensiveCare":2512,"Total":3659},"Deaths":1791,"Recovered":4417,"Severe":10824,"Critical":2375,"Emergencies":{"Suspected":1316,"Total":4465,"Severe":477,"Suspected/Accumulated":27308,"Total/Accumulated":195099,"Severe/Accumulated":8980},"MedicalActs":{"Suspected":295,"Total":1152,"Suspected/Accumulated":7333,"Total/Accumulated":58027},"MedicalTests":{"Total":2304,"Confirmed":778,"Total/Accumulated":22586,"Confirmed/Accumulated":9271},"Confirmed":7660},"geometry":{"type":"Point","coordinates":[2.5292589766081885,48.704415292397634]}},{"type":"Feature","properties":{"Country/Region":"France","Province/State":"Centre-Val de Loire","Code":"24","Population":{"Total":2559073,"Under19":598570,"Under39":541141,"Under59":661150,"Under74":478923,"Over75":279289},"Beds":{"Resuscitation":180,"IntensiveCare":346,"Total":526},"Deaths":98,"Recovered":225,"Severe":674,"Critical":182,"Emergencies":{"Suspected":115,"Total":882,"Severe":40,"Suspected/Accumulated":1512,"Total/Accumulated":37764,"Severe/Accumulated":466},"MedicalActs":{"Suspected":19,"Total":171,"Suspected/Accumulated":386,"Total/Accumulated":11429},"MedicalTests":{"Total":327,"Confirmed":73,"Total/Accumulated":3327,"Confirmed/Accumulated":802},"Confirmed":1157},"geometry":{"type":"Point","coordinates":[1.6429664800000017,47.54357092799999]}},{"type":"Feature","properties":{"Country/Region":"France","Province/State":"Bourgogne-Franche-Comté","Code":"27","Population":{"Total":2783039,"Under19":627017,"Under39":591411,"Under59":715664,"Under74":540051,"Over75":308896},"Beds":{"Resuscitation":198,"IntensiveCare":642,"Total":840},"Deaths":303,"Recovered":835,"Severe":1028,"Critical":265,"Emergencies":{"Suspected":265,"Total":1121,"Severe":126,"Suspected/Accumulated":5326,"Total/Accumulated":48232,"Severe/Accumulated":2175},"MedicalActs":{"Suspected":28,"Total":172,"Suspected/Accumulated":971,"Total/Accumulated":9491},"MedicalTests":{"Total":314,"Confirmed":58,"Total/Accumulated":2660,"Confirmed/Accumulated":521},"Confirmed":1569},"geometry":{"type":"Point","coordinates":[4.731409826897467,47.2969232490013]}},{"type":"Feature","properties":{"Country/Region":"France","Province/State":"Normandie","Code":"28","Population":{"Total":3303500,"Under19":781337,"Under39":727044,"Under59":842963,"Under74":615474,"Over75":336682},"Beds":{"Resuscitation":240,"IntensiveCare":548,"Total":788},"Deaths":93,"Recovered":258,"Severe":650,"Critical":197,"Emergencies":{"Suspected":117,"Total":1270,"Severe":44,"Suspected/Accumulated":2031,"Total/Accumulated":52594,"Severe/Accumulated":609},"MedicalActs":{"Suspected":58,"Total":271,"Suspected/Accumulated":1519,"Total/Accumulated":16464},"MedicalTests":{"Total":380,"Confirmed":70,"Total/Accumulated":2934,"Confirmed/Accumulated":509},"Confirmed":912},"geometry":{"type":"Point","coordinates":[-0.022673401869158984,49.066630336448576]}},{"type":"Feature","properties":{"Country/Region":"France","Province/State":"Hauts-de-France","Code":"32","Population":{"Total":5962662,"Under19":1525538,"Under39":1443348,"Under59":1522690,"Under74":994313,"Over75":476773},"Beds":{"Resuscitation":438,"IntensiveCare":1338,"Total":1776},"Deaths":438,"Recovered":984,"Severe":1967,"Critical":547,"Emergencies":{"Suspected":332,"Total":2029,"Severe":124,"Suspected/Accumulated":5264,"Total/Accumulated":80157,"Severe/Accumulated":1807},"MedicalActs":{"Suspected":67,"Total":490,"Suspected/Accumulated":2249,"Total/Accumulated":33937},"MedicalTests":{"Total":546,"Confirmed":173,"Total/Accumulated":3645,"Confirmed/Accumulated":1200},"Confirmed":3011},"geometry":{"type":"Point","coordinates":[2.8852615671641804,49.86155781716422]}},{"type":"Feature","properties":{"Country/Region":"France","Province/State":"Grand Est","Code":"44","Population":{"Total":5511747,"Under19":1258123,"Under39":1291962,"Under59":1448828,"Under74":988178,"Over75":524656},"Beds":{"Resuscitation":465,"IntensiveCare":840,"Total":1305},"Deaths":1311,"Recovered":2543,"Severe":4712,"Critical":971,"Emergencies":{"Suspected":443,"Total":1874,"Severe":248,"Suspected/Accumulated":9693,"Total/Accumulated":84711,"Severe/Accumulated":4833},"MedicalActs":{"Suspected":142,"Total":523,"Suspected/Accumulated":3400,"Total/Accumulated":25803},"MedicalTests":{"Total":817,"Confirmed":197,"Total/Accumulated":6315,"Confirmed/Accumulated":1869},"Confirmed":5479},"geometry":{"type":"Point","coordinates":[5.509890203045682,48.670969771573546]}},{"type":"Feature","properties":{"Country/Region":"France","Province/State":"Pays de la Loire","Code":"52","Population":{"Total":3801797,"Under19":933509,"Under39":853729,"Under59":970508,"Under74":667531,"Over75":376520},"Beds":{"Resuscitation":181,"IntensiveCare":572,"Total":753},"Deaths":109,"Recovered":387,"Severe":608,"Critical":169,"Emergencies":{"Suspected":191,"Total":1086,"Severe":84,"Suspected/Accumulated":3336,"Total/Accumulated":42894,"Severe/Accumulated":1369},"MedicalActs":{"Suspected":46,"Total":339,"Suspected/Accumulated":1615,"Total/Accumulated":16442},"MedicalTests":{"Total":28,"Confirmed":2,"Total/Accumulated":425,"Confirmed/Accumulated":54},"Confirmed":1021},"geometry":{"type":"Point","coordinates":[-0.8763313771517983,47.44186302034428]}},{"type":"Feature","properties":{"Country/Region":"France","Province/State":"Bretagne","Code":"53","Population":{"Total":3340379,"Under19":773631,"Under39":714512,"Under59":866988,"Under74":632104,"Over75":353144},"Beds":{"Resuscitation":162,"IntensiveCare":462,"Total":624},"Deaths":69,"Recovered":245,"Severe":411,"Critical":114,"Emergencies":{"Suspected":86,"Total":1153,"Severe":34,"Suspected/Accumulated":2571,"Total/Accumulated":48036,"Severe/Accumulated":629},"MedicalActs":{"Suspected":18,"Total":206,"Suspected/Accumulated":601,"Total/Accumulated":13068},"MedicalTests":{"Total":8,"Confirmed":2,"Total/Accumulated":100,"Confirmed/Accumulated":15},"Confirmed":962},"geometry":{"type":"Point","coordinates":[-3.104342941176476,48.146701189258316]}},{"type":"Feature","properties":{"Country/Region":"France","Province/State":"Nouvelle-Aquitaine","Code":"75","Population":{"Total":5999982,"Under19":1293321,"Under39":1274746,"Under59":1561754,"Under74":1177229,"Over75":692932},"Beds":{"Resuscitation":412,"IntensiveCare":946,"Total":1358},"Deaths":100,"Recovered":521,"Severe":735,"Critical":225,"Emergencies":{"Suspected":260,"Total":2164,"Severe":126,"Suspected/Accumulated":4943,"Total/Accumulated":87850,"Severe/Accumulated":1771},"MedicalActs":{"Suspected":138,"Total":850,"Suspected/Accumulated":4028,"Total/Accumulated":42837},"MedicalTests":{"Total":385,"Confirmed":39,"Total/Accumulated":4795,"Confirmed/Accumulated":468},"Confirmed":1007},"geometry":{"type":"Point","coordinates":[0.16186906163753495,45.156971701931916]}},{"type":"Feature","properties":{"Country/Region":"France","Province/State":"Occitanie","Code":"76","Population":{"Total":5924858,"Under19":1320456,"Under39":1330125,"Under59":1526711,"Under74":1099893,"Over75":647673},"Beds":{"Resuscitation":474,"IntensiveCare":1206,"Total":1680},"Deaths":131,"Recovered":657,"Severe":1007,"Critical":322,"Emergencies":{"Suspected":198,"Total":2045,"Severe":83,"Suspected/Accumulated":3717,"Total/Accumulated":91177,"Severe/Accumulated":1615},"MedicalActs":{"Suspected":48,"Total":243,"Suspected/Accumulated":1441,"Total/Accumulated":14766},"MedicalTests":{"Total":1094,"Confirmed":90,"Total/Accumulated":10281,"Confirmed/Accumulated":1285},"Confirmed":2374},"geometry":{"type":"Point","coordinates":[1.988214846153848,43.761180626373644]}},{"type":"Feature","properties":{"Country/Region":"France","Province/State":"Auvergne-Rhône-Alpes","Code":"84","Population":{"Total":8032377,"Under19":1940253,"Under39":1900702,"Under59":2079813,"Under74":1340003,"Over75":771606},"Beds":{"Resuscitation":559,"IntensiveCare":1136,"Total":1695},"Deaths":448,"Recovered":1537,"Severe":2838,"Critical":725,"Emergencies":{"Suspected":459,"Total":2631,"Severe":202,"Suspected/Accumulated":7929,"Total/Accumulated":118198,"Severe/Accumulated":3562},"MedicalActs":{"Suspected":142,"Total":657,"Suspected/Accumulated":3441,"Total/Accumulated":32018},"MedicalTests":{"Total":529,"Confirmed":66,"Total/Accumulated":6184,"Confirmed/Accumulated":1008},"Confirmed":2093},"geometry":{"type":"Point","coordinates":[4.515179591651545,45.475403602540794]}},{"type":"Feature","properties":{"Country/Region":"France","Province/State":"Guadeloupe","Code":"01","Population":{"Total":376879,"Under19":90617,"Under39":71707,"Under59":109452,"Under74":70936,"Over75":34167},"Beds":{"Resuscitation":27,"IntensiveCare":68,"Total":95},"Deaths":8,"Recovered":34,"Severe":36,"Critical":17,"Emergencies":{"Suspected":8,"Total":151,"Severe":4,"Suspected/Accumulated":68,"Total/Accumulated":6281,"Severe/Accumulated":31},"MedicalTests":{"Total":1,"Confirmed":1,"Total/Accumulated":21,"Confirmed/Accumulated":10},"Confirmed":106},"geometry":{"type":"Point","coordinates":[-61.493846272189366,16.20469674556213]}},{"type":"Feature","properties":{"Country/Region":"France","Province/State":"Martinique","Code":"02","Population":{"Total":358749,"Under19":77005,"Under39":65776,"Under59":105638,"Under74":72163,"Over75":38167},"Beds":{"Resuscitation":26,"IntensiveCare":58,"Total":84},"Deaths":3,"Recovered":34,"Severe":53,"Critical":19,"MedicalActs":{"Total":90,"Suspected/Accumulated":29,"Total/Accumulated":4019},"MedicalTests":{"Total":1,"Total/Accumulated":10,"Confirmed/Accumulated":4},"Confirmed":111},"geometry":{"type":"Point","coordinates":[-60.98265692913386,14.6217557480315]}},{"type":"Feature","properties":{"Country/Region":"France","Province/State":"Provence-Alpes-Côte d'Azur","Code":"93","Population":{"Total":5055651,"Under19":1128765,"Under39":1109058,"Under59":1309879,"Under74":927347,"Over75":580602},"Beds":{"Resuscitation":460,"IntensiveCare":802,"Total":1262},"Deaths":161,"Recovered":1177,"Severe":1593,"Critical":397,"Emergencies":{"Suspected":244,"Total":2108,"Severe":149,"Suspected/Accumulated":5208,"Total/Accumulated":93754,"Severe/Accumulated":2655},"MedicalActs":{"Suspected":105,"Total":601,"Suspected/Accumulated":2998,"Total/Accumulated":28866},"MedicalTests":{"Total":1494,"Confirmed":119,"Total/Accumulated":15234,"Confirmed/Accumulated":2111},"Confirmed":1927},"geometry":{"type":"Point","coordinates":[5.940587832647462,43.96417941015098]}},{"type":"Feature","properties":{"Country/Region":"France","Province/State":"Corse","Code":"94","Population":{"Total":344679,"Under19":68555,"Under39":76985,"Under59":93175,"Under74":65675,"Over75":40289},"Beds":{"Resuscitation":18,"IntensiveCare":42,"Total":60},"Deaths":26,"Recovered":116,"Severe":88,"Critical":25,"Emergencies":{"Suspected":31,"Total":113,"Severe":28,"Suspected/Accumulated":1191,"Total/Accumulated":5505,"Severe/Accumulated":1157},"MedicalActs":{"Suspected":8,"Total":30,"Suspected/Accumulated":314,"Total/Accumulated":1697},"Confirmed":263},"geometry":{"type":"Point","coordinates":[9.019688964401293,42.118564077669916]}},{"type":"Feature","properties":{"Country/Region":"France","Province/State":"Guyane","Code":"03","Population":{"Total":290691,"Under19":120681,"Under39":80023,"Under59":61783,"Under74":22111,"Over75":6093},"Beds":{"Resuscitation":13,"IntensiveCare":12,"Total":25},"Recovered":15,"Severe":7,"Critical":1,"Emergencies":{"Suspected":4,"Total":153,"Suspected/Accumulated":16,"Total/Accumulated":7005,"Severe/Accumulated":1},"Confirmed":43,"MedicalTests":{"Total/Accumulated":13,"Confirmed/Accumulated":2}},"geometry":{"type":"Point","coordinates":[-53.41731165390502,3.588901056661561]}},{"type":"Feature","properties":{"Country/Region":"France","Province/State":"La Réunion","Code":"04","Population":{"Total":859959,"Under19":256143,"Under39":202783,"Under59":239212,"Under74":117045,"Over75":44776},"Beds":{"Resuscitation":52,"IntensiveCare":154,"Total":206},"Recovered":29,"Severe":53,"Critical":2,"Emergencies":{"Suspected":8,"Total":261,"Severe":6,"Suspected/Accumulated":135,"Total/Accumulated":12510,"Severe/Accumulated":100},"Confirmed":94,"MedicalTests":{"Total/Accumulated":3}},"geometry":{"type":"Point","coordinates":[55.52943947368424,-21.1374047368421]}},{"type":"Feature","properties":{"Country/Region":"France","Province/State":"Mayotte","Code":"06","Population":{"Total":279471,"Under19":150257,"Under39":74348,"Under59":42900,"Under74":9521,"Over75":2445},"Beds":{"Resuscitation":6,"IntensiveCare":0,"Total":6},"Confirmed":128,"Deaths":2,"Recovered":13,"Severe":18,"Critical":3,"Emergencies":{"Suspected":6,"Total":73,"Severe":2,"Suspected/Accumulated":122,"Total/Accumulated":3330,"Severe/Accumulated":22},"MedicalTests":{"Total/Accumulated":2,"Confirmed/Accumulated":1}},"geometry":{"type":"Point","coordinates":[45.14160071428572,-12.835344166666673]}}]}