{"type":"FeatureCollection","features":[{"type":"Feature","properties":{"Country/Region":"France","Province/State":"Île-de-France","Code":"11","Population":{"Total":12278210,"Under19":3140965,"Under39":3409765,"Under59":3210447,"Under74":1658207,"Over75":858826},"Beds":{"Resuscitation":1147,"IntensiveCare":2512,"Total":3659},"Confirmed":876,"Emergencies":{"Suspected":411,"Total":7168,"Severe":101,"Suspected/Accumulated":1493,"Total/Accumulated":89159,"Severe/Accumulated":438},"MedicalActs":{"Suspected":91,"Total":1700,"Suspected/Accumulated":338,"Total/Accumulated":25827},"MedicalTests":{"Total":213,"Confirmed":49,"Total/Accumulated":398,"Confirmed/Accumulated":86},"Deaths":4},"geometry":{"type":"Point","coordinates":[2.5292589766081885,48.704415292397634]}},{"type":"Feature","properties":{"Country/Region":"France","Province/State":"Centre-Val de Loire","Code":"24","Population":{"Total":2559073,"Under19":598570,"Under39":541141,"Under59":661150,"Under74":478923,"Over75":279289},"Beds":{"Resuscitation":180,"IntensiveCare":346,"Total":526},"Confirmed":33,"Emergencies":{"Suspected":12,"Total":1336,"Severe":1,"Suspected/Accumulated":45,"Total/Accumulated":18675,"Severe/Accumulated":5},"MedicalActs":{"Total":422,"Suspected/Accumulated":6,"Total/Accumulated":5748},"MedicalTests":{"Total":3,"Confirmed":1,"Total/Accumulated":13,"Confirmed/Accumulated":4}},"geometry":{"type":"Point","coordinates":[1.6429664800000017,47.54357092799999]}},{"type":"Feature","properties":{"Country/Region":"France","Province/State":"Bourgogne-Franche-Comté","Code":"27","Population":{"Total":2783039,"Under19":627017,"Under39":591411,"Under59":715664,"Under74":540051,"Over75":308896},"Beds":{"Resuscitation":198,"IntensiveCare":642,"Total":840},"Confirmed":272,"Deaths":5,"Critical":15,"Emergencies":{"Suspected":96,"Total":1699,"Severe":44,"Suspected/Accumulated":546,"Total/Accumulated":23105,"Severe/Accumulated":228},"MedicalActs":{"Suspected":10,"Total":319,"Suspected/Accumulated":42,"Total/Accumulated":4505},"MedicalTests":{"Total":3,"Total/Accumulated":6}},"geometry":{"type":"Point","coordinates":[4.731409826897467,47.2969232490013]}},{"type":"Feature","properties":{"Country/Region":"France","Province/State":"Normandie","Code":"28","Population":{"Total":3303500,"Under19":781337,"Under39":727044,"Under59":842963,"Under74":615474,"Over75":336682},"Beds":{"Resuscitation":240,"IntensiveCare":548,"Total":788},"Confirmed":97,"Deaths":1,"Severe":11,"Emergencies":{"Suspected":28,"Total":1937,"Severe":9,"Suspected/Accumulated":124,"Total/Accumulated":26725,"Severe/Accumulated":24},"MedicalActs":{"Suspected":12,"Total":635,"Suspected/Accumulated":33,"Total/Accumulated":7936},"MedicalTests":{"Total":9,"Confirmed":1,"Total/Accumulated":19,"Confirmed/Accumulated":1}},"geometry":{"type":"Point","coordinates":[-0.022673401869158984,49.066630336448576]}},{"type":"Feature","properties":{"Country/Region":"France","Province/State":"Hauts-de-France","Code":"32","Population":{"Total":5962662,"Under19":1525538,"Under39":1443348,"Under59":1522690,"Under74":994313,"Over75":476773},"Beds":{"Resuscitation":438,"IntensiveCare":1338,"Total":1776},"Confirmed":397,"Deaths":26,"Emergencies":{"Suspected":75,"Total":2898,"Severe":20,"Suspected/Accumulated":377,"Total/Accumulated":40688,"Severe/Accumulated":77},"MedicalActs":{"Suspected":18,"Total":1360,"Suspected/Accumulated":47,"Total/Accumulated":17172},"MedicalTests":{"Total":6,"Confirmed":2,"Total/Accumulated":10,"Confirmed/Accumulated":2}},"geometry":{"type":"Point","coordinates":[2.8852615671641804,49.86155781716422]}},{"type":"Feature","properties":{"Country/Region":"France","Province/State":"Grand Est","Code":"44","Population":{"Total":5511747,"Under19":1258123,"Under39":1291962,"Under59":1448828,"Under74":988178,"Over75":524656},"Beds":{"Resuscitation":465,"IntensiveCare":840,"Total":1305},"Confirmed":911,"Deaths":21,"Emergencies":{"Suspected":112,"Total":2945,"Severe":57,"Suspected/Accumulated":509,"Total/Accumulated":39921,"Severe/Accumulated":237},"MedicalActs":{"Suspected":25,"Total":767,"Suspected/Accumulated":225,"Total/Accumulated":9602},"MedicalTests":{"Total":20,"Confirmed":5,"Total/Accumulated":62,"Confirmed/Accumulated":19},"Critical":45},"geometry":{"type":"Point","coordinates":[5.509890203045682,48.670969771573546]}},{"type":"Feature","properties":{"Country/Region":"France","Province/State":"Pays de la Loire","Code":"52","Population":{"Total":3801797,"Under19":933509,"Under39":853729,"Under59":970508,"Under74":667531,"Over75":376520},"Beds":{"Resuscitation":181,"IntensiveCare":572,"Total":753},"Confirmed":56,"Recovered":4,"Emergencies":{"Suspected":47,"Total":1525,"Severe":9,"Suspected/Accumulated":449,"Total/Accumulated":20604,"Severe/Accumulated":106},"MedicalActs":{"Suspected":4,"Total":520,"Suspected/Accumulated":21,"Total/Accumulated":7022}},"geometry":{"type":"Point","coordinates":[-0.8763313771517983,47.44186302034428]}},{"type":"Feature","properties":{"Country/Region":"France","Province/State":"Bretagne","Code":"53","Population":{"Total":3340379,"Under19":773631,"Under39":714512,"Under59":866988,"Under74":632104,"Over75":353144},"Beds":{"Resuscitation":162,"IntensiveCare":462,"Total":624},"Confirmed":157,"Deaths":3,"Emergencies":{"Suspected":70,"Total":1742,"Severe":1,"Suspected/Accumulated":596,"Total/Accumulated":22870,"Severe/Accumulated":8},"MedicalActs":{"Suspected":3,"Total":420,"Suspected/Accumulated":8,"Total/Accumulated":5554},"MedicalTests":{"Total/Accumulated":2,"Confirmed/Accumulated":1}},"geometry":{"type":"Point","coordinates":[-3.104342941176476,48.146701189258316]}},{"type":"Feature","properties":{"Country/Region":"France","Province/State":"Nouvelle-Aquitaine","Code":"75","Population":{"Total":5999982,"Under19":1293321,"Under39":1274746,"Under59":1561754,"Under74":1177229,"Over75":692932},"Beds":{"Resuscitation":412,"IntensiveCare":946,"Total":1358},"Confirmed":115,"Recovered":2,"Emergencies":{"Suspected":75,"Total":3424,"Severe":6,"Suspected/Accumulated":475,"Total/Accumulated":42960,"Severe/Accumulated":51},"MedicalActs":{"Suspected":42,"Total":1502,"Suspected/Accumulated":169,"Total/Accumulated":18585},"MedicalTests":{"Total":18,"Total/Accumulated":59}},"geometry":{"type":"Point","coordinates":[0.16186906163753495,45.156971701931916]}},{"type":"Feature","properties":{"Country/Region":"France","Province/State":"Occitanie","Code":"76","Population":{"Total":5924858,"Under19":1320456,"Under39":1330125,"Under59":1526711,"Under74":1099893,"Over75":647673},"Beds":{"Resuscitation":474,"IntensiveCare":1206,"Total":1680},"Confirmed":175,"Recovered":3,"Critical":17,"Emergencies":{"Suspected":89,"Total":3371,"Severe":38,"Suspected/Accumulated":246,"Total/Accumulated":46804,"Severe/Accumulated":96},"MedicalActs":{"Suspected":8,"Total":427,"Suspected/Accumulated":11,"Total/Accumulated":6128},"MedicalTests":{"Total":2,"Total/Accumulated":6,"Confirmed/Accumulated":1}},"geometry":{"type":"Point","coordinates":[1.988214846153848,43.761180626373644]}},{"type":"Feature","properties":{"Country/Region":"France","Province/State":"Auvergne-Rhône-Alpes","Code":"84","Population":{"Total":8032377,"Under19":1940253,"Under39":1900702,"Under59":2079813,"Under74":1340003,"Over75":771606},"Beds":{"Resuscitation":559,"IntensiveCare":1136,"Total":1695},"Confirmed":416,"Emergencies":{"Suspected":87,"Total":4466,"Severe":37,"Suspected/Accumulated":276,"Total/Accumulated":59157,"Severe/Accumulated":129},"MedicalActs":{"Suspected":51,"Total":1114,"Suspected/Accumulated":125,"Total/Accumulated":13829},"MedicalTests":{"Total":35,"Confirmed":3,"Total/Accumulated":46,"Confirmed/Accumulated":4},"Deaths":7,"Recovered":8,"Severe":47,"Critical":4},"geometry":{"type":"Point","coordinates":[4.515179591651545,45.475403602540794]}},{"type":"Feature","properties":{"Country/Region":"France","Province/State":"Guadeloupe","Code":"01","Population":{"Total":376879,"Under19":90617,"Under39":71707,"Under59":109452,"Under74":70936,"Over75":34167},"Beds":{"Resuscitation":27,"IntensiveCare":68,"Total":95},"Confirmed":3,"Emergencies":{"Total":236,"Total/Accumulated":3104}},"geometry":{"type":"Point","coordinates":[-61.493846272189366,16.20469674556213]}},{"type":"Feature","properties":{"Country/Region":"France","Province/State":"Martinique","Code":"02","Population":{"Total":358749,"Under19":77005,"Under39":65776,"Under59":105638,"Under74":72163,"Over75":38167},"Beds":{"Resuscitation":26,"IntensiveCare":58,"Total":84},"Confirmed":6,"MedicalActs":{"Total":146,"Total/Accumulated":1764}},"geometry":{"type":"Point","coordinates":[-60.98265692913386,14.6217557480315]}},{"type":"Feature","properties":{"Country/Region":"France","Province/State":"Provence-Alpes-Côte d'Azur","Code":"93","Population":{"Total":5055651,"Under19":1128765,"Under39":1109058,"Under59":1309879,"Under74":927347,"Over75":580602},"Beds":{"Resuscitation":460,"IntensiveCare":802,"Total":1262},"Confirmed":212,"Critical":11,"Emergencies":{"Suspected":100,"Total":3500,"Severe":57,"Suspected/Accumulated":480,"Total/Accumulated":45184,"Severe/Accumulated":269},"MedicalActs":{"Suspected":17,"Total":833,"Suspected/Accumulated":61,"Total/Accumulated":11764},"MedicalTests":{"Total":34,"Total/Accumulated":61}},"geometry":{"type":"Point","coordinates":[5.940587832647462,43.96417941015098]}},{"type":"Feature","properties":{"Country/Region":"France","Province/State":"Corse","Code":"94","Population":{"Total":344679,"Under19":68555,"Under39":76985,"Under59":93175,"Under74":65675,"Over75":40289},"Beds":{"Resuscitation":18,"IntensiveCare":42,"Total":60},"Confirmed":85,"Deaths":5,"Critical":2,"Emergencies":{"Suspected":39,"Total":191,"Severe":38,"Suspected/Accumulated":211,"Total/Accumulated":2529,"Severe/Accumulated":201},"MedicalActs":{"Suspected":2,"Total":97,"Suspected/Accumulated":5,"Total/Accumulated":766}},"geometry":{"type":"Point","coordinates":[9.019688964401293,42.118564077669916]}},{"type":"Feature","properties":{"Country/Region":"France","Province/State":"Guyane","Code":"03","Population":{"Total":290691,"Under19":120681,"Under39":80023,"Under59":61783,"Under74":22111,"Over75":6093},"Beds":{"Resuscitation":13,"IntensiveCare":12,"Total":25},"Confirmed":6,"Emergencies":{"Total":240,"Suspected/Accumulated":1,"Total/Accumulated":3456}},"geometry":{"type":"Point","coordinates":[-53.41731165390502,3.588901056661561]}},{"type":"Feature","properties":{"Country/Region":"France","Province/State":"La Réunion","Code":"04","Population":{"Total":859959,"Under19":256143,"Under39":202783,"Under59":239212,"Under74":117045,"Over75":44776},"Beds":{"Resuscitation":52,"IntensiveCare":154,"Total":206},"Confirmed":5,"Emergencies":{"Suspected":1,"Total":475,"Suspected/Accumulated":56,"Total/Accumulated":6160,"Severe/Accumulated":53}},"geometry":{"type":"Point","coordinates":[55.52943947368424,-21.1374047368421]}},{"type":"Feature","properties":{"Country/Region":"France","Province/State":"Mayotte","Code":"06","Population":{"Total":279471,"Under19":150257,"Under39":74348,"Under59":42900,"Under74":9521,"Over75":2445},"Beds":{"Resuscitation":6,"IntensiveCare":0,"Total":6},"Emergencies":{"Total":147,"Total/Accumulated":1521}},"geometry":{"type":"Point","coordinates":[45.14160071428572,-12.835344166666673]}}]}