{"type":"FeatureCollection","features":[{"type":"Feature","properties":{"Country/Region":"France","Province/State":"Île-de-France","Code":"11","Population":{"Total":12278210,"Under19":3140965,"Under39":3409765,"Under59":3210447,"Under74":1658207,"Over75":858826},"Beds":{"Resuscitation":1147,"IntensiveCare":2512,"Total":3659},"Deaths":5787,"Recovered":16480,"Severe":11349,"Critical":1801,"Emergencies":{"Suspected":505,"Total":4315,"Severe":87,"Suspected/Accumulated":43507,"Total/Accumulated":297397,"Severe/Accumulated":14295},"MedicalActs":{"Suspected":57,"Total":793,"Suspected/Accumulated":10429,"Total/Accumulated":83451},"MedicalTests":{"Total":1753,"Confirmed":125,"Total/Accumulated":60215,"Confirmed/Accumulated":17235},"Confirmed":7660},"geometry":{"type":"Point","coordinates":[2.5292589766081885,48.704415292397634]}},{"type":"Feature","properties":{"Country/Region":"France","Province/State":"Centre-Val de Loire","Code":"24","Population":{"Total":2559073,"Under19":598570,"Under39":541141,"Under59":661150,"Under74":478923,"Over75":279289},"Beds":{"Resuscitation":180,"IntensiveCare":346,"Total":526},"Deaths":370,"Recovered":1109,"Severe":958,"Critical":136,"Emergencies":{"Suspected":45,"Total":996,"Severe":8,"Suspected/Accumulated":3533,"Total/Accumulated":62194,"Severe/Accumulated":933},"MedicalActs":{"Suspected":12,"Total":150,"Suspected/Accumulated":772,"Total/Accumulated":16326},"MedicalTests":{"Total":519,"Confirmed":15,"Total/Accumulated":10963,"Confirmed/Accumulated":1692},"Confirmed":1157},"geometry":{"type":"Point","coordinates":[1.6429664800000017,47.54357092799999]}},{"type":"Feature","properties":{"Country/Region":"France","Province/State":"Bourgogne-Franche-Comté","Code":"27","Population":{"Total":2783039,"Under19":627017,"Under39":591411,"Under59":715664,"Under74":540051,"Over75":308896},"Beds":{"Resuscitation":198,"IntensiveCare":642,"Total":840},"Deaths":819,"Recovered":2306,"Severe":1199,"Critical":191,"Emergencies":{"Suspected":162,"Total":1222,"Severe":42,"Suspected/Accumulated":9184,"Total/Accumulated":77872,"Severe/Accumulated":3761},"MedicalActs":{"Suspected":9,"Total":178,"Suspected/Accumulated":1482,"Total/Accumulated":13908},"MedicalTests":{"Total":321,"Confirmed":10,"Total/Accumulated":9563,"Confirmed/Accumulated":1221},"Confirmed":1569},"geometry":{"type":"Point","coordinates":[4.731409826897467,47.2969232490013]}},{"type":"Feature","properties":{"Country/Region":"France","Province/State":"Normandie","Code":"28","Population":{"Total":3303500,"Under19":781337,"Under39":727044,"Under59":842963,"Under74":615474,"Over75":336682},"Beds":{"Resuscitation":240,"IntensiveCare":548,"Total":788},"Deaths":331,"Recovered":1008,"Severe":600,"Critical":112,"Emergencies":{"Suspected":62,"Total":1403,"Severe":19,"Suspected/Accumulated":3487,"Total/Accumulated":85057,"Severe/Accumulated":1288},"MedicalActs":{"Suspected":11,"Total":218,"Suspected/Accumulated":2180,"Total/Accumulated":23606},"MedicalTests":{"Total":381,"Confirmed":12,"Total/Accumulated":10000,"Confirmed/Accumulated":1253},"Confirmed":912},"geometry":{"type":"Point","coordinates":[-0.022673401869158984,49.066630336448576]}},{"type":"Feature","properties":{"Country/Region":"France","Province/State":"Hauts-de-France","Code":"32","Population":{"Total":5962662,"Under19":1525538,"Under39":1443348,"Under59":1522690,"Under74":994313,"Over75":476773},"Beds":{"Resuscitation":438,"IntensiveCare":1338,"Total":1776},"Deaths":1330,"Recovered":3800,"Severe":2382,"Critical":390,"Emergencies":{"Suspected":119,"Total":2190,"Severe":35,"Suspected/Accumulated":9602,"Total/Accumulated":131702,"Severe/Accumulated":3453},"MedicalActs":{"Suspected":20,"Total":425,"Suspected/Accumulated":3324,"Total/Accumulated":46050},"MedicalTests":{"Total":960,"Confirmed":77,"Total/Accumulated":14582,"Confirmed/Accumulated":2862},"Confirmed":3011},"geometry":{"type":"Point","coordinates":[2.8852615671641804,49.86155781716422]}},{"type":"Feature","properties":{"Country/Region":"France","Province/State":"Grand Est","Code":"44","Population":{"Total":5511747,"Under19":1258123,"Under39":1291962,"Under59":1448828,"Under74":988178,"Over75":524656},"Beds":{"Resuscitation":465,"IntensiveCare":840,"Total":1305},"Deaths":2799,"Recovered":7491,"Severe":4170,"Critical":605,"Emergencies":{"Suspected":124,"Total":2017,"Severe":68,"Suspected/Accumulated":14260,"Total/Accumulated":132830,"Severe/Accumulated":7186},"MedicalActs":{"Suspected":27,"Total":394,"Suspected/Accumulated":5096,"Total/Accumulated":39644},"MedicalTests":{"Total":326,"Confirmed":16,"Total/Accumulated":17727,"Confirmed/Accumulated":3487},"Confirmed":5479},"geometry":{"type":"Point","coordinates":[5.509890203045682,48.670969771573546]}},{"type":"Feature","properties":{"Country/Region":"France","Province/State":"Pays de la Loire","Code":"52","Population":{"Total":3801797,"Under19":933509,"Under39":853729,"Under59":970508,"Under74":667531,"Over75":376520},"Beds":{"Resuscitation":181,"IntensiveCare":572,"Total":753},"Deaths":326,"Recovered":1154,"Severe":701,"Critical":94,"Emergencies":{"Suspected":64,"Total":1123,"Severe":45,"Suspected/Accumulated":5817,"Total/Accumulated":70958,"Severe/Accumulated":2742},"MedicalActs":{"Suspected":11,"Total":261,"Suspected/Accumulated":2342,"Total/Accumulated":25647},"MedicalTests":{"Total":60,"Confirmed":1,"Total/Accumulated":1023,"Confirmed/Accumulated":72},"Confirmed":1630},"geometry":{"type":"Point","coordinates":[-0.8763313771517983,47.44186302034428]}},{"type":"Feature","properties":{"Country/Region":"France","Province/State":"Bretagne","Code":"53","Population":{"Total":3340379,"Under19":773631,"Under39":714512,"Under59":866988,"Under74":632104,"Over75":353144},"Beds":{"Resuscitation":162,"IntensiveCare":462,"Total":624},"Deaths":207,"Recovered":793,"Severe":393,"Critical":52,"Emergencies":{"Suspected":37,"Total":1179,"Severe":29,"Suspected/Accumulated":3923,"Total/Accumulated":78214,"Severe/Accumulated":1480},"MedicalActs":{"Suspected":1,"Total":194,"Suspected/Accumulated":903,"Total/Accumulated":19570},"MedicalTests":{"Total":34,"Total/Accumulated":416,"Confirmed/Accumulated":22},"Confirmed":962},"geometry":{"type":"Point","coordinates":[-3.104342941176476,48.146701189258316]}},{"type":"Feature","properties":{"Country/Region":"France","Province/State":"Nouvelle-Aquitaine","Code":"75","Population":{"Total":5999982,"Under19":1293321,"Under39":1274746,"Under59":1561754,"Under74":1177229,"Over75":692932},"Beds":{"Resuscitation":412,"IntensiveCare":946,"Total":1358},"Deaths":302,"Recovered":1315,"Severe":716,"Critical":126,"Emergencies":{"Suspected":71,"Total":2331,"Severe":30,"Suspected/Accumulated":8213,"Total/Accumulated":145289,"Severe/Accumulated":3518},"MedicalActs":{"Suspected":23,"Total":645,"Suspected/Accumulated":5675,"Total/Accumulated":63668},"MedicalTests":{"Total":813,"Confirmed":2,"Total/Accumulated":17874,"Confirmed/Accumulated":854},"Confirmed":1007},"geometry":{"type":"Point","coordinates":[0.16186906163753495,45.156971701931916]}},{"type":"Feature","properties":{"Country/Region":"France","Province/State":"Occitanie","Code":"76","Population":{"Total":5924858,"Under19":1320456,"Under39":1330125,"Under59":1526711,"Under74":1099893,"Over75":647673},"Beds":{"Resuscitation":474,"IntensiveCare":1206,"Total":1680},"Deaths":380,"Recovered":2072,"Severe":703,"Critical":159,"Emergencies":{"Suspected":95,"Total":2289,"Severe":24,"Suspected/Accumulated":6632,"Total/Accumulated":147478,"Severe/Accumulated":2923},"MedicalActs":{"Suspected":18,"Total":232,"Suspected/Accumulated":2163,"Total/Accumulated":22536},"MedicalTests":{"Total":886,"Confirmed":21,"Total/Accumulated":37959,"Confirmed/Accumulated":2246},"Confirmed":2374},"geometry":{"type":"Point","coordinates":[1.988214846153848,43.761180626373644]}},{"type":"Feature","properties":{"Country/Region":"France","Province/State":"Auvergne-Rhône-Alpes","Code":"84","Population":{"Total":8032377,"Under19":1940253,"Under39":1900702,"Under59":2079813,"Under74":1340003,"Over75":771606},"Beds":{"Resuscitation":559,"IntensiveCare":1136,"Total":1695},"Deaths":1275,"Recovered":4748,"Severe":2610,"Critical":406,"Emergencies":{"Suspected":108,"Total":2757,"Severe":47,"Suspected/Accumulated":13326,"Total/Accumulated":188365,"Severe/Accumulated":5839},"MedicalActs":{"Suspected":29,"Total":556,"Suspected/Accumulated":5239,"Total/Accumulated":49566},"MedicalTests":{"Total":603,"Confirmed":32,"Total/Accumulated":16907,"Confirmed/Accumulated":2037},"Confirmed":2093},"geometry":{"type":"Point","coordinates":[4.515179591651545,45.475403602540794]}},{"type":"Feature","properties":{"Country/Region":"France","Province/State":"Guadeloupe","Code":"01","Population":{"Total":376879,"Under19":90617,"Under39":71707,"Under59":109452,"Under74":70936,"Over75":34167},"Beds":{"Resuscitation":27,"IntensiveCare":68,"Total":95},"Deaths":14,"Recovered":70,"Severe":22,"Critical":10,"Emergencies":{"Suspected":1,"Total":180,"Suspected/Accumulated":190,"Total/Accumulated":9909,"Severe/Accumulated":88},"MedicalTests":{"Total":1,"Total/Accumulated":39,"Confirmed/Accumulated":14},"Confirmed":106},"geometry":{"type":"Point","coordinates":[-61.493846272189366,16.20469674556213]}},{"type":"Feature","properties":{"Country/Region":"France","Province/State":"Martinique","Code":"02","Population":{"Total":358749,"Under19":77005,"Under39":65776,"Under59":105638,"Under74":72163,"Over75":38167},"Beds":{"Resuscitation":26,"IntensiveCare":58,"Total":84},"Deaths":14,"Recovered":64,"Severe":32,"Critical":8,"MedicalActs":{"Suspected":2,"Total":73,"Suspected/Accumulated":118,"Total/Accumulated":6322},"MedicalTests":{"Total":1,"Total/Accumulated":24,"Confirmed/Accumulated":5},"Confirmed":111},"geometry":{"type":"Point","coordinates":[-60.98265692913386,14.6217557480315]}},{"type":"Feature","properties":{"Country/Region":"France","Province/State":"Provence-Alpes-Côte d'Azur","Code":"93","Population":{"Total":5055651,"Under19":1128765,"Under39":1109058,"Under59":1309879,"Under74":927347,"Over75":580602},"Beds":{"Resuscitation":460,"IntensiveCare":802,"Total":1262},"Deaths":665,"Recovered":3525,"Severe":1666,"Critical":287,"Emergencies":{"Suspected":80,"Total":2376,"Severe":47,"Suspected/Accumulated":8918,"Total/Accumulated":149324,"Severe/Accumulated":4598},"MedicalActs":{"Suspected":30,"Total":570,"Suspected/Accumulated":4686,"Total/Accumulated":45353},"MedicalTests":{"Total":1443,"Confirmed":25,"Total/Accumulated":52749,"Confirmed/Accumulated":3859},"Confirmed":1927},"geometry":{"type":"Point","coordinates":[5.940587832647462,43.96417941015098]}},{"type":"Feature","properties":{"Country/Region":"France","Province/State":"Corse","Code":"94","Population":{"Total":344679,"Under19":68555,"Under39":76985,"Under59":93175,"Under74":65675,"Over75":40289},"Beds":{"Resuscitation":18,"IntensiveCare":42,"Total":60},"Deaths":50,"Recovered":175,"Severe":62,"Critical":8,"Emergencies":{"Suspected":31,"Total":146,"Severe":31,"Suspected/Accumulated":1731,"Total/Accumulated":8849,"Severe/Accumulated":1675},"MedicalActs":{"Suspected":2,"Total":55,"Suspected/Accumulated":423,"Total/Accumulated":2515},"Confirmed":263},"geometry":{"type":"Point","coordinates":[9.019688964401293,42.118564077669916]}},{"type":"Feature","properties":{"Country/Region":"France","Province/State":"Guyane","Code":"03","Population":{"Total":290691,"Under19":120681,"Under39":80023,"Under59":61783,"Under74":22111,"Over75":6093},"Beds":{"Resuscitation":13,"IntensiveCare":12,"Total":25},"Deaths":1,"Recovered":35,"Severe":1,"Emergencies":{"Suspected":3,"Total":145,"Suspected/Accumulated":67,"Total/Accumulated":10627,"Severe/Accumulated":20},"MedicalTests":{"Total":1,"Total/Accumulated":31,"Confirmed/Accumulated":4},"Confirmed":43},"geometry":{"type":"Point","coordinates":[-53.41731165390502,3.588901056661561]}},{"type":"Feature","properties":{"Country/Region":"France","Province/State":"La Réunion","Code":"04","Population":{"Total":859959,"Under19":256143,"Under39":202783,"Under59":239212,"Under74":117045,"Over75":44776},"Beds":{"Resuscitation":52,"IntensiveCare":154,"Total":206},"Recovered":104,"Severe":6,"Critical":2,"Emergencies":{"Suspected":2,"Total":311,"Severe":2,"Suspected/Accumulated":241,"Total/Accumulated":20224,"Severe/Accumulated":168},"Confirmed":94,"MedicalTests":{"Total/Accumulated":11,"Confirmed/Accumulated":1}},"geometry":{"type":"Point","coordinates":[55.52943947368424,-21.1374047368421]}},{"type":"Feature","properties":{"Country/Region":"France","Province/State":"Mayotte","Code":"06","Population":{"Total":279471,"Under19":150257,"Under39":74348,"Under59":42900,"Under74":9521,"Over75":2445},"Beds":{"Resuscitation":6,"IntensiveCare":0,"Total":6},"Deaths":6,"Recovered":73,"Severe":37,"Critical":5,"Emergencies":{"Suspected":24,"Total":136,"Severe":1,"Suspected/Accumulated":426,"Total/Accumulated":5752,"Severe/Accumulated":94},"Confirmed":128,"MedicalTests":{"Total/Accumulated":2,"Confirmed/Accumulated":1}},"geometry":{"type":"Point","coordinates":[45.14160071428572,-12.835344166666673]}}]}