{"type":"FeatureCollection","features":[{"type":"Feature","properties":{"Country/Region":"France","Province/State":"Île-de-France","Code":"11","Population":{"Total":12278210,"Under19":3140965,"Under39":3409765,"Under59":3210447,"Under74":1658207,"Over75":858826},"Beds":{"Resuscitation":1147,"IntensiveCare":2512,"Total":3659},"Deaths":5330,"Recovered":14795,"Severe":11950,"Critical":2006,"Emergencies":{"Suspected":467,"Total":4178,"Severe":116,"Suspected/Accumulated":41575,"Total/Accumulated":276314,"Severe/Accumulated":13830},"MedicalActs":{"Suspected":59,"Total":829,"Suspected/Accumulated":10114,"Total/Accumulated":78739},"MedicalTests":{"Total":2103,"Confirmed":229,"Total/Accumulated":54362,"Confirmed/Accumulated":16738},"Confirmed":7660},"geometry":{"type":"Point","coordinates":[2.5292589766081885,48.704415292397634]}},{"type":"Feature","properties":{"Country/Region":"France","Province/State":"Centre-Val de Loire","Code":"24","Population":{"Total":2559073,"Under19":598570,"Under39":541141,"Under59":661150,"Under74":478923,"Over75":279289},"Beds":{"Resuscitation":180,"IntensiveCare":346,"Total":526},"Deaths":334,"Recovered":1023,"Severe":965,"Critical":143,"Emergencies":{"Suspected":110,"Total":1174,"Severe":16,"Suspected/Accumulated":3293,"Total/Accumulated":57040,"Severe/Accumulated":864},"MedicalActs":{"Suspected":12,"Total":163,"Suspected/Accumulated":725,"Total/Accumulated":15360},"MedicalTests":{"Total":609,"Confirmed":47,"Total/Accumulated":8981,"Confirmed/Accumulated":1643},"Confirmed":1157},"geometry":{"type":"Point","coordinates":[1.6429664800000017,47.54357092799999]}},{"type":"Feature","properties":{"Country/Region":"France","Province/State":"Bourgogne-Franche-Comté","Code":"27","Population":{"Total":2783039,"Under19":627017,"Under39":591411,"Under59":715664,"Under74":540051,"Over75":308896},"Beds":{"Resuscitation":198,"IntensiveCare":642,"Total":840},"Deaths":753,"Recovered":2088,"Severe":1283,"Critical":217,"Emergencies":{"Suspected":133,"Total":1241,"Severe":43,"Suspected/Accumulated":8656,"Total/Accumulated":71650,"Severe/Accumulated":3540},"MedicalActs":{"Suspected":16,"Total":149,"Suspected/Accumulated":1417,"Total/Accumulated":13024},"MedicalTests":{"Total":445,"Confirmed":16,"Total/Accumulated":8564,"Confirmed/Accumulated":1184},"Confirmed":1569},"geometry":{"type":"Point","coordinates":[4.731409826897467,47.2969232490013]}},{"type":"Feature","properties":{"Country/Region":"France","Province/State":"Normandie","Code":"28","Population":{"Total":3303500,"Under19":781337,"Under39":727044,"Under59":842963,"Under74":615474,"Over75":336682},"Beds":{"Resuscitation":240,"IntensiveCare":548,"Total":788},"Deaths":307,"Recovered":931,"Severe":614,"Critical":131,"Emergencies":{"Suspected":53,"Total":1408,"Severe":32,"Suspected/Accumulated":3275,"Total/Accumulated":78122,"Severe/Accumulated":1193},"MedicalActs":{"Suspected":13,"Total":227,"Suspected/Accumulated":2105,"Total/Accumulated":22179},"MedicalTests":{"Total":308,"Confirmed":25,"Total/Accumulated":8980,"Confirmed/Accumulated":1205},"Confirmed":912},"geometry":{"type":"Point","coordinates":[-0.022673401869158984,49.066630336448576]}},{"type":"Feature","properties":{"Country/Region":"France","Province/State":"Hauts-de-France","Code":"32","Population":{"Total":5962662,"Under19":1525538,"Under39":1443348,"Under59":1522690,"Under74":994313,"Over75":476773},"Beds":{"Resuscitation":438,"IntensiveCare":1338,"Total":1776},"Deaths":1233,"Recovered":3475,"Severe":2435,"Critical":421,"Emergencies":{"Suspected":137,"Total":2218,"Severe":47,"Suspected/Accumulated":9106,"Total/Accumulated":120785,"Severe/Accumulated":3282},"MedicalActs":{"Suspected":23,"Total":436,"Suspected/Accumulated":3198,"Total/Accumulated":43700},"MedicalTests":{"Total":719,"Confirmed":59,"Total/Accumulated":12045,"Confirmed/Accumulated":2663},"Confirmed":3011},"geometry":{"type":"Point","coordinates":[2.8852615671641804,49.86155781716422]}},{"type":"Feature","properties":{"Country/Region":"France","Province/State":"Grand Est","Code":"44","Population":{"Total":5511747,"Under19":1258123,"Under39":1291962,"Under59":1448828,"Under74":988178,"Over75":524656},"Beds":{"Resuscitation":465,"IntensiveCare":840,"Total":1305},"Deaths":2646,"Recovered":6883,"Severe":4416,"Critical":687,"Emergencies":{"Suspected":113,"Total":1958,"Severe":50,"Suspected/Accumulated":13723,"Total/Accumulated":122683,"Severe/Accumulated":6883},"MedicalActs":{"Suspected":36,"Total":402,"Suspected/Accumulated":4946,"Total/Accumulated":37189},"MedicalTests":{"Total":416,"Confirmed":23,"Total/Accumulated":16644,"Confirmed/Accumulated":3425},"Confirmed":5479},"geometry":{"type":"Point","coordinates":[5.509890203045682,48.670969771573546]}},{"type":"Feature","properties":{"Country/Region":"France","Province/State":"Pays de la Loire","Code":"52","Population":{"Total":3801797,"Under19":933509,"Under39":853729,"Under59":970508,"Under74":667531,"Over75":376520},"Beds":{"Resuscitation":181,"IntensiveCare":572,"Total":753},"Deaths":291,"Recovered":1061,"Severe":747,"Critical":105,"Emergencies":{"Suspected":90,"Total":1183,"Severe":51,"Suspected/Accumulated":5502,"Total/Accumulated":64877,"Severe/Accumulated":2544},"MedicalActs":{"Suspected":12,"Total":293,"Suspected/Accumulated":2263,"Total/Accumulated":23845},"MedicalTests":{"Total":22,"Total/Accumulated":858,"Confirmed/Accumulated":69},"Confirmed":1630},"geometry":{"type":"Point","coordinates":[-0.8763313771517983,47.44186302034428]}},{"type":"Feature","properties":{"Country/Region":"France","Province/State":"Bretagne","Code":"53","Population":{"Total":3340379,"Under19":773631,"Under39":714512,"Under59":866988,"Under74":632104,"Over75":353144},"Beds":{"Resuscitation":162,"IntensiveCare":462,"Total":624},"Deaths":199,"Recovered":723,"Severe":430,"Critical":69,"Emergencies":{"Suspected":47,"Total":1310,"Severe":32,"Suspected/Accumulated":3752,"Total/Accumulated":72067,"Severe/Accumulated":1356},"MedicalActs":{"Suspected":7,"Total":183,"Suspected/Accumulated":874,"Total/Accumulated":18406},"MedicalTests":{"Total":20,"Confirmed":1,"Total/Accumulated":350,"Confirmed/Accumulated":22},"Confirmed":962},"geometry":{"type":"Point","coordinates":[-3.104342941176476,48.146701189258316]}},{"type":"Feature","properties":{"Country/Region":"France","Province/State":"Nouvelle-Aquitaine","Code":"75","Population":{"Total":5999982,"Under19":1293321,"Under39":1274746,"Under59":1561754,"Under74":1177229,"Over75":692932},"Beds":{"Resuscitation":412,"IntensiveCare":946,"Total":1358},"Deaths":277,"Recovered":1199,"Severe":769,"Critical":156,"Emergencies":{"Suspected":112,"Total":2520,"Severe":45,"Suspected/Accumulated":7833,"Total/Accumulated":133143,"Severe/Accumulated":3300},"MedicalActs":{"Suspected":40,"Total":675,"Suspected/Accumulated":5483,"Total/Accumulated":59543},"MedicalTests":{"Total":1022,"Confirmed":11,"Total/Accumulated":15275,"Confirmed/Accumulated":840},"Confirmed":1007},"geometry":{"type":"Point","coordinates":[0.16186906163753495,45.156971701931916]}},{"type":"Feature","properties":{"Country/Region":"France","Province/State":"Occitanie","Code":"76","Population":{"Total":5924858,"Under19":1320456,"Under39":1330125,"Under59":1526711,"Under74":1099893,"Over75":647673},"Beds":{"Resuscitation":474,"IntensiveCare":1206,"Total":1680},"Deaths":342,"Recovered":1889,"Severe":804,"Critical":197,"Emergencies":{"Suspected":101,"Total":2243,"Severe":28,"Suspected/Accumulated":6280,"Total/Accumulated":135147,"Severe/Accumulated":2786},"MedicalActs":{"Suspected":19,"Total":251,"Suspected/Accumulated":2075,"Total/Accumulated":20995},"MedicalTests":{"Total":1513,"Confirmed":42,"Total/Accumulated":33777,"Confirmed/Accumulated":2156},"Confirmed":2374},"geometry":{"type":"Point","coordinates":[1.988214846153848,43.761180626373644]}},{"type":"Feature","properties":{"Country/Region":"France","Province/State":"Auvergne-Rhône-Alpes","Code":"84","Population":{"Total":8032377,"Under19":1940253,"Under39":1900702,"Under59":2079813,"Under74":1340003,"Over75":771606},"Beds":{"Resuscitation":559,"IntensiveCare":1136,"Total":1695},"Deaths":1167,"Recovered":4391,"Severe":2760,"Critical":483,"Emergencies":{"Suspected":159,"Total":3060,"Severe":56,"Suspected/Accumulated":12781,"Total/Accumulated":173731,"Severe/Accumulated":5596},"MedicalActs":{"Suspected":43,"Total":560,"Suspected/Accumulated":5013,"Total/Accumulated":46129},"MedicalTests":{"Total":833,"Confirmed":87,"Total/Accumulated":15209,"Confirmed/Accumulated":1951},"Confirmed":2093},"geometry":{"type":"Point","coordinates":[4.515179591651545,45.475403602540794]}},{"type":"Feature","properties":{"Country/Region":"France","Province/State":"Guadeloupe","Code":"01","Population":{"Total":376879,"Under19":90617,"Under39":71707,"Under59":109452,"Under74":70936,"Over75":34167},"Beds":{"Resuscitation":27,"IntensiveCare":68,"Total":95},"Deaths":12,"Recovered":70,"Severe":24,"Critical":14,"Emergencies":{"Suspected":10,"Total":164,"Severe":5,"Suspected/Accumulated":177,"Total/Accumulated":9076,"Severe/Accumulated":86},"MedicalTests":{"Total":3,"Confirmed":1,"Total/Accumulated":36,"Confirmed/Accumulated":14},"Confirmed":106},"geometry":{"type":"Point","coordinates":[-61.493846272189366,16.20469674556213]}},{"type":"Feature","properties":{"Country/Region":"France","Province/State":"Martinique","Code":"02","Population":{"Total":358749,"Under19":77005,"Under39":65776,"Under59":105638,"Under74":72163,"Over75":38167},"Beds":{"Resuscitation":26,"IntensiveCare":58,"Total":84},"Deaths":14,"Recovered":62,"Severe":33,"Critical":9,"MedicalActs":{"Suspected":3,"Total":97,"Suspected/Accumulated":107,"Total/Accumulated":5939},"MedicalTests":{"Total":1,"Total/Accumulated":21,"Confirmed/Accumulated":5},"Confirmed":111},"geometry":{"type":"Point","coordinates":[-60.98265692913386,14.6217557480315]}},{"type":"Feature","properties":{"Country/Region":"France","Province/State":"Provence-Alpes-Côte d'Azur","Code":"93","Population":{"Total":5055651,"Under19":1128765,"Under39":1109058,"Under59":1309879,"Under74":927347,"Over75":580602},"Beds":{"Resuscitation":460,"IntensiveCare":802,"Total":1262},"Deaths":575,"Recovered":3136,"Severe":1783,"Critical":314,"Emergencies":{"Suspected":127,"Total":2376,"Severe":59,"Suspected/Accumulated":8472,"Total/Accumulated":137482,"Severe/Accumulated":4351},"MedicalActs":{"Suspected":36,"Total":526,"Suspected/Accumulated":4486,"Total/Accumulated":42122},"MedicalTests":{"Total":1843,"Confirmed":43,"Total/Accumulated":48582,"Confirmed/Accumulated":3756},"Confirmed":1927},"geometry":{"type":"Point","coordinates":[5.940587832647462,43.96417941015098]}},{"type":"Feature","properties":{"Country/Region":"France","Province/State":"Corse","Code":"94","Population":{"Total":344679,"Under19":68555,"Under39":76985,"Under59":93175,"Under74":65675,"Over75":40289},"Beds":{"Resuscitation":18,"IntensiveCare":42,"Total":60},"Deaths":49,"Recovered":166,"Severe":66,"Critical":9,"Emergencies":{"Suspected":61,"Total":186,"Severe":61,"Suspected/Accumulated":1643,"Total/Accumulated":8133,"Severe/Accumulated":1589},"MedicalActs":{"Suspected":3,"Total":21,"Suspected/Accumulated":407,"Total/Accumulated":2340},"Confirmed":263},"geometry":{"type":"Point","coordinates":[9.019688964401293,42.118564077669916]}},{"type":"Feature","properties":{"Country/Region":"France","Province/State":"Guyane","Code":"03","Population":{"Total":290691,"Under19":120681,"Under39":80023,"Under59":61783,"Under74":22111,"Over75":6093},"Beds":{"Resuscitation":13,"IntensiveCare":12,"Total":25},"Deaths":1,"Recovered":34,"Severe":3,"Emergencies":{"Total":156,"Suspected/Accumulated":60,"Total/Accumulated":9928,"Severe/Accumulated":17},"Confirmed":43,"MedicalTests":{"Total/Accumulated":30,"Confirmed/Accumulated":4}},"geometry":{"type":"Point","coordinates":[-53.41731165390502,3.588901056661561]}},{"type":"Feature","properties":{"Country/Region":"France","Province/State":"La Réunion","Code":"04","Population":{"Total":859959,"Under19":256143,"Under39":202783,"Under59":239212,"Under74":117045,"Over75":44776},"Beds":{"Resuscitation":52,"IntensiveCare":154,"Total":206},"Recovered":98,"Severe":10,"Critical":2,"Emergencies":{"Suspected":5,"Total":343,"Severe":2,"Suspected/Accumulated":234,"Total/Accumulated":18632,"Severe/Accumulated":163},"Confirmed":94,"MedicalTests":{"Total/Accumulated":8,"Confirmed/Accumulated":1}},"geometry":{"type":"Point","coordinates":[55.52943947368424,-21.1374047368421]}},{"type":"Feature","properties":{"Country/Region":"France","Province/State":"Mayotte","Code":"06","Population":{"Total":279471,"Under19":150257,"Under39":74348,"Under59":42900,"Under74":9521,"Over75":2445},"Beds":{"Resuscitation":6,"IntensiveCare":0,"Total":6},"Deaths":6,"Recovered":58,"Severe":21,"Critical":4,"Emergencies":{"Suspected":18,"Total":103,"Severe":2,"Suspected/Accumulated":340,"Total/Accumulated":5196,"Severe/Accumulated":82},"Confirmed":128,"MedicalTests":{"Total/Accumulated":2,"Confirmed/Accumulated":1}},"geometry":{"type":"Point","coordinates":[45.14160071428572,-12.835344166666673]}}]}