{"type":"FeatureCollection","features":[{"type":"Feature","properties":{"Country/Region":"France","Province/State":"Île-de-France","Code":"11","Population":{"Total":12278210,"Under19":3140965,"Under39":3409765,"Under59":3210447,"Under74":1658207,"Over75":858826},"Beds":{"Resuscitation":1147,"IntensiveCare":2512,"Total":3659},"Deaths":6047,"Recovered":17817,"Severe":10784,"Critical":1569,"Emergencies":{"Suspected":245,"Total":3916,"Severe":53,"Suspected/Accumulated":45392,"Total/Accumulated":309867,"Severe/Accumulated":14592},"MedicalActs":{"Suspected":64,"Total":1022,"Suspected/Accumulated":10615,"Total/Accumulated":86243},"MedicalTests":{"Total":63,"Confirmed":3,"Total/Accumulated":63666,"Confirmed/Accumulated":17454},"Confirmed":7660},"geometry":{"type":"Point","coordinates":[2.5292589766081885,48.704415292397634]}},{"type":"Feature","properties":{"Country/Region":"France","Province/State":"Centre-Val de Loire","Code":"24","Population":{"Total":2559073,"Under19":598570,"Under39":541141,"Under59":661150,"Under74":478923,"Over75":279289},"Beds":{"Resuscitation":180,"IntensiveCare":346,"Total":526},"Deaths":395,"Recovered":1221,"Severe":977,"Critical":115,"Emergencies":{"Suspected":39,"Total":888,"Severe":6,"Suspected/Accumulated":3951,"Total/Accumulated":65236,"Severe/Accumulated":997},"MedicalActs":{"Suspected":8,"Total":231,"Suspected/Accumulated":805,"Total/Accumulated":16950},"MedicalTests":{"Total":3,"Total/Accumulated":12175,"Confirmed/Accumulated":1719},"Confirmed":1157},"geometry":{"type":"Point","coordinates":[1.6429664800000017,47.54357092799999]}},{"type":"Feature","properties":{"Country/Region":"France","Province/State":"Bourgogne-Franche-Comté","Code":"27","Population":{"Total":2783039,"Under19":627017,"Under39":591411,"Under59":715664,"Under74":540051,"Over75":308896},"Beds":{"Resuscitation":198,"IntensiveCare":642,"Total":840},"Deaths":843,"Recovered":2484,"Severe":1140,"Critical":178,"Emergencies":{"Suspected":52,"Total":1139,"Severe":29,"Suspected/Accumulated":9470,"Total/Accumulated":81467,"Severe/Accumulated":3883},"MedicalActs":{"Suspected":9,"Total":209,"Suspected/Accumulated":1521,"Total/Accumulated":14422},"MedicalTests":{"Total":2,"Total/Accumulated":10159,"Confirmed/Accumulated":1252},"Confirmed":1569},"geometry":{"type":"Point","coordinates":[4.731409826897467,47.2969232490013]}},{"type":"Feature","properties":{"Country/Region":"France","Province/State":"Normandie","Code":"28","Population":{"Total":3303500,"Under19":781337,"Under39":727044,"Under59":842963,"Under74":615474,"Over75":336682},"Beds":{"Resuscitation":240,"IntensiveCare":548,"Total":788},"Deaths":347,"Recovered":1089,"Severe":575,"Critical":90,"Emergencies":{"Suspected":32,"Total":1184,"Severe":19,"Suspected/Accumulated":3658,"Total/Accumulated":89033,"Severe/Accumulated":1361},"MedicalActs":{"Suspected":21,"Total":353,"Suspected/Accumulated":2213,"Total/Accumulated":24505},"MedicalTests":{"Total":3,"Total/Accumulated":10735,"Confirmed/Accumulated":1280},"Confirmed":912},"geometry":{"type":"Point","coordinates":[-0.022673401869158984,49.066630336448576]}},{"type":"Feature","properties":{"Country/Region":"France","Province/State":"Hauts-de-France","Code":"32","Population":{"Total":5962662,"Under19":1525538,"Under39":1443348,"Under59":1522690,"Under74":994313,"Over75":476773},"Beds":{"Resuscitation":438,"IntensiveCare":1338,"Total":1776},"Deaths":1390,"Recovered":4137,"Severe":2209,"Critical":347,"Emergencies":{"Suspected":78,"Total":2057,"Severe":35,"Suspected/Accumulated":10108,"Total/Accumulated":138131,"Severe/Accumulated":3584},"MedicalActs":{"Suspected":37,"Total":526,"Suspected/Accumulated":3391,"Total/Accumulated":47479},"MedicalTests":{"Total":4,"Total/Accumulated":16294,"Confirmed/Accumulated":2988},"Confirmed":3011},"geometry":{"type":"Point","coordinates":[2.8852615671641804,49.86155781716422]}},{"type":"Feature","properties":{"Country/Region":"France","Province/State":"Grand Est","Code":"44","Population":{"Total":5511747,"Under19":1258123,"Under39":1291962,"Under59":1448828,"Under74":988178,"Over75":524656},"Beds":{"Resuscitation":465,"IntensiveCare":840,"Total":1305},"Deaths":2915,"Recovered":8184,"Severe":3824,"Critical":517,"Emergencies":{"Suspected":88,"Total":1764,"Severe":46,"Suspected/Accumulated":14751,"Total/Accumulated":138701,"Severe/Accumulated":7363},"MedicalActs":{"Suspected":42,"Total":652,"Suspected/Accumulated":5199,"Total/Accumulated":41137},"MedicalTests":{"Total":7,"Total/Accumulated":18408,"Confirmed/Accumulated":3535},"Confirmed":5479},"geometry":{"type":"Point","coordinates":[5.509890203045682,48.670969771573546]}},{"type":"Feature","properties":{"Country/Region":"France","Province/State":"Pays de la Loire","Code":"52","Population":{"Total":3801797,"Under19":933509,"Under39":853729,"Under59":970508,"Under74":667531,"Over75":376520},"Beds":{"Resuscitation":181,"IntensiveCare":572,"Total":753},"Deaths":343,"Recovered":1283,"Severe":622,"Critical":69,"Emergencies":{"Suspected":51,"Total":1122,"Severe":35,"Suspected/Accumulated":6137,"Total/Accumulated":74367,"Severe/Accumulated":2908},"MedicalActs":{"Suspected":26,"Total":453,"Suspected/Accumulated":2404,"Total/Accumulated":26739},"Confirmed":1630,"MedicalTests":{"Total/Accumulated":1082,"Confirmed/Accumulated":73}},"geometry":{"type":"Point","coordinates":[-0.8763313771517983,47.44186302034428]}},{"type":"Feature","properties":{"Country/Region":"France","Province/State":"Bretagne","Code":"53","Population":{"Total":3340379,"Under19":773631,"Under39":714512,"Under59":866988,"Under74":632104,"Over75":353144},"Beds":{"Resuscitation":162,"IntensiveCare":462,"Total":624},"Deaths":212,"Recovered":846,"Severe":373,"Critical":44,"Emergencies":{"Suspected":23,"Total":1257,"Severe":14,"Suspected/Accumulated":4024,"Total/Accumulated":81918,"Severe/Accumulated":1537},"MedicalActs":{"Suspected":7,"Total":349,"Suspected/Accumulated":922,"Total/Accumulated":20321},"Confirmed":962,"MedicalTests":{"Total/Accumulated":437,"Confirmed/Accumulated":22}},"geometry":{"type":"Point","coordinates":[-3.104342941176476,48.146701189258316]}},{"type":"Feature","properties":{"Country/Region":"France","Province/State":"Nouvelle-Aquitaine","Code":"75","Population":{"Total":5999982,"Under19":1293321,"Under39":1274746,"Under59":1561754,"Under74":1177229,"Over75":692932},"Beds":{"Resuscitation":412,"IntensiveCare":946,"Total":1358},"Deaths":324,"Recovered":1469,"Severe":595,"Critical":111,"Emergencies":{"Suspected":52,"Total":2288,"Severe":31,"Suspected/Accumulated":8586,"Total/Accumulated":153715,"Severe/Accumulated":3649},"MedicalActs":{"Suspected":46,"Total":1066,"Suspected/Accumulated":5793,"Total/Accumulated":66302},"MedicalTests":{"Total":1,"Total/Accumulated":19408,"Confirmed/Accumulated":872},"Confirmed":1007},"geometry":{"type":"Point","coordinates":[0.16186906163753495,45.156971701931916]}},{"type":"Feature","properties":{"Country/Region":"France","Province/State":"Occitanie","Code":"76","Population":{"Total":5924858,"Under19":1320456,"Under39":1330125,"Under59":1526711,"Under74":1099893,"Over75":647673},"Beds":{"Resuscitation":474,"IntensiveCare":1206,"Total":1680},"Deaths":401,"Recovered":2142,"Severe":610,"Critical":142,"Emergencies":{"Suspected":41,"Total":2325,"Severe":27,"Suspected/Accumulated":6889,"Total/Accumulated":154951,"Severe/Accumulated":3036},"MedicalActs":{"Suspected":13,"Total":471,"Suspected/Accumulated":2204,"Total/Accumulated":23539},"MedicalTests":{"Total":109,"Total/Accumulated":42541,"Confirmed/Accumulated":2331},"Confirmed":2374},"geometry":{"type":"Point","coordinates":[1.988214846153848,43.761180626373644]}},{"type":"Feature","properties":{"Country/Region":"France","Province/State":"Auvergne-Rhône-Alpes","Code":"84","Population":{"Total":8032377,"Under19":1940253,"Under39":1900702,"Under59":2079813,"Under74":1340003,"Over75":771606},"Beds":{"Resuscitation":559,"IntensiveCare":1136,"Total":1695},"Deaths":1346,"Recovered":5129,"Severe":2470,"Critical":359,"Emergencies":{"Suspected":86,"Total":2625,"Severe":25,"Suspected/Accumulated":13915,"Total/Accumulated":196984,"Severe/Accumulated":6010},"MedicalActs":{"Suspected":45,"Total":844,"Suspected/Accumulated":5368,"Total/Accumulated":51647},"MedicalTests":{"Total":17,"Confirmed":1,"Total/Accumulated":17954,"Confirmed/Accumulated":2053},"Confirmed":2093},"geometry":{"type":"Point","coordinates":[4.515179591651545,45.475403602540794]}},{"type":"Feature","properties":{"Country/Region":"France","Province/State":"Guadeloupe","Code":"01","Population":{"Total":376879,"Under19":90617,"Under39":71707,"Under59":109452,"Under74":70936,"Over75":34167},"Beds":{"Resuscitation":27,"IntensiveCare":68,"Total":95},"Deaths":17,"Recovered":72,"Severe":16,"Critical":6,"Emergencies":{"Suspected":2,"Total":174,"Severe":1,"Suspected/Accumulated":239,"Total/Accumulated":10418,"Severe/Accumulated":92},"Confirmed":106,"MedicalTests":{"Total/Accumulated":41,"Confirmed/Accumulated":15}},"geometry":{"type":"Point","coordinates":[-61.493846272189366,16.20469674556213]}},{"type":"Feature","properties":{"Country/Region":"France","Province/State":"Martinique","Code":"02","Population":{"Total":358749,"Under19":77005,"Under39":65776,"Under59":105638,"Under74":72163,"Over75":38167},"Beds":{"Resuscitation":26,"IntensiveCare":58,"Total":84},"Deaths":14,"Recovered":77,"Severe":21,"Critical":8,"MedicalActs":{"Total":76,"Suspected/Accumulated":122,"Total/Accumulated":6561},"Confirmed":111,"MedicalTests":{"Total/Accumulated":24,"Confirmed/Accumulated":5}},"geometry":{"type":"Point","coordinates":[-60.98265692913386,14.6217557480315]}},{"type":"Feature","properties":{"Country/Region":"France","Province/State":"Provence-Alpes-Côte d'Azur","Code":"93","Population":{"Total":5055651,"Under19":1128765,"Under39":1109058,"Under59":1309879,"Under74":927347,"Over75":580602},"Beds":{"Resuscitation":460,"IntensiveCare":802,"Total":1262},"Deaths":704,"Recovered":3848,"Severe":1499,"Critical":250,"Emergencies":{"Suspected":70,"Total":2448,"Severe":39,"Suspected/Accumulated":9322,"Total/Accumulated":156936,"Severe/Accumulated":4763},"MedicalActs":{"Suspected":45,"Total":783,"Suspected/Accumulated":4808,"Total/Accumulated":47266},"MedicalTests":{"Total":23,"Total/Accumulated":56248,"Confirmed/Accumulated":3920},"Confirmed":1927},"geometry":{"type":"Point","coordinates":[5.940587832647462,43.96417941015098]}},{"type":"Feature","properties":{"Country/Region":"France","Province/State":"Corse","Code":"94","Population":{"Total":344679,"Under19":68555,"Under39":76985,"Under59":93175,"Under74":65675,"Over75":40289},"Beds":{"Resuscitation":18,"IntensiveCare":42,"Total":60},"Deaths":50,"Recovered":189,"Severe":59,"Critical":8,"Emergencies":{"Suspected":13,"Total":156,"Severe":10,"Suspected/Accumulated":1822,"Total/Accumulated":9339,"Severe/Accumulated":1760},"MedicalActs":{"Suspected":4,"Total":50,"Suspected/Accumulated":429,"Total/Accumulated":2605},"Confirmed":263},"geometry":{"type":"Point","coordinates":[9.019688964401293,42.118564077669916]}},{"type":"Feature","properties":{"Country/Region":"France","Province/State":"Guyane","Code":"03","Population":{"Total":290691,"Under19":120681,"Under39":80023,"Under59":61783,"Under74":22111,"Over75":6093},"Beds":{"Resuscitation":13,"IntensiveCare":12,"Total":25},"Deaths":1,"Recovered":36,"Severe":2,"Emergencies":{"Suspected":1,"Total":134,"Suspected/Accumulated":71,"Total/Accumulated":11036,"Severe/Accumulated":21},"Confirmed":43,"MedicalTests":{"Total/Accumulated":31,"Confirmed/Accumulated":4}},"geometry":{"type":"Point","coordinates":[-53.41731165390502,3.588901056661561]}},{"type":"Feature","properties":{"Country/Region":"France","Province/State":"La Réunion","Code":"04","Population":{"Total":859959,"Under19":256143,"Under39":202783,"Under59":239212,"Under74":117045,"Over75":44776},"Beds":{"Resuscitation":52,"IntensiveCare":154,"Total":206},"Recovered":109,"Severe":4,"Critical":1,"Emergencies":{"Suspected":2,"Total":328,"Severe":1,"Suspected/Accumulated":252,"Total/Accumulated":21170,"Severe/Accumulated":173},"Confirmed":94,"MedicalTests":{"Total/Accumulated":12,"Confirmed/Accumulated":1}},"geometry":{"type":"Point","coordinates":[55.52943947368424,-21.1374047368421]}},{"type":"Feature","properties":{"Country/Region":"France","Province/State":"Mayotte","Code":"06","Population":{"Total":279471,"Under19":150257,"Under39":74348,"Under59":42900,"Under74":9521,"Over75":2445},"Beds":{"Resuscitation":6,"IntensiveCare":0,"Total":6},"Deaths":8,"Recovered":96,"Severe":29,"Critical":5,"Emergencies":{"Suspected":13,"Total":93,"Severe":3,"Suspected/Accumulated":489,"Total/Accumulated":6074,"Severe/Accumulated":107},"Confirmed":128,"MedicalTests":{"Total/Accumulated":2,"Confirmed/Accumulated":1}},"geometry":{"type":"Point","coordinates":[45.14160071428572,-12.835344166666673]}}]}