{"type":"FeatureCollection","features":[{"type":"Feature","properties":{"Country/Region":"France","Province/State":"Île-de-France","Code":"11","Population":{"Total":12278210,"Under19":3140965,"Under39":3409765,"Under59":3210447,"Under74":1658207,"Over75":858826},"Beds":{"Resuscitation":1147,"IntensiveCare":2512,"Total":3659},"Deaths":6867,"Recovered":23204,"Severe":7422,"Critical":728,"Emergencies":{"Suspected":158,"Total":5066,"Severe":26,"Suspected/Accumulated":50804,"Total/Accumulated":404327,"Severe/Accumulated":15602},"MedicalActs":{"Suspected":64,"Total":1165,"Suspected/Accumulated":11711,"Total/Accumulated":106165},"MedicalTests":{"Total":27,"Confirmed":1,"Total/Accumulated":82085,"Confirmed/Accumulated":18202},"Confirmed":7660},"geometry":{"type":"Point","coordinates":[2.5292589766081885,48.704415292397634]}},{"type":"Feature","properties":{"Country/Region":"France","Province/State":"Centre-Val de Loire","Code":"24","Population":{"Total":2559073,"Under19":598570,"Under39":541141,"Under59":661150,"Under74":478923,"Over75":279289},"Beds":{"Resuscitation":180,"IntensiveCare":346,"Total":526},"Deaths":492,"Recovered":1650,"Severe":695,"Critical":51,"Emergencies":{"Suspected":19,"Total":1180,"Severe":6,"Suspected/Accumulated":4759,"Total/Accumulated":88737,"Severe/Accumulated":1233},"MedicalActs":{"Suspected":18,"Total":274,"Suspected/Accumulated":1065,"Total/Accumulated":21740},"MedicalTests":{"Total":21,"Total/Accumulated":18940,"Confirmed/Accumulated":1852},"Confirmed":1157},"geometry":{"type":"Point","coordinates":[1.6429664800000017,47.54357092799999]}},{"type":"Feature","properties":{"Country/Region":"France","Province/State":"Bourgogne-Franche-Comté","Code":"27","Population":{"Total":2783039,"Under19":627017,"Under39":591411,"Under59":715664,"Under74":540051,"Over75":308896},"Beds":{"Resuscitation":198,"IntensiveCare":642,"Total":840},"Deaths":983,"Recovered":3141,"Severe":684,"Critical":67,"Emergencies":{"Suspected":22,"Total":1495,"Severe":8,"Suspected/Accumulated":10523,"Total/Accumulated":110015,"Severe/Accumulated":4353},"MedicalActs":{"Suspected":14,"Total":252,"Suspected/Accumulated":1795,"Total/Accumulated":18306},"Confirmed":1569,"MedicalTests":{"Total/Accumulated":15049,"Confirmed/Accumulated":1325}},"geometry":{"type":"Point","coordinates":[4.731409826897467,47.2969232490013]}},{"type":"Feature","properties":{"Country/Region":"France","Province/State":"Normandie","Code":"28","Population":{"Total":3303500,"Under19":781337,"Under39":727044,"Under59":842963,"Under74":615474,"Over75":336682},"Beds":{"Resuscitation":240,"IntensiveCare":548,"Total":788},"Deaths":407,"Recovered":1357,"Severe":436,"Critical":31,"Emergencies":{"Suspected":19,"Total":1632,"Severe":7,"Suspected/Accumulated":4263,"Total/Accumulated":120363,"Severe/Accumulated":1684},"MedicalActs":{"Suspected":25,"Total":367,"Suspected/Accumulated":2561,"Total/Accumulated":31048},"MedicalTests":{"Total":8,"Total/Accumulated":16357,"Confirmed/Accumulated":1376},"Confirmed":912},"geometry":{"type":"Point","coordinates":[-0.022673401869158984,49.066630336448576]}},{"type":"Feature","properties":{"Country/Region":"France","Province/State":"Hauts-de-France","Code":"32","Population":{"Total":5962662,"Under19":1525538,"Under39":1443348,"Under59":1522690,"Under74":994313,"Over75":476773},"Beds":{"Resuscitation":438,"IntensiveCare":1338,"Total":1776},"Deaths":1664,"Recovered":5346,"Severe":1641,"Critical":160,"Emergencies":{"Suspected":47,"Total":2483,"Severe":24,"Suspected/Accumulated":11625,"Total/Accumulated":187616,"Severe/Accumulated":4178},"MedicalActs":{"Suspected":15,"Total":581,"Suspected/Accumulated":3783,"Total/Accumulated":58241},"MedicalTests":{"Total":38,"Total/Accumulated":29884,"Confirmed/Accumulated":3373},"Confirmed":3011},"geometry":{"type":"Point","coordinates":[2.8852615671641804,49.86155781716422]}},{"type":"Feature","properties":{"Country/Region":"France","Province/State":"Grand Est","Code":"44","Population":{"Total":5511747,"Under19":1258123,"Under39":1291962,"Under59":1448828,"Under74":988178,"Over75":524656},"Beds":{"Resuscitation":465,"IntensiveCare":840,"Total":1305},"Deaths":3335,"Recovered":10100,"Severe":2586,"Critical":218,"Emergencies":{"Suspected":54,"Total":2553,"Severe":28,"Suspected/Accumulated":16358,"Total/Accumulated":184899,"Severe/Accumulated":8057},"MedicalActs":{"Suspected":37,"Total":632,"Suspected/Accumulated":5872,"Total/Accumulated":51771},"MedicalTests":{"Total":6,"Total/Accumulated":23747,"Confirmed/Accumulated":3677},"Confirmed":5479},"geometry":{"type":"Point","coordinates":[5.509890203045682,48.670969771573546]}},{"type":"Feature","properties":{"Country/Region":"France","Province/State":"Pays de la Loire","Code":"52","Population":{"Total":3801797,"Under19":933509,"Under39":853729,"Under59":970508,"Under74":667531,"Over75":376520},"Beds":{"Resuscitation":181,"IntensiveCare":572,"Total":753},"Deaths":420,"Recovered":1613,"Severe":451,"Critical":33,"Emergencies":{"Suspected":56,"Total":1463,"Severe":38,"Suspected/Accumulated":7313,"Total/Accumulated":101889,"Severe/Accumulated":3585},"MedicalActs":{"Suspected":31,"Total":513,"Suspected/Accumulated":2777,"Total/Accumulated":34650},"Confirmed":1630,"MedicalTests":{"Total/Accumulated":1846,"Confirmed/Accumulated":78}},"geometry":{"type":"Point","coordinates":[-0.8763313771517983,47.44186302034428]}},{"type":"Feature","properties":{"Country/Region":"France","Province/State":"Bretagne","Code":"53","Population":{"Total":3340379,"Under19":773631,"Under39":714512,"Under59":866988,"Under74":632104,"Over75":353144},"Beds":{"Resuscitation":162,"IntensiveCare":462,"Total":624},"Deaths":241,"Recovered":1081,"Severe":232,"Critical":20,"Emergencies":{"Suspected":17,"Total":1597,"Severe":11,"Suspected/Accumulated":4604,"Total/Accumulated":110913,"Severe/Accumulated":1914},"MedicalActs":{"Suspected":11,"Total":391,"Suspected/Accumulated":1144,"Total/Accumulated":26137},"Confirmed":962,"MedicalTests":{"Total/Accumulated":675,"Confirmed/Accumulated":25}},"geometry":{"type":"Point","coordinates":[-3.104342941176476,48.146701189258316]}},{"type":"Feature","properties":{"Country/Region":"France","Province/State":"Nouvelle-Aquitaine","Code":"75","Population":{"Total":5999982,"Under19":1293321,"Under39":1274746,"Under59":1561754,"Under74":1177229,"Over75":692932},"Beds":{"Resuscitation":412,"IntensiveCare":946,"Total":1358},"Deaths":380,"Recovered":1801,"Severe":382,"Critical":56,"Emergencies":{"Suspected":28,"Total":2896,"Severe":10,"Suspected/Accumulated":9629,"Total/Accumulated":210448,"Severe/Accumulated":4152},"MedicalActs":{"Suspected":43,"Total":1074,"Suspected/Accumulated":6515,"Total/Accumulated":84819},"MedicalTests":{"Total":1,"Total/Accumulated":31045,"Confirmed/Accumulated":958},"Confirmed":1007},"geometry":{"type":"Point","coordinates":[0.16186906163753495,45.156971701931916]}},{"type":"Feature","properties":{"Country/Region":"France","Province/State":"Occitanie","Code":"76","Population":{"Total":5924858,"Under19":1320456,"Under39":1330125,"Under59":1526711,"Under74":1099893,"Over75":647673},"Beds":{"Resuscitation":474,"IntensiveCare":1206,"Total":1680},"Deaths":478,"Recovered":2584,"Severe":292,"Critical":65,"Emergencies":{"Suspected":39,"Total":3260,"Severe":20,"Suspected/Accumulated":7951,"Total/Accumulated":212644,"Severe/Accumulated":3577},"MedicalActs":{"Suspected":20,"Total":492,"Suspected/Accumulated":2542,"Total/Accumulated":30556},"MedicalTests":{"Total":115,"Total/Accumulated":74550,"Confirmed/Accumulated":2647},"Confirmed":2374},"geometry":{"type":"Point","coordinates":[1.988214846153848,43.761180626373644]}},{"type":"Feature","properties":{"Country/Region":"France","Province/State":"Auvergne-Rhône-Alpes","Code":"84","Population":{"Total":8032377,"Under19":1940253,"Under39":1900702,"Under59":2079813,"Under74":1340003,"Over75":771606},"Beds":{"Resuscitation":559,"IntensiveCare":1136,"Total":1695},"Deaths":1608,"Recovered":6550,"Severe":1542,"Critical":159,"Emergencies":{"Suspected":71,"Total":3964,"Severe":28,"Suspected/Accumulated":15742,"Total/Accumulated":267554,"Severe/Accumulated":6736},"MedicalActs":{"Suspected":50,"Total":844,"Suspected/Accumulated":6238,"Total/Accumulated":66403},"MedicalTests":{"Total":12,"Total/Accumulated":25440,"Confirmed/Accumulated":2145},"Confirmed":2093},"geometry":{"type":"Point","coordinates":[4.515179591651545,45.475403602540794]}},{"type":"Feature","properties":{"Country/Region":"France","Province/State":"Guadeloupe","Code":"01","Population":{"Total":376879,"Under19":90617,"Under39":71707,"Under59":109452,"Under74":70936,"Over75":34167},"Beds":{"Resuscitation":27,"IntensiveCare":68,"Total":95},"Deaths":19,"Recovered":73,"Severe":13,"Critical":2,"Emergencies":{"Suspected":3,"Total":138,"Suspected/Accumulated":288,"Total/Accumulated":13803,"Severe/Accumulated":101},"Confirmed":106,"MedicalTests":{"Total/Accumulated":51,"Confirmed/Accumulated":17}},"geometry":{"type":"Point","coordinates":[-61.493846272189366,16.20469674556213]}},{"type":"Feature","properties":{"Country/Region":"France","Province/State":"Martinique","Code":"02","Population":{"Total":358749,"Under19":77005,"Under39":65776,"Under59":105638,"Under74":72163,"Over75":38167},"Beds":{"Resuscitation":26,"IntensiveCare":58,"Total":84},"Deaths":14,"Recovered":81,"Severe":18,"Critical":1,"MedicalActs":{"Total":69,"Suspected/Accumulated":139,"Total/Accumulated":8258},"Confirmed":111,"MedicalTests":{"Total/Accumulated":29,"Confirmed/Accumulated":6}},"geometry":{"type":"Point","coordinates":[-60.98265692913386,14.6217557480315]}},{"type":"Feature","properties":{"Country/Region":"France","Province/State":"Provence-Alpes-Côte d'Azur","Code":"93","Population":{"Total":5055651,"Under19":1128765,"Under39":1109058,"Under59":1309879,"Under74":927347,"Over75":580602},"Beds":{"Resuscitation":460,"IntensiveCare":802,"Total":1262},"Deaths":869,"Recovered":4686,"Severe":1026,"Critical":99,"Emergencies":{"Suspected":32,"Total":3187,"Severe":21,"Suspected/Accumulated":10339,"Total/Accumulated":212405,"Severe/Accumulated":5331},"MedicalActs":{"Suspected":35,"Total":771,"Suspected/Accumulated":5485,"Total/Accumulated":60792},"MedicalTests":{"Total":41,"Total/Accumulated":76767,"Confirmed/Accumulated":4176},"Confirmed":1927},"geometry":{"type":"Point","coordinates":[5.940587832647462,43.96417941015098]}},{"type":"Feature","properties":{"Country/Region":"France","Province/State":"Corse","Code":"94","Population":{"Total":344679,"Under19":68555,"Under39":76985,"Under59":93175,"Under74":65675,"Over75":40289},"Beds":{"Resuscitation":18,"IntensiveCare":42,"Total":60},"Deaths":57,"Recovered":217,"Severe":36,"Critical":4,"Emergencies":{"Suspected":2,"Total":214,"Severe":2,"Suspected/Accumulated":2068,"Total/Accumulated":12740,"Severe/Accumulated":1985},"MedicalActs":{"Suspected":4,"Total":54,"Suspected/Accumulated":474,"Total/Accumulated":3283},"Confirmed":263},"geometry":{"type":"Point","coordinates":[9.019688964401293,42.118564077669916]}},{"type":"Feature","properties":{"Country/Region":"France","Province/State":"Guyane","Code":"03","Population":{"Total":290691,"Under19":120681,"Under39":80023,"Under59":61783,"Under74":22111,"Over75":6093},"Beds":{"Resuscitation":13,"IntensiveCare":12,"Total":25},"Deaths":1,"Recovered":51,"Severe":12,"Emergencies":{"Suspected":2,"Total":194,"Severe":2,"Suspected/Accumulated":114,"Total/Accumulated":14353,"Severe/Accumulated":41},"Confirmed":43,"MedicalTests":{"Total/Accumulated":35,"Confirmed/Accumulated":4}},"geometry":{"type":"Point","coordinates":[-53.41731165390502,3.588901056661561]}},{"type":"Feature","properties":{"Country/Region":"France","Province/State":"La Réunion","Code":"04","Population":{"Total":859959,"Under19":256143,"Under39":202783,"Under59":239212,"Under74":117045,"Over75":44776},"Beds":{"Resuscitation":52,"IntensiveCare":154,"Total":206},"Deaths":1,"Recovered":116,"Severe":11,"Critical":1,"Emergencies":{"Suspected":1,"Total":313,"Suspected/Accumulated":267,"Total/Accumulated":28320,"Severe/Accumulated":184},"Confirmed":94,"MedicalTests":{"Total/Accumulated":19,"Confirmed/Accumulated":1}},"geometry":{"type":"Point","coordinates":[55.52943947368424,-21.1374047368421]}},{"type":"Feature","properties":{"Country/Region":"France","Province/State":"Mayotte","Code":"06","Population":{"Total":279471,"Under19":150257,"Under39":74348,"Under59":42900,"Under74":9521,"Over75":2445},"Beds":{"Resuscitation":6,"IntensiveCare":0,"Total":6},"Deaths":18,"Recovered":198,"Severe":48,"Critical":13,"Emergencies":{"Suspected":17,"Total":91,"Severe":3,"Suspected/Accumulated":1116,"Total/Accumulated":8340,"Severe/Accumulated":176},"Confirmed":128,"MedicalTests":{"Total/Accumulated":4,"Confirmed/Accumulated":1}},"geometry":{"type":"Point","coordinates":[45.14160071428572,-12.835344166666673]}}]}