{"type":"FeatureCollection","features":[{"type":"Feature","properties":{"Country/Region":"France","Province/State":"Île-de-France","Code":"11","Population":{"Total":12278210,"Under19":3140965,"Under39":3409765,"Under59":3210447,"Under74":1658207,"Over75":858826},"Beds":{"Resuscitation":1147,"IntensiveCare":2512,"Total":3659},"Deaths":7853,"Recovered":32175,"Severe":2419,"Critical":260,"Emergencies":{"Suspected":384,"Total":7987,"Severe":70,"Suspected/Accumulated":62379,"Total/Accumulated":1173497,"Severe/Accumulated":17914},"MedicalActs":{"Suspected":194,"Total":1828,"Suspected/Accumulated":19865,"Total/Accumulated":257983},"PCRTests":{"Total":39805,"Confirmed":3762,"Total/Accumulated":1954992,"Confirmed/Accumulated":91535},"Confirmed":7660,"MedicalTests":{"Total/Accumulated":85340,"Confirmed/Accumulated":18277}},"geometry":{"type":"Point","coordinates":[2.5292589766081885,48.704415292397634]}},{"type":"Feature","properties":{"Country/Region":"France","Province/State":"Centre-Val de Loire","Code":"24","Population":{"Total":2559073,"Under19":598570,"Under39":541141,"Under59":661150,"Under74":478923,"Over75":279289},"Beds":{"Resuscitation":180,"IntensiveCare":346,"Total":526},"Deaths":585,"Recovered":2461,"Severe":95,"Critical":19,"Emergencies":{"Suspected":20,"Total":1684,"Severe":5,"Suspected/Accumulated":6041,"Total/Accumulated":264481,"Severe/Accumulated":1534},"MedicalActs":{"Suspected":32,"Total":523,"Suspected/Accumulated":2460,"Total/Accumulated":67003},"PCRTests":{"Total":6892,"Confirmed":307,"Total/Accumulated":293143,"Confirmed/Accumulated":7353},"Confirmed":1157,"MedicalTests":{"Total/Accumulated":20197,"Confirmed/Accumulated":1858}},"geometry":{"type":"Point","coordinates":[1.6429664800000017,47.54357092799999]}},{"type":"Feature","properties":{"Country/Region":"France","Province/State":"Bourgogne-Franche-Comté","Code":"27","Population":{"Total":2783039,"Under19":627017,"Under39":591411,"Under59":715664,"Under74":540051,"Over75":308896},"Beds":{"Resuscitation":198,"IntensiveCare":642,"Total":840},"Deaths":1071,"Recovered":4169,"Severe":70,"Critical":8,"Emergencies":{"Suspected":46,"Total":2164,"Severe":10,"Suspected/Accumulated":12954,"Total/Accumulated":345897,"Severe/Accumulated":5239},"MedicalActs":{"Suspected":37,"Total":317,"Suspected/Accumulated":3165,"Total/Accumulated":48863},"PCRTests":{"Total":7516,"Confirmed":338,"Total/Accumulated":346270,"Confirmed/Accumulated":6947},"Confirmed":1569,"MedicalTests":{"Total/Accumulated":15673,"Confirmed/Accumulated":1330}},"geometry":{"type":"Point","coordinates":[4.731409826897467,47.2969232490013]}},{"type":"Feature","properties":{"Country/Region":"France","Province/State":"Normandie","Code":"28","Population":{"Total":3303500,"Under19":781337,"Under39":727044,"Under59":842963,"Under74":615474,"Over75":336682},"Beds":{"Resuscitation":240,"IntensiveCare":548,"Total":788},"Deaths":453,"Recovered":1965,"Severe":147,"Critical":16,"Emergencies":{"Suspected":28,"Total":2398,"Severe":13,"Suspected/Accumulated":5788,"Total/Accumulated":368464,"Severe/Accumulated":2516},"MedicalActs":{"Suspected":74,"Total":594,"Suspected/Accumulated":5532,"Total/Accumulated":84605},"PCRTests":{"Total":7866,"Confirmed":440,"Total/Accumulated":386380,"Confirmed/Accumulated":9002},"Confirmed":912,"MedicalTests":{"Total/Accumulated":17253,"Confirmed/Accumulated":1385}},"geometry":{"type":"Point","coordinates":[-0.022673401869158984,49.066630336448576]}},{"type":"Feature","properties":{"Country/Region":"France","Province/State":"Hauts-de-France","Code":"32","Population":{"Total":5962662,"Under19":1525538,"Under39":1443348,"Under59":1522690,"Under74":994313,"Over75":476773},"Beds":{"Resuscitation":438,"IntensiveCare":1338,"Total":1776},"Deaths":1968,"Recovered":7542,"Severe":472,"Critical":53,"Emergencies":{"Suspected":58,"Total":3648,"Severe":15,"Suspected/Accumulated":14178,"Total/Accumulated":563417,"Severe/Accumulated":5022},"MedicalActs":{"Suspected":107,"Total":1385,"Suspected/Accumulated":7459,"Total/Accumulated":167387},"PCRTests":{"Total":21824,"Confirmed":1607,"Total/Accumulated":798111,"Confirmed/Accumulated":27358},"Confirmed":3011,"MedicalTests":{"Total/Accumulated":31790,"Confirmed/Accumulated":3410}},"geometry":{"type":"Point","coordinates":[2.8852615671641804,49.86155781716422]}},{"type":"Feature","properties":{"Country/Region":"France","Province/State":"Grand Est","Code":"44","Population":{"Total":5511747,"Under19":1258123,"Under39":1291962,"Under59":1448828,"Under74":988178,"Over75":524656},"Beds":{"Resuscitation":465,"IntensiveCare":840,"Total":1305},"Deaths":3716,"Recovered":13483,"Severe":290,"Critical":21,"Emergencies":{"Suspected":38,"Total":3452,"Severe":15,"Suspected/Accumulated":18803,"Total/Accumulated":559962,"Severe/Accumulated":9051},"MedicalActs":{"Suspected":59,"Total":654,"Suspected/Accumulated":8799,"Total/Accumulated":126603},"PCRTests":{"Total":15830,"Confirmed":403,"Total/Accumulated":791979,"Confirmed/Accumulated":14172},"Confirmed":5479,"MedicalTests":{"Total/Accumulated":24982,"Confirmed/Accumulated":3702}},"geometry":{"type":"Point","coordinates":[5.509890203045682,48.670969771573546]}},{"type":"Feature","properties":{"Country/Region":"France","Province/State":"Pays de la Loire","Code":"52","Population":{"Total":3801797,"Under19":933509,"Under39":853729,"Under59":970508,"Under74":667531,"Over75":376520},"Beds":{"Resuscitation":181,"IntensiveCare":572,"Total":753},"Deaths":505,"Recovered":2529,"Severe":95,"Critical":15,"Emergencies":{"Suspected":42,"Total":2075,"Severe":10,"Suspected/Accumulated":10133,"Total/Accumulated":321554,"Severe/Accumulated":5214},"MedicalActs":{"Suspected":53,"Total":552,"Suspected/Accumulated":5423,"Total/Accumulated":95356},"PCRTests":{"Total":10062,"Confirmed":399,"Total/Accumulated":482250,"Confirmed/Accumulated":11881},"Confirmed":1630,"MedicalTests":{"Total/Accumulated":1941,"Confirmed/Accumulated":78}},"geometry":{"type":"Point","coordinates":[-0.8763313771517983,47.44186302034428]}},{"type":"Feature","properties":{"Country/Region":"France","Province/State":"Bretagne","Code":"53","Population":{"Total":3340379,"Under19":773631,"Under39":714512,"Under59":866988,"Under74":632104,"Over75":353144},"Beds":{"Resuscitation":162,"IntensiveCare":462,"Total":624},"Deaths":272,"Recovered":1446,"Severe":132,"Critical":13,"Emergencies":{"Suspected":16,"Total":1898,"Severe":9,"Suspected/Accumulated":6657,"Total/Accumulated":342763,"Severe/Accumulated":2517},"MedicalActs":{"Suspected":33,"Total":418,"Suspected/Accumulated":3097,"Total/Accumulated":70913},"PCRTests":{"Total":8982,"Confirmed":425,"Total/Accumulated":376921,"Confirmed/Accumulated":7959},"Confirmed":962,"MedicalTests":{"Total/Accumulated":698,"Confirmed/Accumulated":25}},"geometry":{"type":"Point","coordinates":[-3.104342941176476,48.146701189258316]}},{"type":"Feature","properties":{"Country/Region":"France","Province/State":"Nouvelle-Aquitaine","Code":"75","Population":{"Total":5999982,"Under19":1293321,"Under39":1274746,"Under59":1561754,"Under74":1177229,"Over75":692932},"Beds":{"Resuscitation":412,"IntensiveCare":946,"Total":1358},"Deaths":454,"Recovered":2523,"Severe":228,"Critical":41,"Emergencies":{"Suspected":57,"Total":4016,"Severe":28,"Suspected/Accumulated":12200,"Total/Accumulated":669036,"Severe/Accumulated":5128},"MedicalActs":{"Suspected":108,"Total":1358,"Suspected/Accumulated":12522,"Total/Accumulated":227633},"PCRTests":{"Total":15304,"Confirmed":871,"Total/Accumulated":689251,"Confirmed/Accumulated":19880},"Confirmed":1007,"MedicalTests":{"Total/Accumulated":33043,"Confirmed/Accumulated":961}},"geometry":{"type":"Point","coordinates":[0.16186906163753495,45.156971701931916]}},{"type":"Feature","properties":{"Country/Region":"France","Province/State":"Occitanie","Code":"76","Population":{"Total":5924858,"Under19":1320456,"Under39":1330125,"Under59":1526711,"Under74":1099893,"Over75":647673},"Beds":{"Resuscitation":474,"IntensiveCare":1206,"Total":1680},"Deaths":556,"Recovered":3401,"Severe":293,"Critical":63,"Emergencies":{"Suspected":87,"Total":4104,"Severe":35,"Suspected/Accumulated":10687,"Total/Accumulated":681783,"Severe/Accumulated":4528},"MedicalActs":{"Suspected":43,"Total":414,"Suspected/Accumulated":4451,"Total/Accumulated":78963},"PCRTests":{"Total":18906,"Confirmed":1465,"Total/Accumulated":798585,"Confirmed/Accumulated":25949},"Confirmed":2374,"MedicalTests":{"Total/Accumulated":83743,"Confirmed/Accumulated":2680}},"geometry":{"type":"Point","coordinates":[1.988214846153848,43.761180626373644]}},{"type":"Feature","properties":{"Country/Region":"France","Province/State":"Auvergne-Rhône-Alpes","Code":"84","Population":{"Total":8032377,"Under19":1940253,"Under39":1900702,"Under59":2079813,"Under74":1340003,"Over75":771606},"Beds":{"Resuscitation":559,"IntensiveCare":1136,"Total":1695},"Deaths":1823,"Recovered":8834,"Severe":679,"Critical":96,"Emergencies":{"Suspected":104,"Total":5347,"Severe":32,"Suspected/Accumulated":20240,"Total/Accumulated":841405,"Severe/Accumulated":8013},"MedicalActs":{"Suspected":110,"Total":1004,"Suspected/Accumulated":12089,"Total/Accumulated":174617},"PCRTests":{"Total":21707,"Confirmed":1724,"Total/Accumulated":940167,"Confirmed/Accumulated":32769},"Confirmed":2093,"MedicalTests":{"Total/Accumulated":27674,"Confirmed/Accumulated":2153}},"geometry":{"type":"Point","coordinates":[4.515179591651545,45.475403602540794]}},{"type":"Feature","properties":{"Country/Region":"France","Province/State":"Guadeloupe","Code":"01","Population":{"Total":376879,"Under19":90617,"Under39":71707,"Under59":109452,"Under74":70936,"Over75":34167},"Beds":{"Resuscitation":27,"IntensiveCare":68,"Total":95},"Deaths":37,"Recovered":178,"Severe":97,"Critical":26,"Emergencies":{"Suspected":26,"Total":227,"Severe":14,"Suspected/Accumulated":830,"Total/Accumulated":40000,"Severe/Accumulated":321},"PCRTests":{"Total":1014,"Confirmed":228,"Total/Accumulated":41676,"Confirmed/Accumulated":4027},"Confirmed":106,"MedicalTests":{"Total/Accumulated":51,"Confirmed/Accumulated":17}},"geometry":{"type":"Point","coordinates":[-61.493846272189366,16.20469674556213]}},{"type":"Feature","properties":{"Country/Region":"France","Province/State":"Martinique","Code":"02","Population":{"Total":358749,"Under19":77005,"Under39":65776,"Under59":105638,"Under74":72163,"Over75":38167},"Beds":{"Resuscitation":26,"IntensiveCare":58,"Total":84},"Deaths":19,"Recovered":117,"Severe":17,"Critical":6,"MedicalActs":{"Suspected":14,"Total":150,"Suspected/Accumulated":307,"Total/Accumulated":20790},"PCRTests":{"Total":772,"Confirmed":34,"Total/Accumulated":43835,"Confirmed/Accumulated":1118},"Confirmed":111,"MedicalTests":{"Total/Accumulated":29,"Confirmed/Accumulated":6}},"geometry":{"type":"Point","coordinates":[-60.98265692913386,14.6217557480315]}},{"type":"Feature","properties":{"Country/Region":"France","Province/State":"Provence-Alpes-Côte d'Azur","Code":"93","Population":{"Total":5055651,"Under19":1128765,"Under39":1109058,"Under59":1309879,"Under74":927347,"Over75":580602},"Beds":{"Resuscitation":460,"IntensiveCare":802,"Total":1262},"Deaths":1066,"Recovered":7257,"Severe":678,"Critical":137,"Emergencies":{"Suspected":96,"Total":3942,"Severe":49,"Suspected/Accumulated":14186,"Total/Accumulated":681680,"Severe/Accumulated":6970},"MedicalActs":{"Suspected":94,"Total":920,"Suspected/Accumulated":9999,"Total/Accumulated":159478},"PCRTests":{"Total":18190,"Confirmed":1233,"Total/Accumulated":950042,"Confirmed/Accumulated":40666},"Confirmed":1927,"MedicalTests":{"Total/Accumulated":80858,"Confirmed/Accumulated":4204}},"geometry":{"type":"Point","coordinates":[5.940587832647462,43.96417941015098]}},{"type":"Feature","properties":{"Country/Region":"France","Province/State":"Corse","Code":"94","Population":{"Total":344679,"Under19":68555,"Under39":76985,"Under59":93175,"Under74":65675,"Over75":40289},"Beds":{"Resuscitation":18,"IntensiveCare":42,"Total":60},"Deaths":61,"Recovered":278,"Severe":22,"Critical":4,"Emergencies":{"Suspected":5,"Total":265,"Severe":4,"Suspected/Accumulated":2297,"Total/Accumulated":47247,"Severe/Accumulated":2110},"MedicalActs":{"Suspected":9,"Total":98,"Suspected/Accumulated":848,"Total/Accumulated":12487},"PCRTests":{"Total":1147,"Confirmed":41,"Total/Accumulated":53632,"Confirmed/Accumulated":1165},"Confirmed":263},"geometry":{"type":"Point","coordinates":[9.019688964401293,42.118564077669916]}},{"type":"Feature","properties":{"Country/Region":"France","Province/State":"Guyane","Code":"03","Population":{"Total":290691,"Under19":120681,"Under39":80023,"Under59":61783,"Under74":22111,"Over75":6093},"Beds":{"Resuscitation":13,"IntensiveCare":12,"Total":25},"Deaths":61,"Recovered":1680,"Severe":17,"Critical":4,"Emergencies":{"Suspected":3,"Total":247,"Severe":1,"Suspected/Accumulated":1886,"Total/Accumulated":36936,"Severe/Accumulated":892},"PCRTests":{"Total":524,"Confirmed":21,"Total/Accumulated":54060,"Confirmed/Accumulated":8349},"Confirmed":43,"MedicalTests":{"Total/Accumulated":35,"Confirmed/Accumulated":4}},"geometry":{"type":"Point","coordinates":[-53.41731165390502,3.588901056661561]}},{"type":"Feature","properties":{"Country/Region":"France","Province/State":"La Réunion","Code":"04","Population":{"Total":859959,"Under19":256143,"Under39":202783,"Under59":239212,"Under74":117045,"Over75":44776},"Beds":{"Resuscitation":52,"IntensiveCare":154,"Total":206},"Deaths":15,"Recovered":321,"Severe":70,"Critical":11,"Emergencies":{"Suspected":1,"Total":422,"Severe":1,"Suspected/Accumulated":419,"Total/Accumulated":75862,"Severe/Accumulated":257},"PCRTests":{"Total":2187,"Confirmed":107,"Total/Accumulated":145519,"Confirmed/Accumulated":3013},"Confirmed":94,"MedicalTests":{"Total/Accumulated":19,"Confirmed/Accumulated":1}},"geometry":{"type":"Point","coordinates":[55.52943947368424,-21.1374047368421]}},{"type":"Feature","properties":{"Country/Region":"France","Province/State":"Mayotte","Code":"06","Population":{"Total":279471,"Under19":150257,"Under39":74348,"Under59":42900,"Under74":9521,"Over75":2445},"Beds":{"Resuscitation":6,"IntensiveCare":0,"Total":6},"Deaths":28,"Recovered":451,"Severe":4,"Emergencies":{"Suspected":2,"Total":121,"Severe":1,"Suspected/Accumulated":1900,"Total/Accumulated":20917,"Severe/Accumulated":257},"PCRTests":{"Total":182,"Confirmed":16,"Total/Accumulated":18476,"Confirmed/Accumulated":1914},"Confirmed":128,"MedicalTests":{"Total/Accumulated":4,"Confirmed/Accumulated":1}},"geometry":{"type":"Point","coordinates":[45.14160071428572,-12.835344166666673]}}]}