{"type":"FeatureCollection","features":[{"type":"Feature","properties":{"Country/Region":"France","Province/State":"Île-de-France","Code":"11","Population":{"Total":12278210,"Under19":3140965,"Under39":3409765,"Under59":3210447,"Under74":1658207,"Over75":858826},"Beds":{"Resuscitation":1147,"IntensiveCare":2512,"Total":3659},"Deaths":12738,"Recovered":57155,"Severe":4750,"Critical":554,"Emergencies":{"Suspected":118,"Total":5284,"Severe":56,"Suspected/Accumulated":91251,"Total/Accumulated":1912768,"Severe/Accumulated":29036},"MedicalActs":{"Suspected":33,"Total":1715,"Suspected/Accumulated":34025,"Total/Accumulated":444123},"PCRTests":{"Total":46138,"Confirmed":2488,"Total/Accumulated":7098075,"Confirmed/Accumulated":580790},"Confirmed":7660,"MedicalTests":{"Total/Accumulated":85340,"Confirmed/Accumulated":18277}},"geometry":{"type":"Point","coordinates":[2.5292589766081885,48.704415292397634]}},{"type":"Feature","properties":{"Country/Region":"France","Province/State":"Centre-Val de Loire","Code":"24","Population":{"Total":2559073,"Under19":598570,"Under39":541141,"Under59":661150,"Under74":478923,"Over75":279289},"Beds":{"Resuscitation":180,"IntensiveCare":346,"Total":526},"Deaths":1471,"Recovered":5996,"Severe":1002,"Critical":116,"Emergencies":{"Suspected":29,"Total":1087,"Severe":13,"Suspected/Accumulated":9699,"Total/Accumulated":415651,"Severe/Accumulated":2754},"MedicalActs":{"Suspected":10,"Total":404,"Suspected/Accumulated":4758,"Total/Accumulated":113001},"PCRTests":{"Total":5883,"Confirmed":456,"Total/Accumulated":1180856,"Confirmed/Accumulated":81448},"Confirmed":1157,"MedicalTests":{"Total/Accumulated":20197,"Confirmed/Accumulated":1858}},"geometry":{"type":"Point","coordinates":[1.6429664800000017,47.54357092799999]}},{"type":"Feature","properties":{"Country/Region":"France","Province/State":"Bourgogne-Franche-Comté","Code":"27","Population":{"Total":2783039,"Under19":627017,"Under39":591411,"Under59":715664,"Under74":540051,"Over75":308896},"Beds":{"Resuscitation":198,"IntensiveCare":642,"Total":840},"Deaths":2971,"Recovered":10997,"Severe":1826,"Critical":177,"Emergencies":{"Suspected":63,"Total":1609,"Severe":36,"Suspected/Accumulated":22206,"Total/Accumulated":547792,"Severe/Accumulated":10225},"MedicalActs":{"Suspected":9,"Total":302,"Suspected/Accumulated":5903,"Total/Accumulated":82571},"PCRTests":{"Total":8090,"Confirmed":703,"Total/Accumulated":1528874,"Confirmed/Accumulated":132151},"Confirmed":1569,"MedicalTests":{"Total/Accumulated":15673,"Confirmed/Accumulated":1330}},"geometry":{"type":"Point","coordinates":[4.731409826897467,47.2969232490013]}},{"type":"Feature","properties":{"Country/Region":"France","Province/State":"Normandie","Code":"28","Population":{"Total":3303500,"Under19":781337,"Under39":727044,"Under59":842963,"Under74":615474,"Over75":336682},"Beds":{"Resuscitation":240,"IntensiveCare":548,"Total":788},"Deaths":1672,"Recovered":6438,"Severe":1276,"Critical":97,"Emergencies":{"Suspected":34,"Total":1602,"Severe":17,"Suspected/Accumulated":9948,"Total/Accumulated":593179,"Severe/Accumulated":4766},"MedicalActs":{"Suspected":33,"Total":575,"Suspected/Accumulated":9833,"Total/Accumulated":145732},"PCRTests":{"Total":8420,"Confirmed":500,"Total/Accumulated":1556115,"Confirmed/Accumulated":100287},"Confirmed":912,"MedicalTests":{"Total/Accumulated":17253,"Confirmed/Accumulated":1385}},"geometry":{"type":"Point","coordinates":[-0.022673401869158984,49.066630336448576]}},{"type":"Feature","properties":{"Country/Region":"France","Province/State":"Hauts-de-France","Code":"32","Population":{"Total":5962662,"Under19":1525538,"Under39":1443348,"Under59":1522690,"Under74":994313,"Over75":476773},"Beds":{"Resuscitation":438,"IntensiveCare":1338,"Total":1776},"Deaths":4842,"Recovered":19239,"Severe":2286,"Critical":246,"Emergencies":{"Suspected":43,"Total":2256,"Severe":15,"Suspected/Accumulated":23428,"Total/Accumulated":897365,"Severe/Accumulated":9185},"MedicalActs":{"Suspected":24,"Total":805,"Suspected/Accumulated":14335,"Total/Accumulated":281534},"PCRTests":{"Total":17813,"Confirmed":1148,"Total/Accumulated":3306941,"Confirmed/Accumulated":277227},"Confirmed":3011,"MedicalTests":{"Total/Accumulated":31790,"Confirmed/Accumulated":3410}},"geometry":{"type":"Point","coordinates":[2.8852615671641804,49.86155781716422]}},{"type":"Feature","properties":{"Country/Region":"France","Province/State":"Grand Est","Code":"44","Population":{"Total":5511747,"Under19":1258123,"Under39":1291962,"Under59":1448828,"Under74":988178,"Over75":524656},"Beds":{"Resuscitation":465,"IntensiveCare":840,"Total":1305},"Deaths":6570,"Recovered":23073,"Severe":3127,"Critical":314,"Emergencies":{"Suspected":87,"Total":2728,"Severe":56,"Suspected/Accumulated":29048,"Total/Accumulated":890900,"Severe/Accumulated":15343},"MedicalActs":{"Suspected":23,"Total":721,"Suspected/Accumulated":13824,"Total/Accumulated":206293},"PCRTests":{"Total":16826,"Confirmed":1172,"Total/Accumulated":3245752,"Confirmed/Accumulated":211492},"Confirmed":5479,"MedicalTests":{"Total/Accumulated":24982,"Confirmed/Accumulated":3702}},"geometry":{"type":"Point","coordinates":[5.509890203045682,48.670969771573546]}},{"type":"Feature","properties":{"Country/Region":"France","Province/State":"Pays de la Loire","Code":"52","Population":{"Total":3801797,"Under19":933509,"Under39":853729,"Under59":970508,"Under74":667531,"Over75":376520},"Beds":{"Resuscitation":181,"IntensiveCare":572,"Total":753},"Deaths":1517,"Recovered":6754,"Severe":868,"Critical":80,"Emergencies":{"Suspected":42,"Total":1434,"Severe":25,"Suspected/Accumulated":15103,"Total/Accumulated":517353,"Severe/Accumulated":8227},"MedicalActs":{"Suspected":19,"Total":616,"Suspected/Accumulated":8397,"Total/Accumulated":155096},"PCRTests":{"Total":9835,"Confirmed":550,"Total/Accumulated":1780327,"Confirmed/Accumulated":104583},"Confirmed":1630,"MedicalTests":{"Total/Accumulated":1941,"Confirmed/Accumulated":78}},"geometry":{"type":"Point","coordinates":[-0.8763313771517983,47.44186302034428]}},{"type":"Feature","properties":{"Country/Region":"France","Province/State":"Bretagne","Code":"53","Population":{"Total":3340379,"Under19":773631,"Under39":714512,"Under59":866988,"Under74":632104,"Over75":353144},"Beds":{"Resuscitation":162,"IntensiveCare":462,"Total":624},"Deaths":799,"Recovered":3659,"Severe":588,"Critical":42,"Emergencies":{"Suspected":22,"Total":1639,"Severe":10,"Suspected/Accumulated":10063,"Total/Accumulated":549372,"Severe/Accumulated":4045},"MedicalActs":{"Suspected":21,"Total":425,"Suspected/Accumulated":5270,"Total/Accumulated":114696},"PCRTests":{"Total":8054,"Confirmed":295,"Total/Accumulated":1375591,"Confirmed/Accumulated":61970},"Confirmed":962,"MedicalTests":{"Total/Accumulated":698,"Confirmed/Accumulated":25}},"geometry":{"type":"Point","coordinates":[-3.104342941176476,48.146701189258316]}},{"type":"Feature","properties":{"Country/Region":"France","Province/State":"Nouvelle-Aquitaine","Code":"75","Population":{"Total":5999982,"Under19":1293321,"Under39":1274746,"Under59":1561754,"Under74":1177229,"Over75":692932},"Beds":{"Resuscitation":412,"IntensiveCare":946,"Total":1358},"Deaths":1971,"Recovered":8583,"Severe":1198,"Critical":153,"Emergencies":{"Suspected":84,"Total":3007,"Severe":60,"Suspected/Accumulated":19448,"Total/Accumulated":1052568,"Severe/Accumulated":9744},"MedicalActs":{"Suspected":41,"Total":1459,"Suspected/Accumulated":19315,"Total/Accumulated":372323},"PCRTests":{"Total":15421,"Confirmed":881,"Total/Accumulated":2783630,"Confirmed/Accumulated":154654},"Confirmed":1007,"MedicalTests":{"Total/Accumulated":33043,"Confirmed/Accumulated":961}},"geometry":{"type":"Point","coordinates":[0.16186906163753495,45.156971701931916]}},{"type":"Feature","properties":{"Country/Region":"France","Province/State":"Occitanie","Code":"76","Population":{"Total":5924858,"Under19":1320456,"Under39":1330125,"Under59":1526711,"Under74":1099893,"Over75":647673},"Beds":{"Resuscitation":474,"IntensiveCare":1206,"Total":1680},"Deaths":2344,"Recovered":11041,"Severe":1382,"Critical":187,"Emergencies":{"Suspected":83,"Total":3185,"Severe":50,"Suspected/Accumulated":19569,"Total/Accumulated":1068185,"Severe/Accumulated":9248},"MedicalActs":{"Suspected":21,"Total":566,"Suspected/Accumulated":7548,"Total/Accumulated":129358},"PCRTests":{"Total":16211,"Confirmed":1056,"Total/Accumulated":3155425,"Confirmed/Accumulated":211756},"Confirmed":2374,"MedicalTests":{"Total/Accumulated":83743,"Confirmed/Accumulated":2680}},"geometry":{"type":"Point","coordinates":[1.988214846153848,43.761180626373644]}},{"type":"Feature","properties":{"Country/Region":"France","Province/State":"Auvergne-Rhône-Alpes","Code":"84","Population":{"Total":8032377,"Under19":1940253,"Under39":1900702,"Under59":2079813,"Under74":1340003,"Over75":771606},"Beds":{"Resuscitation":559,"IntensiveCare":1136,"Total":1695},"Deaths":7373,"Recovered":30537,"Severe":3857,"Critical":408,"Emergencies":{"Suspected":114,"Total":3841,"Severe":65,"Suspected/Accumulated":44091,"Total/Accumulated":1332692,"Severe/Accumulated":20706},"MedicalActs":{"Suspected":39,"Total":1006,"Suspected/Accumulated":25100,"Total/Accumulated":291546},"PCRTests":{"Total":20532,"Confirmed":1561,"Total/Accumulated":4599110,"Confirmed/Accumulated":488992},"Confirmed":2093,"MedicalTests":{"Total/Accumulated":27674,"Confirmed/Accumulated":2153}},"geometry":{"type":"Point","coordinates":[4.515179591651545,45.475403602540794]}},{"type":"Feature","properties":{"Country/Region":"France","Province/State":"Guadeloupe","Code":"01","Population":{"Total":376879,"Under19":90617,"Under39":71707,"Under59":109452,"Under74":70936,"Over75":34167},"Beds":{"Resuscitation":27,"IntensiveCare":68,"Total":95},"Deaths":169,"Recovered":776,"Severe":52,"Critical":4,"Emergencies":{"Suspected":1,"Total":251,"Severe":1,"Suspected/Accumulated":1677,"Total/Accumulated":67370,"Severe/Accumulated":762},"PCRTests":{"Total":289,"Confirmed":11,"Total/Accumulated":93524,"Confirmed/Accumulated":8706},"Confirmed":106,"MedicalTests":{"Total/Accumulated":51,"Confirmed/Accumulated":17}},"geometry":{"type":"Point","coordinates":[-61.493846272189366,16.20469674556213]}},{"type":"Feature","properties":{"Country/Region":"France","Province/State":"Martinique","Code":"02","Population":{"Total":358749,"Under19":77005,"Under39":65776,"Under59":105638,"Under74":72163,"Over75":38167},"Beds":{"Resuscitation":26,"IntensiveCare":58,"Total":84},"Deaths":44,"Recovered":376,"Severe":14,"Critical":2,"MedicalActs":{"Total":78,"Suspected/Accumulated":643,"Total/Accumulated":34429},"PCRTests":{"Total":392,"Confirmed":5,"Total/Accumulated":110155,"Confirmed/Accumulated":6093},"Confirmed":111,"MedicalTests":{"Total/Accumulated":29,"Confirmed/Accumulated":6}},"geometry":{"type":"Point","coordinates":[-60.98265692913386,14.6217557480315]}},{"type":"Feature","properties":{"Country/Region":"France","Province/State":"Provence-Alpes-Côte d'Azur","Code":"93","Population":{"Total":5055651,"Under19":1128765,"Under39":1109058,"Under59":1309879,"Under74":927347,"Over75":580602},"Beds":{"Resuscitation":460,"IntensiveCare":802,"Total":1262},"Deaths":3990,"Recovered":20534,"Severe":2623,"Critical":327,"Emergencies":{"Suspected":134,"Total":3308,"Severe":84,"Suspected/Accumulated":28679,"Total/Accumulated":1058101,"Severe/Accumulated":15859},"MedicalActs":{"Suspected":50,"Total":1030,"Suspected/Accumulated":17137,"Total/Accumulated":261402},"PCRTests":{"Total":20089,"Confirmed":1454,"Total/Accumulated":3542089,"Confirmed/Accumulated":257142},"Confirmed":1927,"MedicalTests":{"Total/Accumulated":80858,"Confirmed/Accumulated":4204}},"geometry":{"type":"Point","coordinates":[5.940587832647462,43.96417941015098]}},{"type":"Feature","properties":{"Country/Region":"France","Province/State":"Corse","Code":"94","Population":{"Total":344679,"Under19":68555,"Under39":76985,"Under59":93175,"Under74":65675,"Over75":40289},"Beds":{"Resuscitation":18,"IntensiveCare":42,"Total":60},"Deaths":117,"Recovered":530,"Severe":37,"Critical":10,"Emergencies":{"Suspected":3,"Total":184,"Severe":1,"Suspected/Accumulated":2696,"Total/Accumulated":70258,"Severe/Accumulated":2364},"MedicalActs":{"Suspected":3,"Total":119,"Suspected/Accumulated":1531,"Total/Accumulated":25495},"PCRTests":{"Total":1574,"Confirmed":17,"Total/Accumulated":220571,"Confirmed/Accumulated":7834},"Confirmed":263},"geometry":{"type":"Point","coordinates":[9.019688964401293,42.118564077669916]}},{"type":"Feature","properties":{"Country/Region":"France","Province/State":"Guyane","Code":"03","Population":{"Total":290691,"Under19":120681,"Under39":80023,"Under59":61783,"Under74":22111,"Over75":6093},"Beds":{"Resuscitation":13,"IntensiveCare":12,"Total":25},"Deaths":71,"Recovered":2038,"Severe":38,"Critical":5,"Emergencies":{"Suspected":10,"Total":216,"Severe":6,"Suspected/Accumulated":2266,"Total/Accumulated":63422,"Severe/Accumulated":1026},"PCRTests":{"Total":754,"Confirmed":52,"Total/Accumulated":125285,"Confirmed/Accumulated":13638},"Confirmed":43,"MedicalTests":{"Total/Accumulated":35,"Confirmed/Accumulated":4}},"geometry":{"type":"Point","coordinates":[-53.41731165390502,3.588901056661561]}},{"type":"Feature","properties":{"Country/Region":"France","Province/State":"La Réunion","Code":"04","Population":{"Total":859959,"Under19":256143,"Under39":202783,"Under59":239212,"Under74":117045,"Over75":44776},"Beds":{"Resuscitation":52,"IntensiveCare":154,"Total":206},"Deaths":54,"Recovered":735,"Severe":53,"Critical":6,"Emergencies":{"Suspected":2,"Total":425,"Severe":2,"Suspected/Accumulated":913,"Total/Accumulated":121396,"Severe/Accumulated":536},"PCRTests":{"Total":1816,"Confirmed":29,"Total/Accumulated":338235,"Confirmed/Accumulated":9611},"Confirmed":94,"MedicalTests":{"Total/Accumulated":19,"Confirmed/Accumulated":1}},"geometry":{"type":"Point","coordinates":[55.52943947368424,-21.1374047368421]}},{"type":"Feature","properties":{"Country/Region":"France","Province/State":"Mayotte","Code":"06","Population":{"Total":279471,"Under19":150257,"Under39":74348,"Under59":42900,"Under74":9521,"Over75":2445},"Beds":{"Resuscitation":6,"IntensiveCare":0,"Total":6},"Deaths":44,"Recovered":564,"Severe":8,"Critical":3,"Emergencies":{"Suspected":2,"Total":131,"Severe":1,"Suspected/Accumulated":2005,"Total/Accumulated":34369,"Severe/Accumulated":295},"PCRTests":{"Total":460,"Confirmed":63,"Total/Accumulated":52515,"Confirmed/Accumulated":5146},"Confirmed":128,"MedicalTests":{"Total/Accumulated":4,"Confirmed/Accumulated":1}},"geometry":{"type":"Point","coordinates":[45.14160071428572,-12.835344166666673]}}]}