{"type":"FeatureCollection","features":[{"type":"Feature","properties":{"Country/Region":"France","Province/State":"Île-de-France","Code":"11","Population":{"Total":12278210,"Under19":3140965,"Under39":3409765,"Under59":3210447,"Under74":1658207,"Over75":858826},"Beds":{"Resuscitation":1147,"IntensiveCare":2512,"Total":3659},"Deaths":4319,"Recovered":11279,"Severe":13209,"Critical":2668,"Emergencies":{"Suspected":607,"Total":3950,"Severe":192,"Suspected/Accumulated":38010,"Total/Accumulated":247253,"Severe/Accumulated":12813},"MedicalActs":{"Suspected":107,"Total":826,"Suspected/Accumulated":9506,"Total/Accumulated":71980},"MedicalTests":{"Total":2465,"Confirmed":484,"Total/Accumulated":40674,"Confirmed/Accumulated":14601},"Confirmed":7660},"geometry":{"type":"Point","coordinates":[2.5292589766081885,48.704415292397634]}},{"type":"Feature","properties":{"Country/Region":"France","Province/State":"Centre-Val de Loire","Code":"24","Population":{"Total":2559073,"Under19":598570,"Under39":541141,"Under59":661150,"Under74":478923,"Over75":279289},"Beds":{"Resuscitation":180,"IntensiveCare":346,"Total":526},"Deaths":252,"Recovered":770,"Severe":996,"Critical":213,"Emergencies":{"Suspected":107,"Total":994,"Severe":13,"Suspected/Accumulated":2645,"Total/Accumulated":49427,"Severe/Accumulated":744},"MedicalActs":{"Suspected":11,"Total":186,"Suspected/Accumulated":633,"Total/Accumulated":14033},"MedicalTests":{"Total":369,"Confirmed":31,"Total/Accumulated":6461,"Confirmed/Accumulated":1388},"Confirmed":1157},"geometry":{"type":"Point","coordinates":[1.6429664800000017,47.54357092799999]}},{"type":"Feature","properties":{"Country/Region":"France","Province/State":"Bourgogne-Franche-Comté","Code":"27","Population":{"Total":2783039,"Under19":627017,"Under39":591411,"Under59":715664,"Under74":540051,"Over75":308896},"Beds":{"Resuscitation":198,"IntensiveCare":642,"Total":840},"Deaths":607,"Recovered":1659,"Severe":1370,"Critical":295,"Emergencies":{"Suspected":164,"Total":1175,"Severe":70,"Suspected/Accumulated":7787,"Total/Accumulated":63149,"Severe/Accumulated":3161},"MedicalActs":{"Suspected":13,"Total":145,"Suspected/Accumulated":1315,"Total/Accumulated":11843},"MedicalTests":{"Total":360,"Confirmed":27,"Total/Accumulated":5428,"Confirmed/Accumulated":980},"Confirmed":1569},"geometry":{"type":"Point","coordinates":[4.731409826897467,47.2969232490013]}},{"type":"Feature","properties":{"Country/Region":"France","Province/State":"Normandie","Code":"28","Population":{"Total":3303500,"Under19":781337,"Under39":727044,"Under59":842963,"Under74":615474,"Over75":336682},"Beds":{"Resuscitation":240,"IntensiveCare":548,"Total":788},"Deaths":252,"Recovered":706,"Severe":741,"Critical":225,"Emergencies":{"Suspected":67,"Total":1289,"Severe":34,"Suspected/Accumulated":2895,"Total/Accumulated":68577,"Severe/Accumulated":990},"MedicalActs":{"Suspected":21,"Total":225,"Suspected/Accumulated":1988,"Total/Accumulated":20267},"MedicalTests":{"Total":420,"Confirmed":55,"Total/Accumulated":6844,"Confirmed/Accumulated":1051},"Confirmed":912},"geometry":{"type":"Point","coordinates":[-0.022673401869158984,49.066630336448576]}},{"type":"Feature","properties":{"Country/Region":"France","Province/State":"Hauts-de-France","Code":"32","Population":{"Total":5962662,"Under19":1525538,"Under39":1443348,"Under59":1522690,"Under74":994313,"Over75":476773},"Beds":{"Resuscitation":438,"IntensiveCare":1338,"Total":1776},"Deaths":1006,"Recovered":2515,"Severe":2552,"Critical":583,"Emergencies":{"Suspected":165,"Total":2052,"Severe":81,"Suspected/Accumulated":7991,"Total/Accumulated":105505,"Severe/Accumulated":2823},"MedicalActs":{"Suspected":33,"Total":423,"Suspected/Accumulated":2998,"Total/Accumulated":40530},"MedicalTests":{"Total":526,"Confirmed":75,"Total/Accumulated":8545,"Confirmed/Accumulated":2277},"Confirmed":3011},"geometry":{"type":"Point","coordinates":[2.8852615671641804,49.86155781716422]}},{"type":"Feature","properties":{"Country/Region":"France","Province/State":"Grand Est","Code":"44","Population":{"Total":5511747,"Under19":1258123,"Under39":1291962,"Under59":1448828,"Under74":988178,"Over75":524656},"Beds":{"Resuscitation":465,"IntensiveCare":840,"Total":1305},"Deaths":2306,"Recovered":5618,"Severe":4993,"Critical":971,"Emergencies":{"Suspected":186,"Total":1939,"Severe":71,"Suspected/Accumulated":12717,"Total/Accumulated":108934,"Severe/Accumulated":6369},"MedicalActs":{"Suspected":54,"Total":481,"Suspected/Accumulated":4602,"Total/Accumulated":33705},"MedicalTests":{"Total":1116,"Confirmed":162,"Total/Accumulated":12732,"Confirmed/Accumulated":3101},"Confirmed":5479},"geometry":{"type":"Point","coordinates":[5.509890203045682,48.670969771573546]}},{"type":"Feature","properties":{"Country/Region":"France","Province/State":"Pays de la Loire","Code":"52","Population":{"Total":3801797,"Under19":933509,"Under39":853729,"Under59":970508,"Under74":667531,"Over75":376520},"Beds":{"Resuscitation":181,"IntensiveCare":572,"Total":753},"Deaths":235,"Recovered":876,"Severe":823,"Critical":182,"Emergencies":{"Suspected":98,"Total":1111,"Severe":42,"Suspected/Accumulated":4915,"Total/Accumulated":56942,"Severe/Accumulated":2205},"MedicalActs":{"Suspected":35,"Total":350,"Suspected/Accumulated":2132,"Total/Accumulated":21310},"MedicalTests":{"Total":10,"Confirmed":1,"Total/Accumulated":558,"Confirmed/Accumulated":60},"Confirmed":1630},"geometry":{"type":"Point","coordinates":[-0.8763313771517983,47.44186302034428]}},{"type":"Feature","properties":{"Country/Region":"France","Province/State":"Bretagne","Code":"53","Population":{"Total":3340379,"Under19":773631,"Under39":714512,"Under59":866988,"Under74":632104,"Over75":353144},"Beds":{"Resuscitation":162,"IntensiveCare":462,"Total":624},"Deaths":166,"Recovered":576,"Severe":514,"Critical":141,"Emergencies":{"Suspected":53,"Total":1250,"Severe":38,"Suspected/Accumulated":3556,"Total/Accumulated":62990,"Severe/Accumulated":1086},"MedicalActs":{"Suspected":14,"Total":208,"Suspected/Accumulated":815,"Total/Accumulated":16708},"MedicalTests":{"Total":6,"Confirmed":1,"Total/Accumulated":145,"Confirmed/Accumulated":17},"Confirmed":962},"geometry":{"type":"Point","coordinates":[-3.104342941176476,48.146701189258316]}},{"type":"Feature","properties":{"Country/Region":"France","Province/State":"Nouvelle-Aquitaine","Code":"75","Population":{"Total":5999982,"Under19":1293321,"Under39":1274746,"Under59":1561754,"Under74":1177229,"Over75":692932},"Beds":{"Resuscitation":412,"IntensiveCare":946,"Total":1358},"Deaths":220,"Recovered":973,"Severe":866,"Critical":264,"Emergencies":{"Suspected":120,"Total":2301,"Severe":53,"Suspected/Accumulated":7046,"Total/Accumulated":116507,"Severe/Accumulated":2884},"MedicalActs":{"Suspected":63,"Total":768,"Suspected/Accumulated":5137,"Total/Accumulated":53976},"MedicalTests":{"Total":568,"Confirmed":12,"Total/Accumulated":8398,"Confirmed/Accumulated":618},"Confirmed":1007},"geometry":{"type":"Point","coordinates":[0.16186906163753495,45.156971701931916]}},{"type":"Feature","properties":{"Country/Region":"France","Province/State":"Occitanie","Code":"76","Population":{"Total":5924858,"Under19":1320456,"Under39":1330125,"Under59":1526711,"Under74":1099893,"Over75":647673},"Beds":{"Resuscitation":474,"IntensiveCare":1206,"Total":1680},"Deaths":281,"Recovered":1526,"Severe":1047,"Critical":336,"Emergencies":{"Suspected":89,"Total":2257,"Severe":37,"Suspected/Accumulated":5500,"Total/Accumulated":118918,"Severe/Accumulated":2475},"MedicalActs":{"Suspected":14,"Total":228,"Suspected/Accumulated":1906,"Total/Accumulated":18857},"MedicalTests":{"Total":244,"Confirmed":10,"Total/Accumulated":3714,"Confirmed/Accumulated":363},"Confirmed":2374},"geometry":{"type":"Point","coordinates":[1.988214846153848,43.761180626373644]}},{"type":"Feature","properties":{"Country/Region":"France","Province/State":"Auvergne-Rhône-Alpes","Code":"84","Population":{"Total":8032377,"Under19":1940253,"Under39":1900702,"Under59":2079813,"Under74":1340003,"Over75":771606},"Beds":{"Resuscitation":559,"IntensiveCare":1136,"Total":1695},"Deaths":927,"Recovered":3460,"Severe":3055,"Critical":783,"Emergencies":{"Suspected":214,"Total":2901,"Severe":88,"Suspected/Accumulated":11691,"Total/Accumulated":153222,"Severe/Accumulated":5119},"MedicalActs":{"Suspected":58,"Total":594,"Suspected/Accumulated":4644,"Total/Accumulated":41451},"MedicalTests":{"Total":362,"Confirmed":56,"Total/Accumulated":8215,"Confirmed/Accumulated":1505},"Confirmed":2093},"geometry":{"type":"Point","coordinates":[4.515179591651545,45.475403602540794]}},{"type":"Feature","properties":{"Country/Region":"France","Province/State":"Guadeloupe","Code":"01","Population":{"Total":376879,"Under19":90617,"Under39":71707,"Under59":109452,"Under74":70936,"Over75":34167},"Beds":{"Resuscitation":27,"IntensiveCare":68,"Total":95},"Deaths":10,"Recovered":59,"Severe":44,"Critical":20,"Emergencies":{"Suspected":3,"Total":124,"Severe":2,"Suspected/Accumulated":143,"Total/Accumulated":7971,"Severe/Accumulated":69},"Confirmed":106,"MedicalTests":{"Total/Accumulated":27,"Confirmed/Accumulated":13}},"geometry":{"type":"Point","coordinates":[-61.493846272189366,16.20469674556213]}},{"type":"Feature","properties":{"Country/Region":"France","Province/State":"Martinique","Code":"02","Population":{"Total":358749,"Under19":77005,"Under39":65776,"Under59":105638,"Under74":72163,"Over75":38167},"Beds":{"Resuscitation":26,"IntensiveCare":58,"Total":84},"Deaths":6,"Recovered":55,"Severe":64,"Critical":21,"MedicalActs":{"Suspected":3,"Total":86,"Suspected/Accumulated":88,"Total/Accumulated":5249},"MedicalTests":{"Total":1,"Total/Accumulated":16,"Confirmed/Accumulated":4},"Confirmed":111},"geometry":{"type":"Point","coordinates":[-60.98265692913386,14.6217557480315]}},{"type":"Feature","properties":{"Country/Region":"France","Province/State":"Provence-Alpes-Côte d'Azur","Code":"93","Population":{"Total":5055651,"Under19":1128765,"Under39":1109058,"Under59":1309879,"Under74":927347,"Over75":580602},"Beds":{"Resuscitation":460,"IntensiveCare":802,"Total":1262},"Deaths":421,"Recovered":2454,"Severe":1909,"Critical":441,"Emergencies":{"Suspected":153,"Total":2172,"Severe":96,"Suspected/Accumulated":7459,"Total/Accumulated":121084,"Severe/Accumulated":3826},"MedicalActs":{"Suspected":65,"Total":594,"Suspected/Accumulated":4139,"Total/Accumulated":37820},"MedicalTests":{"Total":2168,"Confirmed":63,"Total/Accumulated":26842,"Confirmed/Accumulated":2549},"Confirmed":1927},"geometry":{"type":"Point","coordinates":[5.940587832647462,43.96417941015098]}},{"type":"Feature","properties":{"Country/Region":"France","Province/State":"Corse","Code":"94","Population":{"Total":344679,"Under19":68555,"Under39":76985,"Under59":93175,"Under74":65675,"Over75":40289},"Beds":{"Resuscitation":18,"IntensiveCare":42,"Total":60},"Deaths":41,"Recovered":134,"Severe":108,"Critical":26,"Emergencies":{"Suspected":41,"Total":149,"Severe":41,"Suspected/Accumulated":1431,"Total/Accumulated":7157,"Severe/Accumulated":1380},"MedicalActs":{"Suspected":4,"Total":26,"Suspected/Accumulated":380,"Total/Accumulated":2138},"Confirmed":263},"geometry":{"type":"Point","coordinates":[9.019688964401293,42.118564077669916]}},{"type":"Feature","properties":{"Country/Region":"France","Province/State":"Guyane","Code":"03","Population":{"Total":290691,"Under19":120681,"Under39":80023,"Under59":61783,"Under74":22111,"Over75":6093},"Beds":{"Resuscitation":13,"IntensiveCare":12,"Total":25},"Recovered":24,"Severe":19,"Critical":1,"Confirmed":43,"Emergencies":{"Suspected/Accumulated":40,"Total/Accumulated":8247,"Severe/Accumulated":10},"MedicalTests":{"Total/Accumulated":24,"Confirmed/Accumulated":3}},"geometry":{"type":"Point","coordinates":[-53.41731165390502,3.588901056661561]}},{"type":"Feature","properties":{"Country/Region":"France","Province/State":"La Réunion","Code":"04","Population":{"Total":859959,"Under19":256143,"Under39":202783,"Under59":239212,"Under74":117045,"Over75":44776},"Beds":{"Resuscitation":52,"IntensiveCare":154,"Total":206},"Recovered":83,"Severe":57,"Critical":6,"Emergencies":{"Suspected":3,"Total":333,"Severe":3,"Suspected/Accumulated":222,"Total/Accumulated":16353,"Severe/Accumulated":157},"MedicalTests":{"Total":1,"Total/Accumulated":5},"Confirmed":94},"geometry":{"type":"Point","coordinates":[55.52943947368424,-21.1374047368421]}},{"type":"Feature","properties":{"Country/Region":"France","Province/State":"Mayotte","Code":"06","Population":{"Total":279471,"Under19":150257,"Under39":74348,"Under59":42900,"Under74":9521,"Over75":2445},"Beds":{"Resuscitation":6,"IntensiveCare":0,"Total":6},"Deaths":4,"Recovered":39,"Severe":22,"Critical":6,"Emergencies":{"Suspected":17,"Total":92,"Severe":5,"Suspected/Accumulated":251,"Total/Accumulated":4489,"Severe/Accumulated":64},"Confirmed":128,"MedicalTests":{"Total/Accumulated":2,"Confirmed/Accumulated":1}},"geometry":{"type":"Point","coordinates":[45.14160071428572,-12.835344166666673]}}]}