{"type":"FeatureCollection","features":[{"type":"Feature","properties":{"Country/Region":"France","Province/State":"Île-de-France","Code":"11","Population":{"Total":12278210,"Under19":3140965,"Under39":3409765,"Under59":3210447,"Under74":1658207,"Over75":858826},"Beds":{"Resuscitation":1147,"IntensiveCare":2512,"Total":3659},"Deaths":8013,"Recovered":34114,"Severe":1929,"Critical":339,"Emergencies":{"Suspected":243,"Total":6707,"Severe":74,"Suspected/Accumulated":64564,"Total/Accumulated":1233983,"Severe/Accumulated":18476},"MedicalActs":{"Suspected":121,"Total":1378,"Suspected/Accumulated":21265,"Total/Accumulated":271429},"PCRTests":{"Total":33269,"Confirmed":3595,"Total/Accumulated":2183714,"Confirmed/Accumulated":117117},"Confirmed":7660,"MedicalTests":{"Total/Accumulated":85340,"Confirmed/Accumulated":18277}},"geometry":{"type":"Point","coordinates":[2.5292589766081885,48.704415292397634]}},{"type":"Feature","properties":{"Country/Region":"France","Province/State":"Centre-Val de Loire","Code":"24","Population":{"Total":2559073,"Under19":598570,"Under39":541141,"Under59":661150,"Under74":478923,"Over75":279289},"Beds":{"Resuscitation":180,"IntensiveCare":346,"Total":526},"Deaths":592,"Recovered":2520,"Severe":135,"Critical":23,"Emergencies":{"Suspected":20,"Total":1377,"Severe":6,"Suspected/Accumulated":6194,"Total/Accumulated":277226,"Severe/Accumulated":1579},"MedicalActs":{"Suspected":9,"Total":387,"Suspected/Accumulated":2623,"Total/Accumulated":70638},"PCRTests":{"Total":4702,"Confirmed":243,"Total/Accumulated":329403,"Confirmed/Accumulated":9208},"Confirmed":1157,"MedicalTests":{"Total/Accumulated":20197,"Confirmed/Accumulated":1858}},"geometry":{"type":"Point","coordinates":[1.6429664800000017,47.54357092799999]}},{"type":"Feature","properties":{"Country/Region":"France","Province/State":"Bourgogne-Franche-Comté","Code":"27","Population":{"Total":2783039,"Under19":627017,"Under39":591411,"Under59":715664,"Under74":540051,"Over75":308896},"Beds":{"Resuscitation":198,"IntensiveCare":642,"Total":840},"Deaths":1079,"Recovered":4232,"Severe":110,"Critical":17,"Emergencies":{"Suspected":27,"Total":1795,"Severe":9,"Suspected/Accumulated":13211,"Total/Accumulated":362475,"Severe/Accumulated":5329},"MedicalActs":{"Suspected":18,"Total":273,"Suspected/Accumulated":3324,"Total/Accumulated":51335},"PCRTests":{"Total":6221,"Confirmed":270,"Total/Accumulated":390787,"Confirmed/Accumulated":9117},"Confirmed":1569,"MedicalTests":{"Total/Accumulated":15673,"Confirmed/Accumulated":1330}},"geometry":{"type":"Point","coordinates":[4.731409826897467,47.2969232490013]}},{"type":"Feature","properties":{"Country/Region":"France","Province/State":"Normandie","Code":"28","Population":{"Total":3303500,"Under19":781337,"Under39":727044,"Under59":842963,"Under74":615474,"Over75":336682},"Beds":{"Resuscitation":240,"IntensiveCare":548,"Total":788},"Deaths":465,"Recovered":2048,"Severe":212,"Critical":31,"Emergencies":{"Suspected":33,"Total":2056,"Severe":19,"Suspected/Accumulated":6014,"Total/Accumulated":386492,"Severe/Accumulated":2631},"MedicalActs":{"Suspected":54,"Total":510,"Suspected/Accumulated":6044,"Total/Accumulated":89319},"PCRTests":{"Total":6429,"Confirmed":451,"Total/Accumulated":433549,"Confirmed/Accumulated":12385},"Confirmed":912,"MedicalTests":{"Total/Accumulated":17253,"Confirmed/Accumulated":1385}},"geometry":{"type":"Point","coordinates":[-0.022673401869158984,49.066630336448576]}},{"type":"Feature","properties":{"Country/Region":"France","Province/State":"Hauts-de-France","Code":"32","Population":{"Total":5962662,"Under19":1525538,"Under39":1443348,"Under59":1522690,"Under74":994313,"Over75":476773},"Beds":{"Resuscitation":438,"IntensiveCare":1338,"Total":1776},"Deaths":2000,"Recovered":7751,"Severe":573,"Critical":86,"Emergencies":{"Suspected":56,"Total":3249,"Severe":16,"Suspected/Accumulated":14606,"Total/Accumulated":590943,"Severe/Accumulated":5145},"MedicalActs":{"Suspected":56,"Total":1083,"Suspected/Accumulated":8161,"Total/Accumulated":176893},"PCRTests":{"Total":17730,"Confirmed":1393,"Total/Accumulated":924637,"Confirmed/Accumulated":37470},"Confirmed":3011,"MedicalTests":{"Total/Accumulated":31790,"Confirmed/Accumulated":3410}},"geometry":{"type":"Point","coordinates":[2.8852615671641804,49.86155781716422]}},{"type":"Feature","properties":{"Country/Region":"France","Province/State":"Grand Est","Code":"44","Population":{"Total":5511747,"Under19":1258123,"Under39":1291962,"Under59":1448828,"Under74":988178,"Over75":524656},"Beds":{"Resuscitation":465,"IntensiveCare":840,"Total":1305},"Deaths":3726,"Recovered":13625,"Severe":277,"Critical":35,"Emergencies":{"Suspected":20,"Total":3030,"Severe":16,"Suspected/Accumulated":19032,"Total/Accumulated":586588,"Severe/Accumulated":9175},"MedicalActs":{"Suspected":30,"Total":578,"Suspected/Accumulated":9077,"Total/Accumulated":132195},"PCRTests":{"Total":11528,"Confirmed":359,"Total/Accumulated":882174,"Confirmed/Accumulated":16868},"Confirmed":5479,"MedicalTests":{"Total/Accumulated":24982,"Confirmed/Accumulated":3702}},"geometry":{"type":"Point","coordinates":[5.509890203045682,48.670969771573546]}},{"type":"Feature","properties":{"Country/Region":"France","Province/State":"Pays de la Loire","Code":"52","Population":{"Total":3801797,"Under19":933509,"Under39":853729,"Under59":970508,"Under74":667531,"Over75":376520},"Beds":{"Resuscitation":181,"IntensiveCare":572,"Total":753},"Deaths":508,"Recovered":2596,"Severe":168,"Critical":23,"Emergencies":{"Suspected":25,"Total":1830,"Severe":13,"Suspected/Accumulated":10349,"Total/Accumulated":337041,"Severe/Accumulated":5334},"MedicalActs":{"Suspected":29,"Total":462,"Suspected/Accumulated":5723,"Total/Accumulated":99647},"PCRTests":{"Total":8096,"Confirmed":396,"Total/Accumulated":537893,"Confirmed/Accumulated":14667},"Confirmed":1630,"MedicalTests":{"Total/Accumulated":1941,"Confirmed/Accumulated":78}},"geometry":{"type":"Point","coordinates":[-0.8763313771517983,47.44186302034428]}},{"type":"Feature","properties":{"Country/Region":"France","Province/State":"Bretagne","Code":"53","Population":{"Total":3340379,"Under19":773631,"Under39":714512,"Under59":866988,"Under74":632104,"Over75":353144},"Beds":{"Resuscitation":162,"IntensiveCare":462,"Total":624},"Deaths":282,"Recovered":1492,"Severe":181,"Critical":13,"Emergencies":{"Suspected":22,"Total":1911,"Severe":7,"Suspected/Accumulated":6973,"Total/Accumulated":359208,"Severe/Accumulated":2566},"MedicalActs":{"Suspected":14,"Total":348,"Suspected/Accumulated":3282,"Total/Accumulated":74278},"PCRTests":{"Total":6536,"Confirmed":317,"Total/Accumulated":426619,"Confirmed/Accumulated":10493},"Confirmed":962,"MedicalTests":{"Total/Accumulated":698,"Confirmed/Accumulated":25}},"geometry":{"type":"Point","coordinates":[-3.104342941176476,48.146701189258316]}},{"type":"Feature","properties":{"Country/Region":"France","Province/State":"Nouvelle-Aquitaine","Code":"75","Population":{"Total":5999982,"Under19":1293321,"Under39":1274746,"Under59":1561754,"Under74":1177229,"Over75":692932},"Beds":{"Resuscitation":412,"IntensiveCare":946,"Total":1358},"Deaths":481,"Recovered":2673,"Severe":300,"Critical":59,"Emergencies":{"Suspected":35,"Total":3370,"Severe":14,"Suspected/Accumulated":12569,"Total/Accumulated":699538,"Severe/Accumulated":5281},"MedicalActs":{"Suspected":50,"Total":1062,"Suspected/Accumulated":13159,"Total/Accumulated":237666},"PCRTests":{"Total":12032,"Confirmed":718,"Total/Accumulated":775616,"Confirmed/Accumulated":24960},"Confirmed":1007,"MedicalTests":{"Total/Accumulated":33043,"Confirmed/Accumulated":961}},"geometry":{"type":"Point","coordinates":[0.16186906163753495,45.156971701931916]}},{"type":"Feature","properties":{"Country/Region":"France","Province/State":"Occitanie","Code":"76","Population":{"Total":5924858,"Under19":1320456,"Under39":1330125,"Under59":1526711,"Under74":1099893,"Over75":647673},"Beds":{"Resuscitation":474,"IntensiveCare":1206,"Total":1680},"Deaths":581,"Recovered":3593,"Severe":349,"Critical":99,"Emergencies":{"Suspected":52,"Total":3507,"Severe":31,"Suspected/Accumulated":11159,"Total/Accumulated":712866,"Severe/Accumulated":4744},"MedicalActs":{"Suspected":28,"Total":380,"Suspected/Accumulated":4707,"Total/Accumulated":82312},"PCRTests":{"Total":16116,"Confirmed":1150,"Total/Accumulated":908169,"Confirmed/Accumulated":34388},"Confirmed":2374,"MedicalTests":{"Total/Accumulated":83743,"Confirmed/Accumulated":2680}},"geometry":{"type":"Point","coordinates":[1.988214846153848,43.761180626373644]}},{"type":"Feature","properties":{"Country/Region":"France","Province/State":"Auvergne-Rhône-Alpes","Code":"84","Population":{"Total":8032377,"Under19":1940253,"Under39":1900702,"Under59":2079813,"Under74":1340003,"Over75":771606},"Beds":{"Resuscitation":559,"IntensiveCare":1136,"Total":1695},"Deaths":1886,"Recovered":9231,"Severe":793,"Critical":130,"Emergencies":{"Suspected":87,"Total":4659,"Severe":43,"Suspected/Accumulated":21002,"Total/Accumulated":881806,"Severe/Accumulated":8297},"MedicalActs":{"Suspected":70,"Total":928,"Suspected/Accumulated":12977,"Total/Accumulated":182782},"PCRTests":{"Total":20078,"Confirmed":1763,"Total/Accumulated":1071636,"Confirmed/Accumulated":44214},"Confirmed":2093,"MedicalTests":{"Total/Accumulated":27674,"Confirmed/Accumulated":2153}},"geometry":{"type":"Point","coordinates":[4.515179591651545,45.475403602540794]}},{"type":"Feature","properties":{"Country/Region":"France","Province/State":"Guadeloupe","Code":"01","Population":{"Total":376879,"Under19":90617,"Under39":71707,"Under59":109452,"Under74":70936,"Over75":34167},"Beds":{"Resuscitation":27,"IntensiveCare":68,"Total":95},"Deaths":59,"Recovered":277,"Severe":144,"Critical":28,"Emergencies":{"Suspected":22,"Total":223,"Severe":16,"Suspected/Accumulated":1042,"Total/Accumulated":42054,"Severe/Accumulated":440},"PCRTests":{"Total":527,"Confirmed":109,"Total/Accumulated":46994,"Confirmed/Accumulated":5228},"Confirmed":106,"MedicalTests":{"Total/Accumulated":51,"Confirmed/Accumulated":17}},"geometry":{"type":"Point","coordinates":[-61.493846272189366,16.20469674556213]}},{"type":"Feature","properties":{"Country/Region":"France","Province/State":"Martinique","Code":"02","Population":{"Total":358749,"Under19":77005,"Under39":65776,"Under59":105638,"Under74":72163,"Over75":38167},"Beds":{"Resuscitation":26,"IntensiveCare":58,"Total":84},"Deaths":20,"Recovered":126,"Severe":27,"Critical":11,"MedicalActs":{"Total":147,"Suspected/Accumulated":332,"Total/Accumulated":21934},"PCRTests":{"Total":747,"Confirmed":65,"Total/Accumulated":48245,"Confirmed/Accumulated":1414},"Confirmed":111,"MedicalTests":{"Total/Accumulated":29,"Confirmed/Accumulated":6}},"geometry":{"type":"Point","coordinates":[-60.98265692913386,14.6217557480315]}},{"type":"Feature","properties":{"Country/Region":"France","Province/State":"Provence-Alpes-Côte d'Azur","Code":"93","Population":{"Total":5055651,"Under19":1128765,"Under39":1109058,"Under59":1309879,"Under74":927347,"Over75":580602},"Beds":{"Resuscitation":460,"IntensiveCare":802,"Total":1262},"Deaths":1111,"Recovered":7772,"Severe":788,"Critical":168,"Emergencies":{"Suspected":72,"Total":3577,"Severe":45,"Suspected/Accumulated":14853,"Total/Accumulated":712239,"Severe/Accumulated":7330},"MedicalActs":{"Suspected":52,"Total":760,"Suspected/Accumulated":10618,"Total/Accumulated":166462},"PCRTests":{"Total":15310,"Confirmed":1017,"Total/Accumulated":1053773,"Confirmed/Accumulated":48223},"Confirmed":1927,"MedicalTests":{"Total/Accumulated":80858,"Confirmed/Accumulated":4204}},"geometry":{"type":"Point","coordinates":[5.940587832647462,43.96417941015098]}},{"type":"Feature","properties":{"Country/Region":"France","Province/State":"Corse","Code":"94","Population":{"Total":344679,"Under19":68555,"Under39":76985,"Under59":93175,"Under74":65675,"Over75":40289},"Beds":{"Resuscitation":18,"IntensiveCare":42,"Total":60},"Deaths":63,"Recovered":288,"Severe":28,"Critical":4,"Emergencies":{"Total":237,"Suspected/Accumulated":2331,"Total/Accumulated":49303,"Severe/Accumulated":2126},"MedicalActs":{"Suspected":9,"Total":97,"Suspected/Accumulated":939,"Total/Accumulated":13615},"PCRTests":{"Total":883,"Confirmed":29,"Total/Accumulated":59668,"Confirmed/Accumulated":1392},"Confirmed":263},"geometry":{"type":"Point","coordinates":[9.019688964401293,42.118564077669916]}},{"type":"Feature","properties":{"Country/Region":"France","Province/State":"Guyane","Code":"03","Population":{"Total":290691,"Under19":120681,"Under39":80023,"Under59":61783,"Under74":22111,"Over75":6093},"Beds":{"Resuscitation":13,"IntensiveCare":12,"Total":25},"Deaths":61,"Recovered":1701,"Severe":19,"Critical":6,"Emergencies":{"Total":240,"Suspected/Accumulated":1908,"Total/Accumulated":38845,"Severe/Accumulated":902},"PCRTests":{"Total":439,"Confirmed":27,"Total/Accumulated":57526,"Confirmed/Accumulated":8550},"Confirmed":43,"MedicalTests":{"Total/Accumulated":35,"Confirmed/Accumulated":4}},"geometry":{"type":"Point","coordinates":[-53.41731165390502,3.588901056661561]}},{"type":"Feature","properties":{"Country/Region":"France","Province/State":"La Réunion","Code":"04","Population":{"Total":859959,"Under19":256143,"Under39":202783,"Under59":239212,"Under74":117045,"Over75":44776},"Beds":{"Resuscitation":52,"IntensiveCare":154,"Total":206},"Deaths":16,"Recovered":368,"Severe":69,"Critical":17,"Emergencies":{"Suspected":7,"Total":384,"Severe":2,"Suspected/Accumulated":457,"Total/Accumulated":79105,"Severe/Accumulated":281},"PCRTests":{"Total":2481,"Confirmed":96,"Total/Accumulated":158757,"Confirmed/Accumulated":3618},"Confirmed":94,"MedicalTests":{"Total/Accumulated":19,"Confirmed/Accumulated":1}},"geometry":{"type":"Point","coordinates":[55.52943947368424,-21.1374047368421]}},{"type":"Feature","properties":{"Country/Region":"France","Province/State":"Mayotte","Code":"06","Population":{"Total":279471,"Under19":150257,"Under39":74348,"Under59":42900,"Under74":9521,"Over75":2445},"Beds":{"Resuscitation":6,"IntensiveCare":0,"Total":6},"Deaths":28,"Recovered":453,"Severe":8,"Critical":3,"Emergencies":{"Total":114,"Suspected/Accumulated":1906,"Total/Accumulated":21800,"Severe/Accumulated":259},"PCRTests":{"Total":192,"Confirmed":24,"Total/Accumulated":20064,"Confirmed/Accumulated":2035},"Confirmed":128,"MedicalTests":{"Total/Accumulated":4,"Confirmed/Accumulated":1}},"geometry":{"type":"Point","coordinates":[45.14160071428572,-12.835344166666673]}}]}