{"type":"FeatureCollection","features":[{"type":"Feature","properties":{"Country/Region":"France","Province/State":"Île-de-France","Code":"11","Population":{"Total":12278210,"Under19":3140965,"Under39":3409765,"Under59":3210447,"Under74":1658207,"Over75":858826},"Beds":{"Resuscitation":1147,"IntensiveCare":2512,"Total":3659},"Deaths":7739,"Recovered":31028,"Severe":2284,"Critical":169,"Emergencies":{"Suspected":110,"Total":6548,"Severe":23,"Suspected/Accumulated":58693,"Total/Accumulated":1058120,"Severe/Accumulated":17268},"MedicalActs":{"Suspected":102,"Total":1383,"Suspected/Accumulated":16956,"Total/Accumulated":230874},"PCRTests":{"Total":34691,"Confirmed":2496,"Total/Accumulated":1479855,"Confirmed/Accumulated":52591},"Confirmed":7660,"MedicalTests":{"Total/Accumulated":85340,"Confirmed/Accumulated":18277}},"geometry":{"type":"Point","coordinates":[2.5292589766081885,48.704415292397634]}},{"type":"Feature","properties":{"Country/Region":"France","Province/State":"Centre-Val de Loire","Code":"24","Population":{"Total":2559073,"Under19":598570,"Under39":541141,"Under59":661150,"Under74":478923,"Over75":279289},"Beds":{"Resuscitation":180,"IntensiveCare":346,"Total":526},"Deaths":574,"Recovered":2404,"Severe":58,"Critical":9,"Emergencies":{"Suspected":9,"Total":1407,"Severe":5,"Suspected/Accumulated":5803,"Total/Accumulated":240195,"Severe/Accumulated":1481},"MedicalActs":{"Suspected":17,"Total":438,"Suspected/Accumulated":2010,"Total/Accumulated":59138},"PCRTests":{"Total":5725,"Confirmed":220,"Total/Accumulated":211487,"Confirmed/Accumulated":4212},"Confirmed":1157,"MedicalTests":{"Total/Accumulated":20197,"Confirmed/Accumulated":1858}},"geometry":{"type":"Point","coordinates":[1.6429664800000017,47.54357092799999]}},{"type":"Feature","properties":{"Country/Region":"France","Province/State":"Bourgogne-Franche-Comté","Code":"27","Population":{"Total":2783039,"Under19":627017,"Under39":591411,"Under59":715664,"Under74":540051,"Over75":308896},"Beds":{"Resuscitation":198,"IntensiveCare":642,"Total":840},"Deaths":1065,"Recovered":4118,"Severe":30,"Critical":7,"Emergencies":{"Suspected":15,"Total":1829,"Severe":5,"Suspected/Accumulated":12400,"Total/Accumulated":313798,"Severe/Accumulated":5121},"MedicalActs":{"Suspected":25,"Total":261,"Suspected/Accumulated":2700,"Total/Accumulated":43839},"PCRTests":{"Total":6211,"Confirmed":169,"Total/Accumulated":249055,"Confirmed/Accumulated":3563},"Confirmed":1569,"MedicalTests":{"Total/Accumulated":15673,"Confirmed/Accumulated":1330}},"geometry":{"type":"Point","coordinates":[4.731409826897467,47.2969232490013]}},{"type":"Feature","properties":{"Country/Region":"France","Province/State":"Normandie","Code":"28","Population":{"Total":3303500,"Under19":781337,"Under39":727044,"Under59":842963,"Under74":615474,"Over75":336682},"Beds":{"Resuscitation":240,"IntensiveCare":548,"Total":788},"Deaths":448,"Recovered":1912,"Severe":61,"Critical":2,"Emergencies":{"Suspected":11,"Total":2177,"Severe":5,"Suspected/Accumulated":5335,"Total/Accumulated":333618,"Severe/Accumulated":2331},"MedicalActs":{"Suspected":33,"Total":448,"Suspected/Accumulated":4509,"Total/Accumulated":75066},"PCRTests":{"Total":6241,"Confirmed":227,"Total/Accumulated":284983,"Confirmed/Accumulated":3922},"Confirmed":912,"MedicalTests":{"Total/Accumulated":17253,"Confirmed/Accumulated":1385}},"geometry":{"type":"Point","coordinates":[-0.022673401869158984,49.066630336448576]}},{"type":"Feature","properties":{"Country/Region":"France","Province/State":"Hauts-de-France","Code":"32","Population":{"Total":5962662,"Under19":1525538,"Under39":1443348,"Under59":1522690,"Under74":994313,"Over75":476773},"Beds":{"Resuscitation":438,"IntensiveCare":1338,"Total":1776},"Deaths":1948,"Recovered":7320,"Severe":432,"Critical":33,"Emergencies":{"Suspected":19,"Total":3188,"Severe":3,"Suspected/Accumulated":13525,"Total/Accumulated":510963,"Severe/Accumulated":4866},"MedicalActs":{"Suspected":49,"Total":975,"Suspected/Accumulated":5958,"Total/Accumulated":146114},"PCRTests":{"Total":12874,"Confirmed":790,"Total/Accumulated":538861,"Confirmed/Accumulated":11780},"Confirmed":3011,"MedicalTests":{"Total/Accumulated":31790,"Confirmed/Accumulated":3410}},"geometry":{"type":"Point","coordinates":[2.8852615671641804,49.86155781716422]}},{"type":"Feature","properties":{"Country/Region":"France","Province/State":"Grand Est","Code":"44","Population":{"Total":5511747,"Under19":1258123,"Under39":1291962,"Under59":1448828,"Under74":988178,"Over75":524656},"Beds":{"Resuscitation":465,"IntensiveCare":840,"Total":1305},"Deaths":3673,"Recovered":13183,"Severe":424,"Critical":18,"Emergencies":{"Suspected":9,"Total":2967,"Severe":5,"Suspected/Accumulated":18369,"Total/Accumulated":508678,"Severe/Accumulated":8882},"MedicalActs":{"Suspected":36,"Total":568,"Suspected/Accumulated":8118,"Total/Accumulated":115292},"PCRTests":{"Total":11396,"Confirmed":315,"Total/Accumulated":587351,"Confirmed/Accumulated":9060},"Confirmed":5479,"MedicalTests":{"Total/Accumulated":24982,"Confirmed/Accumulated":3702}},"geometry":{"type":"Point","coordinates":[5.509890203045682,48.670969771573546]}},{"type":"Feature","properties":{"Country/Region":"France","Province/State":"Pays de la Loire","Code":"52","Population":{"Total":3801797,"Under19":933509,"Under39":853729,"Under59":970508,"Under74":667531,"Over75":376520},"Beds":{"Resuscitation":181,"IntensiveCare":572,"Total":753},"Deaths":493,"Recovered":2438,"Severe":78,"Critical":12,"Emergencies":{"Suspected":26,"Total":1752,"Severe":12,"Suspected/Accumulated":9635,"Total/Accumulated":291854,"Severe/Accumulated":5007},"MedicalActs":{"Suspected":23,"Total":528,"Suspected/Accumulated":4662,"Total/Accumulated":86266},"PCRTests":{"Total":8205,"Confirmed":294,"Total/Accumulated":357205,"Confirmed/Accumulated":7369},"Confirmed":1630,"MedicalTests":{"Total/Accumulated":1941,"Confirmed/Accumulated":78}},"geometry":{"type":"Point","coordinates":[-0.8763313771517983,47.44186302034428]}},{"type":"Feature","properties":{"Country/Region":"France","Province/State":"Bretagne","Code":"53","Population":{"Total":3340379,"Under19":773631,"Under39":714512,"Under59":866988,"Under74":632104,"Over75":353144},"Beds":{"Resuscitation":162,"IntensiveCare":462,"Total":624},"Deaths":269,"Recovered":1391,"Severe":65,"Critical":5,"Emergencies":{"Suspected":13,"Total":1778,"Severe":3,"Suspected/Accumulated":6417,"Total/Accumulated":312813,"Severe/Accumulated":2428},"MedicalActs":{"Suspected":22,"Total":342,"Suspected/Accumulated":2483,"Total/Accumulated":64058},"PCRTests":{"Total":6178,"Confirmed":199,"Total/Accumulated":275821,"Confirmed/Accumulated":4062},"Confirmed":962,"MedicalTests":{"Total/Accumulated":698,"Confirmed/Accumulated":25}},"geometry":{"type":"Point","coordinates":[-3.104342941176476,48.146701189258316]}},{"type":"Feature","properties":{"Country/Region":"France","Province/State":"Nouvelle-Aquitaine","Code":"75","Population":{"Total":5999982,"Under19":1293321,"Under39":1274746,"Under59":1561754,"Under74":1177229,"Over75":692932},"Beds":{"Resuscitation":412,"IntensiveCare":946,"Total":1358},"Deaths":436,"Recovered":2369,"Severe":82,"Critical":13,"Emergencies":{"Suspected":33,"Total":3483,"Severe":13,"Suspected/Accumulated":11427,"Total/Accumulated":609447,"Severe/Accumulated":4843},"MedicalActs":{"Suspected":77,"Total":1218,"Suspected/Accumulated":10682,"Total/Accumulated":206175},"PCRTests":{"Total":14747,"Confirmed":872,"Total/Accumulated":492121,"Confirmed/Accumulated":9630},"Confirmed":1007,"MedicalTests":{"Total/Accumulated":33043,"Confirmed/Accumulated":961}},"geometry":{"type":"Point","coordinates":[0.16186906163753495,45.156971701931916]}},{"type":"Feature","properties":{"Country/Region":"France","Province/State":"Occitanie","Code":"76","Population":{"Total":5924858,"Under19":1320456,"Under39":1330125,"Under59":1526711,"Under74":1099893,"Over75":647673},"Beds":{"Resuscitation":474,"IntensiveCare":1206,"Total":1680},"Deaths":530,"Recovered":3151,"Severe":161,"Critical":32,"Emergencies":{"Suspected":38,"Total":3784,"Severe":11,"Suspected/Accumulated":9786,"Total/Accumulated":620735,"Severe/Accumulated":4256},"MedicalActs":{"Suspected":16,"Total":289,"Suspected/Accumulated":3867,"Total/Accumulated":72024},"PCRTests":{"Total":14715,"Confirmed":701,"Total/Accumulated":578249,"Confirmed/Accumulated":12684},"Confirmed":2374,"MedicalTests":{"Total/Accumulated":83743,"Confirmed/Accumulated":2680}},"geometry":{"type":"Point","coordinates":[1.988214846153848,43.761180626373644]}},{"type":"Feature","properties":{"Country/Region":"France","Province/State":"Auvergne-Rhône-Alpes","Code":"84","Population":{"Total":8032377,"Under19":1940253,"Under39":1900702,"Under59":2079813,"Under74":1340003,"Over75":771606},"Beds":{"Resuscitation":559,"IntensiveCare":1136,"Total":1695},"Deaths":1781,"Recovered":8417,"Severe":324,"Critical":39,"Emergencies":{"Suspected":67,"Total":4420,"Severe":14,"Suspected/Accumulated":18728,"Total/Accumulated":762709,"Severe/Accumulated":7598},"MedicalActs":{"Suspected":73,"Total":888,"Suspected/Accumulated":10167,"Total/Accumulated":158922},"PCRTests":{"Total":16616,"Confirmed":953,"Total/Accumulated":682627,"Confirmed/Accumulated":15453},"Confirmed":2093,"MedicalTests":{"Total/Accumulated":27674,"Confirmed/Accumulated":2153}},"geometry":{"type":"Point","coordinates":[4.515179591651545,45.475403602540794]}},{"type":"Feature","properties":{"Country/Region":"France","Province/State":"Guadeloupe","Code":"01","Population":{"Total":376879,"Under19":90617,"Under39":71707,"Under59":109452,"Under74":70936,"Over75":34167},"Beds":{"Resuscitation":27,"IntensiveCare":68,"Total":95},"Deaths":25,"Recovered":107,"Severe":20,"Critical":9,"Emergencies":{"Suspected":24,"Total":244,"Severe":7,"Suspected/Accumulated":488,"Total/Accumulated":36347,"Severe/Accumulated":165},"PCRTests":{"Total":813,"Confirmed":192,"Total/Accumulated":30950,"Confirmed/Accumulated":1824},"Confirmed":106,"MedicalTests":{"Total/Accumulated":51,"Confirmed/Accumulated":17}},"geometry":{"type":"Point","coordinates":[-61.493846272189366,16.20469674556213]}},{"type":"Feature","properties":{"Country/Region":"France","Province/State":"Martinique","Code":"02","Population":{"Total":358749,"Under19":77005,"Under39":65776,"Under59":105638,"Under74":72163,"Over75":38167},"Beds":{"Resuscitation":26,"IntensiveCare":58,"Total":84},"Deaths":18,"Recovered":106,"Severe":13,"Critical":4,"MedicalActs":{"Suspected":4,"Total":138,"Suspected/Accumulated":235,"Total/Accumulated":18863},"PCRTests":{"Total":720,"Confirmed":41,"Total/Accumulated":34819,"Confirmed/Accumulated":716},"Confirmed":111,"MedicalTests":{"Total/Accumulated":29,"Confirmed/Accumulated":6}},"geometry":{"type":"Point","coordinates":[-60.98265692913386,14.6217557480315]}},{"type":"Feature","properties":{"Country/Region":"France","Province/State":"Provence-Alpes-Côte d'Azur","Code":"93","Population":{"Total":5055651,"Under19":1128765,"Under39":1109058,"Under59":1309879,"Under74":927347,"Over75":580602},"Beds":{"Resuscitation":460,"IntensiveCare":802,"Total":1262},"Deaths":995,"Recovered":6502,"Severe":424,"Critical":63,"Emergencies":{"Suspected":59,"Total":3474,"Severe":26,"Suspected/Accumulated":12829,"Total/Accumulated":621815,"Severe/Accumulated":6286},"MedicalActs":{"Suspected":65,"Total":724,"Suspected/Accumulated":8538,"Total/Accumulated":145524},"PCRTests":{"Total":17330,"Confirmed":1246,"Total/Accumulated":721172,"Confirmed/Accumulated":23737},"Confirmed":1927,"MedicalTests":{"Total/Accumulated":80858,"Confirmed/Accumulated":4204}},"geometry":{"type":"Point","coordinates":[5.940587832647462,43.96417941015098]}},{"type":"Feature","properties":{"Country/Region":"France","Province/State":"Corse","Code":"94","Population":{"Total":344679,"Under19":68555,"Under39":76985,"Under59":93175,"Under74":65675,"Over75":40289},"Beds":{"Resuscitation":18,"IntensiveCare":42,"Total":60},"Deaths":59,"Recovered":259,"Severe":11,"Critical":2,"Emergencies":{"Suspected":5,"Total":258,"Severe":3,"Suspected/Accumulated":2244,"Total/Accumulated":43120,"Severe/Accumulated":2081},"MedicalActs":{"Suspected":9,"Total":94,"Suspected/Accumulated":689,"Total/Accumulated":10608},"PCRTests":{"Total":1471,"Confirmed":55,"Total/Accumulated":36719,"Confirmed/Accumulated":534},"Confirmed":263},"geometry":{"type":"Point","coordinates":[9.019688964401293,42.118564077669916]}},{"type":"Feature","properties":{"Country/Region":"France","Province/State":"Guyane","Code":"03","Population":{"Total":290691,"Under19":120681,"Under39":80023,"Under59":61783,"Under74":22111,"Over75":6093},"Beds":{"Resuscitation":13,"IntensiveCare":12,"Total":25},"Deaths":57,"Recovered":1555,"Severe":70,"Critical":7,"Emergencies":{"Suspected":7,"Total":208,"Severe":3,"Suspected/Accumulated":1818,"Total/Accumulated":33651,"Severe/Accumulated":857},"PCRTests":{"Total":497,"Confirmed":27,"Total/Accumulated":46634,"Confirmed/Accumulated":7943},"Confirmed":43,"MedicalTests":{"Total/Accumulated":35,"Confirmed/Accumulated":4}},"geometry":{"type":"Point","coordinates":[-53.41731165390502,3.588901056661561]}},{"type":"Feature","properties":{"Country/Region":"France","Province/State":"La Réunion","Code":"04","Population":{"Total":859959,"Under19":256143,"Under39":202783,"Under59":239212,"Under74":117045,"Over75":44776},"Beds":{"Resuscitation":52,"IntensiveCare":154,"Total":206},"Deaths":10,"Recovered":228,"Severe":71,"Critical":14,"Emergencies":{"Suspected":1,"Total":386,"Severe":1,"Suspected/Accumulated":378,"Total/Accumulated":69797,"Severe/Accumulated":233},"PCRTests":{"Total":2653,"Confirmed":127,"Total/Accumulated":114753,"Confirmed/Accumulated":1725},"Confirmed":94,"MedicalTests":{"Total/Accumulated":19,"Confirmed/Accumulated":1}},"geometry":{"type":"Point","coordinates":[55.52943947368424,-21.1374047368421]}},{"type":"Feature","properties":{"Country/Region":"France","Province/State":"Mayotte","Code":"06","Population":{"Total":279471,"Under19":150257,"Under39":74348,"Under59":42900,"Under74":9521,"Over75":2445},"Beds":{"Resuscitation":6,"IntensiveCare":0,"Total":6},"Deaths":28,"Recovered":445,"Severe":6,"Critical":2,"Emergencies":{"Total":107,"Suspected/Accumulated":1890,"Total/Accumulated":19275,"Severe/Accumulated":252},"PCRTests":{"Total":137,"Confirmed":7,"Total/Accumulated":15050,"Confirmed/Accumulated":1646},"Confirmed":128,"MedicalTests":{"Total/Accumulated":4,"Confirmed/Accumulated":1}},"geometry":{"type":"Point","coordinates":[45.14160071428572,-12.835344166666673]}}]}