{"type":"FeatureCollection","features":[{"type":"Feature","properties":{"Country/Region":"France","Province/State":"Île-de-France","Code":"11","Population":{"Total":12278210,"Under19":3140965,"Under39":3409765,"Under59":3210447,"Under74":1658207,"Over75":858826},"Beds":{"Resuscitation":1147,"IntensiveCare":2512,"Total":3659},"Deaths":11598,"Recovered":52225,"Severe":4922,"Critical":627,"Emergencies":{"Suspected":109,"Total":5989,"Severe":48,"Suspected/Accumulated":87092,"Total/Accumulated":1729877,"Severe/Accumulated":27251},"MedicalActs":{"Suspected":62,"Total":1380,"Suspected/Accumulated":32329,"Total/Accumulated":395776},"PCRTests":{"Total":72308,"Confirmed":2740,"Total/Accumulated":5053533,"Confirmed/Accumulated":494947},"Confirmed":7660,"MedicalTests":{"Total/Accumulated":85340,"Confirmed/Accumulated":18277}},"geometry":{"type":"Point","coordinates":[2.5292589766081885,48.704415292397634]}},{"type":"Feature","properties":{"Country/Region":"France","Province/State":"Centre-Val de Loire","Code":"24","Population":{"Total":2559073,"Under19":598570,"Under39":541141,"Under59":661150,"Under74":478923,"Over75":279289},"Beds":{"Resuscitation":180,"IntensiveCare":346,"Total":526},"Deaths":1191,"Recovered":4995,"Severe":944,"Critical":97,"Emergencies":{"Suspected":19,"Total":1157,"Severe":5,"Suspected/Accumulated":8892,"Total/Accumulated":378664,"Severe/Accumulated":2452},"MedicalActs":{"Suspected":9,"Total":293,"Suspected/Accumulated":4452,"Total/Accumulated":102456},"PCRTests":{"Total":10606,"Confirmed":596,"Total/Accumulated":869334,"Confirmed/Accumulated":64886},"Confirmed":1157,"MedicalTests":{"Total/Accumulated":20197,"Confirmed/Accumulated":1858}},"geometry":{"type":"Point","coordinates":[1.6429664800000017,47.54357092799999]}},{"type":"Feature","properties":{"Country/Region":"France","Province/State":"Bourgogne-Franche-Comté","Code":"27","Population":{"Total":2783039,"Under19":627017,"Under39":591411,"Under59":715664,"Under74":540051,"Over75":308896},"Beds":{"Resuscitation":198,"IntensiveCare":642,"Total":840},"Deaths":2296,"Recovered":8750,"Severe":1832,"Critical":173,"Emergencies":{"Suspected":59,"Total":1488,"Severe":38,"Suspected/Accumulated":20006,"Total/Accumulated":498999,"Severe/Accumulated":8934},"MedicalActs":{"Suspected":11,"Total":238,"Suspected/Accumulated":5462,"Total/Accumulated":73870},"PCRTests":{"Total":13588,"Confirmed":1203,"Total/Accumulated":1116069,"Confirmed/Accumulated":101628},"Confirmed":1569,"MedicalTests":{"Total/Accumulated":15673,"Confirmed/Accumulated":1330}},"geometry":{"type":"Point","coordinates":[4.731409826897467,47.2969232490013]}},{"type":"Feature","properties":{"Country/Region":"France","Province/State":"Normandie","Code":"28","Population":{"Total":3303500,"Under19":781337,"Under39":727044,"Under59":842963,"Under74":615474,"Over75":336682},"Beds":{"Resuscitation":240,"IntensiveCare":548,"Total":788},"Deaths":1365,"Recovered":5297,"Severe":1066,"Critical":79,"Emergencies":{"Suspected":27,"Total":1687,"Severe":16,"Suspected/Accumulated":9124,"Total/Accumulated":536877,"Severe/Accumulated":4298},"MedicalActs":{"Suspected":27,"Total":472,"Suspected/Accumulated":9146,"Total/Accumulated":130019},"PCRTests":{"Total":14935,"Confirmed":507,"Total/Accumulated":1114468,"Confirmed/Accumulated":80207},"Confirmed":912,"MedicalTests":{"Total/Accumulated":17253,"Confirmed/Accumulated":1385}},"geometry":{"type":"Point","coordinates":[-0.022673401869158984,49.066630336448576]}},{"type":"Feature","properties":{"Country/Region":"France","Province/State":"Hauts-de-France","Code":"32","Population":{"Total":5962662,"Under19":1525538,"Under39":1443348,"Under59":1522690,"Under74":994313,"Over75":476773},"Beds":{"Resuscitation":438,"IntensiveCare":1338,"Total":1776},"Deaths":4014,"Recovered":16321,"Severe":2479,"Critical":269,"Emergencies":{"Suspected":58,"Total":2574,"Severe":21,"Suspected/Accumulated":21818,"Total/Accumulated":814779,"Severe/Accumulated":8384},"MedicalActs":{"Suspected":29,"Total":814,"Suspected/Accumulated":13273,"Total/Accumulated":253378},"PCRTests":{"Total":24401,"Confirmed":1355,"Total/Accumulated":2506873,"Confirmed/Accumulated":235467},"Confirmed":3011,"MedicalTests":{"Total/Accumulated":31790,"Confirmed/Accumulated":3410}},"geometry":{"type":"Point","coordinates":[2.8852615671641804,49.86155781716422]}},{"type":"Feature","properties":{"Country/Region":"France","Province/State":"Grand Est","Code":"44","Population":{"Total":5511747,"Under19":1258123,"Under39":1291962,"Under59":1448828,"Under74":988178,"Over75":524656},"Beds":{"Resuscitation":465,"IntensiveCare":840,"Total":1305},"Deaths":5380,"Recovered":19547,"Severe":2844,"Critical":293,"Emergencies":{"Suspected":87,"Total":2571,"Severe":45,"Suspected/Accumulated":25881,"Total/Accumulated":808902,"Severe/Accumulated":13338},"MedicalActs":{"Suspected":34,"Total":568,"Suspected/Accumulated":12697,"Total/Accumulated":185408},"PCRTests":{"Total":30306,"Confirmed":2002,"Total/Accumulated":2332471,"Confirmed/Accumulated":157902},"Confirmed":5479,"MedicalTests":{"Total/Accumulated":24982,"Confirmed/Accumulated":3702}},"geometry":{"type":"Point","coordinates":[5.509890203045682,48.670969771573546]}},{"type":"Feature","properties":{"Country/Region":"France","Province/State":"Pays de la Loire","Code":"52","Population":{"Total":3801797,"Under19":933509,"Under39":853729,"Under59":970508,"Under74":667531,"Over75":376520},"Beds":{"Resuscitation":181,"IntensiveCare":572,"Total":753},"Deaths":1167,"Recovered":5561,"Severe":945,"Critical":81,"Emergencies":{"Suspected":21,"Total":1615,"Severe":13,"Suspected/Accumulated":14103,"Total/Accumulated":468696,"Severe/Accumulated":7585},"MedicalActs":{"Suspected":13,"Total":390,"Suspected/Accumulated":7854,"Total/Accumulated":139468},"PCRTests":{"Total":14139,"Confirmed":585,"Total/Accumulated":1308880,"Confirmed/Accumulated":86106},"Confirmed":1630,"MedicalTests":{"Total/Accumulated":1941,"Confirmed/Accumulated":78}},"geometry":{"type":"Point","coordinates":[-0.8763313771517983,47.44186302034428]}},{"type":"Feature","properties":{"Country/Region":"France","Province/State":"Bretagne","Code":"53","Population":{"Total":3340379,"Under19":773631,"Under39":714512,"Under59":866988,"Under74":632104,"Over75":353144},"Beds":{"Resuscitation":162,"IntensiveCare":462,"Total":624},"Deaths":641,"Recovered":3089,"Severe":596,"Critical":56,"Emergencies":{"Suspected":26,"Total":1641,"Severe":8,"Suspected/Accumulated":9432,"Total/Accumulated":497488,"Severe/Accumulated":3765},"MedicalActs":{"Suspected":5,"Total":298,"Suspected/Accumulated":4837,"Total/Accumulated":103153},"PCRTests":{"Total":10933,"Confirmed":334,"Total/Accumulated":1005416,"Confirmed/Accumulated":51845},"Confirmed":962,"MedicalTests":{"Total/Accumulated":698,"Confirmed/Accumulated":25}},"geometry":{"type":"Point","coordinates":[-3.104342941176476,48.146701189258316]}},{"type":"Feature","properties":{"Country/Region":"France","Province/State":"Nouvelle-Aquitaine","Code":"75","Population":{"Total":5999982,"Under19":1293321,"Under39":1274746,"Under59":1561754,"Under74":1177229,"Over75":692932},"Beds":{"Resuscitation":412,"IntensiveCare":946,"Total":1358},"Deaths":1534,"Recovered":7078,"Severe":1369,"Critical":165,"Emergencies":{"Suspected":45,"Total":3277,"Severe":36,"Suspected/Accumulated":17790,"Total/Accumulated":956921,"Severe/Accumulated":8678},"MedicalActs":{"Suspected":25,"Total":1048,"Suspected/Accumulated":18112,"Total/Accumulated":333352},"PCRTests":{"Total":25147,"Confirmed":843,"Total/Accumulated":2017825,"Confirmed/Accumulated":125480},"Confirmed":1007,"MedicalTests":{"Total/Accumulated":33043,"Confirmed/Accumulated":961}},"geometry":{"type":"Point","coordinates":[0.16186906163753495,45.156971701931916]}},{"type":"Feature","properties":{"Country/Region":"France","Province/State":"Occitanie","Code":"76","Population":{"Total":5924858,"Under19":1320456,"Under39":1330125,"Under59":1526711,"Under74":1099893,"Over75":647673},"Beds":{"Resuscitation":474,"IntensiveCare":1206,"Total":1680},"Deaths":1931,"Recovered":9424,"Severe":1365,"Critical":189,"Emergencies":{"Suspected":34,"Total":2956,"Severe":20,"Suspected/Accumulated":18035,"Total/Accumulated":972251,"Severe/Accumulated":8370},"MedicalActs":{"Suspected":19,"Total":336,"Suspected/Accumulated":7042,"Total/Accumulated":116023},"PCRTests":{"Total":26319,"Confirmed":926,"Total/Accumulated":2310964,"Confirmed/Accumulated":175930},"Confirmed":2374,"MedicalTests":{"Total/Accumulated":83743,"Confirmed/Accumulated":2680}},"geometry":{"type":"Point","coordinates":[1.988214846153848,43.761180626373644]}},{"type":"Feature","properties":{"Country/Region":"France","Province/State":"Auvergne-Rhône-Alpes","Code":"84","Population":{"Total":8032377,"Under19":1940253,"Under39":1900702,"Under59":2079813,"Under74":1340003,"Over75":771606},"Beds":{"Resuscitation":559,"IntensiveCare":1136,"Total":1695},"Deaths":6129,"Recovered":25802,"Severe":4431,"Critical":480,"Emergencies":{"Suspected":112,"Total":3773,"Severe":72,"Suspected/Accumulated":40422,"Total/Accumulated":1211548,"Severe/Accumulated":18576},"MedicalActs":{"Suspected":38,"Total":863,"Suspected/Accumulated":23679,"Total/Accumulated":262505},"PCRTests":{"Total":48546,"Confirmed":2474,"Total/Accumulated":3222818,"Confirmed/Accumulated":417821},"Confirmed":2093,"MedicalTests":{"Total/Accumulated":27674,"Confirmed/Accumulated":2153}},"geometry":{"type":"Point","coordinates":[4.515179591651545,45.475403602540794]}},{"type":"Feature","properties":{"Country/Region":"France","Province/State":"Guadeloupe","Code":"01","Population":{"Total":376879,"Under19":90617,"Under39":71707,"Under59":109452,"Under74":70936,"Over75":34167},"Beds":{"Resuscitation":27,"IntensiveCare":68,"Total":95},"Deaths":167,"Recovered":733,"Severe":78,"Critical":5,"Emergencies":{"Suspected":2,"Total":262,"Severe":1,"Suspected/Accumulated":1644,"Total/Accumulated":60251,"Severe/Accumulated":750},"PCRTests":{"Total":456,"Confirmed":9,"Total/Accumulated":77777,"Confirmed/Accumulated":8276},"Confirmed":106,"MedicalTests":{"Total/Accumulated":51,"Confirmed/Accumulated":17}},"geometry":{"type":"Point","coordinates":[-61.493846272189366,16.20469674556213]}},{"type":"Feature","properties":{"Country/Region":"France","Province/State":"Martinique","Code":"02","Population":{"Total":358749,"Under19":77005,"Under39":65776,"Under59":105638,"Under74":72163,"Over75":38167},"Beds":{"Resuscitation":26,"IntensiveCare":58,"Total":84},"Deaths":42,"Recovered":352,"Severe":27,"Critical":6,"MedicalActs":{"Total":103,"Suspected/Accumulated":619,"Total/Accumulated":31638},"PCRTests":{"Total":594,"Confirmed":23,"Total/Accumulated":92937,"Confirmed/Accumulated":5771},"Confirmed":111,"MedicalTests":{"Total/Accumulated":29,"Confirmed/Accumulated":6}},"geometry":{"type":"Point","coordinates":[-60.98265692913386,14.6217557480315]}},{"type":"Feature","properties":{"Country/Region":"France","Province/State":"Provence-Alpes-Côte d'Azur","Code":"93","Population":{"Total":5055651,"Under19":1128765,"Under39":1109058,"Under59":1309879,"Under74":927347,"Over75":580602},"Beds":{"Resuscitation":460,"IntensiveCare":802,"Total":1262},"Deaths":3191,"Recovered":17483,"Severe":2282,"Critical":304,"Emergencies":{"Suspected":76,"Total":2834,"Severe":50,"Suspected/Accumulated":25269,"Total/Accumulated":963920,"Severe/Accumulated":13661},"MedicalActs":{"Suspected":37,"Total":744,"Suspected/Accumulated":15705,"Total/Accumulated":234856},"PCRTests":{"Total":32929,"Confirmed":1485,"Total/Accumulated":2518197,"Confirmed/Accumulated":198870},"Confirmed":1927,"MedicalTests":{"Total/Accumulated":80858,"Confirmed/Accumulated":4204}},"geometry":{"type":"Point","coordinates":[5.940587832647462,43.96417941015098]}},{"type":"Feature","properties":{"Country/Region":"France","Province/State":"Corse","Code":"94","Population":{"Total":344679,"Under19":68555,"Under39":76985,"Under59":93175,"Under74":65675,"Over75":40289},"Beds":{"Resuscitation":18,"IntensiveCare":42,"Total":60},"Deaths":113,"Recovered":495,"Severe":24,"Critical":6,"Emergencies":{"Total":178,"Suspected/Accumulated":2646,"Total/Accumulated":64579,"Severe/Accumulated":2331},"MedicalActs":{"Total":85,"Suspected/Accumulated":1455,"Total/Accumulated":22358},"PCRTests":{"Total":2208,"Confirmed":12,"Total/Accumulated":146490,"Confirmed/Accumulated":6842},"Confirmed":263},"geometry":{"type":"Point","coordinates":[9.019688964401293,42.118564077669916]}},{"type":"Feature","properties":{"Country/Region":"France","Province/State":"Guyane","Code":"03","Population":{"Total":290691,"Under19":120681,"Under39":80023,"Under59":61783,"Under74":22111,"Over75":6093},"Beds":{"Resuscitation":13,"IntensiveCare":12,"Total":25},"Deaths":67,"Recovered":1912,"Severe":20,"Critical":3,"Emergencies":{"Suspected":3,"Total":205,"Suspected/Accumulated":2062,"Total/Accumulated":56009,"Severe/Accumulated":959},"PCRTests":{"Total":1313,"Confirmed":99,"Total/Accumulated":94690,"Confirmed/Accumulated":10820},"Confirmed":43,"MedicalTests":{"Total/Accumulated":35,"Confirmed/Accumulated":4}},"geometry":{"type":"Point","coordinates":[-53.41731165390502,3.588901056661561]}},{"type":"Feature","properties":{"Country/Region":"France","Province/State":"La Réunion","Code":"04","Population":{"Total":859959,"Under19":256143,"Under39":202783,"Under59":239212,"Under74":117045,"Over75":44776},"Beds":{"Resuscitation":52,"IntensiveCare":154,"Total":206},"Deaths":51,"Recovered":687,"Severe":50,"Critical":5,"Emergencies":{"Suspected":3,"Total":353,"Severe":1,"Suspected/Accumulated":862,"Total/Accumulated":110087,"Severe/Accumulated":508},"PCRTests":{"Total":2332,"Confirmed":54,"Total/Accumulated":286266,"Confirmed/Accumulated":8677},"Confirmed":94,"MedicalTests":{"Total/Accumulated":19,"Confirmed/Accumulated":1}},"geometry":{"type":"Point","coordinates":[55.52943947368424,-21.1374047368421]}},{"type":"Feature","properties":{"Country/Region":"France","Province/State":"Mayotte","Code":"06","Population":{"Total":279471,"Under19":150257,"Under39":74348,"Under59":42900,"Under74":9521,"Over75":2445},"Beds":{"Resuscitation":6,"IntensiveCare":0,"Total":6},"Deaths":39,"Recovered":529,"Severe":8,"Critical":2,"Emergencies":{"Total":112,"Suspected/Accumulated":1969,"Total/Accumulated":31063,"Severe/Accumulated":283},"PCRTests":{"Total":447,"Confirmed":35,"Total/Accumulated":41334,"Confirmed/Accumulated":3987},"Confirmed":128,"MedicalTests":{"Total/Accumulated":4,"Confirmed/Accumulated":1}},"geometry":{"type":"Point","coordinates":[45.14160071428572,-12.835344166666673]}}]}