{"type":"FeatureCollection","features":[{"type":"Feature","properties":{"Country/Region":"France","Province/State":"Île-de-France","Code":"11","Population":{"Total":12278210,"Under19":3140965,"Under39":3409765,"Under59":3210447,"Under74":1658207,"Over75":858826},"Beds":{"Resuscitation":1147,"IntensiveCare":2512,"Total":3659},"Deaths":8515,"Recovered":37711,"Severe":3324,"Critical":661,"Emergencies":{"Suspected":378,"Total":5629,"Severe":143,"Suspected/Accumulated":71833,"Total/Accumulated":1394414,"Severe/Accumulated":20868},"MedicalActs":{"Suspected":230,"Total":1474,"Suspected/Accumulated":26095,"Total/Accumulated":312373},"Confirmed":7660,"MedicalTests":{"Total/Accumulated":85340,"Confirmed/Accumulated":18277},"PCRTests":{"Total/Accumulated":2914345,"Confirmed/Accumulated":233912}},"geometry":{"type":"Point","coordinates":[2.5292589766081885,48.704415292397634]}},{"type":"Feature","properties":{"Country/Region":"France","Province/State":"Centre-Val de Loire","Code":"24","Population":{"Total":2559073,"Under19":598570,"Under39":541141,"Under59":661150,"Under74":478923,"Over75":279289},"Beds":{"Resuscitation":180,"IntensiveCare":346,"Total":526},"Deaths":627,"Recovered":2796,"Severe":282,"Critical":63,"Emergencies":{"Suspected":24,"Total":1238,"Severe":6,"Suspected/Accumulated":6704,"Total/Accumulated":311983,"Severe/Accumulated":1740},"MedicalActs":{"Suspected":36,"Total":413,"Suspected/Accumulated":3232,"Total/Accumulated":81720},"Confirmed":1157,"MedicalTests":{"Total/Accumulated":20197,"Confirmed/Accumulated":1858},"PCRTests":{"Total/Accumulated":437790,"Confirmed/Accumulated":18823}},"geometry":{"type":"Point","coordinates":[1.6429664800000017,47.54357092799999]}},{"type":"Feature","properties":{"Country/Region":"France","Province/State":"Bourgogne-Franche-Comté","Code":"27","Population":{"Total":2783039,"Under19":627017,"Under39":591411,"Under59":715664,"Under74":540051,"Over75":308896},"Beds":{"Resuscitation":198,"IntensiveCare":642,"Total":840},"Deaths":1129,"Recovered":4536,"Severe":384,"Critical":57,"Emergencies":{"Suspected":63,"Total":1849,"Severe":28,"Suspected/Accumulated":14257,"Total/Accumulated":409056,"Severe/Accumulated":5791},"MedicalActs":{"Suspected":21,"Total":244,"Suspected/Accumulated":3953,"Total/Accumulated":58729},"Confirmed":1569,"MedicalTests":{"Total/Accumulated":15673,"Confirmed/Accumulated":1330},"PCRTests":{"Total/Accumulated":517850,"Confirmed/Accumulated":21354}},"geometry":{"type":"Point","coordinates":[4.731409826897467,47.2969232490013]}},{"type":"Feature","properties":{"Country/Region":"France","Province/State":"Normandie","Code":"28","Population":{"Total":3303500,"Under19":781337,"Under39":727044,"Under59":842963,"Under74":615474,"Over75":336682},"Beds":{"Resuscitation":240,"IntensiveCare":548,"Total":788},"Deaths":541,"Recovered":2480,"Severe":529,"Critical":82,"Emergencies":{"Suspected":53,"Total":1926,"Severe":24,"Suspected/Accumulated":6799,"Total/Accumulated":436279,"Severe/Accumulated":3021},"MedicalActs":{"Suspected":61,"Total":516,"Suspected/Accumulated":7209,"Total/Accumulated":103250},"Confirmed":912,"MedicalTests":{"Total/Accumulated":17253,"Confirmed/Accumulated":1385},"PCRTests":{"Total/Accumulated":568454,"Confirmed/Accumulated":27782}},"geometry":{"type":"Point","coordinates":[-0.022673401869158984,49.066630336448576]}},{"type":"Feature","properties":{"Country/Region":"France","Province/State":"Hauts-de-France","Code":"32","Population":{"Total":5962662,"Under19":1525538,"Under39":1443348,"Under59":1522690,"Under74":994313,"Over75":476773},"Beds":{"Resuscitation":438,"IntensiveCare":1338,"Total":1776},"Deaths":2192,"Recovered":8825,"Severe":1364,"Critical":226,"Emergencies":{"Suspected":98,"Total":2642,"Severe":50,"Suspected/Accumulated":16255,"Total/Accumulated":666590,"Severe/Accumulated":5880},"MedicalActs":{"Suspected":79,"Total":996,"Suspected/Accumulated":9958,"Total/Accumulated":203093},"Confirmed":3011,"MedicalTests":{"Total/Accumulated":31790,"Confirmed/Accumulated":3410},"PCRTests":{"Total/Accumulated":1287973,"Confirmed/Accumulated":86324}},"geometry":{"type":"Point","coordinates":[2.8852615671641804,49.86155781716422]}},{"type":"Feature","properties":{"Country/Region":"France","Province/State":"Grand Est","Code":"44","Population":{"Total":5511747,"Under19":1258123,"Under39":1291962,"Under59":1448828,"Under74":988178,"Over75":524656},"Beds":{"Resuscitation":465,"IntensiveCare":840,"Total":1305},"Deaths":3787,"Recovered":14118,"Severe":521,"Critical":74,"Emergencies":{"Suspected":63,"Total":2770,"Severe":29,"Suspected/Accumulated":19933,"Total/Accumulated":662004,"Severe/Accumulated":9611},"MedicalActs":{"Suspected":48,"Total":605,"Suspected/Accumulated":10026,"Total/Accumulated":149268},"Confirmed":5479,"MedicalTests":{"Total/Accumulated":24982,"Confirmed/Accumulated":3702},"PCRTests":{"Total/Accumulated":1144909,"Confirmed/Accumulated":36440}},"geometry":{"type":"Point","coordinates":[5.509890203045682,48.670969771573546]}},{"type":"Feature","properties":{"Country/Region":"France","Province/State":"Pays de la Loire","Code":"52","Population":{"Total":3801797,"Under19":933509,"Under39":853729,"Under59":970508,"Under74":667531,"Over75":376520},"Beds":{"Resuscitation":181,"IntensiveCare":572,"Total":753},"Deaths":554,"Recovered":2953,"Severe":353,"Critical":57,"Emergencies":{"Suspected":34,"Total":1648,"Severe":14,"Suspected/Accumulated":11130,"Total/Accumulated":381548,"Severe/Accumulated":5793},"MedicalActs":{"Suspected":43,"Total":495,"Suspected/Accumulated":6516,"Total/Accumulated":112738},"Confirmed":1630,"MedicalTests":{"Total/Accumulated":1941,"Confirmed/Accumulated":78},"PCRTests":{"Total/Accumulated":701945,"Confirmed/Accumulated":28654}},"geometry":{"type":"Point","coordinates":[-0.8763313771517983,47.44186302034428]}},{"type":"Feature","properties":{"Country/Region":"France","Province/State":"Bretagne","Code":"53","Population":{"Total":3340379,"Under19":773631,"Under39":714512,"Under59":866988,"Under74":632104,"Over75":353144},"Beds":{"Resuscitation":162,"IntensiveCare":462,"Total":624},"Deaths":308,"Recovered":1716,"Severe":237,"Critical":30,"Emergencies":{"Suspected":24,"Total":1774,"Severe":18,"Suspected/Accumulated":7543,"Total/Accumulated":405994,"Severe/Accumulated":2785},"MedicalActs":{"Suspected":28,"Total":358,"Suspected/Accumulated":3823,"Total/Accumulated":84064},"Confirmed":962,"MedicalTests":{"Total/Accumulated":698,"Confirmed/Accumulated":25},"PCRTests":{"Total/Accumulated":558416,"Confirmed/Accumulated":19943}},"geometry":{"type":"Point","coordinates":[-3.104342941176476,48.146701189258316]}},{"type":"Feature","properties":{"Country/Region":"France","Province/State":"Nouvelle-Aquitaine","Code":"75","Population":{"Total":5999982,"Under19":1293321,"Under39":1274746,"Under59":1561754,"Under74":1177229,"Over75":692932},"Beds":{"Resuscitation":412,"IntensiveCare":946,"Total":1358},"Deaths":594,"Recovered":3213,"Severe":540,"Critical":70,"Emergencies":{"Suspected":66,"Total":3299,"Severe":38,"Suspected/Accumulated":13519,"Total/Accumulated":785516,"Severe/Accumulated":5828},"MedicalActs":{"Suspected":107,"Total":1171,"Suspected/Accumulated":15024,"Total/Accumulated":269077},"Confirmed":1007,"MedicalTests":{"Total/Accumulated":33043,"Confirmed/Accumulated":961},"PCRTests":{"Total/Accumulated":1002982,"Confirmed/Accumulated":43885}},"geometry":{"type":"Point","coordinates":[0.16186906163753495,45.156971701931916]}},{"type":"Feature","properties":{"Country/Region":"France","Province/State":"Occitanie","Code":"76","Population":{"Total":5924858,"Under19":1320456,"Under39":1330125,"Under59":1526711,"Under74":1099893,"Over75":647673},"Beds":{"Resuscitation":474,"IntensiveCare":1206,"Total":1680},"Deaths":736,"Recovered":4455,"Severe":866,"Critical":201,"Emergencies":{"Suspected":97,"Total":3046,"Severe":50,"Suspected/Accumulated":12930,"Total/Accumulated":800796,"Severe/Accumulated":5597},"MedicalActs":{"Suspected":45,"Total":385,"Suspected/Accumulated":5594,"Total/Accumulated":93460},"Confirmed":2374,"MedicalTests":{"Total/Accumulated":83743,"Confirmed/Accumulated":2680},"PCRTests":{"Total/Accumulated":1217155,"Confirmed/Accumulated":71733}},"geometry":{"type":"Point","coordinates":[1.988214846153848,43.761180626373644]}},{"type":"Feature","properties":{"Country/Region":"France","Province/State":"Auvergne-Rhône-Alpes","Code":"84","Population":{"Total":8032377,"Under19":1940253,"Under39":1900702,"Under59":2079813,"Under74":1340003,"Over75":771606},"Beds":{"Resuscitation":559,"IntensiveCare":1136,"Total":1695},"Deaths":2210,"Recovered":10905,"Severe":2364,"Critical":340,"Emergencies":{"Suspected":308,"Total":4414,"Severe":145,"Suspected/Accumulated":24783,"Total/Accumulated":994821,"Severe/Accumulated":10005},"MedicalActs":{"Suspected":211,"Total":1070,"Suspected/Accumulated":16672,"Total/Accumulated":209146},"Confirmed":2093,"MedicalTests":{"Total/Accumulated":27674,"Confirmed/Accumulated":2153},"PCRTests":{"Total/Accumulated":1535614,"Confirmed/Accumulated":118831}},"geometry":{"type":"Point","coordinates":[4.515179591651545,45.475403602540794]}},{"type":"Feature","properties":{"Country/Region":"France","Province/State":"Guadeloupe","Code":"01","Population":{"Total":376879,"Under19":90617,"Under39":71707,"Under59":109452,"Under74":70936,"Over75":34167},"Beds":{"Resuscitation":27,"IntensiveCare":68,"Total":95},"Deaths":124,"Recovered":520,"Severe":162,"Critical":24,"Emergencies":{"Suspected":10,"Total":187,"Severe":6,"Suspected/Accumulated":1444,"Total/Accumulated":47722,"Severe/Accumulated":654},"Confirmed":106,"MedicalTests":{"Total/Accumulated":51,"Confirmed/Accumulated":17},"PCRTests":{"Total/Accumulated":57728,"Confirmed/Accumulated":7125}},"geometry":{"type":"Point","coordinates":[-61.493846272189366,16.20469674556213]}},{"type":"Feature","properties":{"Country/Region":"France","Province/State":"Martinique","Code":"02","Population":{"Total":358749,"Under19":77005,"Under39":65776,"Under59":105638,"Under74":72163,"Over75":38167},"Beds":{"Resuscitation":26,"IntensiveCare":58,"Total":84},"Deaths":27,"Recovered":161,"Severe":67,"Critical":16,"MedicalActs":{"Suspected":5,"Total":147,"Suspected/Accumulated":464,"Total/Accumulated":25272},"Confirmed":111,"MedicalTests":{"Total/Accumulated":29,"Confirmed/Accumulated":6},"PCRTests":{"Total/Accumulated":60595,"Confirmed/Accumulated":2869}},"geometry":{"type":"Point","coordinates":[-60.98265692913386,14.6217557480315]}},{"type":"Feature","properties":{"Country/Region":"France","Province/State":"Provence-Alpes-Côte d'Azur","Code":"93","Population":{"Total":5055651,"Under19":1128765,"Under39":1109058,"Under59":1309879,"Under74":927347,"Over75":580602},"Beds":{"Resuscitation":460,"IntensiveCare":802,"Total":1262},"Deaths":1315,"Recovered":9408,"Severe":1333,"Critical":246,"Emergencies":{"Suspected":136,"Total":3271,"Severe":89,"Suspected/Accumulated":16944,"Total/Accumulated":798401,"Severe/Accumulated":8529},"MedicalActs":{"Suspected":66,"Total":809,"Suspected/Accumulated":12236,"Total/Accumulated":188970},"Confirmed":1927,"MedicalTests":{"Total/Accumulated":80858,"Confirmed/Accumulated":4204},"PCRTests":{"Total/Accumulated":1331818,"Confirmed/Accumulated":79035}},"geometry":{"type":"Point","coordinates":[5.940587832647462,43.96417941015098]}},{"type":"Feature","properties":{"Country/Region":"France","Province/State":"Corse","Code":"94","Population":{"Total":344679,"Under19":68555,"Under39":76985,"Under59":93175,"Under74":65675,"Over75":40289},"Beds":{"Resuscitation":18,"IntensiveCare":42,"Total":60},"Deaths":68,"Recovered":322,"Severe":42,"Critical":9,"Emergencies":{"Suspected":10,"Total":220,"Severe":8,"Suspected/Accumulated":2413,"Total/Accumulated":54640,"Severe/Accumulated":2183},"MedicalActs":{"Suspected":12,"Total":118,"Suspected/Accumulated":1105,"Total/Accumulated":16759},"Confirmed":263,"PCRTests":{"Total/Accumulated":76909,"Confirmed/Accumulated":2689}},"geometry":{"type":"Point","coordinates":[9.019688964401293,42.118564077669916]}},{"type":"Feature","properties":{"Country/Region":"France","Province/State":"Guyane","Code":"03","Population":{"Total":290691,"Under19":120681,"Under39":80023,"Under59":61783,"Under74":22111,"Over75":6093},"Beds":{"Resuscitation":13,"IntensiveCare":12,"Total":25},"Deaths":65,"Recovered":1767,"Severe":15,"Critical":1,"Emergencies":{"Suspected":1,"Total":188,"Severe":1,"Suspected/Accumulated":1964,"Total/Accumulated":44677,"Severe/Accumulated":927},"Confirmed":43,"MedicalTests":{"Total/Accumulated":35,"Confirmed/Accumulated":4},"PCRTests":{"Total/Accumulated":64836,"Confirmed/Accumulated":8998}},"geometry":{"type":"Point","coordinates":[-53.41731165390502,3.588901056661561]}},{"type":"Feature","properties":{"Country/Region":"France","Province/State":"La Réunion","Code":"04","Population":{"Total":859959,"Under19":256143,"Under39":202783,"Under59":239212,"Under74":117045,"Over75":44776},"Beds":{"Resuscitation":52,"IntensiveCare":154,"Total":206},"Deaths":27,"Recovered":454,"Severe":43,"Critical":8,"Emergencies":{"Total":373,"Suspected/Accumulated":557,"Total/Accumulated":88559,"Severe/Accumulated":337},"Confirmed":94,"MedicalTests":{"Total/Accumulated":19,"Confirmed/Accumulated":1},"PCRTests":{"Total/Accumulated":186088,"Confirmed/Accumulated":4805}},"geometry":{"type":"Point","coordinates":[55.52943947368424,-21.1374047368421]}},{"type":"Feature","properties":{"Country/Region":"France","Province/State":"Mayotte","Code":"06","Population":{"Total":279471,"Under19":150257,"Under39":74348,"Under59":42900,"Under74":9521,"Over75":2445},"Beds":{"Resuscitation":6,"IntensiveCare":0,"Total":6},"Deaths":30,"Recovered":468,"Severe":9,"Critical":3,"Emergencies":{"Total":100,"Suspected/Accumulated":1927,"Total/Accumulated":24407,"Severe/Accumulated":263},"Confirmed":128,"MedicalTests":{"Total/Accumulated":4,"Confirmed/Accumulated":1},"PCRTests":{"Total/Accumulated":24594,"Confirmed/Accumulated":2451}},"geometry":{"type":"Point","coordinates":[45.14160071428572,-12.835344166666673]}}]}