{"type":"FeatureCollection","features":[{"type":"Feature","properties":{"Country/Region":"France","Province/State":"Île-de-France","Code":"11","Population":{"Total":12278210,"Under19":3140965,"Under39":3409765,"Under59":3210447,"Under74":1658207,"Over75":858826},"Beds":{"Resuscitation":1147,"IntensiveCare":2512,"Total":3659},"Deaths":10435,"Recovered":46873,"Severe":6340,"Critical":950,"Emergencies":{"Suspected":165,"Total":5464,"Severe":77,"Suspected/Accumulated":83864,"Total/Accumulated":1582876,"Severe/Accumulated":25812},"MedicalActs":{"Suspected":47,"Total":1574,"Suspected/Accumulated":31002,"Total/Accumulated":358482},"PCRTests":{"Total":19490,"Confirmed":1471,"Total/Accumulated":4151713,"Confirmed/Accumulated":443850},"Confirmed":7660,"MedicalTests":{"Total/Accumulated":85340,"Confirmed/Accumulated":18277}},"geometry":{"type":"Point","coordinates":[2.5292589766081885,48.704415292397634]}},{"type":"Feature","properties":{"Country/Region":"France","Province/State":"Centre-Val de Loire","Code":"24","Population":{"Total":2559073,"Under19":598570,"Under39":541141,"Under59":661150,"Under74":478923,"Over75":279289},"Beds":{"Resuscitation":180,"IntensiveCare":346,"Total":526},"Deaths":910,"Recovered":4040,"Severe":997,"Critical":158,"Emergencies":{"Suspected":41,"Total":1137,"Severe":8,"Suspected/Accumulated":8276,"Total/Accumulated":348875,"Severe/Accumulated":2244},"MedicalActs":{"Suspected":17,"Total":397,"Suspected/Accumulated":4165,"Total/Accumulated":94357},"PCRTests":{"Total":3745,"Confirmed":268,"Total/Accumulated":709101,"Confirmed/Accumulated":54502},"Confirmed":1157,"MedicalTests":{"Total/Accumulated":20197,"Confirmed/Accumulated":1858}},"geometry":{"type":"Point","coordinates":[1.6429664800000017,47.54357092799999]}},{"type":"Feature","properties":{"Country/Region":"France","Province/State":"Bourgogne-Franche-Comté","Code":"27","Population":{"Total":2783039,"Under19":627017,"Under39":591411,"Under59":715664,"Under74":540051,"Over75":308896},"Beds":{"Resuscitation":198,"IntensiveCare":642,"Total":840},"Deaths":1703,"Recovered":6741,"Severe":1833,"Critical":237,"Emergencies":{"Suspected":72,"Total":1475,"Severe":38,"Suspected/Accumulated":18331,"Total/Accumulated":459774,"Severe/Accumulated":7977},"MedicalActs":{"Suspected":27,"Total":286,"Suspected/Accumulated":5089,"Total/Accumulated":67496},"PCRTests":{"Total":5392,"Confirmed":498,"Total/Accumulated":890437,"Confirmed/Accumulated":81760},"Confirmed":1569,"MedicalTests":{"Total/Accumulated":15673,"Confirmed/Accumulated":1330}},"geometry":{"type":"Point","coordinates":[4.731409826897467,47.2969232490013]}},{"type":"Feature","properties":{"Country/Region":"France","Province/State":"Normandie","Code":"28","Population":{"Total":3303500,"Under19":781337,"Under39":727044,"Under59":842963,"Under74":615474,"Over75":336682},"Beds":{"Resuscitation":240,"IntensiveCare":548,"Total":788},"Deaths":1020,"Recovered":4153,"Severe":1336,"Critical":152,"Emergencies":{"Suspected":36,"Total":1650,"Severe":19,"Suspected/Accumulated":8637,"Total/Accumulated":492907,"Severe/Accumulated":4014},"MedicalActs":{"Suspected":20,"Total":541,"Suspected/Accumulated":8680,"Total/Accumulated":118675},"PCRTests":{"Total":4893,"Confirmed":294,"Total/Accumulated":902512,"Confirmed/Accumulated":69955},"Confirmed":912,"MedicalTests":{"Total/Accumulated":17253,"Confirmed/Accumulated":1385}},"geometry":{"type":"Point","coordinates":[-0.022673401869158984,49.066630336448576]}},{"type":"Feature","properties":{"Country/Region":"France","Province/State":"Hauts-de-France","Code":"32","Population":{"Total":5962662,"Under19":1525538,"Under39":1443348,"Under59":1522690,"Under74":994313,"Over75":476773},"Beds":{"Resuscitation":438,"IntensiveCare":1338,"Total":1776},"Deaths":3224,"Recovered":13340,"Severe":3066,"Critical":476,"Emergencies":{"Suspected":62,"Total":2375,"Severe":32,"Suspected/Accumulated":20500,"Total/Accumulated":748327,"Severe/Accumulated":7812},"MedicalActs":{"Suspected":44,"Total":952,"Suspected/Accumulated":12494,"Total/Accumulated":232379},"PCRTests":{"Total":11158,"Confirmed":826,"Total/Accumulated":2107304,"Confirmed/Accumulated":208918},"Confirmed":3011,"MedicalTests":{"Total/Accumulated":31790,"Confirmed/Accumulated":3410}},"geometry":{"type":"Point","coordinates":[2.8852615671641804,49.86155781716422]}},{"type":"Feature","properties":{"Country/Region":"France","Province/State":"Grand Est","Code":"44","Population":{"Total":5511747,"Under19":1258123,"Under39":1291962,"Under59":1448828,"Under74":988178,"Over75":524656},"Beds":{"Resuscitation":465,"IntensiveCare":840,"Total":1305},"Deaths":4469,"Recovered":16859,"Severe":2618,"Critical":353,"Emergencies":{"Suspected":86,"Total":2474,"Severe":56,"Suspected/Accumulated":23918,"Total/Accumulated":743740,"Severe/Accumulated":12124},"MedicalActs":{"Suspected":31,"Total":744,"Suspected/Accumulated":11924,"Total/Accumulated":169876},"PCRTests":{"Total":11014,"Confirmed":743,"Total/Accumulated":1876173,"Confirmed/Accumulated":125347},"Confirmed":5479,"MedicalTests":{"Total/Accumulated":24982,"Confirmed/Accumulated":3702}},"geometry":{"type":"Point","coordinates":[5.509890203045682,48.670969771573546]}},{"type":"Feature","properties":{"Country/Region":"France","Province/State":"Pays de la Loire","Code":"52","Population":{"Total":3801797,"Under19":933509,"Under39":853729,"Under59":970508,"Under74":667531,"Over75":376520},"Beds":{"Resuscitation":181,"IntensiveCare":572,"Total":753},"Deaths":879,"Recovered":4472,"Severe":1049,"Critical":141,"Emergencies":{"Suspected":28,"Total":1467,"Severe":19,"Suspected/Accumulated":13224,"Total/Accumulated":429716,"Severe/Accumulated":7059},"MedicalActs":{"Suspected":14,"Total":583,"Suspected/Accumulated":7490,"Total/Accumulated":127988},"PCRTests":{"Total":5393,"Confirmed":280,"Total/Accumulated":1094795,"Confirmed/Accumulated":75317},"Confirmed":1630,"MedicalTests":{"Total/Accumulated":1941,"Confirmed/Accumulated":78}},"geometry":{"type":"Point","coordinates":[-0.8763313771517983,47.44186302034428]}},{"type":"Feature","properties":{"Country/Region":"France","Province/State":"Bretagne","Code":"53","Population":{"Total":3340379,"Under19":773631,"Under39":714512,"Under59":866988,"Under74":632104,"Over75":353144},"Beds":{"Resuscitation":162,"IntensiveCare":462,"Total":624},"Deaths":492,"Recovered":2610,"Severe":660,"Critical":93,"Emergencies":{"Suspected":15,"Total":1529,"Severe":7,"Suspected/Accumulated":8862,"Total/Accumulated":456888,"Severe/Accumulated":3518},"MedicalActs":{"Suspected":17,"Total":387,"Suspected/Accumulated":4609,"Total/Accumulated":95216},"PCRTests":{"Total":4104,"Confirmed":156,"Total/Accumulated":844278,"Confirmed/Accumulated":46457},"Confirmed":962,"MedicalTests":{"Total/Accumulated":698,"Confirmed/Accumulated":25}},"geometry":{"type":"Point","coordinates":[-3.104342941176476,48.146701189258316]}},{"type":"Feature","properties":{"Country/Region":"France","Province/State":"Nouvelle-Aquitaine","Code":"75","Population":{"Total":5999982,"Under19":1293321,"Under39":1274746,"Under59":1561754,"Under74":1177229,"Over75":692932},"Beds":{"Resuscitation":412,"IntensiveCare":946,"Total":1358},"Deaths":1067,"Recovered":5326,"Severe":1728,"Critical":259,"Emergencies":{"Suspected":57,"Total":2945,"Severe":43,"Suspected/Accumulated":16552,"Total/Accumulated":880537,"Severe/Accumulated":7816},"MedicalActs":{"Suspected":32,"Total":1317,"Suspected/Accumulated":17308,"Total/Accumulated":305545},"PCRTests":{"Total":8329,"Confirmed":390,"Total/Accumulated":1626456,"Confirmed/Accumulated":107326},"Confirmed":1007,"MedicalTests":{"Total/Accumulated":33043,"Confirmed/Accumulated":961}},"geometry":{"type":"Point","coordinates":[0.16186906163753495,45.156971701931916]}},{"type":"Feature","properties":{"Country/Region":"France","Province/State":"Occitanie","Code":"76","Population":{"Total":5924858,"Under19":1320456,"Under39":1330125,"Under59":1526711,"Under74":1099893,"Over75":647673},"Beds":{"Resuscitation":474,"IntensiveCare":1206,"Total":1680},"Deaths":1500,"Recovered":7702,"Severe":1987,"Critical":360,"Emergencies":{"Suspected":48,"Total":3025,"Severe":24,"Suspected/Accumulated":17032,"Total/Accumulated":897508,"Severe/Accumulated":7813},"MedicalActs":{"Suspected":18,"Total":556,"Suspected/Accumulated":6707,"Total/Accumulated":106474},"PCRTests":{"Total":7841,"Confirmed":391,"Total/Accumulated":1905411,"Confirmed/Accumulated":158468},"Confirmed":2374,"MedicalTests":{"Total/Accumulated":83743,"Confirmed/Accumulated":2680}},"geometry":{"type":"Point","coordinates":[1.988214846153848,43.761180626373644]}},{"type":"Feature","properties":{"Country/Region":"France","Province/State":"Auvergne-Rhône-Alpes","Code":"84","Population":{"Total":8032377,"Under19":1940253,"Under39":1900702,"Under59":2079813,"Under74":1340003,"Over75":771606},"Beds":{"Resuscitation":559,"IntensiveCare":1136,"Total":1695},"Deaths":4568,"Recovered":20157,"Severe":6434,"Critical":788,"Emergencies":{"Suspected":195,"Total":3566,"Severe":104,"Suspected/Accumulated":37279,"Total/Accumulated":1117918,"Severe/Accumulated":16666},"MedicalActs":{"Suspected":55,"Total":1046,"Suspected/Accumulated":22355,"Total/Accumulated":239709},"PCRTests":{"Total":12180,"Confirmed":1294,"Total/Accumulated":2655349,"Confirmed/Accumulated":368149},"Confirmed":2093,"MedicalTests":{"Total/Accumulated":27674,"Confirmed/Accumulated":2153}},"geometry":{"type":"Point","coordinates":[4.515179591651545,45.475403602540794]}},{"type":"Feature","properties":{"Country/Region":"France","Province/State":"Guadeloupe","Code":"01","Population":{"Total":376879,"Under19":90617,"Under39":71707,"Under59":109452,"Under74":70936,"Over75":34167},"Beds":{"Resuscitation":27,"IntensiveCare":68,"Total":95},"Deaths":161,"Recovered":692,"Severe":103,"Critical":11,"Emergencies":{"Suspected":5,"Total":257,"Severe":3,"Suspected/Accumulated":1627,"Total/Accumulated":54412,"Severe/Accumulated":743},"PCRTests":{"Total":107,"Confirmed":7,"Total/Accumulated":69422,"Confirmed/Accumulated":8067},"Confirmed":106,"MedicalTests":{"Total/Accumulated":51,"Confirmed/Accumulated":17}},"geometry":{"type":"Point","coordinates":[-61.493846272189366,16.20469674556213]}},{"type":"Feature","properties":{"Country/Region":"France","Province/State":"Martinique","Code":"02","Population":{"Total":358749,"Under19":77005,"Under39":65776,"Under59":105638,"Under74":72163,"Over75":38167},"Beds":{"Resuscitation":26,"IntensiveCare":58,"Total":84},"Deaths":39,"Recovered":304,"Severe":57,"Critical":16,"MedicalActs":{"Suspected":1,"Total":106,"Suspected/Accumulated":588,"Total/Accumulated":28980},"PCRTests":{"Total":274,"Confirmed":22,"Total/Accumulated":82668,"Confirmed/Accumulated":5486},"Confirmed":111,"MedicalTests":{"Total/Accumulated":29,"Confirmed/Accumulated":6}},"geometry":{"type":"Point","coordinates":[-60.98265692913386,14.6217557480315]}},{"type":"Feature","properties":{"Country/Region":"France","Province/State":"Provence-Alpes-Côte d'Azur","Code":"93","Population":{"Total":5055651,"Under19":1128765,"Under39":1109058,"Under59":1309879,"Under74":927347,"Over75":580602},"Beds":{"Resuscitation":460,"IntensiveCare":802,"Total":1262},"Deaths":2494,"Recovered":14490,"Severe":2990,"Critical":468,"Emergencies":{"Suspected":110,"Total":2817,"Severe":71,"Suspected/Accumulated":23403,"Total/Accumulated":892560,"Severe/Accumulated":12442},"MedicalActs":{"Suspected":40,"Total":997,"Suspected/Accumulated":14706,"Total/Accumulated":214380},"PCRTests":{"Total":8641,"Confirmed":529,"Total/Accumulated":2040515,"Confirmed/Accumulated":173667},"Confirmed":1927,"MedicalTests":{"Total/Accumulated":80858,"Confirmed/Accumulated":4204}},"geometry":{"type":"Point","coordinates":[5.940587832647462,43.96417941015098]}},{"type":"Feature","properties":{"Country/Region":"France","Province/State":"Corse","Code":"94","Population":{"Total":344679,"Under19":68555,"Under39":76985,"Under59":93175,"Under74":65675,"Over75":40289},"Beds":{"Resuscitation":18,"IntensiveCare":42,"Total":60},"Deaths":109,"Recovered":444,"Severe":61,"Critical":11,"Emergencies":{"Suspected":2,"Total":162,"Severe":2,"Suspected/Accumulated":2614,"Total/Accumulated":60278,"Severe/Accumulated":2316},"MedicalActs":{"Suspected":1,"Total":108,"Suspected/Accumulated":1415,"Total/Accumulated":19887},"PCRTests":{"Total":614,"Confirmed":11,"Total/Accumulated":122842,"Confirmed/Accumulated":6497},"Confirmed":263},"geometry":{"type":"Point","coordinates":[9.019688964401293,42.118564077669916]}},{"type":"Feature","properties":{"Country/Region":"France","Province/State":"Guyane","Code":"03","Population":{"Total":290691,"Under19":120681,"Under39":80023,"Under59":61783,"Under74":22111,"Over75":6093},"Beds":{"Resuscitation":13,"IntensiveCare":12,"Total":25},"Deaths":66,"Recovered":1846,"Severe":10,"Emergencies":{"Suspected":3,"Total":181,"Severe":1,"Suspected/Accumulated":2013,"Total/Accumulated":50748,"Severe/Accumulated":947},"PCRTests":{"Total":321,"Confirmed":14,"Total/Accumulated":77653,"Confirmed/Accumulated":9691},"Confirmed":43,"MedicalTests":{"Total/Accumulated":35,"Confirmed/Accumulated":4}},"geometry":{"type":"Point","coordinates":[-53.41731165390502,3.588901056661561]}},{"type":"Feature","properties":{"Country/Region":"France","Province/State":"La Réunion","Code":"04","Population":{"Total":859959,"Under19":256143,"Under39":202783,"Under59":239212,"Under74":117045,"Over75":44776},"Beds":{"Resuscitation":52,"IntensiveCare":154,"Total":206},"Deaths":43,"Recovered":592,"Severe":85,"Critical":15,"Emergencies":{"Suspected":9,"Total":376,"Severe":4,"Suspected/Accumulated":764,"Total/Accumulated":100632,"Severe/Accumulated":460},"PCRTests":{"Total":1292,"Confirmed":31,"Total/Accumulated":246919,"Confirmed/Accumulated":7670},"Confirmed":94,"MedicalTests":{"Total/Accumulated":19,"Confirmed/Accumulated":1}},"geometry":{"type":"Point","coordinates":[55.52943947368424,-21.1374047368421]}},{"type":"Feature","properties":{"Country/Region":"France","Province/State":"Mayotte","Code":"06","Population":{"Total":279471,"Under19":150257,"Under39":74348,"Under59":42900,"Under74":9521,"Over75":2445},"Beds":{"Resuscitation":6,"IntensiveCare":0,"Total":6},"Deaths":34,"Recovered":505,"Severe":11,"Critical":5,"Emergencies":{"Suspected":1,"Total":113,"Suspected/Accumulated":1954,"Total/Accumulated":28127,"Severe/Accumulated":276},"PCRTests":{"Total":81,"Confirmed":10,"Total/Accumulated":33784,"Confirmed/Accumulated":3440},"Confirmed":128,"MedicalTests":{"Total/Accumulated":4,"Confirmed/Accumulated":1}},"geometry":{"type":"Point","coordinates":[45.14160071428572,-12.835344166666673]}}]}