{"type":"FeatureCollection","features":[{"type":"Feature","properties":{"Country/Region":"France","Province/State":"Île-de-France","Code":"11","Population":{"Total":12278210,"Under19":3140965,"Under39":3409765,"Under59":3210447,"Under74":1658207,"Over75":858826},"Beds":{"Resuscitation":1147,"IntensiveCare":2512,"Total":3659},"Deaths":4664,"Recovered":12555,"Severe":12490,"Critical":2293,"Emergencies":{"Suspected":440,"Total":4054,"Severe":143,"Suspected/Accumulated":39587,"Total/Accumulated":255729,"Severe/Accumulated":13197},"MedicalActs":{"Suspected":83,"Total":1191,"Suspected/Accumulated":9693,"Total/Accumulated":74068},"MedicalTests":{"Total":610,"Confirmed":100,"Total/Accumulated":45249,"Confirmed/Accumulated":15577},"Confirmed":7660},"geometry":{"type":"Point","coordinates":[2.5292589766081885,48.704415292397634]}},{"type":"Feature","properties":{"Country/Region":"France","Province/State":"Centre-Val de Loire","Code":"24","Population":{"Total":2559073,"Under19":598570,"Under39":541141,"Under59":661150,"Under74":478923,"Over75":279289},"Beds":{"Resuscitation":180,"IntensiveCare":346,"Total":526},"Deaths":276,"Recovered":853,"Severe":963,"Critical":166,"Emergencies":{"Suspected":59,"Total":1003,"Severe":16,"Suspected/Accumulated":3006,"Total/Accumulated":51701,"Severe/Accumulated":792},"MedicalActs":{"Suspected":6,"Total":257,"Suspected/Accumulated":653,"Total/Accumulated":14449},"MedicalTests":{"Total":74,"Confirmed":1,"Total/Accumulated":7219,"Confirmed/Accumulated":1516},"Confirmed":1157},"geometry":{"type":"Point","coordinates":[1.6429664800000017,47.54357092799999]}},{"type":"Feature","properties":{"Country/Region":"France","Province/State":"Bourgogne-Franche-Comté","Code":"27","Population":{"Total":2783039,"Under19":627017,"Under39":591411,"Under59":715664,"Under74":540051,"Over75":308896},"Beds":{"Resuscitation":198,"IntensiveCare":642,"Total":840},"Deaths":644,"Recovered":1788,"Severe":1351,"Critical":255,"Emergencies":{"Suspected":101,"Total":1286,"Severe":46,"Suspected/Accumulated":8070,"Total/Accumulated":65631,"Severe/Accumulated":3284},"MedicalActs":{"Suspected":13,"Total":227,"Suspected/Accumulated":1343,"Total/Accumulated":12235},"MedicalTests":{"Total":82,"Confirmed":5,"Total/Accumulated":6363,"Confirmed/Accumulated":1080},"Confirmed":1569},"geometry":{"type":"Point","coordinates":[4.731409826897467,47.2969232490013]}},{"type":"Feature","properties":{"Country/Region":"France","Province/State":"Normandie","Code":"28","Population":{"Total":3303500,"Under19":781337,"Under39":727044,"Under59":842963,"Under74":615474,"Over75":336682},"Beds":{"Resuscitation":240,"IntensiveCare":548,"Total":788},"Deaths":267,"Recovered":789,"Severe":657,"Critical":146,"Emergencies":{"Suspected":57,"Total":1296,"Severe":27,"Suspected/Accumulated":3072,"Total/Accumulated":71337,"Severe/Accumulated":1068},"MedicalActs":{"Suspected":20,"Total":408,"Suspected/Accumulated":2028,"Total/Accumulated":20916},"MedicalTests":{"Total":64,"Confirmed":8,"Total/Accumulated":7546,"Confirmed/Accumulated":1105},"Confirmed":912},"geometry":{"type":"Point","coordinates":[-0.022673401869158984,49.066630336448576]}},{"type":"Feature","properties":{"Country/Region":"France","Province/State":"Hauts-de-France","Code":"32","Population":{"Total":5962662,"Under19":1525538,"Under39":1443348,"Under59":1522690,"Under74":994313,"Over75":476773},"Beds":{"Resuscitation":438,"IntensiveCare":1338,"Total":1776},"Deaths":1077,"Recovered":2744,"Severe":2516,"Critical":476,"Emergencies":{"Suspected":160,"Total":1984,"Severe":60,"Suspected/Accumulated":8542,"Total/Accumulated":110287,"Severe/Accumulated":2993},"MedicalActs":{"Suspected":39,"Total":602,"Suspected/Accumulated":3058,"Total/Accumulated":41517},"MedicalTests":{"Total":54,"Confirmed":10,"Total/Accumulated":9302,"Confirmed/Accumulated":2390},"Confirmed":3011},"geometry":{"type":"Point","coordinates":[2.8852615671641804,49.86155781716422]}},{"type":"Feature","properties":{"Country/Region":"France","Province/State":"Grand Est","Code":"44","Population":{"Total":5511747,"Under19":1258123,"Under39":1291962,"Under59":1448828,"Under74":988178,"Over75":524656},"Beds":{"Resuscitation":465,"IntensiveCare":840,"Total":1305},"Deaths":2422,"Recovered":6058,"Severe":4632,"Critical":757,"Emergencies":{"Suspected":161,"Total":1993,"Severe":89,"Suspected/Accumulated":13228,"Total/Accumulated":113074,"Severe/Accumulated":6563},"MedicalActs":{"Suspected":63,"Total":648,"Suspected/Accumulated":4711,"Total/Accumulated":34810},"MedicalTests":{"Total":112,"Confirmed":5,"Total/Accumulated":14142,"Confirmed/Accumulated":3267},"Confirmed":5479},"geometry":{"type":"Point","coordinates":[5.509890203045682,48.670969771573546]}},{"type":"Feature","properties":{"Country/Region":"France","Province/State":"Pays de la Loire","Code":"52","Population":{"Total":3801797,"Under19":933509,"Under39":853729,"Under59":970508,"Under74":667531,"Over75":376520},"Beds":{"Resuscitation":181,"IntensiveCare":572,"Total":753},"Deaths":251,"Recovered":939,"Severe":787,"Critical":125,"Emergencies":{"Suspected":71,"Total":1207,"Severe":37,"Suspected/Accumulated":5188,"Total/Accumulated":59309,"Severe/Accumulated":2317},"MedicalActs":{"Suspected":20,"Total":469,"Suspected/Accumulated":2175,"Total/Accumulated":22117},"MedicalTests":{"Total":5,"Total/Accumulated":600,"Confirmed/Accumulated":63},"Confirmed":1630},"geometry":{"type":"Point","coordinates":[-0.8763313771517983,47.44186302034428]}},{"type":"Feature","properties":{"Country/Region":"France","Province/State":"Bretagne","Code":"53","Population":{"Total":3340379,"Under19":773631,"Under39":714512,"Under59":866988,"Under74":632104,"Over75":353144},"Beds":{"Resuscitation":162,"IntensiveCare":462,"Total":624},"Deaths":181,"Recovered":627,"Severe":468,"Critical":88,"Emergencies":{"Suspected":63,"Total":1281,"Severe":42,"Suspected/Accumulated":3531,"Total/Accumulated":65887,"Severe/Accumulated":1195},"MedicalActs":{"Suspected":5,"Total":352,"Suspected/Accumulated":828,"Total/Accumulated":17267},"MedicalTests":{"Total":1,"Total/Accumulated":156,"Confirmed/Accumulated":17},"Confirmed":962},"geometry":{"type":"Point","coordinates":[-3.104342941176476,48.146701189258316]}},{"type":"Feature","properties":{"Country/Region":"France","Province/State":"Nouvelle-Aquitaine","Code":"75","Population":{"Total":5999982,"Under19":1293321,"Under39":1274746,"Under59":1561754,"Under74":1177229,"Over75":692932},"Beds":{"Resuscitation":412,"IntensiveCare":946,"Total":1358},"Deaths":241,"Recovered":1047,"Severe":812,"Critical":193,"Emergencies":{"Suspected":114,"Total":2377,"Severe":62,"Suspected/Accumulated":7438,"Total/Accumulated":122263,"Severe/Accumulated":3033},"MedicalActs":{"Suspected":66,"Total":1081,"Suspected/Accumulated":5249,"Total/Accumulated":55812},"MedicalTests":{"Total":247,"Confirmed":18,"Total/Accumulated":11531,"Confirmed/Accumulated":767},"Confirmed":1007},"geometry":{"type":"Point","coordinates":[0.16186906163753495,45.156971701931916]}},{"type":"Feature","properties":{"Country/Region":"France","Province/State":"Occitanie","Code":"76","Population":{"Total":5924858,"Under19":1320456,"Under39":1330125,"Under59":1526711,"Under74":1099893,"Over75":647673},"Beds":{"Resuscitation":474,"IntensiveCare":1206,"Total":1680},"Deaths":292,"Recovered":1676,"Severe":860,"Critical":240,"Emergencies":{"Suspected":89,"Total":2321,"Severe":44,"Suspected/Accumulated":5798,"Total/Accumulated":124054,"Severe/Accumulated":2599},"MedicalActs":{"Suspected":28,"Total":416,"Suspected/Accumulated":1958,"Total/Accumulated":19540},"MedicalTests":{"Total":299,"Confirmed":10,"Total/Accumulated":26634,"Confirmed/Accumulated":2016},"Confirmed":2374},"geometry":{"type":"Point","coordinates":[1.988214846153848,43.761180626373644]}},{"type":"Feature","properties":{"Country/Region":"France","Province/State":"Auvergne-Rhône-Alpes","Code":"84","Population":{"Total":8032377,"Under19":1940253,"Under39":1900702,"Under59":2079813,"Under74":1340003,"Over75":771606},"Beds":{"Resuscitation":559,"IntensiveCare":1136,"Total":1695},"Deaths":992,"Recovered":3797,"Severe":2942,"Critical":578,"Emergencies":{"Suspected":119,"Total":2941,"Severe":43,"Suspected/Accumulated":12175,"Total/Accumulated":159386,"Severe/Accumulated":5289},"MedicalActs":{"Suspected":71,"Total":878,"Suspected/Accumulated":4768,"Total/Accumulated":42991},"MedicalTests":{"Total":252,"Confirmed":15,"Total/Accumulated":12404,"Confirmed/Accumulated":1768},"Confirmed":2093},"geometry":{"type":"Point","coordinates":[4.515179591651545,45.475403602540794]}},{"type":"Feature","properties":{"Country/Region":"France","Province/State":"Guadeloupe","Code":"01","Population":{"Total":376879,"Under19":90617,"Under39":71707,"Under59":109452,"Under74":70936,"Over75":34167},"Beds":{"Resuscitation":27,"IntensiveCare":68,"Total":95},"Deaths":11,"Recovered":61,"Severe":33,"Critical":17,"Emergencies":{"Suspected":2,"Total":133,"Severe":1,"Suspected/Accumulated":181,"Total/Accumulated":8277,"Severe/Accumulated":75},"MedicalTests":{"Total":1,"Total/Accumulated":31,"Confirmed/Accumulated":13},"Confirmed":106},"geometry":{"type":"Point","coordinates":[-61.493846272189366,16.20469674556213]}},{"type":"Feature","properties":{"Country/Region":"France","Province/State":"Martinique","Code":"02","Population":{"Total":358749,"Under19":77005,"Under39":65776,"Under59":105638,"Under74":72163,"Over75":38167},"Beds":{"Resuscitation":26,"IntensiveCare":58,"Total":84},"Deaths":7,"Recovered":60,"Severe":36,"Critical":14,"MedicalActs":{"Suspected":9,"Total":101,"Suspected/Accumulated":98,"Total/Accumulated":5458},"MedicalTests":{"Total":1,"Total/Accumulated":19,"Confirmed/Accumulated":5},"Confirmed":111},"geometry":{"type":"Point","coordinates":[-60.98265692913386,14.6217557480315]}},{"type":"Feature","properties":{"Country/Region":"France","Province/State":"Provence-Alpes-Côte d'Azur","Code":"93","Population":{"Total":5055651,"Under19":1128765,"Under39":1109058,"Under59":1309879,"Under74":927347,"Over75":580602},"Beds":{"Resuscitation":460,"IntensiveCare":802,"Total":1262},"Deaths":463,"Recovered":2682,"Severe":1846,"Critical":364,"Emergencies":{"Suspected":162,"Total":2542,"Severe":71,"Suspected/Accumulated":7828,"Total/Accumulated":126278,"Severe/Accumulated":4004},"MedicalActs":{"Suspected":58,"Total":785,"Suspected/Accumulated":4258,"Total/Accumulated":39173},"MedicalTests":{"Total":558,"Confirmed":14,"Total/Accumulated":40593,"Confirmed/Accumulated":3550},"Confirmed":1927},"geometry":{"type":"Point","coordinates":[5.940587832647462,43.96417941015098]}},{"type":"Feature","properties":{"Country/Region":"France","Province/State":"Corse","Code":"94","Population":{"Total":344679,"Under19":68555,"Under39":76985,"Under59":93175,"Under74":65675,"Over75":40289},"Beds":{"Resuscitation":18,"IntensiveCare":42,"Total":60},"Deaths":42,"Recovered":146,"Severe":76,"Critical":12,"Emergencies":{"Suspected":6,"Total":142,"Severe":5,"Suspected/Accumulated":1477,"Total/Accumulated":7451,"Severe/Accumulated":1424},"MedicalActs":{"Suspected":7,"Total":53,"Suspected/Accumulated":390,"Total/Accumulated":2216},"Confirmed":263},"geometry":{"type":"Point","coordinates":[9.019688964401293,42.118564077669916]}},{"type":"Feature","properties":{"Country/Region":"France","Province/State":"Guyane","Code":"03","Population":{"Total":290691,"Under19":120681,"Under39":80023,"Under59":61783,"Under74":22111,"Over75":6093},"Beds":{"Resuscitation":13,"IntensiveCare":12,"Total":25},"Recovered":25,"Severe":8,"Critical":2,"Emergencies":{"Total":138,"Suspected/Accumulated":57,"Total/Accumulated":9183,"Severe/Accumulated":13},"Confirmed":43,"MedicalTests":{"Total/Accumulated":26,"Confirmed/Accumulated":4}},"geometry":{"type":"Point","coordinates":[-53.41731165390502,3.588901056661561]}},{"type":"Feature","properties":{"Country/Region":"France","Province/State":"La Réunion","Code":"04","Population":{"Total":859959,"Under19":256143,"Under39":202783,"Under59":239212,"Under74":117045,"Over75":44776},"Beds":{"Resuscitation":52,"IntensiveCare":154,"Total":206},"Recovered":89,"Severe":14,"Critical":2,"Emergencies":{"Total":330,"Suspected/Accumulated":229,"Total/Accumulated":17032,"Severe/Accumulated":160},"MedicalTests":{"Total":1,"Total/Accumulated":8,"Confirmed/Accumulated":1},"Confirmed":94},"geometry":{"type":"Point","coordinates":[55.52943947368424,-21.1374047368421]}},{"type":"Feature","properties":{"Country/Region":"France","Province/State":"Mayotte","Code":"06","Population":{"Total":279471,"Under19":150257,"Under39":74348,"Under59":42900,"Under74":9521,"Over75":2445},"Beds":{"Resuscitation":6,"IntensiveCare":0,"Total":6},"Deaths":4,"Recovered":41,"Severe":24,"Critical":5,"Emergencies":{"Suspected":10,"Total":119,"Severe":3,"Suspected/Accumulated":275,"Total/Accumulated":4701,"Severe/Accumulated":70},"Confirmed":128,"MedicalTests":{"Total/Accumulated":2,"Confirmed/Accumulated":1}},"geometry":{"type":"Point","coordinates":[45.14160071428572,-12.835344166666673]}}]}