{"type":"FeatureCollection","features":[{"type":"Feature","properties":{"Country/Region":"France","Province/State":"Île-de-France","Code":"11","Population":{"Total":12278210,"Under19":3140965,"Under39":3409765,"Under59":3210447,"Under74":1658207,"Over75":858826},"Beds":{"Resuscitation":1147,"IntensiveCare":2512,"Total":3659},"Deaths":7624,"Recovered":30004,"Severe":2545,"Critical":175,"Emergencies":{"Suspected":90,"Total":6969,"Severe":21,"Suspected/Accumulated":56336,"Total/Accumulated":929014,"Severe/Accumulated":16832},"MedicalActs":{"Suspected":40,"Total":1035,"Suspected/Accumulated":15457,"Total/Accumulated":205858},"PCRTests":{"Total":23910,"Confirmed":1176,"Total/Accumulated":1003488,"Confirmed/Accumulated":22744},"Confirmed":7660,"MedicalTests":{"Total/Accumulated":85340,"Confirmed/Accumulated":18277}},"geometry":{"type":"Point","coordinates":[2.5292589766081885,48.704415292397634]}},{"type":"Feature","properties":{"Country/Region":"France","Province/State":"Centre-Val de Loire","Code":"24","Population":{"Total":2559073,"Under19":598570,"Under39":541141,"Under59":661150,"Under74":478923,"Over75":279289},"Beds":{"Resuscitation":180,"IntensiveCare":346,"Total":526},"Deaths":566,"Recovered":2326,"Severe":85,"Critical":7,"Emergencies":{"Suspected":17,"Total":1629,"Severe":3,"Suspected/Accumulated":5562,"Total/Accumulated":210962,"Severe/Accumulated":1413},"MedicalActs":{"Suspected":4,"Total":411,"Suspected/Accumulated":1755,"Total/Accumulated":51057},"PCRTests":{"Total":3731,"Confirmed":117,"Total/Accumulated":131852,"Confirmed/Accumulated":1881},"Confirmed":1157,"MedicalTests":{"Total/Accumulated":20197,"Confirmed/Accumulated":1858}},"geometry":{"type":"Point","coordinates":[1.6429664800000017,47.54357092799999]}},{"type":"Feature","properties":{"Country/Region":"France","Province/State":"Bourgogne-Franche-Comté","Code":"27","Population":{"Total":2783039,"Under19":627017,"Under39":591411,"Under59":715664,"Under74":540051,"Over75":308896},"Beds":{"Resuscitation":198,"IntensiveCare":642,"Total":840},"Deaths":1062,"Recovered":4076,"Severe":28,"Critical":4,"Emergencies":{"Suspected":21,"Total":2135,"Severe":8,"Suspected/Accumulated":12048,"Total/Accumulated":272953,"Severe/Accumulated":5025},"MedicalActs":{"Suspected":4,"Total":269,"Suspected/Accumulated":2408,"Total/Accumulated":38599},"PCRTests":{"Total":2817,"Confirmed":47,"Total/Accumulated":165460,"Confirmed/Accumulated":1435},"Confirmed":1569,"MedicalTests":{"Total/Accumulated":15673,"Confirmed/Accumulated":1330}},"geometry":{"type":"Point","coordinates":[4.731409826897467,47.2969232490013]}},{"type":"Feature","properties":{"Country/Region":"France","Province/State":"Normandie","Code":"28","Population":{"Total":3303500,"Under19":781337,"Under39":727044,"Under59":842963,"Under74":615474,"Over75":336682},"Beds":{"Resuscitation":240,"IntensiveCare":548,"Total":788},"Deaths":443,"Recovered":1835,"Severe":109,"Critical":4,"Emergencies":{"Suspected":9,"Total":2240,"Severe":7,"Suspected/Accumulated":5090,"Total/Accumulated":291412,"Severe/Accumulated":2200},"MedicalActs":{"Suspected":17,"Total":464,"Suspected/Accumulated":4085,"Total/Accumulated":66131},"PCRTests":{"Total":3355,"Confirmed":47,"Total/Accumulated":202717,"Confirmed/Accumulated":1587},"Confirmed":912,"MedicalTests":{"Total/Accumulated":17253,"Confirmed/Accumulated":1385}},"geometry":{"type":"Point","coordinates":[-0.022673401869158984,49.066630336448576]}},{"type":"Feature","properties":{"Country/Region":"France","Province/State":"Hauts-de-France","Code":"32","Population":{"Total":5962662,"Under19":1525538,"Under39":1443348,"Under59":1522690,"Under74":994313,"Over75":476773},"Beds":{"Resuscitation":438,"IntensiveCare":1338,"Total":1776},"Deaths":1927,"Recovered":7103,"Severe":481,"Critical":44,"Emergencies":{"Suspected":13,"Total":3512,"Severe":3,"Suspected/Accumulated":13227,"Total/Accumulated":448535,"Severe/Accumulated":4788},"MedicalActs":{"Suspected":19,"Total":1077,"Suspected/Accumulated":5410,"Total/Accumulated":127177},"PCRTests":{"Total":7578,"Confirmed":196,"Total/Accumulated":383013,"Confirmed/Accumulated":6761},"Confirmed":3011,"MedicalTests":{"Total/Accumulated":31790,"Confirmed/Accumulated":3410}},"geometry":{"type":"Point","coordinates":[2.8852615671641804,49.86155781716422]}},{"type":"Feature","properties":{"Country/Region":"France","Province/State":"Grand Est","Code":"44","Population":{"Total":5511747,"Under19":1258123,"Under39":1291962,"Under59":1448828,"Under74":988178,"Over75":524656},"Beds":{"Resuscitation":465,"IntensiveCare":840,"Total":1305},"Deaths":3636,"Recovered":12921,"Severe":536,"Critical":17,"Emergencies":{"Suspected":16,"Total":3309,"Severe":5,"Suspected/Accumulated":18053,"Total/Accumulated":444646,"Severe/Accumulated":8749},"MedicalActs":{"Suspected":18,"Total":557,"Suspected/Accumulated":7641,"Total/Accumulated":102236},"PCRTests":{"Total":7436,"Confirmed":135,"Total/Accumulated":411009,"Confirmed/Accumulated":5287},"Confirmed":5479,"MedicalTests":{"Total/Accumulated":24982,"Confirmed/Accumulated":3702}},"geometry":{"type":"Point","coordinates":[5.509890203045682,48.670969771573546]}},{"type":"Feature","properties":{"Country/Region":"France","Province/State":"Pays de la Loire","Code":"52","Population":{"Total":3801797,"Under19":933509,"Under39":853729,"Under59":970508,"Under74":667531,"Over75":376520},"Beds":{"Resuscitation":181,"IntensiveCare":572,"Total":753},"Deaths":483,"Recovered":2314,"Severe":106,"Critical":15,"Emergencies":{"Suspected":24,"Total":2029,"Severe":16,"Suspected/Accumulated":9214,"Total/Accumulated":254806,"Severe/Accumulated":4781},"MedicalActs":{"Suspected":13,"Total":521,"Suspected/Accumulated":4289,"Total/Accumulated":75629},"PCRTests":{"Total":4982,"Confirmed":154,"Total/Accumulated":241745,"Confirmed/Accumulated":4139},"Confirmed":1630,"MedicalTests":{"Total/Accumulated":1941,"Confirmed/Accumulated":78}},"geometry":{"type":"Point","coordinates":[-0.8763313771517983,47.44186302034428]}},{"type":"Feature","properties":{"Country/Region":"France","Province/State":"Bretagne","Code":"53","Population":{"Total":3340379,"Under19":773631,"Under39":714512,"Under59":866988,"Under74":632104,"Over75":353144},"Beds":{"Resuscitation":162,"IntensiveCare":462,"Total":624},"Deaths":268,"Recovered":1357,"Severe":64,"Critical":4,"Emergencies":{"Suspected":14,"Total":2207,"Severe":2,"Suspected/Accumulated":6161,"Total/Accumulated":273475,"Severe/Accumulated":2343},"MedicalActs":{"Suspected":12,"Total":435,"Suspected/Accumulated":2208,"Total/Accumulated":56393},"PCRTests":{"Total":4182,"Confirmed":67,"Total/Accumulated":182020,"Confirmed/Accumulated":2023},"Confirmed":962,"MedicalTests":{"Total/Accumulated":698,"Confirmed/Accumulated":25}},"geometry":{"type":"Point","coordinates":[-3.104342941176476,48.146701189258316]}},{"type":"Feature","properties":{"Country/Region":"France","Province/State":"Nouvelle-Aquitaine","Code":"75","Population":{"Total":5999982,"Under19":1293321,"Under39":1274746,"Under59":1561754,"Under74":1177229,"Over75":692932},"Beds":{"Resuscitation":412,"IntensiveCare":946,"Total":1358},"Deaths":429,"Recovered":2272,"Severe":62,"Critical":9,"Emergencies":{"Suspected":17,"Total":4395,"Severe":10,"Suspected/Accumulated":10883,"Total/Accumulated":528982,"Severe/Accumulated":4682},"MedicalActs":{"Suspected":46,"Total":1222,"Suspected/Accumulated":9378,"Total/Accumulated":180591},"PCRTests":{"Total":8105,"Confirmed":142,"Total/Accumulated":295121,"Confirmed/Accumulated":2144},"Confirmed":1007,"MedicalTests":{"Total/Accumulated":33043,"Confirmed/Accumulated":961}},"geometry":{"type":"Point","coordinates":[0.16186906163753495,45.156971701931916]}},{"type":"Feature","properties":{"Country/Region":"France","Province/State":"Occitanie","Code":"76","Population":{"Total":5924858,"Under19":1320456,"Under39":1330125,"Under59":1526711,"Under74":1099893,"Over75":647673},"Beds":{"Resuscitation":474,"IntensiveCare":1206,"Total":1680},"Deaths":516,"Recovered":3001,"Severe":57,"Critical":13,"Emergencies":{"Suspected":25,"Total":4583,"Severe":9,"Suspected/Accumulated":9234,"Total/Accumulated":541221,"Severe/Accumulated":4092},"MedicalActs":{"Suspected":13,"Total":377,"Suspected/Accumulated":3476,"Total/Accumulated":63621},"PCRTests":{"Total":9221,"Confirmed":326,"Total/Accumulated":365618,"Confirmed/Accumulated":4337},"Confirmed":2374,"MedicalTests":{"Total/Accumulated":83743,"Confirmed/Accumulated":2680}},"geometry":{"type":"Point","coordinates":[1.988214846153848,43.761180626373644]}},{"type":"Feature","properties":{"Country/Region":"France","Province/State":"Auvergne-Rhône-Alpes","Code":"84","Population":{"Total":8032377,"Under19":1940253,"Under39":1900702,"Under59":2079813,"Under74":1340003,"Over75":771606},"Beds":{"Resuscitation":559,"IntensiveCare":1136,"Total":1695},"Deaths":1766,"Recovered":8187,"Severe":286,"Critical":20,"Emergencies":{"Suspected":28,"Total":5118,"Severe":11,"Suspected/Accumulated":17911,"Total/Accumulated":666158,"Severe/Accumulated":7386},"MedicalActs":{"Suspected":26,"Total":848,"Suspected/Accumulated":9103,"Total/Accumulated":140831},"PCRTests":{"Total":9953,"Confirmed":258,"Total/Accumulated":458008,"Confirmed/Accumulated":5453},"Confirmed":2093,"MedicalTests":{"Total/Accumulated":27674,"Confirmed/Accumulated":2153}},"geometry":{"type":"Point","coordinates":[4.515179591651545,45.475403602540794]}},{"type":"Feature","properties":{"Country/Region":"France","Province/State":"Guadeloupe","Code":"01","Population":{"Total":376879,"Under19":90617,"Under39":71707,"Under59":109452,"Under74":70936,"Over75":34167},"Beds":{"Resuscitation":27,"IntensiveCare":68,"Total":95},"Deaths":19,"Recovered":88,"Severe":4,"Critical":3,"Emergencies":{"Suspected":3,"Total":237,"Suspected/Accumulated":342,"Total/Accumulated":31893,"Severe/Accumulated":104},"PCRTests":{"Total":828,"Confirmed":45,"Total/Accumulated":16620,"Confirmed/Accumulated":279},"Confirmed":106,"MedicalTests":{"Total/Accumulated":51,"Confirmed/Accumulated":17}},"geometry":{"type":"Point","coordinates":[-61.493846272189366,16.20469674556213]}},{"type":"Feature","properties":{"Country/Region":"France","Province/State":"Martinique","Code":"02","Population":{"Total":358749,"Under19":77005,"Under39":65776,"Under59":105638,"Under74":72163,"Over75":38167},"Beds":{"Resuscitation":26,"IntensiveCare":58,"Total":84},"Deaths":16,"Recovered":97,"Severe":6,"Critical":2,"MedicalActs":{"Suspected":1,"Total":121,"Suspected/Accumulated":181,"Total/Accumulated":16449},"PCRTests":{"Total":822,"Confirmed":24,"Total/Accumulated":21017,"Confirmed/Accumulated":270},"Confirmed":111,"MedicalTests":{"Total/Accumulated":29,"Confirmed/Accumulated":6}},"geometry":{"type":"Point","coordinates":[-60.98265692913386,14.6217557480315]}},{"type":"Feature","properties":{"Country/Region":"France","Province/State":"Provence-Alpes-Côte d'Azur","Code":"93","Population":{"Total":5055651,"Under19":1128765,"Under39":1109058,"Under59":1309879,"Under74":927347,"Over75":580602},"Beds":{"Resuscitation":460,"IntensiveCare":802,"Total":1262},"Deaths":970,"Recovered":5932,"Severe":334,"Critical":14,"Emergencies":{"Suspected":20,"Total":4449,"Severe":10,"Suspected/Accumulated":11781,"Total/Accumulated":539002,"Severe/Accumulated":5843},"MedicalActs":{"Suspected":38,"Total":797,"Suspected/Accumulated":7518,"Total/Accumulated":128982},"PCRTests":{"Total":13954,"Confirmed":600,"Total/Accumulated":447748,"Confirmed/Accumulated":7233},"Confirmed":1927,"MedicalTests":{"Total/Accumulated":80858,"Confirmed/Accumulated":4204}},"geometry":{"type":"Point","coordinates":[5.940587832647462,43.96417941015098]}},{"type":"Feature","properties":{"Country/Region":"France","Province/State":"Corse","Code":"94","Population":{"Total":344679,"Under19":68555,"Under39":76985,"Under59":93175,"Under74":65675,"Over75":40289},"Beds":{"Resuscitation":18,"IntensiveCare":42,"Total":60},"Deaths":59,"Recovered":256,"Severe":4,"Emergencies":{"Total":385,"Suspected/Accumulated":2196,"Total/Accumulated":36271,"Severe/Accumulated":2054},"MedicalActs":{"Total":120,"Suspected/Accumulated":550,"Total/Accumulated":8015},"PCRTests":{"Total":436,"Confirmed":1,"Total/Accumulated":23018,"Confirmed/Accumulated":115},"Confirmed":263},"geometry":{"type":"Point","coordinates":[9.019688964401293,42.118564077669916]}},{"type":"Feature","properties":{"Country/Region":"France","Province/State":"Guyane","Code":"03","Population":{"Total":290691,"Under19":120681,"Under39":80023,"Under59":61783,"Under74":22111,"Over75":6093},"Beds":{"Resuscitation":13,"IntensiveCare":12,"Total":25},"Deaths":47,"Recovered":1279,"Severe":85,"Critical":16,"Emergencies":{"Suspected":9,"Total":172,"Severe":7,"Suspected/Accumulated":1704,"Total/Accumulated":29819,"Severe/Accumulated":770},"PCRTests":{"Total":548,"Confirmed":75,"Total/Accumulated":36795,"Confirmed/Accumulated":7252},"Confirmed":43,"MedicalTests":{"Total/Accumulated":35,"Confirmed/Accumulated":4}},"geometry":{"type":"Point","coordinates":[-53.41731165390502,3.588901056661561]}},{"type":"Feature","properties":{"Country/Region":"France","Province/State":"La Réunion","Code":"04","Population":{"Total":859959,"Under19":256143,"Under39":202783,"Under59":239212,"Under74":117045,"Over75":44776},"Beds":{"Resuscitation":52,"IntensiveCare":154,"Total":206},"Deaths":5,"Recovered":171,"Severe":23,"Critical":3,"Emergencies":{"Total":400,"Suspected/Accumulated":297,"Total/Accumulated":61579,"Severe/Accumulated":202},"PCRTests":{"Total":2109,"Confirmed":43,"Total/Accumulated":71007,"Confirmed/Accumulated":403},"Confirmed":94,"MedicalTests":{"Total/Accumulated":19,"Confirmed/Accumulated":1}},"geometry":{"type":"Point","coordinates":[55.52943947368424,-21.1374047368421]}},{"type":"Feature","properties":{"Country/Region":"France","Province/State":"Mayotte","Code":"06","Population":{"Total":279471,"Under19":150257,"Under39":74348,"Under59":42900,"Under74":9521,"Over75":2445},"Beds":{"Resuscitation":6,"IntensiveCare":0,"Total":6},"Deaths":28,"Recovered":433,"Severe":9,"Critical":1,"Emergencies":{"Total":91,"Suspected/Accumulated":1883,"Total/Accumulated":17222,"Severe/Accumulated":250},"PCRTests":{"Total":156,"Confirmed":11,"Total/Accumulated":10577,"Confirmed/Accumulated":1417},"Confirmed":128,"MedicalTests":{"Total/Accumulated":4,"Confirmed/Accumulated":1}},"geometry":{"type":"Point","coordinates":[45.14160071428572,-12.835344166666673]}}]}