{"type":"FeatureCollection","features":[{"type":"Feature","properties":{"Country/Region":"France","Province/State":"Île-de-France","Code":"11","Population":{"Total":12278210,"Under19":3140965,"Under39":3409765,"Under59":3210447,"Under74":1658207,"Over75":858826},"Beds":{"Resuscitation":1147,"IntensiveCare":2512,"Total":3659},"Deaths":7448,"Recovered":27798,"Severe":3746,"Critical":278,"Emergencies":{"Suspected":31,"Total":6676,"Severe":9,"Suspected/Accumulated":53170,"Total/Accumulated":660345,"Severe/Accumulated":16225},"MedicalActs":{"Suspected":40,"Total":1351,"Suspected/Accumulated":13158,"Total/Accumulated":154183},"Confirmed":7660,"MedicalTests":{"Total/Accumulated":85340,"Confirmed/Accumulated":18277}},"geometry":{"type":"Point","coordinates":[2.5292589766081885,48.704415292397634]}},{"type":"Feature","properties":{"Country/Region":"France","Province/State":"Centre-Val de Loire","Code":"24","Population":{"Total":2559073,"Under19":598570,"Under39":541141,"Under59":661150,"Under74":478923,"Over75":279289},"Beds":{"Resuscitation":180,"IntensiveCare":346,"Total":526},"Deaths":547,"Recovered":1955,"Severe":411,"Critical":16,"Emergencies":{"Suspected":2,"Total":1526,"Suspected/Accumulated":5208,"Total/Accumulated":147269,"Severe/Accumulated":1332},"MedicalActs":{"Suspected":4,"Total":341,"Suspected/Accumulated":1327,"Total/Accumulated":34603},"Confirmed":1157,"MedicalTests":{"Total/Accumulated":20197,"Confirmed/Accumulated":1858}},"geometry":{"type":"Point","coordinates":[1.6429664800000017,47.54357092799999]}},{"type":"Feature","properties":{"Country/Region":"France","Province/State":"Bourgogne-Franche-Comté","Code":"27","Population":{"Total":2783039,"Under19":627017,"Under39":591411,"Under59":715664,"Under74":540051,"Over75":308896},"Beds":{"Resuscitation":198,"IntensiveCare":642,"Total":840},"Deaths":1042,"Recovered":3872,"Severe":121,"Critical":7,"Emergencies":{"Suspected":9,"Total":1851,"Severe":6,"Suspected/Accumulated":11336,"Total/Accumulated":185779,"Severe/Accumulated":4777},"MedicalActs":{"Suspected":3,"Total":226,"Suspected/Accumulated":2091,"Total/Accumulated":27382},"Confirmed":1569,"MedicalTests":{"Total/Accumulated":15673,"Confirmed/Accumulated":1330}},"geometry":{"type":"Point","coordinates":[4.731409826897467,47.2969232490013]}},{"type":"Feature","properties":{"Country/Region":"France","Province/State":"Normandie","Code":"28","Population":{"Total":3303500,"Under19":781337,"Under39":727044,"Under59":842963,"Under74":615474,"Over75":336682},"Beds":{"Resuscitation":240,"IntensiveCare":548,"Total":788},"Deaths":434,"Recovered":1660,"Severe":221,"Critical":7,"Emergencies":{"Suspected":9,"Total":2044,"Severe":7,"Suspected/Accumulated":4738,"Total/Accumulated":201781,"Severe/Accumulated":2005},"MedicalActs":{"Suspected":17,"Total":396,"Suspected/Accumulated":3224,"Total/Accumulated":47081},"Confirmed":912,"MedicalTests":{"Total/Accumulated":17253,"Confirmed/Accumulated":1385}},"geometry":{"type":"Point","coordinates":[-0.022673401869158984,49.066630336448576]}},{"type":"Feature","properties":{"Country/Region":"France","Province/State":"Hauts-de-France","Code":"32","Population":{"Total":5962662,"Under19":1525538,"Under39":1443348,"Under59":1522690,"Under74":994313,"Over75":476773},"Beds":{"Resuscitation":438,"IntensiveCare":1338,"Total":1776},"Deaths":1833,"Recovered":6341,"Severe":980,"Critical":66,"Emergencies":{"Suspected":10,"Total":3262,"Severe":3,"Suspected/Accumulated":12577,"Total/Accumulated":314453,"Severe/Accumulated":4578},"MedicalActs":{"Suspected":18,"Total":767,"Suspected/Accumulated":4337,"Total/Accumulated":87157},"Confirmed":3011,"MedicalTests":{"Total/Accumulated":31790,"Confirmed/Accumulated":3410}},"geometry":{"type":"Point","coordinates":[2.8852615671641804,49.86155781716422]}},{"type":"Feature","properties":{"Country/Region":"France","Province/State":"Grand Est","Code":"44","Population":{"Total":5511747,"Under19":1258123,"Under39":1291962,"Under59":1448828,"Under74":988178,"Over75":524656},"Beds":{"Resuscitation":465,"IntensiveCare":840,"Total":1305},"Deaths":3573,"Recovered":12186,"Severe":1054,"Critical":52,"Emergencies":{"Suspected":10,"Total":3064,"Severe":4,"Suspected/Accumulated":17510,"Total/Accumulated":309528,"Severe/Accumulated":8526},"MedicalActs":{"Suspected":14,"Total":531,"Suspected/Accumulated":6640,"Total/Accumulated":75300},"Confirmed":5479,"MedicalTests":{"Total/Accumulated":24982,"Confirmed/Accumulated":3702}},"geometry":{"type":"Point","coordinates":[5.509890203045682,48.670969771573546]}},{"type":"Feature","properties":{"Country/Region":"France","Province/State":"Pays de la Loire","Code":"52","Population":{"Total":3801797,"Under19":933509,"Under39":853729,"Under59":970508,"Under74":667531,"Over75":376520},"Beds":{"Resuscitation":181,"IntensiveCare":572,"Total":753},"Deaths":469,"Recovered":2085,"Severe":145,"Critical":2,"Emergencies":{"Suspected":12,"Total":1896,"Severe":11,"Suspected/Accumulated":8321,"Total/Accumulated":174015,"Severe/Accumulated":4267},"MedicalActs":{"Suspected":11,"Total":438,"Suspected/Accumulated":3316,"Total/Accumulated":53750},"Confirmed":1630,"MedicalTests":{"Total/Accumulated":1941,"Confirmed/Accumulated":78}},"geometry":{"type":"Point","coordinates":[-0.8763313771517983,47.44186302034428]}},{"type":"Feature","properties":{"Country/Region":"France","Province/State":"Bretagne","Code":"53","Population":{"Total":3340379,"Under19":773631,"Under39":714512,"Under59":866988,"Under74":632104,"Over75":353144},"Beds":{"Resuscitation":162,"IntensiveCare":462,"Total":624},"Deaths":260,"Recovered":1276,"Severe":84,"Critical":2,"Emergencies":{"Suspected":9,"Total":1952,"Severe":1,"Suspected/Accumulated":5514,"Total/Accumulated":186714,"Severe/Accumulated":2206},"MedicalActs":{"Suspected":7,"Total":293,"Suspected/Accumulated":1433,"Total/Accumulated":39351},"Confirmed":962,"MedicalTests":{"Total/Accumulated":698,"Confirmed/Accumulated":25}},"geometry":{"type":"Point","coordinates":[-3.104342941176476,48.146701189258316]}},{"type":"Feature","properties":{"Country/Region":"France","Province/State":"Nouvelle-Aquitaine","Code":"75","Population":{"Total":5999982,"Under19":1293321,"Under39":1274746,"Under59":1561754,"Under74":1177229,"Over75":692932},"Beds":{"Resuscitation":412,"IntensiveCare":946,"Total":1358},"Deaths":419,"Recovered":2187,"Severe":75,"Critical":11,"Emergencies":{"Suspected":11,"Total":3687,"Severe":3,"Suspected/Accumulated":10329,"Total/Accumulated":355395,"Severe/Accumulated":4466},"MedicalActs":{"Suspected":29,"Total":1056,"Suspected/Accumulated":7284,"Total/Accumulated":127844},"Confirmed":1007,"MedicalTests":{"Total/Accumulated":33043,"Confirmed/Accumulated":961}},"geometry":{"type":"Point","coordinates":[0.16186906163753495,45.156971701931916]}},{"type":"Feature","properties":{"Country/Region":"France","Province/State":"Occitanie","Code":"76","Population":{"Total":5924858,"Under19":1320456,"Under39":1330125,"Under59":1526711,"Under74":1099893,"Over75":647673},"Beds":{"Resuscitation":474,"IntensiveCare":1206,"Total":1680},"Deaths":512,"Recovered":2888,"Severe":66,"Critical":12,"Emergencies":{"Suspected":4,"Total":3743,"Severe":1,"Suspected/Accumulated":8688,"Total/Accumulated":363035,"Severe/Accumulated":3923},"MedicalActs":{"Suspected":6,"Total":307,"Suspected/Accumulated":2911,"Total/Accumulated":45731},"Confirmed":2374,"MedicalTests":{"Total/Accumulated":83743,"Confirmed/Accumulated":2680}},"geometry":{"type":"Point","coordinates":[1.988214846153848,43.761180626373644]}},{"type":"Feature","properties":{"Country/Region":"France","Province/State":"Auvergne-Rhône-Alpes","Code":"84","Population":{"Total":8032377,"Under19":1940253,"Under39":1900702,"Under59":2079813,"Under74":1340003,"Over75":771606},"Beds":{"Resuscitation":559,"IntensiveCare":1136,"Total":1695},"Deaths":1738,"Recovered":7733,"Severe":479,"Critical":25,"Emergencies":{"Suspected":16,"Total":4680,"Severe":6,"Suspected/Accumulated":16800,"Total/Accumulated":455496,"Severe/Accumulated":7126},"MedicalActs":{"Suspected":42,"Total":885,"Suspected/Accumulated":7294,"Total/Accumulated":101065},"Confirmed":2093,"MedicalTests":{"Total/Accumulated":27674,"Confirmed/Accumulated":2153}},"geometry":{"type":"Point","coordinates":[4.515179591651545,45.475403602540794]}},{"type":"Feature","properties":{"Country/Region":"France","Province/State":"Guadeloupe","Code":"01","Population":{"Total":376879,"Under19":90617,"Under39":71707,"Under59":109452,"Under74":70936,"Over75":34167},"Beds":{"Resuscitation":27,"IntensiveCare":68,"Total":95},"Deaths":19,"Recovered":80,"Severe":10,"Critical":4,"Emergencies":{"Total":173,"Suspected/Accumulated":303,"Total/Accumulated":22483,"Severe/Accumulated":104},"Confirmed":106,"MedicalTests":{"Total/Accumulated":51,"Confirmed/Accumulated":17}},"geometry":{"type":"Point","coordinates":[-61.493846272189366,16.20469674556213]}},{"type":"Feature","properties":{"Country/Region":"France","Province/State":"Martinique","Code":"02","Population":{"Total":358749,"Under19":77005,"Under39":65776,"Under59":105638,"Under74":72163,"Over75":38167},"Beds":{"Resuscitation":26,"IntensiveCare":58,"Total":84},"Deaths":14,"Recovered":90,"Severe":13,"Critical":5,"MedicalActs":{"Total":90,"Suspected/Accumulated":155,"Total/Accumulated":12079},"Confirmed":111,"MedicalTests":{"Total/Accumulated":29,"Confirmed/Accumulated":6}},"geometry":{"type":"Point","coordinates":[-60.98265692913386,14.6217557480315]}},{"type":"Feature","properties":{"Country/Region":"France","Province/State":"Provence-Alpes-Côte d'Azur","Code":"93","Population":{"Total":5055651,"Under19":1128765,"Under39":1109058,"Under59":1309879,"Under74":927347,"Over75":580602},"Beds":{"Resuscitation":460,"IntensiveCare":802,"Total":1262},"Deaths":949,"Recovered":5474,"Severe":478,"Critical":25,"Emergencies":{"Suspected":6,"Total":3778,"Severe":3,"Suspected/Accumulated":11064,"Total/Accumulated":360799,"Severe/Accumulated":5618},"MedicalActs":{"Suspected":22,"Total":733,"Suspected/Accumulated":6214,"Total/Accumulated":91113},"Confirmed":1927,"MedicalTests":{"Total/Accumulated":80858,"Confirmed/Accumulated":4204}},"geometry":{"type":"Point","coordinates":[5.940587832647462,43.96417941015098]}},{"type":"Feature","properties":{"Country/Region":"France","Province/State":"Corse","Code":"94","Population":{"Total":344679,"Under19":68555,"Under39":76985,"Under59":93175,"Under74":65675,"Over75":40289},"Beds":{"Resuscitation":18,"IntensiveCare":42,"Total":60},"Deaths":59,"Recovered":244,"Severe":14,"Critical":1,"Emergencies":{"Suspected":1,"Total":246,"Severe":1,"Suspected/Accumulated":2150,"Total/Accumulated":21756,"Severe/Accumulated":2040},"MedicalActs":{"Total":13,"Suspected/Accumulated":486,"Total/Accumulated":4500},"Confirmed":263},"geometry":{"type":"Point","coordinates":[9.019688964401293,42.118564077669916]}},{"type":"Feature","properties":{"Country/Region":"France","Province/State":"Guyane","Code":"03","Population":{"Total":290691,"Under19":120681,"Under39":80023,"Under59":61783,"Under74":22111,"Over75":6093},"Beds":{"Resuscitation":13,"IntensiveCare":12,"Total":25},"Deaths":16,"Recovered":415,"Severe":156,"Critical":25,"Emergencies":{"Suspected":28,"Total":192,"Severe":15,"Suspected/Accumulated":985,"Total/Accumulated":22245,"Severe/Accumulated":381},"Confirmed":43,"MedicalTests":{"Total/Accumulated":35,"Confirmed/Accumulated":4}},"geometry":{"type":"Point","coordinates":[-53.41731165390502,3.588901056661561]}},{"type":"Feature","properties":{"Country/Region":"France","Province/State":"La Réunion","Code":"04","Population":{"Total":859959,"Under19":256143,"Under39":202783,"Under59":239212,"Under74":117045,"Over75":44776},"Beds":{"Resuscitation":52,"IntensiveCare":154,"Total":206},"Deaths":2,"Recovered":143,"Severe":18,"Critical":4,"Emergencies":{"Total":389,"Suspected/Accumulated":278,"Total/Accumulated":44577,"Severe/Accumulated":191},"Confirmed":94,"MedicalTests":{"Total/Accumulated":19,"Confirmed/Accumulated":1}},"geometry":{"type":"Point","coordinates":[55.52943947368424,-21.1374047368421]}},{"type":"Feature","properties":{"Country/Region":"France","Province/State":"Mayotte","Code":"06","Population":{"Total":279471,"Under19":150257,"Under39":74348,"Under59":42900,"Under74":9521,"Over75":2445},"Beds":{"Resuscitation":6,"IntensiveCare":0,"Total":6},"Deaths":28,"Recovered":365,"Severe":32,"Critical":3,"Emergencies":{"Suspected":1,"Total":127,"Suspected/Accumulated":1837,"Total/Accumulated":13097,"Severe/Accumulated":235},"Confirmed":128,"MedicalTests":{"Total/Accumulated":4,"Confirmed/Accumulated":1}},"geometry":{"type":"Point","coordinates":[45.14160071428572,-12.835344166666673]}}]}