{"type":"FeatureCollection","features":[{"type":"Feature","properties":{"Country/Region":"France","Province/State":"Île-de-France","Code":"11","Population":{"Total":12278210,"Under19":3140965,"Under39":3409765,"Under59":3210447,"Under74":1658207,"Over75":858826},"Beds":{"Resuscitation":1147,"IntensiveCare":2512,"Total":3659},"Deaths":5094,"Recovered":13709,"Severe":12269,"Critical":2126,"Emergencies":{"Suspected":544,"Total":4174,"Severe":118,"Suspected/Accumulated":40633,"Total/Accumulated":268003,"Severe/Accumulated":13590},"MedicalActs":{"Suspected":70,"Total":892,"Suspected/Accumulated":9970,"Total/Accumulated":76977},"MedicalTests":{"Total":2467,"Confirmed":324,"Total/Accumulated":49925,"Confirmed/Accumulated":16208},"Confirmed":7660},"geometry":{"type":"Point","coordinates":[2.5292589766081885,48.704415292397634]}},{"type":"Feature","properties":{"Country/Region":"France","Province/State":"Centre-Val de Loire","Code":"24","Population":{"Total":2559073,"Under19":598570,"Under39":541141,"Under59":661150,"Under74":478923,"Over75":279289},"Beds":{"Resuscitation":180,"IntensiveCare":346,"Total":526},"Deaths":308,"Recovered":943,"Severe":970,"Critical":156,"Emergencies":{"Suspected":113,"Total":1091,"Severe":15,"Suspected/Accumulated":3098,"Total/Accumulated":54829,"Severe/Accumulated":834},"MedicalActs":{"Suspected":10,"Total":192,"Suspected/Accumulated":703,"Total/Accumulated":15035},"MedicalTests":{"Total":364,"Confirmed":33,"Total/Accumulated":7896,"Confirmed/Accumulated":1575},"Confirmed":1157},"geometry":{"type":"Point","coordinates":[1.6429664800000017,47.54357092799999]}},{"type":"Feature","properties":{"Country/Region":"France","Province/State":"Bourgogne-Franche-Comté","Code":"27","Population":{"Total":2783039,"Under19":627017,"Under39":591411,"Under59":715664,"Under74":540051,"Over75":308896},"Beds":{"Resuscitation":198,"IntensiveCare":642,"Total":840},"Deaths":705,"Recovered":1941,"Severe":1319,"Critical":229,"Emergencies":{"Suspected":104,"Total":1142,"Severe":51,"Suspected/Accumulated":8405,"Total/Accumulated":69217,"Severe/Accumulated":3434},"MedicalActs":{"Suspected":22,"Total":142,"Suspected/Accumulated":1387,"Total/Accumulated":12716},"MedicalTests":{"Total":560,"Confirmed":34,"Total/Accumulated":7367,"Confirmed/Accumulated":1152},"Confirmed":1569},"geometry":{"type":"Point","coordinates":[4.731409826897467,47.2969232490013]}},{"type":"Feature","properties":{"Country/Region":"France","Province/State":"Normandie","Code":"28","Population":{"Total":3303500,"Under19":781337,"Under39":727044,"Under59":842963,"Under74":615474,"Over75":336682},"Beds":{"Resuscitation":240,"IntensiveCare":548,"Total":788},"Deaths":292,"Recovered":866,"Severe":650,"Critical":137,"Emergencies":{"Suspected":45,"Total":1420,"Severe":23,"Suspected/Accumulated":3173,"Total/Accumulated":75423,"Severe/Accumulated":1136},"MedicalActs":{"Suspected":8,"Total":216,"Suspected/Accumulated":2075,"Total/Accumulated":21716},"MedicalTests":{"Total":344,"Confirmed":16,"Total/Accumulated":8343,"Confirmed/Accumulated":1154},"Confirmed":912},"geometry":{"type":"Point","coordinates":[-0.022673401869158984,49.066630336448576]}},{"type":"Feature","properties":{"Country/Region":"France","Province/State":"Hauts-de-France","Code":"32","Population":{"Total":5962662,"Under19":1525538,"Under39":1443348,"Under59":1522690,"Under74":994313,"Over75":476773},"Beds":{"Resuscitation":438,"IntensiveCare":1338,"Total":1776},"Deaths":1163,"Recovered":3191,"Severe":2517,"Critical":448,"Emergencies":{"Suspected":162,"Total":2110,"Severe":60,"Suspected/Accumulated":8829,"Total/Accumulated":116364,"Severe/Accumulated":3165},"MedicalActs":{"Suspected":27,"Total":426,"Suspected/Accumulated":3150,"Total/Accumulated":42852},"MedicalTests":{"Total":789,"Confirmed":73,"Total/Accumulated":10725,"Confirmed/Accumulated":2544},"Confirmed":3011},"geometry":{"type":"Point","coordinates":[2.8852615671641804,49.86155781716422]}},{"type":"Feature","properties":{"Country/Region":"France","Province/State":"Grand Est","Code":"44","Population":{"Total":5511747,"Under19":1258123,"Under39":1291962,"Under59":1448828,"Under74":988178,"Over75":524656},"Beds":{"Resuscitation":465,"IntensiveCare":840,"Total":1305},"Deaths":2564,"Recovered":6476,"Severe":4545,"Critical":712,"Emergencies":{"Suspected":122,"Total":1912,"Severe":60,"Suspected/Accumulated":13495,"Total/Accumulated":118786,"Severe/Accumulated":6783},"MedicalActs":{"Suspected":48,"Total":441,"Suspected/Accumulated":4867,"Total/Accumulated":36365},"MedicalTests":{"Total":772,"Confirmed":68,"Total/Accumulated":15500,"Confirmed/Accumulated":3376},"Confirmed":5479},"geometry":{"type":"Point","coordinates":[5.509890203045682,48.670969771573546]}},{"type":"Feature","properties":{"Country/Region":"France","Province/State":"Pays de la Loire","Code":"52","Population":{"Total":3801797,"Under19":933509,"Under39":853729,"Under59":970508,"Under74":667531,"Over75":376520},"Beds":{"Resuscitation":181,"IntensiveCare":572,"Total":753},"Deaths":276,"Recovered":986,"Severe":760,"Critical":115,"Emergencies":{"Suspected":79,"Total":1125,"Severe":45,"Suspected/Accumulated":5336,"Total/Accumulated":62525,"Severe/Accumulated":2443},"MedicalActs":{"Suspected":16,"Total":330,"Suspected/Accumulated":2232,"Total/Accumulated":23215},"MedicalTests":{"Total":91,"Confirmed":2,"Total/Accumulated":723,"Confirmed/Accumulated":66},"Confirmed":1630},"geometry":{"type":"Point","coordinates":[-0.8763313771517983,47.44186302034428]}},{"type":"Feature","properties":{"Country/Region":"France","Province/State":"Bretagne","Code":"53","Population":{"Total":3340379,"Under19":773631,"Under39":714512,"Under59":866988,"Under74":632104,"Over75":353144},"Beds":{"Resuscitation":162,"IntensiveCare":462,"Total":624},"Deaths":193,"Recovered":678,"Severe":436,"Critical":78,"Emergencies":{"Suspected":39,"Total":1288,"Severe":31,"Suspected/Accumulated":3674,"Total/Accumulated":69525,"Severe/Accumulated":1304},"MedicalActs":{"Suspected":7,"Total":230,"Suspected/Accumulated":856,"Total/Accumulated":18011},"MedicalTests":{"Total":72,"Confirmed":1,"Total/Accumulated":240,"Confirmed/Accumulated":19},"Confirmed":962},"geometry":{"type":"Point","coordinates":[-3.104342941176476,48.146701189258316]}},{"type":"Feature","properties":{"Country/Region":"France","Province/State":"Nouvelle-Aquitaine","Code":"75","Population":{"Total":5999982,"Under19":1293321,"Under39":1274746,"Under59":1561754,"Under74":1177229,"Over75":692932},"Beds":{"Resuscitation":412,"IntensiveCare":946,"Total":1358},"Deaths":266,"Recovered":1106,"Severe":823,"Critical":182,"Emergencies":{"Suspected":118,"Total":2339,"Severe":60,"Suspected/Accumulated":7632,"Total/Accumulated":128180,"Severe/Accumulated":3205},"MedicalActs":{"Suspected":37,"Total":701,"Suspected/Accumulated":5410,"Total/Accumulated":58193},"MedicalTests":{"Total":962,"Confirmed":35,"Total/Accumulated":13197,"Confirmed/Accumulated":808},"Confirmed":1007},"geometry":{"type":"Point","coordinates":[0.16186906163753495,45.156971701931916]}},{"type":"Feature","properties":{"Country/Region":"France","Province/State":"Occitanie","Code":"76","Population":{"Total":5924858,"Under19":1320456,"Under39":1330125,"Under59":1526711,"Under74":1099893,"Over75":647673},"Beds":{"Resuscitation":474,"IntensiveCare":1206,"Total":1680},"Deaths":322,"Recovered":1783,"Severe":877,"Critical":221,"Emergencies":{"Suspected":108,"Total":2246,"Severe":50,"Suspected/Accumulated":6088,"Total/Accumulated":130832,"Severe/Accumulated":2730},"MedicalActs":{"Suspected":23,"Total":251,"Suspected/Accumulated":2030,"Total/Accumulated":20476},"MedicalTests":{"Total":2084,"Confirmed":40,"Total/Accumulated":30551,"Confirmed/Accumulated":2087},"Confirmed":2374},"geometry":{"type":"Point","coordinates":[1.988214846153848,43.761180626373644]}},{"type":"Feature","properties":{"Country/Region":"France","Province/State":"Auvergne-Rhône-Alpes","Code":"84","Population":{"Total":8032377,"Under19":1940253,"Under39":1900702,"Under59":2079813,"Under74":1340003,"Over75":771606},"Beds":{"Resuscitation":559,"IntensiveCare":1136,"Total":1695},"Deaths":1103,"Recovered":4089,"Severe":2872,"Critical":551,"Emergencies":{"Suspected":136,"Total":2885,"Severe":62,"Suspected/Accumulated":12485,"Total/Accumulated":167625,"Severe/Accumulated":5482},"MedicalActs":{"Suspected":44,"Total":588,"Suspected/Accumulated":4919,"Total/Accumulated":44980},"MedicalTests":{"Total":875,"Confirmed":25,"Total/Accumulated":13773,"Confirmed/Accumulated":1831},"Confirmed":2093},"geometry":{"type":"Point","coordinates":[4.515179591651545,45.475403602540794]}},{"type":"Feature","properties":{"Country/Region":"France","Province/State":"Guadeloupe","Code":"01","Population":{"Total":376879,"Under19":90617,"Under39":71707,"Under59":109452,"Under74":70936,"Over75":34167},"Beds":{"Resuscitation":27,"IntensiveCare":68,"Total":95},"Deaths":12,"Recovered":68,"Severe":24,"Critical":15,"Emergencies":{"Suspected":6,"Total":168,"Severe":3,"Suspected/Accumulated":160,"Total/Accumulated":8758,"Severe/Accumulated":78},"MedicalTests":{"Total":1,"Total/Accumulated":32,"Confirmed/Accumulated":13},"Confirmed":106},"geometry":{"type":"Point","coordinates":[-61.493846272189366,16.20469674556213]}},{"type":"Feature","properties":{"Country/Region":"France","Province/State":"Martinique","Code":"02","Population":{"Total":358749,"Under19":77005,"Under39":65776,"Under59":105638,"Under74":72163,"Over75":38167},"Beds":{"Resuscitation":26,"IntensiveCare":58,"Total":84},"Deaths":13,"Recovered":60,"Severe":36,"Critical":10,"MedicalActs":{"Total":89,"Suspected/Accumulated":101,"Total/Accumulated":5742},"Confirmed":111,"MedicalTests":{"Total/Accumulated":19,"Confirmed/Accumulated":5}},"geometry":{"type":"Point","coordinates":[-60.98265692913386,14.6217557480315]}},{"type":"Feature","properties":{"Country/Region":"France","Province/State":"Provence-Alpes-Côte d'Azur","Code":"93","Population":{"Total":5055651,"Under19":1128765,"Under39":1109058,"Under59":1309879,"Under74":927347,"Over75":580602},"Beds":{"Resuscitation":460,"IntensiveCare":802,"Total":1262},"Deaths":526,"Recovered":2945,"Severe":1781,"Critical":334,"Emergencies":{"Suspected":160,"Total":2156,"Severe":88,"Suspected/Accumulated":8217,"Total/Accumulated":132901,"Severe/Accumulated":4229},"MedicalActs":{"Suspected":46,"Total":578,"Suspected/Accumulated":4399,"Total/Accumulated":41020},"MedicalTests":{"Total":2171,"Confirmed":46,"Total/Accumulated":44541,"Confirmed/Accumulated":3658},"Confirmed":1927},"geometry":{"type":"Point","coordinates":[5.940587832647462,43.96417941015098]}},{"type":"Feature","properties":{"Country/Region":"France","Province/State":"Corse","Code":"94","Population":{"Total":344679,"Under19":68555,"Under39":76985,"Under59":93175,"Under74":65675,"Over75":40289},"Beds":{"Resuscitation":18,"IntensiveCare":42,"Total":60},"Deaths":48,"Recovered":157,"Severe":67,"Critical":13,"Emergencies":{"Suspected":28,"Total":137,"Severe":28,"Suspected/Accumulated":1551,"Total/Accumulated":7827,"Severe/Accumulated":1497},"MedicalActs":{"Suspected":5,"Total":26,"Suspected/Accumulated":397,"Total/Accumulated":2296},"Confirmed":263},"geometry":{"type":"Point","coordinates":[9.019688964401293,42.118564077669916]}},{"type":"Feature","properties":{"Country/Region":"France","Province/State":"Guyane","Code":"03","Population":{"Total":290691,"Under19":120681,"Under39":80023,"Under59":61783,"Under74":22111,"Over75":6093},"Beds":{"Resuscitation":13,"IntensiveCare":12,"Total":25},"Deaths":1,"Recovered":31,"Severe":3,"Critical":1,"Emergencies":{"Total":148,"Suspected/Accumulated":59,"Total/Accumulated":9611,"Severe/Accumulated":16},"MedicalTests":{"Total":3,"Total/Accumulated":29,"Confirmed/Accumulated":4},"Confirmed":43},"geometry":{"type":"Point","coordinates":[-53.41731165390502,3.588901056661561]}},{"type":"Feature","properties":{"Country/Region":"France","Province/State":"La Réunion","Code":"04","Population":{"Total":859959,"Under19":256143,"Under39":202783,"Under59":239212,"Under74":117045,"Over75":44776},"Beds":{"Resuscitation":52,"IntensiveCare":154,"Total":206},"Recovered":94,"Severe":14,"Critical":2,"Emergencies":{"Suspected":1,"Total":310,"Severe":1,"Suspected/Accumulated":228,"Total/Accumulated":17982,"Severe/Accumulated":160},"Confirmed":94,"MedicalTests":{"Total/Accumulated":8,"Confirmed/Accumulated":1}},"geometry":{"type":"Point","coordinates":[55.52943947368424,-21.1374047368421]}},{"type":"Feature","properties":{"Country/Region":"France","Province/State":"Mayotte","Code":"06","Population":{"Total":279471,"Under19":150257,"Under39":74348,"Under59":42900,"Under74":9521,"Over75":2445},"Beds":{"Resuscitation":6,"IntensiveCare":0,"Total":6},"Deaths":6,"Recovered":52,"Severe":21,"Critical":4,"Emergencies":{"Suspected":13,"Total":99,"Severe":6,"Suspected/Accumulated":314,"Total/Accumulated":4986,"Severe/Accumulated":77},"Confirmed":128,"MedicalTests":{"Total/Accumulated":2,"Confirmed/Accumulated":1}},"geometry":{"type":"Point","coordinates":[45.14160071428572,-12.835344166666673]}}]}