{"type":"FeatureCollection","features":[{"type":"Feature","properties":{"Country/Region":"France","Province/State":"Île-de-France","Code":"11","Population":{"Total":12278210,"Under19":3140965,"Under39":3409765,"Under59":3210447,"Under74":1658207,"Over75":858826},"Beds":{"Resuscitation":1147,"IntensiveCare":2512,"Total":3659},"Deaths":5452,"Recovered":15345,"Severe":11758,"Critical":1947,"Emergencies":{"Suspected":523,"Total":4411,"Severe":129,"Suspected/Accumulated":42643,"Total/Accumulated":280725,"Severe/Accumulated":14003},"MedicalActs":{"Suspected":57,"Total":836,"Suspected/Accumulated":10171,"Total/Accumulated":79575},"MedicalTests":{"Total":2253,"Confirmed":243,"Total/Accumulated":56634,"Confirmed/Accumulated":16981},"Confirmed":7660},"geometry":{"type":"Point","coordinates":[2.5292589766081885,48.704415292397634]}},{"type":"Feature","properties":{"Country/Region":"France","Province/State":"Centre-Val de Loire","Code":"24","Population":{"Total":2559073,"Under19":598570,"Under39":541141,"Under59":661150,"Under74":478923,"Over75":279289},"Beds":{"Resuscitation":180,"IntensiveCare":346,"Total":526},"Deaths":343,"Recovered":1038,"Severe":966,"Critical":141,"Emergencies":{"Suspected":74,"Total":1078,"Severe":12,"Suspected/Accumulated":3560,"Total/Accumulated":58118,"Severe/Accumulated":888},"MedicalActs":{"Suspected":10,"Total":174,"Suspected/Accumulated":735,"Total/Accumulated":15534},"MedicalTests":{"Total":563,"Confirmed":20,"Total/Accumulated":9555,"Confirmed/Accumulated":1664},"Confirmed":1157},"geometry":{"type":"Point","coordinates":[1.6429664800000017,47.54357092799999]}},{"type":"Feature","properties":{"Country/Region":"France","Province/State":"Bourgogne-Franche-Comté","Code":"27","Population":{"Total":2783039,"Under19":627017,"Under39":591411,"Under59":715664,"Under74":540051,"Over75":308896},"Beds":{"Resuscitation":198,"IntensiveCare":642,"Total":840},"Deaths":770,"Recovered":2175,"Severe":1233,"Critical":203,"Emergencies":{"Suspected":134,"Total":1320,"Severe":62,"Suspected/Accumulated":8819,"Total/Accumulated":72970,"Severe/Accumulated":3613},"MedicalActs":{"Suspected":13,"Total":148,"Suspected/Accumulated":1430,"Total/Accumulated":13172},"MedicalTests":{"Total":342,"Confirmed":17,"Total/Accumulated":8923,"Confirmed/Accumulated":1202},"Confirmed":1569},"geometry":{"type":"Point","coordinates":[4.731409826897467,47.2969232490013]}},{"type":"Feature","properties":{"Country/Region":"France","Province/State":"Normandie","Code":"28","Population":{"Total":3303500,"Under19":781337,"Under39":727044,"Under59":842963,"Under74":615474,"Over75":336682},"Beds":{"Resuscitation":240,"IntensiveCare":548,"Total":788},"Deaths":312,"Recovered":965,"Severe":612,"Critical":121,"Emergencies":{"Suspected":45,"Total":1463,"Severe":24,"Suspected/Accumulated":3355,"Total/Accumulated":79585,"Severe/Accumulated":1220},"MedicalActs":{"Suspected":18,"Total":238,"Suspected/Accumulated":2123,"Total/Accumulated":22417},"MedicalTests":{"Total":265,"Confirmed":17,"Total/Accumulated":9248,"Confirmed/Accumulated":1223},"Confirmed":912},"geometry":{"type":"Point","coordinates":[-0.022673401869158984,49.066630336448576]}},{"type":"Feature","properties":{"Country/Region":"France","Province/State":"Hauts-de-France","Code":"32","Population":{"Total":5962662,"Under19":1525538,"Under39":1443348,"Under59":1522690,"Under74":994313,"Over75":476773},"Beds":{"Resuscitation":438,"IntensiveCare":1338,"Total":1776},"Deaths":1257,"Recovered":3597,"Severe":2401,"Critical":408,"Emergencies":{"Suspected":132,"Total":2280,"Severe":40,"Suspected/Accumulated":9413,"Total/Accumulated":123072,"Severe/Accumulated":3331},"MedicalActs":{"Suspected":34,"Total":402,"Suspected/Accumulated":3232,"Total/Accumulated":44102},"MedicalTests":{"Total":699,"Confirmed":49,"Total/Accumulated":12771,"Confirmed/Accumulated":2714},"Confirmed":3011},"geometry":{"type":"Point","coordinates":[2.8852615671641804,49.86155781716422]}},{"type":"Feature","properties":{"Country/Region":"France","Province/State":"Grand Est","Code":"44","Population":{"Total":5511747,"Under19":1258123,"Under39":1291962,"Under59":1448828,"Under74":988178,"Over75":524656},"Beds":{"Resuscitation":465,"IntensiveCare":840,"Total":1305},"Deaths":2679,"Recovered":7056,"Severe":4341,"Critical":672,"Emergencies":{"Suspected":128,"Total":1983,"Severe":76,"Suspected/Accumulated":13998,"Total/Accumulated":124500,"Severe/Accumulated":6968},"MedicalActs":{"Suspected":27,"Total":429,"Suspected/Accumulated":4973,"Total/Accumulated":37618},"MedicalTests":{"Total":468,"Confirmed":29,"Total/Accumulated":17124,"Confirmed/Accumulated":3457},"Confirmed":5479},"geometry":{"type":"Point","coordinates":[5.509890203045682,48.670969771573546]}},{"type":"Feature","properties":{"Country/Region":"France","Province/State":"Pays de la Loire","Code":"52","Population":{"Total":3801797,"Under19":933509,"Under39":853729,"Under59":970508,"Under74":667531,"Over75":376520},"Beds":{"Resuscitation":181,"IntensiveCare":572,"Total":753},"Deaths":303,"Recovered":1090,"Severe":722,"Critical":100,"Emergencies":{"Suspected":77,"Total":1332,"Severe":44,"Suspected/Accumulated":5681,"Total/Accumulated":66216,"Severe/Accumulated":2616},"MedicalActs":{"Suspected":21,"Total":331,"Suspected/Accumulated":2284,"Total/Accumulated":24176},"MedicalTests":{"Total":29,"Total/Accumulated":890,"Confirmed/Accumulated":69},"Confirmed":1630},"geometry":{"type":"Point","coordinates":[-0.8763313771517983,47.44186302034428]}},{"type":"Feature","properties":{"Country/Region":"France","Province/State":"Bretagne","Code":"53","Population":{"Total":3340379,"Under19":773631,"Under39":714512,"Under59":866988,"Under74":632104,"Over75":353144},"Beds":{"Resuscitation":162,"IntensiveCare":462,"Total":624},"Deaths":199,"Recovered":743,"Severe":429,"Critical":59,"Emergencies":{"Suspected":32,"Total":1287,"Severe":22,"Suspected/Accumulated":3791,"Total/Accumulated":73300,"Severe/Accumulated":1378},"MedicalActs":{"Suspected":10,"Total":180,"Suspected/Accumulated":884,"Total/Accumulated":18586},"MedicalTests":{"Total":18,"Total/Accumulated":368,"Confirmed/Accumulated":22},"Confirmed":962},"geometry":{"type":"Point","coordinates":[-3.104342941176476,48.146701189258316]}},{"type":"Feature","properties":{"Country/Region":"France","Province/State":"Nouvelle-Aquitaine","Code":"75","Population":{"Total":5999982,"Under19":1293321,"Under39":1274746,"Under59":1561754,"Under74":1177229,"Over75":692932},"Beds":{"Resuscitation":412,"IntensiveCare":946,"Total":1358},"Deaths":285,"Recovered":1243,"Severe":727,"Critical":144,"Emergencies":{"Suspected":93,"Total":2594,"Severe":53,"Suspected/Accumulated":8072,"Total/Accumulated":136693,"Severe/Accumulated":3366},"MedicalActs":{"Suspected":32,"Total":717,"Suspected/Accumulated":5515,"Total/Accumulated":60260},"MedicalTests":{"Total":665,"Confirmed":6,"Total/Accumulated":15951,"Confirmed/Accumulated":847},"Confirmed":1007},"geometry":{"type":"Point","coordinates":[0.16186906163753495,45.156971701931916]}},{"type":"Feature","properties":{"Country/Region":"France","Province/State":"Occitanie","Code":"76","Population":{"Total":5924858,"Under19":1320456,"Under39":1330125,"Under59":1526711,"Under74":1099893,"Over75":647673},"Beds":{"Resuscitation":474,"IntensiveCare":1206,"Total":1680},"Deaths":356,"Recovered":1974,"Severe":742,"Critical":186,"Emergencies":{"Suspected":93,"Total":2533,"Severe":32,"Suspected/Accumulated":6431,"Total/Accumulated":137884,"Severe/Accumulated":2831},"MedicalActs":{"Suspected":15,"Total":233,"Suspected/Accumulated":2090,"Total/Accumulated":21228},"MedicalTests":{"Total":1707,"Confirmed":36,"Total/Accumulated":35660,"Confirmed/Accumulated":2218},"Confirmed":2374},"geometry":{"type":"Point","coordinates":[1.988214846153848,43.761180626373644]}},{"type":"Feature","properties":{"Country/Region":"France","Province/State":"Auvergne-Rhône-Alpes","Code":"84","Population":{"Total":8032377,"Under19":1940253,"Under39":1900702,"Under59":2079813,"Under74":1340003,"Over75":771606},"Beds":{"Resuscitation":559,"IntensiveCare":1136,"Total":1695},"Deaths":1192,"Recovered":4526,"Severe":2713,"Critical":465,"Emergencies":{"Suspected":128,"Total":3124,"Severe":56,"Suspected/Accumulated":13066,"Total/Accumulated":176929,"Severe/Accumulated":5668},"MedicalActs":{"Suspected":51,"Total":602,"Suspected/Accumulated":5064,"Total/Accumulated":46731},"MedicalTests":{"Total":571,"Confirmed":23,"Total/Accumulated":15786,"Confirmed/Accumulated":1976},"Confirmed":2093},"geometry":{"type":"Point","coordinates":[4.515179591651545,45.475403602540794]}},{"type":"Feature","properties":{"Country/Region":"France","Province/State":"Guadeloupe","Code":"01","Population":{"Total":376879,"Under19":90617,"Under39":71707,"Under59":109452,"Under74":70936,"Over75":34167},"Beds":{"Resuscitation":27,"IntensiveCare":68,"Total":95},"Deaths":13,"Recovered":70,"Severe":23,"Critical":13,"Emergencies":{"Suspected":4,"Total":158,"Severe":1,"Suspected/Accumulated":215,"Total/Accumulated":9234,"Severe/Accumulated":88},"MedicalTests":{"Total":1,"Total/Accumulated":37,"Confirmed/Accumulated":14},"Confirmed":106},"geometry":{"type":"Point","coordinates":[-61.493846272189366,16.20469674556213]}},{"type":"Feature","properties":{"Country/Region":"France","Province/State":"Martinique","Code":"02","Population":{"Total":358749,"Under19":77005,"Under39":65776,"Under59":105638,"Under74":72163,"Over75":38167},"Beds":{"Resuscitation":26,"IntensiveCare":58,"Total":84},"Deaths":14,"Recovered":63,"Severe":32,"Critical":9,"MedicalActs":{"Suspected":5,"Total":76,"Suspected/Accumulated":112,"Total/Accumulated":6015},"MedicalTests":{"Total":1,"Total/Accumulated":22,"Confirmed/Accumulated":5},"Confirmed":111},"geometry":{"type":"Point","coordinates":[-60.98265692913386,14.6217557480315]}},{"type":"Feature","properties":{"Country/Region":"France","Province/State":"Provence-Alpes-Côte d'Azur","Code":"93","Population":{"Total":5055651,"Under19":1128765,"Under39":1109058,"Under59":1309879,"Under74":927347,"Over75":580602},"Beds":{"Resuscitation":460,"IntensiveCare":802,"Total":1262},"Deaths":610,"Recovered":3239,"Severe":1746,"Critical":303,"Emergencies":{"Suspected":126,"Total":2444,"Severe":55,"Suspected/Accumulated":8638,"Total/Accumulated":139926,"Severe/Accumulated":4420},"MedicalActs":{"Suspected":41,"Total":596,"Suspected/Accumulated":4527,"Total/Accumulated":42718},"MedicalTests":{"Total":1492,"Confirmed":31,"Total/Accumulated":50092,"Confirmed/Accumulated":3789},"Confirmed":1927},"geometry":{"type":"Point","coordinates":[5.940587832647462,43.96417941015098]}},{"type":"Feature","properties":{"Country/Region":"France","Province/State":"Corse","Code":"94","Population":{"Total":344679,"Under19":68555,"Under39":76985,"Under59":93175,"Under74":65675,"Over75":40289},"Beds":{"Resuscitation":18,"IntensiveCare":42,"Total":60},"Deaths":49,"Recovered":168,"Severe":70,"Critical":9,"Emergencies":{"Suspected":30,"Total":157,"Severe":29,"Suspected/Accumulated":1673,"Total/Accumulated":8290,"Severe/Accumulated":1618},"MedicalActs":{"Suspected":3,"Total":25,"Suspected/Accumulated":410,"Total/Accumulated":2365},"Confirmed":263},"geometry":{"type":"Point","coordinates":[9.019688964401293,42.118564077669916]}},{"type":"Feature","properties":{"Country/Region":"France","Province/State":"Guyane","Code":"03","Population":{"Total":290691,"Under19":120681,"Under39":80023,"Under59":61783,"Under74":22111,"Over75":6093},"Beds":{"Resuscitation":13,"IntensiveCare":12,"Total":25},"Deaths":1,"Recovered":34,"Severe":3,"Emergencies":{"Suspected":2,"Total":166,"Severe":1,"Suspected/Accumulated":64,"Total/Accumulated":10094,"Severe/Accumulated":18},"Confirmed":43,"MedicalTests":{"Total/Accumulated":30,"Confirmed/Accumulated":4}},"geometry":{"type":"Point","coordinates":[-53.41731165390502,3.588901056661561]}},{"type":"Feature","properties":{"Country/Region":"France","Province/State":"La Réunion","Code":"04","Population":{"Total":859959,"Under19":256143,"Under39":202783,"Under59":239212,"Under74":117045,"Over75":44776},"Beds":{"Resuscitation":52,"IntensiveCare":154,"Total":206},"Recovered":100,"Severe":8,"Critical":2,"Emergencies":{"Suspected":1,"Total":292,"Suspected/Accumulated":240,"Total/Accumulated":18924,"Severe/Accumulated":165},"MedicalTests":{"Total":3,"Total/Accumulated":11,"Confirmed/Accumulated":1},"Confirmed":94},"geometry":{"type":"Point","coordinates":[55.52943947368424,-21.1374047368421]}},{"type":"Feature","properties":{"Country/Region":"France","Province/State":"Mayotte","Code":"06","Population":{"Total":279471,"Under19":150257,"Under39":74348,"Under59":42900,"Under74":9521,"Over75":2445},"Beds":{"Resuscitation":6,"IntensiveCare":0,"Total":6},"Deaths":6,"Recovered":60,"Severe":28,"Critical":3,"Emergencies":{"Suspected":13,"Total":102,"Severe":2,"Suspected/Accumulated":353,"Total/Accumulated":5298,"Severe/Accumulated":84},"Confirmed":128,"MedicalTests":{"Total/Accumulated":2,"Confirmed/Accumulated":1}},"geometry":{"type":"Point","coordinates":[45.14160071428572,-12.835344166666673]}}]}