{"type":"FeatureCollection","features":[{"type":"Feature","properties":{"Country/Region":"France","Province/State":"Île-de-France","Code":"11","Population":{"Total":12278210,"Under19":3140965,"Under39":3409765,"Under59":3210447,"Under74":1658207,"Over75":858826},"Beds":{"Resuscitation":1147,"IntensiveCare":2512,"Total":3659},"Deaths":7464,"Recovered":27951,"Severe":3633,"Critical":262,"Emergencies":{"Suspected":36,"Total":6999,"Severe":7,"Suspected/Accumulated":53324,"Total/Accumulated":686713,"Severe/Accumulated":16256},"MedicalActs":{"Suspected":48,"Total":1360,"Suspected/Accumulated":13368,"Total/Accumulated":159934},"Confirmed":7660,"MedicalTests":{"Total/Accumulated":85340,"Confirmed/Accumulated":18277}},"geometry":{"type":"Point","coordinates":[2.5292589766081885,48.704415292397634]}},{"type":"Feature","properties":{"Country/Region":"France","Province/State":"Centre-Val de Loire","Code":"24","Population":{"Total":2559073,"Under19":598570,"Under39":541141,"Under59":661150,"Under74":478923,"Over75":279289},"Beds":{"Resuscitation":180,"IntensiveCare":346,"Total":526},"Deaths":548,"Recovered":1972,"Severe":394,"Critical":16,"Emergencies":{"Suspected":4,"Total":1559,"Suspected/Accumulated":5227,"Total/Accumulated":153193,"Severe/Accumulated":1335},"MedicalActs":{"Suspected":8,"Total":388,"Suspected/Accumulated":1369,"Total/Accumulated":36058},"Confirmed":1157,"MedicalTests":{"Total/Accumulated":20197,"Confirmed/Accumulated":1858}},"geometry":{"type":"Point","coordinates":[1.6429664800000017,47.54357092799999]}},{"type":"Feature","properties":{"Country/Region":"France","Province/State":"Bourgogne-Franche-Comté","Code":"27","Population":{"Total":2783039,"Under19":627017,"Under39":591411,"Under59":715664,"Under74":540051,"Over75":308896},"Beds":{"Resuscitation":198,"IntensiveCare":642,"Total":840},"Deaths":1042,"Recovered":3891,"Severe":109,"Critical":5,"Emergencies":{"Suspected":15,"Total":2001,"Severe":6,"Suspected/Accumulated":11369,"Total/Accumulated":193654,"Severe/Accumulated":4794},"MedicalActs":{"Suspected":2,"Total":241,"Suspected/Accumulated":2110,"Total/Accumulated":28487},"Confirmed":1569,"MedicalTests":{"Total/Accumulated":15673,"Confirmed/Accumulated":1330}},"geometry":{"type":"Point","coordinates":[4.731409826897467,47.2969232490013]}},{"type":"Feature","properties":{"Country/Region":"France","Province/State":"Normandie","Code":"28","Population":{"Total":3303500,"Under19":781337,"Under39":727044,"Under59":842963,"Under74":615474,"Over75":336682},"Beds":{"Resuscitation":240,"IntensiveCare":548,"Total":788},"Deaths":434,"Recovered":1674,"Severe":214,"Critical":7,"Emergencies":{"Suspected":9,"Total":2143,"Severe":5,"Suspected/Accumulated":4781,"Total/Accumulated":210125,"Severe/Accumulated":2026},"MedicalActs":{"Suspected":19,"Total":467,"Suspected/Accumulated":3300,"Total/Accumulated":48952},"Confirmed":912,"MedicalTests":{"Total/Accumulated":17253,"Confirmed/Accumulated":1385}},"geometry":{"type":"Point","coordinates":[-0.022673401869158984,49.066630336448576]}},{"type":"Feature","properties":{"Country/Region":"France","Province/State":"Hauts-de-France","Code":"32","Population":{"Total":5962662,"Under19":1525538,"Under39":1443348,"Under59":1522690,"Under74":994313,"Over75":476773},"Beds":{"Resuscitation":438,"IntensiveCare":1338,"Total":1776},"Deaths":1839,"Recovered":6382,"Severe":945,"Critical":64,"Emergencies":{"Suspected":15,"Total":3320,"Severe":8,"Suspected/Accumulated":12616,"Total/Accumulated":327492,"Severe/Accumulated":4596},"MedicalActs":{"Suspected":16,"Total":950,"Suspected/Accumulated":4413,"Total/Accumulated":90545},"Confirmed":3011,"MedicalTests":{"Total/Accumulated":31790,"Confirmed/Accumulated":3410}},"geometry":{"type":"Point","coordinates":[2.8852615671641804,49.86155781716422]}},{"type":"Feature","properties":{"Country/Region":"France","Province/State":"Grand Est","Code":"44","Population":{"Total":5511747,"Under19":1258123,"Under39":1291962,"Under59":1448828,"Under74":988178,"Over75":524656},"Beds":{"Resuscitation":465,"IntensiveCare":840,"Total":1305},"Deaths":3581,"Recovered":12277,"Severe":1008,"Critical":48,"Emergencies":{"Suspected":12,"Total":3243,"Severe":6,"Suspected/Accumulated":17553,"Total/Accumulated":322397,"Severe/Accumulated":8543},"MedicalActs":{"Suspected":17,"Total":552,"Suspected/Accumulated":6719,"Total/Accumulated":77965},"Confirmed":5479,"MedicalTests":{"Total/Accumulated":24982,"Confirmed/Accumulated":3702}},"geometry":{"type":"Point","coordinates":[5.509890203045682,48.670969771573546]}},{"type":"Feature","properties":{"Country/Region":"France","Province/State":"Pays de la Loire","Code":"52","Population":{"Total":3801797,"Under19":933509,"Under39":853729,"Under59":970508,"Under74":667531,"Over75":376520},"Beds":{"Resuscitation":181,"IntensiveCare":572,"Total":753},"Deaths":469,"Recovered":2101,"Severe":135,"Critical":2,"Emergencies":{"Suspected":6,"Total":2040,"Severe":4,"Suspected/Accumulated":8371,"Total/Accumulated":181329,"Severe/Accumulated":4298},"MedicalActs":{"Suspected":25,"Total":492,"Suspected/Accumulated":3391,"Total/Accumulated":55796},"Confirmed":1630,"MedicalTests":{"Total/Accumulated":1941,"Confirmed/Accumulated":78}},"geometry":{"type":"Point","coordinates":[-0.8763313771517983,47.44186302034428]}},{"type":"Feature","properties":{"Country/Region":"France","Province/State":"Bretagne","Code":"53","Population":{"Total":3340379,"Under19":773631,"Under39":714512,"Under59":866988,"Under74":632104,"Over75":353144},"Beds":{"Resuscitation":162,"IntensiveCare":462,"Total":624},"Deaths":260,"Recovered":1283,"Severe":77,"Critical":2,"Emergencies":{"Suspected":32,"Total":2125,"Severe":3,"Suspected/Accumulated":5570,"Total/Accumulated":194430,"Severe/Accumulated":2217},"MedicalActs":{"Suspected":16,"Total":306,"Suspected/Accumulated":1474,"Total/Accumulated":40889},"Confirmed":962,"MedicalTests":{"Total/Accumulated":698,"Confirmed/Accumulated":25}},"geometry":{"type":"Point","coordinates":[-3.104342941176476,48.146701189258316]}},{"type":"Feature","properties":{"Country/Region":"France","Province/State":"Nouvelle-Aquitaine","Code":"75","Population":{"Total":5999982,"Under19":1293321,"Under39":1274746,"Under59":1561754,"Under74":1177229,"Over75":692932},"Beds":{"Resuscitation":412,"IntensiveCare":946,"Total":1358},"Deaths":421,"Recovered":2191,"Severe":68,"Critical":9,"Emergencies":{"Suspected":11,"Total":3999,"Severe":4,"Suspected/Accumulated":10361,"Total/Accumulated":370779,"Severe/Accumulated":4477},"MedicalActs":{"Suspected":17,"Total":1109,"Suspected/Accumulated":7365,"Total/Accumulated":132631},"Confirmed":1007,"MedicalTests":{"Total/Accumulated":33043,"Confirmed/Accumulated":961}},"geometry":{"type":"Point","coordinates":[0.16186906163753495,45.156971701931916]}},{"type":"Feature","properties":{"Country/Region":"France","Province/State":"Occitanie","Code":"76","Population":{"Total":5924858,"Under19":1320456,"Under39":1330125,"Under59":1526711,"Under74":1099893,"Over75":647673},"Beds":{"Resuscitation":474,"IntensiveCare":1206,"Total":1680},"Deaths":512,"Recovered":2897,"Severe":59,"Critical":10,"Emergencies":{"Suspected":6,"Total":4230,"Severe":2,"Suspected/Accumulated":8714,"Total/Accumulated":378752,"Severe/Accumulated":3933},"MedicalActs":{"Suspected":12,"Total":370,"Suspected/Accumulated":2965,"Total/Accumulated":47503},"Confirmed":2374,"MedicalTests":{"Total/Accumulated":83743,"Confirmed/Accumulated":2680}},"geometry":{"type":"Point","coordinates":[1.988214846153848,43.761180626373644]}},{"type":"Feature","properties":{"Country/Region":"France","Province/State":"Auvergne-Rhône-Alpes","Code":"84","Population":{"Total":8032377,"Under19":1940253,"Under39":1900702,"Under59":2079813,"Under74":1340003,"Over75":771606},"Beds":{"Resuscitation":559,"IntensiveCare":1136,"Total":1695},"Deaths":1742,"Recovered":7765,"Severe":463,"Critical":26,"Emergencies":{"Suspected":19,"Total":5312,"Severe":10,"Suspected/Accumulated":16869,"Total/Accumulated":475625,"Severe/Accumulated":7150},"MedicalActs":{"Suspected":44,"Total":973,"Suspected/Accumulated":7440,"Total/Accumulated":105014},"Confirmed":2093,"MedicalTests":{"Total/Accumulated":27674,"Confirmed/Accumulated":2153}},"geometry":{"type":"Point","coordinates":[4.515179591651545,45.475403602540794]}},{"type":"Feature","properties":{"Country/Region":"France","Province/State":"Guadeloupe","Code":"01","Population":{"Total":376879,"Under19":90617,"Under39":71707,"Under59":109452,"Under74":70936,"Over75":34167},"Beds":{"Resuscitation":27,"IntensiveCare":68,"Total":95},"Deaths":19,"Recovered":80,"Severe":10,"Critical":4,"Emergencies":{"Total":258,"Suspected/Accumulated":303,"Total/Accumulated":23367,"Severe/Accumulated":104},"Confirmed":106,"MedicalTests":{"Total/Accumulated":51,"Confirmed/Accumulated":17}},"geometry":{"type":"Point","coordinates":[-61.493846272189366,16.20469674556213]}},{"type":"Feature","properties":{"Country/Region":"France","Province/State":"Martinique","Code":"02","Population":{"Total":358749,"Under19":77005,"Under39":65776,"Under59":105638,"Under74":72163,"Over75":38167},"Beds":{"Resuscitation":26,"IntensiveCare":58,"Total":84},"Deaths":14,"Recovered":90,"Severe":15,"Critical":6,"MedicalActs":{"Suspected":1,"Total":106,"Suspected/Accumulated":156,"Total/Accumulated":12451},"Confirmed":111,"MedicalTests":{"Total/Accumulated":29,"Confirmed/Accumulated":6}},"geometry":{"type":"Point","coordinates":[-60.98265692913386,14.6217557480315]}},{"type":"Feature","properties":{"Country/Region":"France","Province/State":"Provence-Alpes-Côte d'Azur","Code":"93","Population":{"Total":5055651,"Under19":1128765,"Under39":1109058,"Under59":1309879,"Under74":927347,"Over75":580602},"Beds":{"Resuscitation":460,"IntensiveCare":802,"Total":1262},"Deaths":952,"Recovered":5489,"Severe":471,"Critical":24,"Emergencies":{"Suspected":6,"Total":4138,"Severe":3,"Suspected/Accumulated":11097,"Total/Accumulated":377025,"Severe/Accumulated":5629},"MedicalActs":{"Suspected":20,"Total":916,"Suspected/Accumulated":6301,"Total/Accumulated":94713},"Confirmed":1927,"MedicalTests":{"Total/Accumulated":80858,"Confirmed/Accumulated":4204}},"geometry":{"type":"Point","coordinates":[5.940587832647462,43.96417941015098]}},{"type":"Feature","properties":{"Country/Region":"France","Province/State":"Corse","Code":"94","Population":{"Total":344679,"Under19":68555,"Under39":76985,"Under59":93175,"Under74":65675,"Over75":40289},"Beds":{"Resuscitation":18,"IntensiveCare":42,"Total":60},"Deaths":59,"Recovered":247,"Severe":12,"Critical":1,"Emergencies":{"Total":310,"Suspected/Accumulated":2151,"Total/Accumulated":22869,"Severe/Accumulated":2041},"MedicalActs":{"Total":11,"Suspected/Accumulated":487,"Total/Accumulated":4569},"Confirmed":263},"geometry":{"type":"Point","coordinates":[9.019688964401293,42.118564077669916]}},{"type":"Feature","properties":{"Country/Region":"France","Province/State":"Guyane","Code":"03","Population":{"Total":290691,"Under19":120681,"Under39":80023,"Under59":61783,"Under74":22111,"Over75":6093},"Beds":{"Resuscitation":13,"IntensiveCare":12,"Total":25},"Deaths":20,"Recovered":498,"Severe":149,"Critical":28,"Emergencies":{"Suspected":25,"Total":219,"Severe":11,"Suspected/Accumulated":1103,"Total/Accumulated":23007,"Severe/Accumulated":434},"Confirmed":43,"MedicalTests":{"Total/Accumulated":35,"Confirmed/Accumulated":4}},"geometry":{"type":"Point","coordinates":[-53.41731165390502,3.588901056661561]}},{"type":"Feature","properties":{"Country/Region":"France","Province/State":"La Réunion","Code":"04","Population":{"Total":859959,"Under19":256143,"Under39":202783,"Under59":239212,"Under74":117045,"Over75":44776},"Beds":{"Resuscitation":52,"IntensiveCare":154,"Total":206},"Deaths":2,"Recovered":144,"Severe":22,"Critical":4,"Emergencies":{"Total":443,"Suspected/Accumulated":279,"Total/Accumulated":46169,"Severe/Accumulated":192},"Confirmed":94,"MedicalTests":{"Total/Accumulated":19,"Confirmed/Accumulated":1}},"geometry":{"type":"Point","coordinates":[55.52943947368424,-21.1374047368421]}},{"type":"Feature","properties":{"Country/Region":"France","Province/State":"Mayotte","Code":"06","Population":{"Total":279471,"Under19":150257,"Under39":74348,"Under59":42900,"Under74":9521,"Over75":2445},"Beds":{"Resuscitation":6,"IntensiveCare":0,"Total":6},"Deaths":28,"Recovered":376,"Severe":22,"Critical":3,"Emergencies":{"Suspected":1,"Total":115,"Severe":1,"Suspected/Accumulated":1838,"Total/Accumulated":13492,"Severe/Accumulated":236},"Confirmed":128,"MedicalTests":{"Total/Accumulated":4,"Confirmed/Accumulated":1}},"geometry":{"type":"Point","coordinates":[45.14160071428572,-12.835344166666673]}}]}