{"type":"FeatureCollection","features":[{"type":"Feature","properties":{"Country/Region":"France","Province/State":"Île-de-France","Code":"11","Population":{"Total":12278210,"Under19":3140965,"Under39":3409765,"Under59":3210447,"Under74":1658207,"Over75":858826},"Beds":{"Resuscitation":1147,"IntensiveCare":2512,"Total":3659},"Deaths":3548,"Recovered":9119,"Severe":13165,"Critical":2626,"Emergencies":{"Suspected":537,"Total":3589,"Severe":220,"Suspected/Accumulated":35414,"Total/Accumulated":231443,"Severe/Accumulated":11958},"MedicalActs":{"Suspected":135,"Total":1247,"Suspected/Accumulated":9002,"Total/Accumulated":67987},"MedicalTests":{"Total":101,"Confirmed":42,"Total/Accumulated":34777,"Confirmed/Accumulated":13310},"Confirmed":7660},"geometry":{"type":"Point","coordinates":[2.5292589766081885,48.704415292397634]}},{"type":"Feature","properties":{"Country/Region":"France","Province/State":"Centre-Val de Loire","Code":"24","Population":{"Total":2559073,"Under19":598570,"Under39":541141,"Under59":661150,"Under74":478923,"Over75":279289},"Beds":{"Resuscitation":180,"IntensiveCare":346,"Total":526},"Deaths":201,"Recovered":581,"Severe":943,"Critical":193,"Emergencies":{"Suspected":71,"Total":894,"Severe":25,"Suspected/Accumulated":2318,"Total/Accumulated":45803,"Severe/Accumulated":687},"MedicalActs":{"Suspected":26,"Total":234,"Suspected/Accumulated":586,"Total/Accumulated":13253},"MedicalTests":{"Total":3,"Confirmed":1,"Total/Accumulated":5638,"Confirmed/Accumulated":1358},"Confirmed":1157},"geometry":{"type":"Point","coordinates":[1.6429664800000017,47.54357092799999]}},{"type":"Feature","properties":{"Country/Region":"France","Province/State":"Bourgogne-Franche-Comté","Code":"27","Population":{"Total":2783039,"Under19":627017,"Under39":591411,"Under59":715664,"Under74":540051,"Over75":308896},"Beds":{"Resuscitation":198,"IntensiveCare":642,"Total":840},"Deaths":500,"Recovered":1441,"Severe":1294,"Critical":278,"Emergencies":{"Suspected":151,"Total":1099,"Severe":52,"Suspected/Accumulated":7003,"Total/Accumulated":58407,"Severe/Accumulated":2903},"MedicalActs":{"Suspected":20,"Total":188,"Suspected/Accumulated":1230,"Total/Accumulated":11114},"MedicalTests":{"Total":6,"Confirmed":2,"Total/Accumulated":4419,"Confirmed/Accumulated":868},"Confirmed":1569},"geometry":{"type":"Point","coordinates":[4.731409826897467,47.2969232490013]}},{"type":"Feature","properties":{"Country/Region":"France","Province/State":"Normandie","Code":"28","Population":{"Total":3303500,"Under19":781337,"Under39":727044,"Under59":842963,"Under74":615474,"Over75":336682},"Beds":{"Resuscitation":240,"IntensiveCare":548,"Total":788},"Deaths":201,"Recovered":586,"Severe":716,"Critical":186,"Emergencies":{"Suspected":37,"Total":1167,"Severe":19,"Suspected/Accumulated":2655,"Total/Accumulated":63652,"Severe/Accumulated":872},"MedicalActs":{"Suspected":26,"Total":358,"Suspected/Accumulated":1892,"Total/Accumulated":19174},"MedicalTests":{"Total":79,"Confirmed":14,"Total/Accumulated":5346,"Confirmed/Accumulated":877},"Confirmed":912},"geometry":{"type":"Point","coordinates":[-0.022673401869158984,49.066630336448576]}},{"type":"Feature","properties":{"Country/Region":"France","Province/State":"Hauts-de-France","Code":"32","Population":{"Total":5962662,"Under19":1525538,"Under39":1443348,"Under59":1522690,"Under74":994313,"Over75":476773},"Beds":{"Resuscitation":438,"IntensiveCare":1338,"Total":1776},"Deaths":840,"Recovered":2075,"Severe":2484,"Critical":549,"Emergencies":{"Suspected":182,"Total":1878,"Severe":72,"Suspected/Accumulated":7331,"Total/Accumulated":98031,"Severe/Accumulated":2558},"MedicalActs":{"Suspected":34,"Total":499,"Suspected/Accumulated":2809,"Total/Accumulated":38509},"MedicalTests":{"Total":12,"Confirmed":5,"Total/Accumulated":7055,"Confirmed/Accumulated":2015},"Confirmed":3011},"geometry":{"type":"Point","coordinates":[2.8852615671641804,49.86155781716422]}},{"type":"Feature","properties":{"Country/Region":"France","Province/State":"Grand Est","Code":"44","Population":{"Total":5511747,"Under19":1258123,"Under39":1291962,"Under59":1448828,"Under74":988178,"Over75":524656},"Beds":{"Resuscitation":465,"IntensiveCare":840,"Total":1305},"Deaths":2064,"Recovered":4725,"Severe":4887,"Critical":878,"Emergencies":{"Suspected":169,"Total":1723,"Severe":92,"Suspected/Accumulated":11996,"Total/Accumulated":101485,"Severe/Accumulated":6049},"MedicalActs":{"Suspected":95,"Total":780,"Suspected/Accumulated":4357,"Total/Accumulated":31492},"MedicalTests":{"Total":5,"Confirmed":1,"Total/Accumulated":10366,"Confirmed/Accumulated":2684},"Confirmed":5479},"geometry":{"type":"Point","coordinates":[5.509890203045682,48.670969771573546]}},{"type":"Feature","properties":{"Country/Region":"France","Province/State":"Pays de la Loire","Code":"52","Population":{"Total":3801797,"Under19":933509,"Under39":853729,"Under59":970508,"Under74":667531,"Over75":376520},"Beds":{"Resuscitation":181,"IntensiveCare":572,"Total":753},"Deaths":194,"Recovered":703,"Severe":810,"Critical":167,"Emergencies":{"Suspected":88,"Total":1026,"Severe":52,"Suspected/Accumulated":4503,"Total/Accumulated":52517,"Severe/Accumulated":2007},"MedicalActs":{"Suspected":39,"Total":458,"Suspected/Accumulated":2001,"Total/Accumulated":19832},"Confirmed":1630,"MedicalTests":{"Total/Accumulated":542,"Confirmed/Accumulated":59}},"geometry":{"type":"Point","coordinates":[-0.8763313771517983,47.44186302034428]}},{"type":"Feature","properties":{"Country/Region":"France","Province/State":"Bretagne","Code":"53","Population":{"Total":3340379,"Under19":773631,"Under39":714512,"Under59":866988,"Under74":632104,"Over75":353144},"Beds":{"Resuscitation":162,"IntensiveCare":462,"Total":624},"Deaths":132,"Recovered":481,"Severe":510,"Critical":119,"Emergencies":{"Suspected":43,"Total":1082,"Severe":18,"Suspected/Accumulated":3214,"Total/Accumulated":58505,"Severe/Accumulated":982},"MedicalActs":{"Suspected":15,"Total":354,"Suspected/Accumulated":768,"Total/Accumulated":15630},"Confirmed":962,"MedicalTests":{"Total/Accumulated":136,"Confirmed/Accumulated":16}},"geometry":{"type":"Point","coordinates":[-3.104342941176476,48.146701189258316]}},{"type":"Feature","properties":{"Country/Region":"France","Province/State":"Nouvelle-Aquitaine","Code":"75","Population":{"Total":5999982,"Under19":1293321,"Under39":1274746,"Under59":1561754,"Under74":1177229,"Over75":692932},"Beds":{"Resuscitation":412,"IntensiveCare":946,"Total":1358},"Deaths":190,"Recovered":815,"Severe":832,"Critical":257,"Emergencies":{"Suspected":109,"Total":2026,"Severe":75,"Suspected/Accumulated":6513,"Total/Accumulated":107355,"Severe/Accumulated":2615},"MedicalActs":{"Suspected":83,"Total":1020,"Suspected/Accumulated":4862,"Total/Accumulated":50671},"MedicalTests":{"Total":37,"Total/Accumulated":7697,"Confirmed/Accumulated":630},"Confirmed":1007},"geometry":{"type":"Point","coordinates":[0.16186906163753495,45.156971701931916]}},{"type":"Feature","properties":{"Country/Region":"France","Province/State":"Occitanie","Code":"76","Population":{"Total":5924858,"Under19":1320456,"Under39":1330125,"Under59":1526711,"Under74":1099893,"Over75":647673},"Beds":{"Resuscitation":474,"IntensiveCare":1206,"Total":1680},"Deaths":239,"Recovered":1287,"Severe":954,"Critical":294,"Emergencies":{"Suspected":82,"Total":2019,"Severe":52,"Suspected/Accumulated":5066,"Total/Accumulated":110153,"Severe/Accumulated":2315},"MedicalActs":{"Suspected":40,"Total":433,"Suspected/Accumulated":1804,"Total/Accumulated":17637},"MedicalTests":{"Total":67,"Confirmed":2,"Total/Accumulated":18824,"Confirmed/Accumulated":1728},"Confirmed":2374},"geometry":{"type":"Point","coordinates":[1.988214846153848,43.761180626373644]}},{"type":"Feature","properties":{"Country/Region":"France","Province/State":"Auvergne-Rhône-Alpes","Code":"84","Population":{"Total":8032377,"Under19":1940253,"Under39":1900702,"Under59":2079813,"Under74":1340003,"Over75":771606},"Beds":{"Resuscitation":559,"IntensiveCare":1136,"Total":1695},"Deaths":773,"Recovered":2936,"Severe":3025,"Critical":674,"Emergencies":{"Suspected":204,"Total":2571,"Severe":83,"Suspected/Accumulated":10761,"Total/Accumulated":141959,"Severe/Accumulated":4743},"MedicalActs":{"Suspected":112,"Total":924,"Suspected/Accumulated":4383,"Total/Accumulated":38682},"MedicalTests":{"Total":20,"Confirmed":2,"Total/Accumulated":8953,"Confirmed/Accumulated":1416},"Confirmed":2093},"geometry":{"type":"Point","coordinates":[4.515179591651545,45.475403602540794]}},{"type":"Feature","properties":{"Country/Region":"France","Province/State":"Guadeloupe","Code":"01","Population":{"Total":376879,"Under19":90617,"Under39":71707,"Under59":109452,"Under74":70936,"Over75":34167},"Beds":{"Resuscitation":27,"IntensiveCare":68,"Total":95},"Deaths":10,"Recovered":51,"Severe":38,"Critical":19,"Emergencies":{"Suspected":2,"Total":105,"Severe":1,"Suspected/Accumulated":125,"Total/Accumulated":7452,"Severe/Accumulated":59},"Confirmed":106,"MedicalTests":{"Total/Accumulated":27,"Confirmed/Accumulated":12}},"geometry":{"type":"Point","coordinates":[-61.493846272189366,16.20469674556213]}},{"type":"Feature","properties":{"Country/Region":"France","Province/State":"Martinique","Code":"02","Population":{"Total":358749,"Under19":77005,"Under39":65776,"Under59":105638,"Under74":72163,"Over75":38167},"Beds":{"Resuscitation":26,"IntensiveCare":58,"Total":84},"Deaths":6,"Recovered":52,"Severe":38,"Critical":15,"MedicalActs":{"Suspected":5,"Total":88,"Suspected/Accumulated":74,"Total/Accumulated":4868},"Confirmed":111,"MedicalTests":{"Total/Accumulated":15,"Confirmed/Accumulated":4}},"geometry":{"type":"Point","coordinates":[-60.98265692913386,14.6217557480315]}},{"type":"Feature","properties":{"Country/Region":"France","Province/State":"Provence-Alpes-Côte d'Azur","Code":"93","Population":{"Total":5055651,"Under19":1128765,"Under39":1109058,"Under59":1309879,"Under74":927347,"Over75":580602},"Beds":{"Resuscitation":460,"IntensiveCare":802,"Total":1262},"Deaths":328,"Recovered":2097,"Severe":1830,"Critical":438,"Emergencies":{"Suspected":135,"Total":2180,"Severe":67,"Suspected/Accumulated":6906,"Total/Accumulated":112734,"Severe/Accumulated":3532},"MedicalActs":{"Suspected":86,"Total":820,"Suspected/Accumulated":3831,"Total/Accumulated":35157},"MedicalTests":{"Total":59,"Confirmed":2,"Total/Accumulated":26348,"Confirmed/Accumulated":3064},"Confirmed":1927},"geometry":{"type":"Point","coordinates":[5.940587832647462,43.96417941015098]}},{"type":"Feature","properties":{"Country/Region":"France","Province/State":"Corse","Code":"94","Population":{"Total":344679,"Under19":68555,"Under39":76985,"Under59":93175,"Under74":65675,"Over75":40289},"Beds":{"Resuscitation":18,"IntensiveCare":42,"Total":60},"Deaths":36,"Recovered":126,"Severe":74,"Critical":14,"Emergencies":{"Suspected":6,"Total":115,"Severe":5,"Suspected/Accumulated":1327,"Total/Accumulated":6588,"Severe/Accumulated":1278},"MedicalActs":{"Suspected":6,"Total":40,"Suspected/Accumulated":363,"Total/Accumulated":1997},"Confirmed":263},"geometry":{"type":"Point","coordinates":[9.019688964401293,42.118564077669916]}},{"type":"Feature","properties":{"Country/Region":"France","Province/State":"Guyane","Code":"03","Population":{"Total":290691,"Under19":120681,"Under39":80023,"Under59":61783,"Under74":22111,"Over75":6093},"Beds":{"Resuscitation":13,"IntensiveCare":12,"Total":25},"Recovered":15,"Severe":15,"Critical":1,"Emergencies":{"Suspected":3,"Total":124,"Suspected/Accumulated":41,"Total/Accumulated":8263,"Severe/Accumulated":10},"Confirmed":43,"MedicalTests":{"Total/Accumulated":26,"Confirmed/Accumulated":4}},"geometry":{"type":"Point","coordinates":[-53.41731165390502,3.588901056661561]}},{"type":"Feature","properties":{"Country/Region":"France","Province/State":"La Réunion","Code":"04","Population":{"Total":859959,"Under19":256143,"Under39":202783,"Under59":239212,"Under74":117045,"Over75":44776},"Beds":{"Resuscitation":52,"IntensiveCare":154,"Total":206},"Recovered":72,"Severe":28,"Critical":3,"Emergencies":{"Suspected":6,"Total":292,"Severe":6,"Suspected/Accumulated":204,"Total/Accumulated":15108,"Severe/Accumulated":146},"Confirmed":94,"MedicalTests":{"Total/Accumulated":4}},"geometry":{"type":"Point","coordinates":[55.52943947368424,-21.1374047368421]}},{"type":"Feature","properties":{"Country/Region":"France","Province/State":"Mayotte","Code":"06","Population":{"Total":279471,"Under19":150257,"Under39":74348,"Under59":42900,"Under74":9521,"Over75":2445},"Beds":{"Resuscitation":6,"IntensiveCare":0,"Total":6},"Deaths":3,"Recovered":26,"Severe":22,"Critical":3,"Emergencies":{"Suspected":4,"Total":81,"Suspected/Accumulated":202,"Total/Accumulated":4092,"Severe/Accumulated":50},"Confirmed":128,"MedicalTests":{"Total/Accumulated":2,"Confirmed/Accumulated":1}},"geometry":{"type":"Point","coordinates":[45.14160071428572,-12.835344166666673]}}]}