{"type":"FeatureCollection","features":[{"type":"Feature","properties":{"Country/Region":"France","Province/State":"Île-de-France","Code":"11","Population":{"Total":12278210,"Under19":3140965,"Under39":3409765,"Under59":3210447,"Under74":1658207,"Over75":858826},"Beds":{"Resuscitation":1147,"IntensiveCare":2512,"Total":3659},"Deaths":5690,"Recovered":16160,"Severe":11488,"Critical":1859,"Emergencies":{"Suspected":410,"Total":4546,"Severe":105,"Suspected/Accumulated":43567,"Total/Accumulated":293087,"Severe/Accumulated":14256},"MedicalActs":{"Suspected":61,"Total":896,"Suspected/Accumulated":10372,"Total/Accumulated":82658},"MedicalTests":{"Total":1443,"Confirmed":95,"Total/Accumulated":58478,"Confirmed/Accumulated":17110},"Confirmed":7660},"geometry":{"type":"Point","coordinates":[2.5292589766081885,48.704415292397634]}},{"type":"Feature","properties":{"Country/Region":"France","Province/State":"Centre-Val de Loire","Code":"24","Population":{"Total":2559073,"Under19":598570,"Under39":541141,"Under59":661150,"Under74":478923,"Over75":279289},"Beds":{"Resuscitation":180,"IntensiveCare":346,"Total":526},"Deaths":367,"Recovered":1086,"Severe":978,"Critical":140,"Emergencies":{"Suspected":83,"Total":1186,"Severe":22,"Suspected/Accumulated":3725,"Total/Accumulated":61198,"Severe/Accumulated":939},"MedicalActs":{"Suspected":13,"Total":198,"Suspected/Accumulated":760,"Total/Accumulated":16176},"MedicalTests":{"Total":674,"Confirmed":11,"Total/Accumulated":10447,"Confirmed/Accumulated":1678},"Confirmed":1157},"geometry":{"type":"Point","coordinates":[1.6429664800000017,47.54357092799999]}},{"type":"Feature","properties":{"Country/Region":"France","Province/State":"Bourgogne-Franche-Comté","Code":"27","Population":{"Total":2783039,"Under19":627017,"Under39":591411,"Under59":715664,"Under74":540051,"Over75":308896},"Beds":{"Resuscitation":198,"IntensiveCare":642,"Total":840},"Deaths":814,"Recovered":2269,"Severe":1210,"Critical":196,"Emergencies":{"Suspected":100,"Total":1286,"Severe":51,"Suspected/Accumulated":9056,"Total/Accumulated":76650,"Severe/Accumulated":3730},"MedicalActs":{"Suspected":13,"Total":162,"Suspected/Accumulated":1473,"Total/Accumulated":13730},"MedicalTests":{"Total":286,"Confirmed":8,"Total/Accumulated":9254,"Confirmed/Accumulated":1211},"Confirmed":1569},"geometry":{"type":"Point","coordinates":[4.731409826897467,47.2969232490013]}},{"type":"Feature","properties":{"Country/Region":"France","Province/State":"Normandie","Code":"28","Population":{"Total":3303500,"Under19":781337,"Under39":727044,"Under59":842963,"Under74":615474,"Over75":336682},"Beds":{"Resuscitation":240,"IntensiveCare":548,"Total":788},"Deaths":324,"Recovered":993,"Severe":601,"Critical":112,"Emergencies":{"Suspected":49,"Total":1475,"Severe":20,"Suspected/Accumulated":3463,"Total/Accumulated":83654,"Severe/Accumulated":1272},"MedicalActs":{"Suspected":8,"Total":239,"Suspected/Accumulated":2169,"Total/Accumulated":23388},"MedicalTests":{"Total":337,"Confirmed":15,"Total/Accumulated":9620,"Confirmed/Accumulated":1241},"Confirmed":912},"geometry":{"type":"Point","coordinates":[-0.022673401869158984,49.066630336448576]}},{"type":"Feature","properties":{"Country/Region":"France","Province/State":"Hauts-de-France","Code":"32","Population":{"Total":5962662,"Under19":1525538,"Under39":1443348,"Under59":1522690,"Under74":994313,"Over75":476773},"Beds":{"Resuscitation":438,"IntensiveCare":1338,"Total":1776},"Deaths":1315,"Recovered":3732,"Severe":2379,"Critical":391,"Emergencies":{"Suspected":95,"Total":2271,"Severe":39,"Suspected/Accumulated":9660,"Total/Accumulated":129512,"Severe/Accumulated":3432},"MedicalActs":{"Suspected":14,"Total":489,"Suspected/Accumulated":3304,"Total/Accumulated":45625},"MedicalTests":{"Total":804,"Confirmed":65,"Total/Accumulated":13655,"Confirmed/Accumulated":2788},"Confirmed":3011},"geometry":{"type":"Point","coordinates":[2.8852615671641804,49.86155781716422]}},{"type":"Feature","properties":{"Country/Region":"France","Province/State":"Grand Est","Code":"44","Population":{"Total":5511747,"Under19":1258123,"Under39":1291962,"Under59":1448828,"Under74":988178,"Over75":524656},"Beds":{"Resuscitation":465,"IntensiveCare":840,"Total":1305},"Deaths":2779,"Recovered":7376,"Severe":4226,"Critical":625,"Emergencies":{"Suspected":118,"Total":2117,"Severe":55,"Suspected/Accumulated":14293,"Total/Accumulated":130814,"Severe/Accumulated":7130},"MedicalActs":{"Suspected":25,"Total":423,"Suspected/Accumulated":5069,"Total/Accumulated":39250},"MedicalTests":{"Total":251,"Confirmed":11,"Total/Accumulated":17403,"Confirmed/Accumulated":3471},"Confirmed":5479},"geometry":{"type":"Point","coordinates":[5.509890203045682,48.670969771573546]}},{"type":"Feature","properties":{"Country/Region":"France","Province/State":"Pays de la Loire","Code":"52","Population":{"Total":3801797,"Under19":933509,"Under39":853729,"Under59":970508,"Under74":667531,"Over75":376520},"Beds":{"Resuscitation":181,"IntensiveCare":572,"Total":753},"Deaths":323,"Recovered":1152,"Severe":705,"Critical":98,"Emergencies":{"Suspected":81,"Total":1327,"Severe":49,"Suspected/Accumulated":5857,"Total/Accumulated":69842,"Severe/Accumulated":2725},"MedicalActs":{"Suspected":13,"Total":325,"Suspected/Accumulated":2331,"Total/Accumulated":25386},"MedicalTests":{"Total":69,"Confirmed":2,"Total/Accumulated":965,"Confirmed/Accumulated":71},"Confirmed":1630},"geometry":{"type":"Point","coordinates":[-0.8763313771517983,47.44186302034428]}},{"type":"Feature","properties":{"Country/Region":"France","Province/State":"Bretagne","Code":"53","Population":{"Total":3340379,"Under19":773631,"Under39":714512,"Under59":866988,"Under74":632104,"Over75":353144},"Beds":{"Resuscitation":162,"IntensiveCare":462,"Total":624},"Deaths":204,"Recovered":774,"Severe":406,"Critical":57,"Emergencies":{"Suspected":44,"Total":1282,"Severe":32,"Suspected/Accumulated":3896,"Total/Accumulated":76981,"Severe/Accumulated":1451},"MedicalActs":{"Suspected":5,"Total":220,"Suspected/Accumulated":902,"Total/Accumulated":19376},"MedicalTests":{"Total":12,"Total/Accumulated":382,"Confirmed/Accumulated":22},"Confirmed":962},"geometry":{"type":"Point","coordinates":[-3.104342941176476,48.146701189258316]}},{"type":"Feature","properties":{"Country/Region":"France","Province/State":"Nouvelle-Aquitaine","Code":"75","Population":{"Total":5999982,"Under19":1293321,"Under39":1274746,"Under59":1561754,"Under74":1177229,"Over75":692932},"Beds":{"Resuscitation":412,"IntensiveCare":946,"Total":1358},"Deaths":301,"Recovered":1302,"Severe":721,"Critical":128,"Emergencies":{"Suspected":79,"Total":2627,"Severe":39,"Suspected/Accumulated":8293,"Total/Accumulated":143979,"Severe/Accumulated":3502},"MedicalActs":{"Suspected":35,"Total":744,"Suspected/Accumulated":5652,"Total/Accumulated":63023},"MedicalTests":{"Total":1066,"Confirmed":5,"Total/Accumulated":17071,"Confirmed/Accumulated":853},"Confirmed":1007},"geometry":{"type":"Point","coordinates":[0.16186906163753495,45.156971701931916]}},{"type":"Feature","properties":{"Country/Region":"France","Province/State":"Occitanie","Code":"76","Population":{"Total":5924858,"Under19":1320456,"Under39":1330125,"Under59":1526711,"Under74":1099893,"Over75":647673},"Beds":{"Resuscitation":474,"IntensiveCare":1206,"Total":1680},"Deaths":373,"Recovered":2031,"Severe":730,"Critical":165,"Emergencies":{"Suspected":62,"Total":2503,"Severe":32,"Suspected/Accumulated":6595,"Total/Accumulated":145193,"Severe/Accumulated":2910},"MedicalActs":{"Suspected":18,"Total":243,"Suspected/Accumulated":2145,"Total/Accumulated":22304},"MedicalTests":{"Total":1001,"Confirmed":16,"Total/Accumulated":37232,"Confirmed/Accumulated":2246},"Confirmed":2374},"geometry":{"type":"Point","coordinates":[1.988214846153848,43.761180626373644]}},{"type":"Feature","properties":{"Country/Region":"France","Province/State":"Auvergne-Rhône-Alpes","Code":"84","Population":{"Total":8032377,"Under19":1940253,"Under39":1900702,"Under59":2079813,"Under74":1340003,"Over75":771606},"Beds":{"Resuscitation":559,"IntensiveCare":1136,"Total":1695},"Deaths":1255,"Recovered":4671,"Severe":2663,"Critical":433,"Emergencies":{"Suspected":144,"Total":3147,"Severe":58,"Suspected/Accumulated":13403,"Total/Accumulated":185691,"Severe/Accumulated":5814},"MedicalActs":{"Suspected":34,"Total":646,"Suspected/Accumulated":5210,"Total/Accumulated":49010},"MedicalTests":{"Total":403,"Confirmed":24,"Total/Accumulated":16308,"Confirmed/Accumulated":2006},"Confirmed":2093},"geometry":{"type":"Point","coordinates":[4.515179591651545,45.475403602540794]}},{"type":"Feature","properties":{"Country/Region":"France","Province/State":"Guadeloupe","Code":"01","Population":{"Total":376879,"Under19":90617,"Under39":71707,"Under59":109452,"Under74":70936,"Over75":34167},"Beds":{"Resuscitation":27,"IntensiveCare":68,"Total":95},"Deaths":14,"Recovered":70,"Severe":22,"Critical":10,"Emergencies":{"Suspected":5,"Total":187,"Severe":1,"Suspected/Accumulated":225,"Total/Accumulated":9729,"Severe/Accumulated":89},"Confirmed":106,"MedicalTests":{"Total/Accumulated":38,"Confirmed/Accumulated":14}},"geometry":{"type":"Point","coordinates":[-61.493846272189366,16.20469674556213]}},{"type":"Feature","properties":{"Country/Region":"France","Province/State":"Martinique","Code":"02","Population":{"Total":358749,"Under19":77005,"Under39":65776,"Under59":105638,"Under74":72163,"Over75":38167},"Beds":{"Resuscitation":26,"IntensiveCare":58,"Total":84},"Deaths":14,"Recovered":63,"Severe":33,"Critical":9,"MedicalActs":{"Suspected":2,"Total":94,"Suspected/Accumulated":116,"Total/Accumulated":6249},"MedicalTests":{"Total":1,"Total/Accumulated":23,"Confirmed/Accumulated":5},"Confirmed":111},"geometry":{"type":"Point","coordinates":[-60.98265692913386,14.6217557480315]}},{"type":"Feature","properties":{"Country/Region":"France","Province/State":"Provence-Alpes-Côte d'Azur","Code":"93","Population":{"Total":5055651,"Under19":1128765,"Under39":1109058,"Under59":1309879,"Under74":927347,"Over75":580602},"Beds":{"Resuscitation":460,"IntensiveCare":802,"Total":1262},"Deaths":656,"Recovered":3456,"Severe":1685,"Critical":288,"Emergencies":{"Suspected":96,"Total":2392,"Severe":52,"Suspected/Accumulated":8878,"Total/Accumulated":146948,"Severe/Accumulated":4565},"MedicalActs":{"Suspected":47,"Total":573,"Suspected/Accumulated":4656,"Total/Accumulated":44783},"MedicalTests":{"Total":1084,"Confirmed":39,"Total/Accumulated":51319,"Confirmed/Accumulated":3835},"Confirmed":1927},"geometry":{"type":"Point","coordinates":[5.940587832647462,43.96417941015098]}},{"type":"Feature","properties":{"Country/Region":"France","Province/State":"Corse","Code":"94","Population":{"Total":344679,"Under19":68555,"Under39":76985,"Under59":93175,"Under74":65675,"Over75":40289},"Beds":{"Resuscitation":18,"IntensiveCare":42,"Total":60},"Deaths":50,"Recovered":172,"Severe":64,"Critical":8,"Emergencies":{"Suspected":20,"Total":151,"Severe":20,"Suspected/Accumulated":1700,"Total/Accumulated":8703,"Severe/Accumulated":1644},"MedicalActs":{"Suspected":3,"Total":28,"Suspected/Accumulated":421,"Total/Accumulated":2460},"Confirmed":263},"geometry":{"type":"Point","coordinates":[9.019688964401293,42.118564077669916]}},{"type":"Feature","properties":{"Country/Region":"France","Province/State":"Guyane","Code":"03","Population":{"Total":290691,"Under19":120681,"Under39":80023,"Under59":61783,"Under74":22111,"Over75":6093},"Beds":{"Resuscitation":13,"IntensiveCare":12,"Total":25},"Deaths":1,"Recovered":35,"Severe":1,"Emergencies":{"Total":169,"Suspected/Accumulated":66,"Total/Accumulated":10482,"Severe/Accumulated":20},"Confirmed":43,"MedicalTests":{"Total/Accumulated":30,"Confirmed/Accumulated":4}},"geometry":{"type":"Point","coordinates":[-53.41731165390502,3.588901056661561]}},{"type":"Feature","properties":{"Country/Region":"France","Province/State":"La Réunion","Code":"04","Population":{"Total":859959,"Under19":256143,"Under39":202783,"Under59":239212,"Under74":117045,"Over75":44776},"Beds":{"Resuscitation":52,"IntensiveCare":154,"Total":206},"Recovered":103,"Severe":6,"Critical":2,"Emergencies":{"Suspected":1,"Total":344,"Severe":1,"Suspected/Accumulated":244,"Total/Accumulated":19913,"Severe/Accumulated":168},"Confirmed":94,"MedicalTests":{"Total/Accumulated":11,"Confirmed/Accumulated":1}},"geometry":{"type":"Point","coordinates":[55.52943947368424,-21.1374047368421]}},{"type":"Feature","properties":{"Country/Region":"France","Province/State":"Mayotte","Code":"06","Population":{"Total":279471,"Under19":150257,"Under39":74348,"Under59":42900,"Under74":9521,"Over75":2445},"Beds":{"Resuscitation":6,"IntensiveCare":0,"Total":6},"Deaths":6,"Recovered":70,"Severe":36,"Critical":5,"Emergencies":{"Suspected":25,"Total":130,"Severe":4,"Suspected/Accumulated":402,"Total/Accumulated":5616,"Severe/Accumulated":93},"Confirmed":128,"MedicalTests":{"Total/Accumulated":2,"Confirmed/Accumulated":1}},"geometry":{"type":"Point","coordinates":[45.14160071428572,-12.835344166666673]}}]}