{"type":"FeatureCollection","features":[{"type":"Feature","properties":{"Country/Region":"France","Province/State":"Île-de-France","Code":"11","Population":{"Total":12278210,"Under19":3140965,"Under39":3409765,"Under59":3210447,"Under74":1658207,"Over75":858826},"Beds":{"Resuscitation":1147,"IntensiveCare":2512,"Total":3659},"Deaths":7545,"Recovered":29192,"Severe":2766,"Critical":188,"Emergencies":{"Suspected":86,"Total":6178,"Severe":16,"Suspected/Accumulated":54580,"Total/Accumulated":809203,"Severe/Accumulated":16489},"MedicalActs":{"Suspected":61,"Total":1377,"Suspected/Accumulated":14534,"Total/Accumulated":184133},"PCRTests":{"Total":7976,"Confirmed":156,"Total/Accumulated":644870,"Confirmed/Accumulated":11345},"Confirmed":7660,"MedicalTests":{"Total/Accumulated":85340,"Confirmed/Accumulated":18277}},"geometry":{"type":"Point","coordinates":[2.5292589766081885,48.704415292397634]}},{"type":"Feature","properties":{"Country/Region":"France","Province/State":"Centre-Val de Loire","Code":"24","Population":{"Total":2559073,"Under19":598570,"Under39":541141,"Under59":661150,"Under74":478923,"Over75":279289},"Beds":{"Resuscitation":180,"IntensiveCare":346,"Total":526},"Deaths":557,"Recovered":2084,"Severe":283,"Critical":12,"Emergencies":{"Suspected":6,"Total":1535,"Severe":4,"Suspected/Accumulated":5369,"Total/Accumulated":182276,"Severe/Accumulated":1371},"MedicalActs":{"Suspected":7,"Total":432,"Suspected/Accumulated":1584,"Total/Accumulated":43506},"PCRTests":{"Total":953,"Confirmed":16,"Total/Accumulated":92655,"Confirmed/Accumulated":1091},"Confirmed":1157,"MedicalTests":{"Total/Accumulated":20197,"Confirmed/Accumulated":1858}},"geometry":{"type":"Point","coordinates":[1.6429664800000017,47.54357092799999]}},{"type":"Feature","properties":{"Country/Region":"France","Province/State":"Bourgogne-Franche-Comté","Code":"27","Population":{"Total":2783039,"Under19":627017,"Under39":591411,"Under59":715664,"Under74":540051,"Over75":308896},"Beds":{"Resuscitation":198,"IntensiveCare":642,"Total":840},"Deaths":1061,"Recovered":4029,"Severe":34,"Critical":6,"Emergencies":{"Suspected":15,"Total":2087,"Severe":4,"Suspected/Accumulated":11685,"Total/Accumulated":233374,"Severe/Accumulated":4875},"MedicalActs":{"Suspected":9,"Total":374,"Suspected/Accumulated":2288,"Total/Accumulated":33853},"PCRTests":{"Total":1718,"Confirmed":10,"Total/Accumulated":122490,"Confirmed/Accumulated":978},"Confirmed":1569,"MedicalTests":{"Total/Accumulated":15673,"Confirmed/Accumulated":1330}},"geometry":{"type":"Point","coordinates":[4.731409826897467,47.2969232490013]}},{"type":"Feature","properties":{"Country/Region":"France","Province/State":"Normandie","Code":"28","Population":{"Total":3303500,"Under19":781337,"Under39":727044,"Under59":842963,"Under74":615474,"Over75":336682},"Beds":{"Resuscitation":240,"IntensiveCare":548,"Total":788},"Deaths":440,"Recovered":1773,"Severe":148,"Critical":8,"Emergencies":{"Suspected":9,"Total":1996,"Severe":3,"Suspected/Accumulated":4947,"Total/Accumulated":249343,"Severe/Accumulated":2118},"MedicalActs":{"Suspected":25,"Total":562,"Suspected/Accumulated":3835,"Total/Accumulated":57749},"PCRTests":{"Total":1920,"Confirmed":8,"Total/Accumulated":148738,"Confirmed/Accumulated":1067},"Confirmed":912,"MedicalTests":{"Total/Accumulated":17253,"Confirmed/Accumulated":1385}},"geometry":{"type":"Point","coordinates":[-0.022673401869158984,49.066630336448576]}},{"type":"Feature","properties":{"Country/Region":"France","Province/State":"Hauts-de-France","Code":"32","Population":{"Total":5962662,"Under19":1525538,"Under39":1443348,"Under59":1522690,"Under74":994313,"Over75":476773},"Beds":{"Resuscitation":438,"IntensiveCare":1338,"Total":1776},"Deaths":1900,"Recovered":6907,"Severe":510,"Critical":34,"Emergencies":{"Suspected":23,"Total":3030,"Severe":6,"Suspected/Accumulated":12919,"Total/Accumulated":388178,"Severe/Accumulated":4689},"MedicalActs":{"Suspected":31,"Total":1012,"Suspected/Accumulated":4971,"Total/Accumulated":109126},"PCRTests":{"Total":3475,"Confirmed":72,"Total/Accumulated":261069,"Confirmed/Accumulated":4276},"Confirmed":3011,"MedicalTests":{"Total/Accumulated":31790,"Confirmed/Accumulated":3410}},"geometry":{"type":"Point","coordinates":[2.8852615671641804,49.86155781716422]}},{"type":"Feature","properties":{"Country/Region":"France","Province/State":"Grand Est","Code":"44","Population":{"Total":5511747,"Under19":1258123,"Under39":1291962,"Under59":1448828,"Under74":988178,"Over75":524656},"Beds":{"Resuscitation":465,"IntensiveCare":840,"Total":1305},"Deaths":3608,"Recovered":12673,"Severe":676,"Critical":19,"Emergencies":{"Suspected":22,"Total":3277,"Severe":7,"Suspected/Accumulated":17794,"Total/Accumulated":383523,"Severe/Accumulated":8637},"MedicalActs":{"Suspected":29,"Total":811,"Suspected/Accumulated":7251,"Total/Accumulated":90351},"PCRTests":{"Total":3282,"Confirmed":34,"Total/Accumulated":298541,"Confirmed/Accumulated":3823},"Confirmed":5479,"MedicalTests":{"Total/Accumulated":24982,"Confirmed/Accumulated":3702}},"geometry":{"type":"Point","coordinates":[5.509890203045682,48.670969771573546]}},{"type":"Feature","properties":{"Country/Region":"France","Province/State":"Pays de la Loire","Code":"52","Population":{"Total":3801797,"Under19":933509,"Under39":853729,"Under59":970508,"Under74":667531,"Over75":376520},"Beds":{"Resuscitation":181,"IntensiveCare":572,"Total":753},"Deaths":475,"Recovered":2202,"Severe":92,"Critical":7,"Emergencies":{"Suspected":23,"Total":1931,"Severe":13,"Suspected/Accumulated":8778,"Total/Accumulated":217807,"Severe/Accumulated":4484},"MedicalActs":{"Suspected":21,"Total":612,"Suspected/Accumulated":3982,"Total/Accumulated":66023},"PCRTests":{"Total":3141,"Confirmed":49,"Total/Accumulated":159238,"Confirmed/Accumulated":2642},"Confirmed":1630,"MedicalTests":{"Total/Accumulated":1941,"Confirmed/Accumulated":78}},"geometry":{"type":"Point","coordinates":[-0.8763313771517983,47.44186302034428]}},{"type":"Feature","properties":{"Country/Region":"France","Province/State":"Bretagne","Code":"53","Population":{"Total":3340379,"Under19":773631,"Under39":714512,"Under59":866988,"Under74":632104,"Over75":353144},"Beds":{"Resuscitation":162,"IntensiveCare":462,"Total":624},"Deaths":263,"Recovered":1317,"Severe":68,"Critical":3,"Emergencies":{"Suspected":8,"Total":1993,"Severe":2,"Suspected/Accumulated":5915,"Total/Accumulated":233373,"Severe/Accumulated":2280},"MedicalActs":{"Suspected":26,"Total":529,"Suspected/Accumulated":1921,"Total/Accumulated":48585},"PCRTests":{"Total":2212,"Confirmed":49,"Total/Accumulated":111671,"Confirmed/Accumulated":1098},"Confirmed":962,"MedicalTests":{"Total/Accumulated":698,"Confirmed/Accumulated":25}},"geometry":{"type":"Point","coordinates":[-3.104342941176476,48.146701189258316]}},{"type":"Feature","properties":{"Country/Region":"France","Province/State":"Nouvelle-Aquitaine","Code":"75","Population":{"Total":5999982,"Under19":1293321,"Under39":1274746,"Under59":1561754,"Under74":1177229,"Over75":692932},"Beds":{"Resuscitation":412,"IntensiveCare":946,"Total":1358},"Deaths":424,"Recovered":2237,"Severe":57,"Critical":10,"Emergencies":{"Suspected":14,"Total":4092,"Severe":7,"Suspected/Accumulated":10635,"Total/Accumulated":448001,"Severe/Accumulated":4571},"MedicalActs":{"Suspected":77,"Total":1506,"Suspected/Accumulated":8359,"Total/Accumulated":156445},"PCRTests":{"Total":2650,"Confirmed":12,"Total/Accumulated":191779,"Confirmed/Accumulated":1259},"Confirmed":1007,"MedicalTests":{"Total/Accumulated":33043,"Confirmed/Accumulated":961}},"geometry":{"type":"Point","coordinates":[0.16186906163753495,45.156971701931916]}},{"type":"Feature","properties":{"Country/Region":"France","Province/State":"Occitanie","Code":"76","Population":{"Total":5924858,"Under19":1320456,"Under39":1330125,"Under59":1526711,"Under74":1099893,"Over75":647673},"Beds":{"Resuscitation":474,"IntensiveCare":1206,"Total":1680},"Deaths":513,"Recovered":2944,"Severe":42,"Critical":8,"Emergencies":{"Suspected":17,"Total":4345,"Severe":7,"Suspected/Accumulated":8960,"Total/Accumulated":457716,"Severe/Accumulated":4017},"MedicalActs":{"Suspected":14,"Total":554,"Suspected/Accumulated":3268,"Total/Accumulated":55658},"PCRTests":{"Total":2675,"Confirmed":38,"Total/Accumulated":241000,"Confirmed/Accumulated":1900},"Confirmed":2374,"MedicalTests":{"Total/Accumulated":83743,"Confirmed/Accumulated":2680}},"geometry":{"type":"Point","coordinates":[1.988214846153848,43.761180626373644]}},{"type":"Feature","properties":{"Country/Region":"France","Province/State":"Auvergne-Rhône-Alpes","Code":"84","Population":{"Total":8032377,"Under19":1940253,"Under39":1900702,"Under59":2079813,"Under74":1340003,"Over75":771606},"Beds":{"Resuscitation":559,"IntensiveCare":1136,"Total":1695},"Deaths":1757,"Recovered":7960,"Severe":364,"Critical":20,"Emergencies":{"Suspected":40,"Total":4972,"Severe":6,"Suspected/Accumulated":17418,"Total/Accumulated":570090,"Severe/Accumulated":7251},"MedicalActs":{"Suspected":53,"Total":1025,"Suspected/Accumulated":8436,"Total/Accumulated":123120},"PCRTests":{"Total":3903,"Confirmed":68,"Total/Accumulated":318197,"Confirmed/Accumulated":3021},"Confirmed":2093,"MedicalTests":{"Total/Accumulated":27674,"Confirmed/Accumulated":2153}},"geometry":{"type":"Point","coordinates":[4.515179591651545,45.475403602540794]}},{"type":"Feature","properties":{"Country/Region":"France","Province/State":"Guadeloupe","Code":"01","Population":{"Total":376879,"Under19":90617,"Under39":71707,"Under59":109452,"Under74":70936,"Over75":34167},"Beds":{"Resuscitation":27,"IntensiveCare":68,"Total":95},"Deaths":19,"Recovered":84,"Severe":6,"Critical":1,"Emergencies":{"Total":225,"Suspected/Accumulated":333,"Total/Accumulated":27553,"Severe/Accumulated":104},"PCRTests":{"Total":111,"Confirmed":1,"Total/Accumulated":9949,"Confirmed/Accumulated":69},"Confirmed":106,"MedicalTests":{"Total/Accumulated":51,"Confirmed/Accumulated":17}},"geometry":{"type":"Point","coordinates":[-61.493846272189366,16.20469674556213]}},{"type":"Feature","properties":{"Country/Region":"France","Province/State":"Martinique","Code":"02","Population":{"Total":358749,"Under19":77005,"Under39":65776,"Under59":105638,"Under74":72163,"Over75":38167},"Beds":{"Resuscitation":26,"IntensiveCare":58,"Total":84},"Deaths":15,"Recovered":93,"Severe":11,"Critical":4,"MedicalActs":{"Total":93,"Suspected/Accumulated":164,"Total/Accumulated":14363},"PCRTests":{"Total":125,"Total/Accumulated":12943,"Confirmed/Accumulated":90},"Confirmed":111,"MedicalTests":{"Total/Accumulated":29,"Confirmed/Accumulated":6}},"geometry":{"type":"Point","coordinates":[-60.98265692913386,14.6217557480315]}},{"type":"Feature","properties":{"Country/Region":"France","Province/State":"Provence-Alpes-Côte d'Azur","Code":"93","Population":{"Total":5055651,"Under19":1128765,"Under39":1109058,"Under59":1309879,"Under74":927347,"Over75":580602},"Beds":{"Resuscitation":460,"IntensiveCare":802,"Total":1262},"Deaths":961,"Recovered":5691,"Severe":387,"Critical":15,"Emergencies":{"Suspected":15,"Total":4272,"Severe":5,"Suspected/Accumulated":11415,"Total/Accumulated":456423,"Severe/Accumulated":5728},"MedicalActs":{"Suspected":34,"Total":1064,"Suspected/Accumulated":7006,"Total/Accumulated":112204},"PCRTests":{"Total":3107,"Confirmed":34,"Total/Accumulated":285143,"Confirmed/Accumulated":2582},"Confirmed":1927,"MedicalTests":{"Total/Accumulated":80858,"Confirmed/Accumulated":4204}},"geometry":{"type":"Point","coordinates":[5.940587832647462,43.96417941015098]}},{"type":"Feature","properties":{"Country/Region":"France","Province/State":"Corse","Code":"94","Population":{"Total":344679,"Under19":68555,"Under39":76985,"Under59":93175,"Under74":65675,"Over75":40289},"Beds":{"Resuscitation":18,"IntensiveCare":42,"Total":60},"Deaths":59,"Recovered":250,"Severe":10,"Critical":1,"Emergencies":{"Total":371,"Suspected/Accumulated":2183,"Total/Accumulated":29096,"Severe/Accumulated":2051},"MedicalActs":{"Suspected":2,"Total":125,"Suspected/Accumulated":508,"Total/Accumulated":5547},"PCRTests":{"Total":166,"Confirmed":1,"Total/Accumulated":15837,"Confirmed/Accumulated":80},"Confirmed":263},"geometry":{"type":"Point","coordinates":[9.019688964401293,42.118564077669916]}},{"type":"Feature","properties":{"Country/Region":"France","Province/State":"Guyane","Code":"03","Population":{"Total":290691,"Under19":120681,"Under39":80023,"Under59":61783,"Under74":22111,"Over75":6093},"Beds":{"Resuscitation":13,"IntensiveCare":12,"Total":25},"Deaths":39,"Recovered":909,"Severe":143,"Critical":26,"Emergencies":{"Suspected":18,"Total":158,"Severe":12,"Suspected/Accumulated":1509,"Total/Accumulated":26373,"Severe/Accumulated":636},"PCRTests":{"Total":440,"Confirmed":64,"Total/Accumulated":27532,"Confirmed/Accumulated":6137},"Confirmed":43,"MedicalTests":{"Total/Accumulated":35,"Confirmed/Accumulated":4}},"geometry":{"type":"Point","coordinates":[-53.41731165390502,3.588901056661561]}},{"type":"Feature","properties":{"Country/Region":"France","Province/State":"La Réunion","Code":"04","Population":{"Total":859959,"Under19":256143,"Under39":202783,"Under59":239212,"Under74":117045,"Over75":44776},"Beds":{"Resuscitation":52,"IntensiveCare":154,"Total":206},"Deaths":3,"Recovered":159,"Severe":23,"Critical":5,"Emergencies":{"Total":433,"Suspected/Accumulated":291,"Total/Accumulated":53945,"Severe/Accumulated":199},"PCRTests":{"Total":876,"Confirmed":1,"Total/Accumulated":45635,"Confirmed/Accumulated":212},"Confirmed":94,"MedicalTests":{"Total/Accumulated":19,"Confirmed/Accumulated":1}},"geometry":{"type":"Point","coordinates":[55.52943947368424,-21.1374047368421]}},{"type":"Feature","properties":{"Country/Region":"France","Province/State":"Mayotte","Code":"06","Population":{"Total":279471,"Under19":150257,"Under39":74348,"Under59":42900,"Under74":9521,"Over75":2445},"Beds":{"Resuscitation":6,"IntensiveCare":0,"Total":6},"Deaths":28,"Recovered":411,"Severe":14,"Critical":1,"Emergencies":{"Total":80,"Suspected/Accumulated":1858,"Total/Accumulated":15269,"Severe/Accumulated":242},"PCRTests":{"Total":44,"Confirmed":1,"Total/Accumulated":7539,"Confirmed/Accumulated":1193},"Confirmed":128,"MedicalTests":{"Total/Accumulated":4,"Confirmed/Accumulated":1}},"geometry":{"type":"Point","coordinates":[45.14160071428572,-12.835344166666673]}}]}