{"type":"FeatureCollection","features":[{"type":"Feature","properties":{"Country/Region":"France","Province/State":"Île-de-France","Code":"11","Population":{"Total":12278210,"Under19":3140965,"Under39":3409765,"Under59":3210447,"Under74":1658207,"Over75":858826},"Beds":{"Resuscitation":1147,"IntensiveCare":2512,"Total":3659},"Deaths":8133,"Recovered":35046,"Severe":2201,"Critical":393,"Emergencies":{"Suspected":247,"Total":6250,"Severe":82,"Suspected/Accumulated":66400,"Total/Accumulated":1287393,"Severe/Accumulated":19079},"MedicalActs":{"Suspected":161,"Total":1650,"Suspected/Accumulated":22507,"Total/Accumulated":284423},"PCRTests":{"Total":14636,"Confirmed":2401,"Total/Accumulated":2378964,"Confirmed/Accumulated":143486},"Confirmed":7660,"MedicalTests":{"Total/Accumulated":85340,"Confirmed/Accumulated":18277}},"geometry":{"type":"Point","coordinates":[2.5292589766081885,48.704415292397634]}},{"type":"Feature","properties":{"Country/Region":"France","Province/State":"Centre-Val de Loire","Code":"24","Population":{"Total":2559073,"Under19":598570,"Under39":541141,"Under59":661150,"Under74":478923,"Over75":279289},"Beds":{"Resuscitation":180,"IntensiveCare":346,"Total":526},"Deaths":604,"Recovered":2595,"Severe":142,"Critical":27,"Emergencies":{"Suspected":13,"Total":1222,"Severe":3,"Suspected/Accumulated":6321,"Total/Accumulated":288407,"Severe/Accumulated":1622},"MedicalActs":{"Suspected":10,"Total":472,"Suspected/Accumulated":2748,"Total/Accumulated":74145},"PCRTests":{"Total":2062,"Confirmed":171,"Total/Accumulated":358222,"Confirmed/Accumulated":10975},"Confirmed":1157,"MedicalTests":{"Total/Accumulated":20197,"Confirmed/Accumulated":1858}},"geometry":{"type":"Point","coordinates":[1.6429664800000017,47.54357092799999]}},{"type":"Feature","properties":{"Country/Region":"France","Province/State":"Bourgogne-Franche-Comté","Code":"27","Population":{"Total":2783039,"Under19":627017,"Under39":591411,"Under59":715664,"Under74":540051,"Over75":308896},"Beds":{"Resuscitation":198,"IntensiveCare":642,"Total":840},"Deaths":1087,"Recovered":4311,"Severe":124,"Critical":29,"Emergencies":{"Suspected":30,"Total":1850,"Severe":9,"Suspected/Accumulated":13442,"Total/Accumulated":377365,"Severe/Accumulated":5412},"MedicalActs":{"Suspected":19,"Total":318,"Suspected/Accumulated":3499,"Total/Accumulated":53574},"PCRTests":{"Total":3055,"Confirmed":203,"Total/Accumulated":425540,"Confirmed/Accumulated":11214},"Confirmed":1569,"MedicalTests":{"Total/Accumulated":15673,"Confirmed/Accumulated":1330}},"geometry":{"type":"Point","coordinates":[4.731409826897467,47.2969232490013]}},{"type":"Feature","properties":{"Country/Region":"France","Province/State":"Normandie","Code":"28","Population":{"Total":3303500,"Under19":781337,"Under39":727044,"Under59":842963,"Under74":615474,"Over75":336682},"Beds":{"Resuscitation":240,"IntensiveCare":548,"Total":788},"Deaths":482,"Recovered":2179,"Severe":245,"Critical":47,"Emergencies":{"Suspected":21,"Total":1893,"Severe":13,"Suspected/Accumulated":6199,"Total/Accumulated":402844,"Severe/Accumulated":2723},"MedicalActs":{"Suspected":47,"Total":641,"Suspected/Accumulated":6433,"Total/Accumulated":93746},"PCRTests":{"Total":3039,"Confirmed":297,"Total/Accumulated":470224,"Confirmed/Accumulated":15506},"Confirmed":912,"MedicalTests":{"Total/Accumulated":17253,"Confirmed/Accumulated":1385}},"geometry":{"type":"Point","coordinates":[-0.022673401869158984,49.066630336448576]}},{"type":"Feature","properties":{"Country/Region":"France","Province/State":"Hauts-de-France","Code":"32","Population":{"Total":5962662,"Under19":1525538,"Under39":1443348,"Under59":1522690,"Under74":994313,"Over75":476773},"Beds":{"Resuscitation":438,"IntensiveCare":1338,"Total":1776},"Deaths":2031,"Recovered":8011,"Severe":648,"Critical":129,"Emergencies":{"Suspected":43,"Total":3017,"Severe":22,"Suspected/Accumulated":14942,"Total/Accumulated":616072,"Severe/Accumulated":5299},"MedicalActs":{"Suspected":70,"Total":1089,"Suspected/Accumulated":8688,"Total/Accumulated":185368},"PCRTests":{"Total":7304,"Confirmed":820,"Total/Accumulated":1019433,"Confirmed/Accumulated":46897},"Confirmed":3011,"MedicalTests":{"Total/Accumulated":31790,"Confirmed/Accumulated":3410}},"geometry":{"type":"Point","coordinates":[2.8852615671641804,49.86155781716422]}},{"type":"Feature","properties":{"Country/Region":"France","Province/State":"Grand Est","Code":"44","Population":{"Total":5511747,"Under19":1258123,"Under39":1291962,"Under59":1448828,"Under74":988178,"Over75":524656},"Beds":{"Resuscitation":465,"IntensiveCare":840,"Total":1305},"Deaths":3744,"Recovered":13773,"Severe":275,"Critical":44,"Emergencies":{"Suspected":27,"Total":2994,"Severe":15,"Suspected/Accumulated":19219,"Total/Accumulated":610643,"Severe/Accumulated":9265},"MedicalActs":{"Suspected":29,"Total":831,"Suspected/Accumulated":9334,"Total/Accumulated":137726},"PCRTests":{"Total":5946,"Confirmed":322,"Total/Accumulated":949046,"Confirmed/Accumulated":19603},"Confirmed":5479,"MedicalTests":{"Total/Accumulated":24982,"Confirmed/Accumulated":3702}},"geometry":{"type":"Point","coordinates":[5.509890203045682,48.670969771573546]}},{"type":"Feature","properties":{"Country/Region":"France","Province/State":"Pays de la Loire","Code":"52","Population":{"Total":3801797,"Under19":933509,"Under39":853729,"Under59":970508,"Under74":667531,"Over75":376520},"Beds":{"Resuscitation":181,"IntensiveCare":572,"Total":753},"Deaths":516,"Recovered":2699,"Severe":180,"Critical":24,"Emergencies":{"Suspected":19,"Total":1573,"Severe":8,"Suspected/Accumulated":10563,"Total/Accumulated":351207,"Severe/Accumulated":5460},"MedicalActs":{"Suspected":41,"Total":629,"Suspected/Accumulated":5979,"Total/Accumulated":103964},"PCRTests":{"Total":3751,"Confirmed":317,"Total/Accumulated":581616,"Confirmed/Accumulated":17390},"Confirmed":1630,"MedicalTests":{"Total/Accumulated":1941,"Confirmed/Accumulated":78}},"geometry":{"type":"Point","coordinates":[-0.8763313771517983,47.44186302034428]}},{"type":"Feature","properties":{"Country/Region":"France","Province/State":"Bretagne","Code":"53","Population":{"Total":3340379,"Under19":773631,"Under39":714512,"Under59":866988,"Under74":632104,"Over75":353144},"Beds":{"Resuscitation":162,"IntensiveCare":462,"Total":624},"Deaths":292,"Recovered":1551,"Severe":177,"Critical":20,"Emergencies":{"Suspected":20,"Total":1648,"Severe":6,"Suspected/Accumulated":7140,"Total/Accumulated":374005,"Severe/Accumulated":2618},"MedicalActs":{"Suspected":17,"Total":488,"Suspected/Accumulated":3500,"Total/Accumulated":77448},"PCRTests":{"Total":3091,"Confirmed":212,"Total/Accumulated":465837,"Confirmed/Accumulated":12582},"Confirmed":962,"MedicalTests":{"Total/Accumulated":698,"Confirmed/Accumulated":25}},"geometry":{"type":"Point","coordinates":[-3.104342941176476,48.146701189258316]}},{"type":"Feature","properties":{"Country/Region":"France","Province/State":"Nouvelle-Aquitaine","Code":"75","Population":{"Total":5999982,"Under19":1293321,"Under39":1274746,"Under59":1561754,"Under74":1177229,"Over75":692932},"Beds":{"Resuscitation":412,"IntensiveCare":946,"Total":1358},"Deaths":512,"Recovered":2812,"Severe":338,"Critical":56,"Emergencies":{"Suspected":25,"Total":3149,"Severe":16,"Suspected/Accumulated":12853,"Total/Accumulated":727359,"Severe/Accumulated":5446},"MedicalActs":{"Suspected":75,"Total":1322,"Suspected/Accumulated":13679,"Total/Accumulated":247599},"PCRTests":{"Total":4971,"Confirmed":346,"Total/Accumulated":840658,"Confirmed/Accumulated":29188},"Confirmed":1007,"MedicalTests":{"Total/Accumulated":33043,"Confirmed/Accumulated":961}},"geometry":{"type":"Point","coordinates":[0.16186906163753495,45.156971701931916]}},{"type":"Feature","properties":{"Country/Region":"France","Province/State":"Occitanie","Code":"76","Population":{"Total":5924858,"Under19":1320456,"Under39":1330125,"Under59":1526711,"Under74":1099893,"Over75":647673},"Beds":{"Resuscitation":474,"IntensiveCare":1206,"Total":1680},"Deaths":606,"Recovered":3823,"Severe":440,"Critical":132,"Emergencies":{"Suspected":66,"Total":3455,"Severe":33,"Suspected/Accumulated":11587,"Total/Accumulated":741174,"Severe/Accumulated":4944},"MedicalActs":{"Suspected":25,"Total":620,"Suspected/Accumulated":4958,"Total/Accumulated":85960},"PCRTests":{"Total":6329,"Confirmed":710,"Total/Accumulated":994392,"Confirmed/Accumulated":42170},"Confirmed":2374,"MedicalTests":{"Total/Accumulated":83743,"Confirmed/Accumulated":2680}},"geometry":{"type":"Point","coordinates":[1.988214846153848,43.761180626373644]}},{"type":"Feature","properties":{"Country/Region":"France","Province/State":"Auvergne-Rhône-Alpes","Code":"84","Population":{"Total":8032377,"Under19":1940253,"Under39":1900702,"Under59":2079813,"Under74":1340003,"Over75":771606},"Beds":{"Resuscitation":559,"IntensiveCare":1136,"Total":1695},"Deaths":1948,"Recovered":9716,"Severe":846,"Critical":152,"Emergencies":{"Suspected":84,"Total":4505,"Severe":37,"Suspected/Accumulated":21663,"Total/Accumulated":917604,"Severe/Accumulated":8578},"MedicalActs":{"Suspected":97,"Total":1081,"Suspected/Accumulated":13891,"Total/Accumulated":191132},"PCRTests":{"Total":7975,"Confirmed":864,"Total/Accumulated":1184176,"Confirmed/Accumulated":56109},"Confirmed":2093,"MedicalTests":{"Total/Accumulated":27674,"Confirmed/Accumulated":2153}},"geometry":{"type":"Point","coordinates":[4.515179591651545,45.475403602540794]}},{"type":"Feature","properties":{"Country/Region":"France","Province/State":"Guadeloupe","Code":"01","Population":{"Total":376879,"Under19":90617,"Under39":71707,"Under59":109452,"Under74":70936,"Over75":34167},"Beds":{"Resuscitation":27,"IntensiveCare":68,"Total":95},"Deaths":79,"Recovered":355,"Severe":185,"Critical":27,"Emergencies":{"Suspected":25,"Total":261,"Severe":17,"Suspected/Accumulated":1229,"Total/Accumulated":43915,"Severe/Accumulated":552},"PCRTests":{"Total":146,"Confirmed":27,"Total/Accumulated":51179,"Confirmed/Accumulated":6061},"Confirmed":106,"MedicalTests":{"Total/Accumulated":51,"Confirmed/Accumulated":17}},"geometry":{"type":"Point","coordinates":[-61.493846272189366,16.20469674556213]}},{"type":"Feature","properties":{"Country/Region":"France","Province/State":"Martinique","Code":"02","Population":{"Total":358749,"Under19":77005,"Under39":65776,"Under59":105638,"Under74":72163,"Over75":38167},"Beds":{"Resuscitation":26,"IntensiveCare":58,"Total":84},"Deaths":21,"Recovered":134,"Severe":34,"Critical":15,"MedicalActs":{"Suspected":1,"Total":115,"Suspected/Accumulated":374,"Total/Accumulated":23042},"PCRTests":{"Total":198,"Confirmed":18,"Total/Accumulated":52095,"Confirmed/Accumulated":1752},"Confirmed":111,"MedicalTests":{"Total/Accumulated":29,"Confirmed/Accumulated":6}},"geometry":{"type":"Point","coordinates":[-60.98265692913386,14.6217557480315]}},{"type":"Feature","properties":{"Country/Region":"France","Province/State":"Provence-Alpes-Côte d'Azur","Code":"93","Population":{"Total":5055651,"Under19":1128765,"Under39":1109058,"Under59":1309879,"Under74":927347,"Over75":580602},"Beds":{"Resuscitation":460,"IntensiveCare":802,"Total":1262},"Deaths":1162,"Recovered":8307,"Severe":798,"Critical":167,"Emergencies":{"Suspected":59,"Total":3598,"Severe":26,"Suspected/Accumulated":15272,"Total/Accumulated":739953,"Severe/Accumulated":7549},"MedicalActs":{"Suspected":41,"Total":1051,"Suspected/Accumulated":11112,"Total/Accumulated":173619},"PCRTests":{"Total":4217,"Confirmed":351,"Total/Accumulated":1133400,"Confirmed/Accumulated":54653},"Confirmed":1927,"MedicalTests":{"Total/Accumulated":80858,"Confirmed/Accumulated":4204}},"geometry":{"type":"Point","coordinates":[5.940587832647462,43.96417941015098]}},{"type":"Feature","properties":{"Country/Region":"France","Province/State":"Corse","Code":"94","Population":{"Total":344679,"Under19":68555,"Under39":76985,"Under59":93175,"Under74":65675,"Over75":40289},"Beds":{"Resuscitation":18,"IntensiveCare":42,"Total":60},"Deaths":66,"Recovered":299,"Severe":24,"Critical":6,"Emergencies":{"Suspected":1,"Total":210,"Suspected/Accumulated":2345,"Total/Accumulated":51045,"Severe/Accumulated":2136},"MedicalActs":{"Suspected":4,"Total":134,"Suspected/Accumulated":966,"Total/Accumulated":14603},"PCRTests":{"Total":312,"Confirmed":7,"Total/Accumulated":64182,"Confirmed/Accumulated":1536},"Confirmed":263},"geometry":{"type":"Point","coordinates":[9.019688964401293,42.118564077669916]}},{"type":"Feature","properties":{"Country/Region":"France","Province/State":"Guyane","Code":"03","Population":{"Total":290691,"Under19":120681,"Under39":80023,"Under59":61783,"Under74":22111,"Over75":6093},"Beds":{"Resuscitation":13,"IntensiveCare":12,"Total":25},"Deaths":63,"Recovered":1725,"Severe":22,"Critical":4,"Emergencies":{"Suspected":3,"Total":223,"Severe":2,"Suspected/Accumulated":1930,"Total/Accumulated":40733,"Severe/Accumulated":911},"PCRTests":{"Total":236,"Confirmed":14,"Total/Accumulated":60181,"Confirmed/Accumulated":8732},"Confirmed":43,"MedicalTests":{"Total/Accumulated":35,"Confirmed/Accumulated":4}},"geometry":{"type":"Point","coordinates":[-53.41731165390502,3.588901056661561]}},{"type":"Feature","properties":{"Country/Region":"France","Province/State":"La Réunion","Code":"04","Population":{"Total":859959,"Under19":256143,"Under39":202783,"Under59":239212,"Under74":117045,"Over75":44776},"Beds":{"Resuscitation":52,"IntensiveCare":154,"Total":206},"Deaths":21,"Recovered":406,"Severe":51,"Critical":14,"Emergencies":{"Suspected":8,"Total":379,"Severe":5,"Suspected/Accumulated":499,"Total/Accumulated":82192,"Severe/Accumulated":305},"PCRTests":{"Total":966,"Confirmed":30,"Total/Accumulated":169311,"Confirmed/Accumulated":4065},"Confirmed":94,"MedicalTests":{"Total/Accumulated":19,"Confirmed/Accumulated":1}},"geometry":{"type":"Point","coordinates":[55.52943947368424,-21.1374047368421]}},{"type":"Feature","properties":{"Country/Region":"France","Province/State":"Mayotte","Code":"06","Population":{"Total":279471,"Under19":150257,"Under39":74348,"Under59":42900,"Under74":9521,"Over75":2445},"Beds":{"Resuscitation":6,"IntensiveCare":0,"Total":6},"Deaths":29,"Recovered":457,"Severe":10,"Critical":3,"Emergencies":{"Suspected":1,"Total":108,"Suspected/Accumulated":1912,"Total/Accumulated":22689,"Severe/Accumulated":261},"PCRTests":{"Total":80,"Confirmed":3,"Total/Accumulated":21374,"Confirmed/Accumulated":2157},"Confirmed":128,"MedicalTests":{"Total/Accumulated":4,"Confirmed/Accumulated":1}},"geometry":{"type":"Point","coordinates":[45.14160071428572,-12.835344166666673]}}]}