{"type":"FeatureCollection","features":[{"type":"Feature","properties":{"Country/Region":"France","Province/State":"Île-de-France","Code":"11","Population":{"Total":12278210,"Under19":3140965,"Under39":3409765,"Under59":3210447,"Under74":1658207,"Over75":858826},"Beds":{"Resuscitation":1147,"IntensiveCare":2512,"Total":3659},"Confirmed":3384,"Deaths":56,"Recovered":213,"Severe":1356,"Critical":360,"Emergencies":{"Suspected":862,"Total":4900,"Severe":271,"Suspected/Accumulated":5278,"Total/Accumulated":122915,"Severe/Accumulated":1394},"MedicalActs":{"Suspected":273,"Total":1510,"Suspected/Accumulated":1675,"Total/Accumulated":37456},"MedicalTests":{"Total":591,"Confirmed":264,"Total/Accumulated":2731,"Confirmed/Accumulated":969}},"geometry":{"type":"Point","coordinates":[2.5292589766081885,48.704415292397634]}},{"type":"Feature","properties":{"Country/Region":"France","Province/State":"Centre-Val de Loire","Code":"24","Population":{"Total":2559073,"Under19":598570,"Under39":541141,"Under59":661150,"Under74":478923,"Over75":279289},"Beds":{"Resuscitation":180,"IntensiveCare":346,"Total":526},"Confirmed":157,"Deaths":1,"Recovered":1,"Severe":31,"Critical":10,"Emergencies":{"Suspected":40,"Total":836,"Severe":13,"Suspected/Accumulated":210,"Total/Accumulated":24981,"Severe/Accumulated":46},"MedicalActs":{"Suspected":17,"Total":230,"Suspected/Accumulated":67,"Total/Accumulated":8088},"MedicalTests":{"Total":44,"Confirmed":14,"Total/Accumulated":124,"Confirmed/Accumulated":23}},"geometry":{"type":"Point","coordinates":[1.6429664800000017,47.54357092799999]}},{"type":"Feature","properties":{"Country/Region":"France","Province/State":"Bourgogne-Franche-Comté","Code":"27","Population":{"Total":2783039,"Under19":627017,"Under39":591411,"Under59":715664,"Under74":540051,"Over75":308896},"Beds":{"Resuscitation":198,"IntensiveCare":642,"Total":840},"Confirmed":696,"Deaths":23,"Recovered":50,"Severe":194,"Critical":60,"Emergencies":{"Suspected":187,"Total":1157,"Severe":66,"Suspected/Accumulated":1370,"Total/Accumulated":31237,"Severe/Accumulated":508},"MedicalActs":{"Suspected":48,"Total":235,"Suspected/Accumulated":264,"Total/Accumulated":6275},"MedicalTests":{"Total":53,"Confirmed":13,"Total/Accumulated":163,"Confirmed/Accumulated":29}},"geometry":{"type":"Point","coordinates":[4.731409826897467,47.2969232490013]}},{"type":"Feature","properties":{"Country/Region":"France","Province/State":"Normandie","Code":"28","Population":{"Total":3303500,"Under19":781337,"Under39":727044,"Under59":842963,"Under74":615474,"Over75":336682},"Beds":{"Resuscitation":240,"IntensiveCare":548,"Total":788},"Confirmed":241,"Deaths":5,"Recovered":9,"Severe":46,"Critical":6,"Emergencies":{"Suspected":90,"Total":1238,"Severe":9,"Suspected/Accumulated":491,"Total/Accumulated":35565,"Severe/Accumulated":67},"MedicalActs":{"Suspected":53,"Total":407,"Suspected/Accumulated":287,"Total/Accumulated":11358},"MedicalTests":{"Total":62,"Confirmed":6,"Total/Accumulated":158,"Confirmed/Accumulated":12}},"geometry":{"type":"Point","coordinates":[-0.022673401869158984,49.066630336448576]}},{"type":"Feature","properties":{"Country/Region":"France","Province/State":"Hauts-de-France","Code":"32","Population":{"Total":5962662,"Under19":1525538,"Under39":1443348,"Under59":1522690,"Under74":994313,"Over75":476773},"Beds":{"Resuscitation":438,"IntensiveCare":1338,"Total":1776},"Confirmed":719,"Deaths":69,"Recovered":129,"Severe":394,"Critical":105,"Emergencies":{"Suspected":151,"Total":1751,"Severe":49,"Suspected/Accumulated":1009,"Total/Accumulated":53338,"Severe/Accumulated":292},"MedicalActs":{"Suspected":96,"Total":811,"Suspected/Accumulated":394,"Total/Accumulated":24031},"MedicalTests":{"Total":46,"Confirmed":16,"Total/Accumulated":141,"Confirmed/Accumulated":38}},"geometry":{"type":"Point","coordinates":[2.8852615671641804,49.86155781716422]}},{"type":"Feature","properties":{"Country/Region":"France","Province/State":"Grand Est","Code":"44","Population":{"Total":5511747,"Under19":1258123,"Under39":1291962,"Under59":1448828,"Under74":988178,"Over75":524656},"Beds":{"Resuscitation":465,"IntensiveCare":840,"Total":1305},"Confirmed":2643,"Deaths":148,"Recovered":213,"Severe":1169,"Critical":300,"Emergencies":{"Suspected":265,"Total":2065,"Severe":146,"Suspected/Accumulated":1970,"Total/Accumulated":54692,"Severe/Accumulated":898},"MedicalActs":{"Suspected":79,"Total":757,"Suspected/Accumulated":622,"Total/Accumulated":15118},"MedicalTests":{"Total":98,"Confirmed":36,"Total/Accumulated":317,"Confirmed/Accumulated":108}},"geometry":{"type":"Point","coordinates":[5.509890203045682,48.670969771573546]}},{"type":"Feature","properties":{"Country/Region":"France","Province/State":"Pays de la Loire","Code":"52","Population":{"Total":3801797,"Under19":933509,"Under39":853729,"Under59":970508,"Under74":667531,"Over75":376520},"Beds":{"Resuscitation":181,"IntensiveCare":572,"Total":753},"Confirmed":160,"Deaths":3,"Recovered":50,"Severe":58,"Critical":23,"Emergencies":{"Suspected":84,"Total":994,"Severe":28,"Suspected/Accumulated":881,"Total/Accumulated":27783,"Severe/Accumulated":217},"MedicalActs":{"Suspected":71,"Total":462,"Suspected/Accumulated":357,"Total/Accumulated":10281},"MedicalTests":{"Total":6,"Confirmed":3,"Total/Accumulated":17,"Confirmed/Accumulated":6}},"geometry":{"type":"Point","coordinates":[-0.8763313771517983,47.44186302034428]}},{"type":"Feature","properties":{"Country/Region":"France","Province/State":"Bretagne","Code":"53","Population":{"Total":3340379,"Under19":773631,"Under39":714512,"Under59":866988,"Under74":632104,"Over75":353144},"Beds":{"Resuscitation":162,"IntensiveCare":462,"Total":624},"Confirmed":297,"Deaths":10,"Recovered":77,"Severe":85,"Critical":26,"Emergencies":{"Suspected":80,"Total":1274,"Severe":25,"Suspected/Accumulated":1055,"Total/Accumulated":31311,"Severe/Accumulated":95},"MedicalActs":{"Suspected":22,"Total":370,"Suspected/Accumulated":121,"Total/Accumulated":8474},"MedicalTests":{"Total":3,"Confirmed":1,"Total/Accumulated":11,"Confirmed/Accumulated":3}},"geometry":{"type":"Point","coordinates":[-3.104342941176476,48.146701189258316]}},{"type":"Feature","properties":{"Country/Region":"France","Province/State":"Nouvelle-Aquitaine","Code":"75","Population":{"Total":5999982,"Under19":1293321,"Under39":1274746,"Under59":1561754,"Under74":1177229,"Over75":692932},"Beds":{"Resuscitation":412,"IntensiveCare":946,"Total":1358},"Confirmed":305,"Deaths":3,"Recovered":19,"Severe":52,"Critical":11,"Emergencies":{"Suspected":153,"Total":2046,"Severe":43,"Suspected/Accumulated":1190,"Total/Accumulated":58031,"Severe/Accumulated":208},"MedicalActs":{"Suspected":159,"Total":1100,"Suspected/Accumulated":1124,"Total/Accumulated":27300},"MedicalTests":{"Total":134,"Confirmed":10,"Total/Accumulated":531,"Confirmed/Accumulated":36}},"geometry":{"type":"Point","coordinates":[0.16186906163753495,45.156971701931916]}},{"type":"Feature","properties":{"Country/Region":"France","Province/State":"Occitanie","Code":"76","Population":{"Total":5924858,"Under19":1320456,"Under39":1330125,"Under59":1526711,"Under74":1099893,"Over75":647673},"Beds":{"Resuscitation":474,"IntensiveCare":1206,"Total":1680},"Confirmed":472,"Deaths":17,"Recovered":59,"Severe":155,"Critical":62,"Emergencies":{"Suspected":116,"Total":1990,"Severe":37,"Suspected/Accumulated":990,"Total/Accumulated":61705,"Severe/Accumulated":380},"MedicalActs":{"Suspected":48,"Total":347,"Suspected/Accumulated":292,"Total/Accumulated":9213},"MedicalTests":{"Total":303,"Confirmed":46,"Total/Accumulated":674,"Confirmed/Accumulated":95}},"geometry":{"type":"Point","coordinates":[1.988214846153848,43.761180626373644]}},{"type":"Feature","properties":{"Country/Region":"France","Province/State":"Auvergne-Rhône-Alpes","Code":"84","Population":{"Total":8032377,"Under19":1940253,"Under39":1900702,"Under59":2079813,"Under74":1340003,"Over75":771606},"Beds":{"Resuscitation":559,"IntensiveCare":1136,"Total":1695},"Confirmed":1014,"Deaths":39,"Recovered":132,"Severe":385,"Critical":79,"Emergencies":{"Suspected":159,"Total":2711,"Severe":82,"Suspected/Accumulated":1043,"Total/Accumulated":79125,"Severe/Accumulated":446},"MedicalActs":{"Suspected":110,"Total":742,"Suspected/Accumulated":831,"Total/Accumulated":19676},"MedicalTests":{"Total":493,"Confirmed":84,"Total/Accumulated":1015,"Confirmed/Accumulated":168}},"geometry":{"type":"Point","coordinates":[4.515179591651545,45.475403602540794]}},{"type":"Feature","properties":{"Country/Region":"France","Province/State":"Guadeloupe","Code":"01","Population":{"Total":376879,"Under19":90617,"Under39":71707,"Under59":109452,"Under74":70936,"Over75":34167},"Beds":{"Resuscitation":27,"IntensiveCare":68,"Total":95},"Confirmed":45,"Severe":8,"Critical":3,"Emergencies":{"Suspected":1,"Total":118,"Severe":1,"Suspected/Accumulated":1,"Total/Accumulated":4153,"Severe/Accumulated":1},"MedicalTests":{"Total/Accumulated":2,"Confirmed/Accumulated":1}},"geometry":{"type":"Point","coordinates":[-61.493846272189366,16.20469674556213]}},{"type":"Feature","properties":{"Country/Region":"France","Province/State":"Martinique","Code":"02","Population":{"Total":358749,"Under19":77005,"Under39":65776,"Under59":105638,"Under74":72163,"Over75":38167},"Beds":{"Resuscitation":26,"IntensiveCare":58,"Total":84},"Confirmed":32,"Deaths":1,"Severe":17,"Critical":7,"MedicalActs":{"Total":113,"Total/Accumulated":2497}},"geometry":{"type":"Point","coordinates":[-60.98265692913386,14.6217557480315]}},{"type":"Feature","properties":{"Country/Region":"France","Province/State":"Provence-Alpes-Côte d'Azur","Code":"93","Population":{"Total":5055651,"Under19":1128765,"Under39":1109058,"Under59":1309879,"Under74":927347,"Over75":580602},"Beds":{"Resuscitation":460,"IntensiveCare":802,"Total":1262},"Confirmed":693,"Deaths":9,"Recovered":253,"Severe":213,"Critical":44,"Emergencies":{"Suspected":140,"Total":2181,"Severe":70,"Suspected/Accumulated":1154,"Total/Accumulated":61386,"Severe/Accumulated":577},"MedicalActs":{"Suspected":153,"Total":788,"Suspected/Accumulated":712,"Total/Accumulated":17407},"MedicalTests":{"Total":261,"Confirmed":35,"Total/Accumulated":646,"Confirmed/Accumulated":76}},"geometry":{"type":"Point","coordinates":[5.940587832647462,43.96417941015098]}},{"type":"Feature","properties":{"Country/Region":"France","Province/State":"Corse","Code":"94","Population":{"Total":344679,"Under19":68555,"Under39":76985,"Under59":93175,"Under74":65675,"Over75":40289},"Beds":{"Resuscitation":18,"IntensiveCare":42,"Total":60},"Confirmed":164,"Deaths":7,"Recovered":1,"Severe":1,"Emergencies":{"Suspected":39,"Total":138,"Severe":39,"Suspected/Accumulated":401,"Total/Accumulated":3388,"Severe/Accumulated":390},"MedicalActs":{"Suspected":9,"Total":38,"Suspected/Accumulated":86,"Total/Accumulated":1101}},"geometry":{"type":"Point","coordinates":[9.019688964401293,42.118564077669916]}},{"type":"Feature","properties":{"Country/Region":"France","Province/State":"Guyane","Code":"03","Population":{"Total":290691,"Under19":120681,"Under39":80023,"Under59":61783,"Under74":22111,"Over75":6093},"Beds":{"Resuscitation":13,"IntensiveCare":12,"Total":25},"Confirmed":15,"Recovered":5,"Emergencies":{"Total":171,"Suspected/Accumulated":3,"Total/Accumulated":4735},"MedicalTests":{"Total":4,"Total/Accumulated":4}},"geometry":{"type":"Point","coordinates":[-53.41731165390502,3.588901056661561]}},{"type":"Feature","properties":{"Country/Region":"France","Province/State":"La Réunion","Code":"04","Population":{"Total":859959,"Under19":256143,"Under39":202783,"Under59":239212,"Under74":117045,"Over75":44776},"Beds":{"Resuscitation":52,"IntensiveCare":154,"Total":206},"Confirmed":19,"Severe":2,"Critical":2,"Emergencies":{"Suspected":1,"Total":349,"Severe":1,"Suspected/Accumulated":58,"Total/Accumulated":8578,"Severe/Accumulated":54}},"geometry":{"type":"Point","coordinates":[55.52943947368424,-21.1374047368421]}},{"type":"Feature","properties":{"Country/Region":"France","Province/State":"Mayotte","Code":"06","Population":{"Total":279471,"Under19":150257,"Under39":74348,"Under59":42900,"Under74":9521,"Over75":2445},"Beds":{"Resuscitation":6,"IntensiveCare":0,"Total":6},"Confirmed":6,"Severe":3,"Emergencies":{"Suspected":2,"Total":103,"Suspected/Accumulated":6,"Total/Accumulated":2207}},"geometry":{"type":"Point","coordinates":[45.14160071428572,-12.835344166666673]}}]}