{"type":"FeatureCollection","features":[{"type":"Feature","properties":{"Country/Region":"France","Province/State":"Île-de-France","Code":"11","Population":{"Total":12278210,"Under19":3140965,"Under39":3409765,"Under59":3210447,"Under74":1658207,"Over75":858826},"Beds":{"Resuscitation":1147,"IntensiveCare":2512,"Total":3659},"Deaths":1176,"Recovered":2907,"Severe":8615,"Critical":1977,"Emergencies":{"Suspected":1589,"Total":4651,"Severe":592,"Suspected/Accumulated":23487,"Total/Accumulated":182075,"Severe/Accumulated":7506},"MedicalActs":{"Suspected":318,"Total":1187,"Suspected/Accumulated":6408,"Total/Accumulated":54516},"MedicalTests":{"Total":1814,"Confirmed":769,"Total/Accumulated":16609,"Confirmed/Accumulated":7176},"Confirmed":7660},"geometry":{"type":"Point","coordinates":[2.5292589766081885,48.704415292397634]}},{"type":"Feature","properties":{"Country/Region":"France","Province/State":"Centre-Val de Loire","Code":"24","Population":{"Total":2559073,"Under19":598570,"Under39":541141,"Under59":661150,"Under74":478923,"Over75":279289},"Beds":{"Resuscitation":180,"IntensiveCare":346,"Total":526},"Deaths":60,"Recovered":113,"Severe":503,"Critical":134,"Emergencies":{"Suspected":123,"Total":830,"Severe":43,"Suspected/Accumulated":1283,"Total/Accumulated":35172,"Severe/Accumulated":362},"MedicalActs":{"Suspected":8,"Total":160,"Suspected/Accumulated":317,"Total/Accumulated":10921},"MedicalTests":{"Total":374,"Confirmed":90,"Total/Accumulated":2281,"Confirmed/Accumulated":570},"Confirmed":1157},"geometry":{"type":"Point","coordinates":[1.6429664800000017,47.54357092799999]}},{"type":"Feature","properties":{"Country/Region":"France","Province/State":"Bourgogne-Franche-Comté","Code":"27","Population":{"Total":2783039,"Under19":627017,"Under39":591411,"Under59":715664,"Under74":540051,"Over75":308896},"Beds":{"Resuscitation":198,"IntensiveCare":642,"Total":840},"Deaths":214,"Recovered":675,"Severe":914,"Critical":212,"Emergencies":{"Suspected":298,"Total":1207,"Severe":119,"Suspected/Accumulated":4646,"Total/Accumulated":45043,"Severe/Accumulated":1874},"MedicalActs":{"Suspected":51,"Total":180,"Suspected/Accumulated":886,"Total/Accumulated":8991},"MedicalTests":{"Total":336,"Confirmed":51,"Total/Accumulated":1759,"Confirmed/Accumulated":366},"Confirmed":1569},"geometry":{"type":"Point","coordinates":[4.731409826897467,47.2969232490013]}},{"type":"Feature","properties":{"Country/Region":"France","Province/State":"Normandie","Code":"28","Population":{"Total":3303500,"Under19":781337,"Under39":727044,"Under59":842963,"Under74":615474,"Over75":336682},"Beds":{"Resuscitation":240,"IntensiveCare":548,"Total":788},"Deaths":62,"Recovered":151,"Severe":535,"Critical":161,"Emergencies":{"Suspected":113,"Total":1125,"Severe":46,"Suspected/Accumulated":1705,"Total/Accumulated":49050,"Severe/Accumulated":479},"MedicalActs":{"Suspected":50,"Total":253,"Suspected/Accumulated":1356,"Total/Accumulated":15682},"MedicalTests":{"Total":293,"Confirmed":43,"Total/Accumulated":2073,"Confirmed/Accumulated":367},"Confirmed":912},"geometry":{"type":"Point","coordinates":[-0.022673401869158984,49.066630336448576]}},{"type":"Feature","properties":{"Country/Region":"France","Province/State":"Hauts-de-France","Code":"32","Population":{"Total":5962662,"Under19":1525538,"Under39":1443348,"Under59":1522690,"Under74":994313,"Over75":476773},"Beds":{"Resuscitation":438,"IntensiveCare":1338,"Total":1776},"Deaths":280,"Recovered":628,"Severe":1464,"Critical":450,"Emergencies":{"Suspected":313,"Total":1717,"Severe":103,"Suspected/Accumulated":4408,"Total/Accumulated":74432,"Severe/Accumulated":1484},"MedicalActs":{"Suspected":108,"Total":517,"Suspected/Accumulated":2017,"Total/Accumulated":32465},"MedicalTests":{"Total":419,"Confirmed":144,"Total/Accumulated":2178,"Confirmed/Accumulated":771},"Confirmed":3011},"geometry":{"type":"Point","coordinates":[2.8852615671641804,49.86155781716422]}},{"type":"Feature","properties":{"Country/Region":"France","Province/State":"Grand Est","Code":"44","Population":{"Total":5511747,"Under19":1258123,"Under39":1291962,"Under59":1448828,"Under74":988178,"Over75":524656},"Beds":{"Resuscitation":465,"IntensiveCare":840,"Total":1305},"Deaths":1015,"Recovered":1704,"Severe":4246,"Critical":890,"Emergencies":{"Suspected":490,"Total":1876,"Severe":259,"Suspected/Accumulated":8490,"Total/Accumulated":79174,"Severe/Accumulated":4150},"MedicalActs":{"Suspected":174,"Total":568,"Suspected/Accumulated":2968,"Total/Accumulated":24178},"MedicalTests":{"Total":882,"Confirmed":253,"Total/Accumulated":4039,"Confirmed/Accumulated":1255},"Confirmed":5479},"geometry":{"type":"Point","coordinates":[5.509890203045682,48.670969771573546]}},{"type":"Feature","properties":{"Country/Region":"France","Province/State":"Pays de la Loire","Code":"52","Population":{"Total":3801797,"Under19":933509,"Under39":853729,"Under59":970508,"Under74":667531,"Over75":376520},"Beds":{"Resuscitation":181,"IntensiveCare":572,"Total":753},"Confirmed":916,"Deaths":82,"Recovered":256,"Severe":510,"Critical":132,"Emergencies":{"Suspected":157,"Total":987,"Severe":77,"Suspected/Accumulated":2828,"Total/Accumulated":39705,"Severe/Accumulated":1132},"MedicalActs":{"Suspected":56,"Total":322,"Suspected/Accumulated":1439,"Total/Accumulated":15426},"MedicalTests":{"Total":41,"Confirmed":5,"Total/Accumulated":353,"Confirmed/Accumulated":44}},"geometry":{"type":"Point","coordinates":[-0.8763313771517983,47.44186302034428]}},{"type":"Feature","properties":{"Country/Region":"France","Province/State":"Bretagne","Code":"53","Population":{"Total":3340379,"Under19":773631,"Under39":714512,"Under59":866988,"Under74":632104,"Over75":353144},"Beds":{"Resuscitation":162,"IntensiveCare":462,"Total":624},"Deaths":50,"Recovered":187,"Severe":299,"Critical":69,"Emergencies":{"Suspected":100,"Total":1058,"Severe":39,"Suspected/Accumulated":2285,"Total/Accumulated":44722,"Severe/Accumulated":511},"MedicalActs":{"Suspected":30,"Total":229,"Suspected/Accumulated":548,"Total/Accumulated":12412},"MedicalTests":{"Total":11,"Confirmed":2,"Total/Accumulated":70,"Confirmed/Accumulated":12},"Confirmed":962},"geometry":{"type":"Point","coordinates":[-3.104342941176476,48.146701189258316]}},{"type":"Feature","properties":{"Country/Region":"France","Province/State":"Nouvelle-Aquitaine","Code":"75","Population":{"Total":5999982,"Under19":1293321,"Under39":1274746,"Under59":1561754,"Under74":1177229,"Over75":692932},"Beds":{"Resuscitation":412,"IntensiveCare":946,"Total":1358},"Deaths":78,"Recovered":348,"Severe":672,"Critical":202,"Emergencies":{"Suspected":260,"Total":1990,"Severe":127,"Suspected/Accumulated":4220,"Total/Accumulated":82359,"Severe/Accumulated":1403},"MedicalActs":{"Suspected":158,"Total":860,"Suspected/Accumulated":3628,"Total/Accumulated":40340},"MedicalTests":{"Total":597,"Confirmed":53,"Total/Accumulated":3494,"Confirmed/Accumulated":354},"Confirmed":1007},"geometry":{"type":"Point","coordinates":[0.16186906163753495,45.156971701931916]}},{"type":"Feature","properties":{"Country/Region":"France","Province/State":"Occitanie","Code":"76","Population":{"Total":5924858,"Under19":1320456,"Under39":1330125,"Under59":1526711,"Under74":1099893,"Over75":647673},"Beds":{"Resuscitation":474,"IntensiveCare":1206,"Total":1680},"Confirmed":2374,"Deaths":91,"Recovered":450,"Severe":887,"Critical":278,"Emergencies":{"Suspected":225,"Total":1996,"Severe":113,"Suspected/Accumulated":3091,"Total/Accumulated":85290,"Severe/Accumulated":1323},"MedicalActs":{"Suspected":65,"Total":278,"Suspected/Accumulated":1293,"Total/Accumulated":13964},"MedicalTests":{"Total":1116,"Confirmed":101,"Total/Accumulated":7153,"Confirmed/Accumulated":1001}},"geometry":{"type":"Point","coordinates":[1.988214846153848,43.761180626373644]}},{"type":"Feature","properties":{"Country/Region":"France","Province/State":"Auvergne-Rhône-Alpes","Code":"84","Population":{"Total":8032377,"Under19":1940253,"Under39":1900702,"Under59":2079813,"Under74":1340003,"Over75":771606},"Beds":{"Resuscitation":559,"IntensiveCare":1136,"Total":1695},"Deaths":295,"Recovered":982,"Severe":2487,"Critical":624,"Emergencies":{"Suspected":560,"Total":2560,"Severe":231,"Suspected/Accumulated":6676,"Total/Accumulated":110545,"Severe/Accumulated":3034},"MedicalActs":{"Suspected":187,"Total":722,"Suspected/Accumulated":3079,"Total/Accumulated":30036},"MedicalTests":{"Total":504,"Confirmed":84,"Total/Accumulated":4753,"Confirmed/Accumulated":821},"Confirmed":2093},"geometry":{"type":"Point","coordinates":[4.515179591651545,45.475403602540794]}},{"type":"Feature","properties":{"Country/Region":"France","Province/State":"Guadeloupe","Code":"01","Population":{"Total":376879,"Under19":90617,"Under39":71707,"Under59":109452,"Under74":70936,"Over75":34167},"Beds":{"Resuscitation":27,"IntensiveCare":68,"Total":95},"Deaths":5,"Recovered":20,"Severe":37,"Critical":12,"Emergencies":{"Suspected":6,"Total":138,"Severe":2,"Suspected/Accumulated":45,"Total/Accumulated":5819,"Severe/Accumulated":17},"MedicalTests":{"Total":1,"Confirmed":1,"Total/Accumulated":14,"Confirmed/Accumulated":6},"Confirmed":106},"geometry":{"type":"Point","coordinates":[-61.493846272189366,16.20469674556213]}},{"type":"Feature","properties":{"Country/Region":"France","Province/State":"Martinique","Code":"02","Population":{"Total":358749,"Under19":77005,"Under39":65776,"Under59":105638,"Under74":72163,"Over75":38167},"Beds":{"Resuscitation":26,"IntensiveCare":58,"Total":84},"Deaths":3,"Recovered":20,"Severe":64,"Critical":18,"MedicalActs":{"Suspected":2,"Total":118,"Suspected/Accumulated":20,"Total/Accumulated":3739},"MedicalTests":{"Total":1,"Confirmed":1,"Total/Accumulated":6,"Confirmed/Accumulated":3},"Confirmed":111},"geometry":{"type":"Point","coordinates":[-60.98265692913386,14.6217557480315]}},{"type":"Feature","properties":{"Country/Region":"France","Province/State":"Provence-Alpes-Côte d'Azur","Code":"93","Population":{"Total":5055651,"Under19":1128765,"Under39":1109058,"Under59":1309879,"Under74":927347,"Over75":580602},"Beds":{"Resuscitation":460,"IntensiveCare":802,"Total":1262},"Deaths":103,"Recovered":897,"Severe":1296,"Critical":311,"Emergencies":{"Suspected":280,"Total":2155,"Severe":138,"Suspected/Accumulated":4471,"Total/Accumulated":87568,"Severe/Accumulated":2243},"MedicalActs":{"Suspected":110,"Total":647,"Suspected/Accumulated":2664,"Total/Accumulated":26921},"MedicalTests":{"Total":1661,"Confirmed":195,"Total/Accumulated":10985,"Confirmed/Accumulated":1689},"Confirmed":1927},"geometry":{"type":"Point","coordinates":[5.940587832647462,43.96417941015098]}},{"type":"Feature","properties":{"Country/Region":"France","Province/State":"Corse","Code":"94","Population":{"Total":344679,"Under19":68555,"Under39":76985,"Under59":93175,"Under74":65675,"Over75":40289},"Beds":{"Resuscitation":18,"IntensiveCare":42,"Total":60},"Deaths":21,"Recovered":100,"Severe":99,"Critical":22,"Emergencies":{"Suspected":42,"Total":132,"Severe":40,"Suspected/Accumulated":1061,"Total/Accumulated":5088,"Severe/Accumulated":1039},"MedicalActs":{"Suspected":14,"Total":23,"Suspected/Accumulated":287,"Total/Accumulated":1611},"Confirmed":263},"geometry":{"type":"Point","coordinates":[9.019688964401293,42.118564077669916]}},{"type":"Feature","properties":{"Country/Region":"France","Province/State":"Guyane","Code":"03","Population":{"Total":290691,"Under19":120681,"Under39":80023,"Under59":61783,"Under74":22111,"Over75":6093},"Beds":{"Resuscitation":13,"IntensiveCare":12,"Total":25},"Emergencies":{"Total":140,"Suspected/Accumulated":12,"Total/Accumulated":6571,"Severe/Accumulated":1},"MedicalTests":{"Total":1,"Total/Accumulated":13,"Confirmed/Accumulated":2},"Confirmed":43,"Recovered":15},"geometry":{"type":"Point","coordinates":[-53.41731165390502,3.588901056661561]}},{"type":"Feature","properties":{"Country/Region":"France","Province/State":"La Réunion","Code":"04","Population":{"Total":859959,"Under19":256143,"Under39":202783,"Under59":239212,"Under74":117045,"Over75":44776},"Beds":{"Resuscitation":52,"IntensiveCare":154,"Total":206},"Recovered":10,"Severe":57,"Critical":6,"Emergencies":{"Suspected":12,"Total":253,"Severe":9,"Suspected/Accumulated":120,"Total/Accumulated":11756,"Severe/Accumulated":89},"Confirmed":94,"MedicalTests":{"Total/Accumulated":1}},"geometry":{"type":"Point","coordinates":[55.52943947368424,-21.1374047368421]}},{"type":"Feature","properties":{"Country/Region":"France","Province/State":"Mayotte","Code":"06","Population":{"Total":279471,"Under19":150257,"Under39":74348,"Under59":42900,"Under74":9521,"Over75":2445},"Beds":{"Resuscitation":6,"IntensiveCare":0,"Total":6},"Confirmed":94,"Deaths":1,"Recovered":10,"Severe":10,"Critical":2,"Emergencies":{"Suspected":17,"Total":86,"Suspected/Accumulated":106,"Total/Accumulated":3096,"Severe/Accumulated":14},"MedicalTests":{"Total/Accumulated":2,"Confirmed/Accumulated":1}},"geometry":{"type":"Point","coordinates":[45.14160071428572,-12.835344166666673]}}]}