{"type":"FeatureCollection","features":[{"type":"Feature","properties":{"Country/Region":"France","Province/State":"Île-de-France","Code":"11","Population":{"Total":12278210,"Under19":3140965,"Under39":3409765,"Under59":3210447,"Under74":1658207,"Over75":858826},"Beds":{"Resuscitation":1147,"IntensiveCare":2512,"Total":3659},"Deaths":5578,"Recovered":15899,"Severe":11570,"Critical":1891,"Emergencies":{"Suspected":200,"Total":3601,"Severe":62,"Suspected/Accumulated":43151,"Total/Accumulated":288537,"Severe/Accumulated":14150},"MedicalActs":{"Suspected":64,"Total":1081,"Suspected/Accumulated":10311,"Total/Accumulated":81762},"MedicalTests":{"Total":53,"Confirmed":4,"Total/Accumulated":57035,"Confirmed/Accumulated":17015},"Confirmed":7660},"geometry":{"type":"Point","coordinates":[2.5292589766081885,48.704415292397634]}},{"type":"Feature","properties":{"Country/Region":"France","Province/State":"Centre-Val de Loire","Code":"24","Population":{"Total":2559073,"Under19":598570,"Under39":541141,"Under59":661150,"Under74":478923,"Over75":279289},"Beds":{"Resuscitation":180,"IntensiveCare":346,"Total":526},"Deaths":355,"Recovered":1069,"Severe":973,"Critical":138,"Emergencies":{"Suspected":40,"Total":906,"Severe":20,"Suspected/Accumulated":3642,"Total/Accumulated":60012,"Severe/Accumulated":917},"MedicalActs":{"Suspected":4,"Total":190,"Suspected/Accumulated":747,"Total/Accumulated":15978},"MedicalTests":{"Total":18,"Total/Accumulated":9773,"Confirmed/Accumulated":1667},"Confirmed":1157},"geometry":{"type":"Point","coordinates":[1.6429664800000017,47.54357092799999]}},{"type":"Feature","properties":{"Country/Region":"France","Province/State":"Bourgogne-Franche-Comté","Code":"27","Population":{"Total":2783039,"Under19":627017,"Under39":591411,"Under59":715664,"Under74":540051,"Over75":308896},"Beds":{"Resuscitation":198,"IntensiveCare":642,"Total":840},"Deaths":797,"Recovered":2237,"Severe":1218,"Critical":195,"Emergencies":{"Suspected":57,"Total":1163,"Severe":29,"Suspected/Accumulated":8956,"Total/Accumulated":75364,"Severe/Accumulated":3679},"MedicalActs":{"Suspected":7,"Total":182,"Suspected/Accumulated":1460,"Total/Accumulated":13568},"MedicalTests":{"Total":1,"Total/Accumulated":8968,"Confirmed/Accumulated":1203},"Confirmed":1569},"geometry":{"type":"Point","coordinates":[4.731409826897467,47.2969232490013]}},{"type":"Feature","properties":{"Country/Region":"France","Province/State":"Normandie","Code":"28","Population":{"Total":3303500,"Under19":781337,"Under39":727044,"Under59":842963,"Under74":615474,"Over75":336682},"Beds":{"Resuscitation":240,"IntensiveCare":548,"Total":788},"Deaths":319,"Recovered":984,"Severe":608,"Critical":116,"Emergencies":{"Suspected":25,"Total":1121,"Severe":12,"Suspected/Accumulated":3414,"Total/Accumulated":82179,"Severe/Accumulated":1252},"MedicalActs":{"Suspected":23,"Total":335,"Suspected/Accumulated":2161,"Total/Accumulated":23149},"MedicalTests":{"Total":5,"Total/Accumulated":9283,"Confirmed/Accumulated":1226},"Confirmed":912},"geometry":{"type":"Point","coordinates":[-0.022673401869158984,49.066630336448576]}},{"type":"Feature","properties":{"Country/Region":"France","Province/State":"Hauts-de-France","Code":"32","Population":{"Total":5962662,"Under19":1525538,"Under39":1443348,"Under59":1522690,"Under74":994313,"Over75":476773},"Beds":{"Resuscitation":438,"IntensiveCare":1338,"Total":1776},"Deaths":1291,"Recovered":3685,"Severe":2395,"Critical":390,"Emergencies":{"Suspected":63,"Total":1950,"Severe":28,"Suspected/Accumulated":9565,"Total/Accumulated":127241,"Severe/Accumulated":3393},"MedicalActs":{"Suspected":25,"Total":430,"Suspected/Accumulated":3290,"Total/Accumulated":45136},"MedicalTests":{"Total":25,"Confirmed":2,"Total/Accumulated":12851,"Confirmed/Accumulated":2723},"Confirmed":3011},"geometry":{"type":"Point","coordinates":[2.8852615671641804,49.86155781716422]}},{"type":"Feature","properties":{"Country/Region":"France","Province/State":"Grand Est","Code":"44","Population":{"Total":5511747,"Under19":1258123,"Under39":1291962,"Under59":1448828,"Under74":988178,"Over75":524656},"Beds":{"Resuscitation":465,"IntensiveCare":840,"Total":1305},"Deaths":2737,"Recovered":7274,"Severe":4246,"Critical":643,"Emergencies":{"Suspected":69,"Total":1731,"Severe":48,"Suspected/Accumulated":14169,"Total/Accumulated":128268,"Severe/Accumulated":7070},"MedicalActs":{"Suspected":37,"Total":596,"Suspected/Accumulated":5044,"Total/Accumulated":38827},"MedicalTests":{"Total":5,"Total/Accumulated":17152,"Confirmed/Accumulated":3460},"Confirmed":5479},"geometry":{"type":"Point","coordinates":[5.509890203045682,48.670969771573546]}},{"type":"Feature","properties":{"Country/Region":"France","Province/State":"Pays de la Loire","Code":"52","Population":{"Total":3801797,"Under19":933509,"Under39":853729,"Under59":970508,"Under74":667531,"Over75":376520},"Beds":{"Resuscitation":181,"IntensiveCare":572,"Total":753},"Deaths":314,"Recovered":1121,"Severe":711,"Critical":98,"Emergencies":{"Suspected":39,"Total":1040,"Severe":30,"Suspected/Accumulated":5776,"Total/Accumulated":68515,"Severe/Accumulated":2676},"MedicalActs":{"Suspected":18,"Total":436,"Suspected/Accumulated":2318,"Total/Accumulated":25061},"Confirmed":1630,"MedicalTests":{"Total/Accumulated":896,"Confirmed/Accumulated":69}},"geometry":{"type":"Point","coordinates":[-0.8763313771517983,47.44186302034428]}},{"type":"Feature","properties":{"Country/Region":"France","Province/State":"Bretagne","Code":"53","Population":{"Total":3340379,"Under19":773631,"Under39":714512,"Under59":866988,"Under74":632104,"Over75":353144},"Beds":{"Resuscitation":162,"IntensiveCare":462,"Total":624},"Deaths":203,"Recovered":772,"Severe":408,"Critical":58,"Emergencies":{"Suspected":27,"Total":1093,"Severe":19,"Suspected/Accumulated":3852,"Total/Accumulated":75699,"Severe/Accumulated":1419},"MedicalActs":{"Suspected":7,"Total":270,"Suspected/Accumulated":897,"Total/Accumulated":19156},"Confirmed":962,"MedicalTests":{"Total/Accumulated":370,"Confirmed/Accumulated":22}},"geometry":{"type":"Point","coordinates":[-3.104342941176476,48.146701189258316]}},{"type":"Feature","properties":{"Country/Region":"France","Province/State":"Nouvelle-Aquitaine","Code":"75","Population":{"Total":5999982,"Under19":1293321,"Under39":1274746,"Under59":1561754,"Under74":1177229,"Over75":692932},"Beds":{"Resuscitation":412,"IntensiveCare":946,"Total":1358},"Deaths":294,"Recovered":1284,"Severe":710,"Critical":134,"Emergencies":{"Suspected":66,"Total":2153,"Severe":47,"Suspected/Accumulated":8214,"Total/Accumulated":141352,"Severe/Accumulated":3463},"MedicalActs":{"Suspected":47,"Total":961,"Suspected/Accumulated":5617,"Total/Accumulated":62279},"MedicalTests":{"Total":8,"Total/Accumulated":16005,"Confirmed/Accumulated":848},"Confirmed":1007},"geometry":{"type":"Point","coordinates":[0.16186906163753495,45.156971701931916]}},{"type":"Feature","properties":{"Country/Region":"France","Province/State":"Occitanie","Code":"76","Population":{"Total":5924858,"Under19":1320456,"Under39":1330125,"Under59":1526711,"Under74":1099893,"Over75":647673},"Beds":{"Resuscitation":474,"IntensiveCare":1206,"Total":1680},"Deaths":362,"Recovered":2015,"Severe":728,"Critical":168,"Emergencies":{"Suspected":45,"Total":2203,"Severe":26,"Suspected/Accumulated":6533,"Total/Accumulated":142680,"Severe/Accumulated":2878},"MedicalActs":{"Suspected":18,"Total":409,"Suspected/Accumulated":2127,"Total/Accumulated":22061},"MedicalTests":{"Total":174,"Confirmed":5,"Total/Accumulated":36231,"Confirmed/Accumulated":2230},"Confirmed":2374},"geometry":{"type":"Point","coordinates":[1.988214846153848,43.761180626373644]}},{"type":"Feature","properties":{"Country/Region":"France","Province/State":"Auvergne-Rhône-Alpes","Code":"84","Population":{"Total":8032377,"Under19":1940253,"Under39":1900702,"Under59":2079813,"Under74":1340003,"Over75":771606},"Beds":{"Resuscitation":559,"IntensiveCare":1136,"Total":1695},"Deaths":1226,"Recovered":4671,"Severe":2694,"Critical":439,"Emergencies":{"Suspected":82,"Total":2627,"Severe":44,"Suspected/Accumulated":13259,"Total/Accumulated":182544,"Severe/Accumulated":5756},"MedicalActs":{"Suspected":49,"Total":766,"Suspected/Accumulated":5176,"Total/Accumulated":48364},"MedicalTests":{"Total":8,"Confirmed":2,"Total/Accumulated":15905,"Confirmed/Accumulated":1982},"Confirmed":2093},"geometry":{"type":"Point","coordinates":[4.515179591651545,45.475403602540794]}},{"type":"Feature","properties":{"Country/Region":"France","Province/State":"Guadeloupe","Code":"01","Population":{"Total":376879,"Under19":90617,"Under39":71707,"Under59":109452,"Under74":70936,"Over75":34167},"Beds":{"Resuscitation":27,"IntensiveCare":68,"Total":95},"Deaths":13,"Recovered":70,"Severe":23,"Critical":11,"Emergencies":{"Suspected":3,"Total":129,"Suspected/Accumulated":220,"Total/Accumulated":9542,"Severe/Accumulated":88},"MedicalTests":{"Total":1,"Total/Accumulated":38,"Confirmed/Accumulated":14},"Confirmed":106},"geometry":{"type":"Point","coordinates":[-61.493846272189366,16.20469674556213]}},{"type":"Feature","properties":{"Country/Region":"France","Province/State":"Martinique","Code":"02","Population":{"Total":358749,"Under19":77005,"Under39":65776,"Under59":105638,"Under74":72163,"Over75":38167},"Beds":{"Resuscitation":26,"IntensiveCare":58,"Total":84},"Deaths":14,"Recovered":63,"Severe":32,"Critical":8,"MedicalActs":{"Total":57,"Suspected/Accumulated":114,"Total/Accumulated":6155},"Confirmed":111,"MedicalTests":{"Total/Accumulated":22,"Confirmed/Accumulated":5}},"geometry":{"type":"Point","coordinates":[-60.98265692913386,14.6217557480315]}},{"type":"Feature","properties":{"Country/Region":"France","Province/State":"Provence-Alpes-Côte d'Azur","Code":"93","Population":{"Total":5055651,"Under19":1128765,"Under39":1109058,"Under59":1309879,"Under74":927347,"Over75":580602},"Beds":{"Resuscitation":460,"IntensiveCare":802,"Total":1262},"Deaths":631,"Recovered":3376,"Severe":1693,"Critical":293,"Emergencies":{"Suspected":59,"Total":2199,"Severe":43,"Suspected/Accumulated":8782,"Total/Accumulated":144556,"Severe/Accumulated":4513},"MedicalActs":{"Suspected":40,"Total":700,"Suspected/Accumulated":4609,"Total/Accumulated":44210},"MedicalTests":{"Total":8,"Total/Accumulated":50235,"Confirmed/Accumulated":3796},"Confirmed":1927},"geometry":{"type":"Point","coordinates":[5.940587832647462,43.96417941015098]}},{"type":"Feature","properties":{"Country/Region":"France","Province/State":"Corse","Code":"94","Population":{"Total":344679,"Under19":68555,"Under39":76985,"Under59":93175,"Under74":65675,"Over75":40289},"Beds":{"Resuscitation":18,"IntensiveCare":42,"Total":60},"Deaths":50,"Recovered":172,"Severe":64,"Critical":9,"Emergencies":{"Suspected":3,"Total":128,"Severe":3,"Suspected/Accumulated":1680,"Total/Accumulated":8552,"Severe/Accumulated":1624},"MedicalActs":{"Suspected":4,"Total":27,"Suspected/Accumulated":418,"Total/Accumulated":2432},"Confirmed":263},"geometry":{"type":"Point","coordinates":[9.019688964401293,42.118564077669916]}},{"type":"Feature","properties":{"Country/Region":"France","Province/State":"Guyane","Code":"03","Population":{"Total":290691,"Under19":120681,"Under39":80023,"Under59":61783,"Under74":22111,"Over75":6093},"Beds":{"Resuscitation":13,"IntensiveCare":12,"Total":25},"Deaths":1,"Recovered":35,"Severe":1,"Emergencies":{"Total":87,"Suspected/Accumulated":66,"Total/Accumulated":10313,"Severe/Accumulated":20},"Confirmed":43,"MedicalTests":{"Total/Accumulated":30,"Confirmed/Accumulated":4}},"geometry":{"type":"Point","coordinates":[-53.41731165390502,3.588901056661561]}},{"type":"Feature","properties":{"Country/Region":"France","Province/State":"La Réunion","Code":"04","Population":{"Total":859959,"Under19":256143,"Under39":202783,"Under59":239212,"Under74":117045,"Over75":44776},"Beds":{"Resuscitation":52,"IntensiveCare":154,"Total":206},"Recovered":103,"Severe":6,"Critical":2,"Emergencies":{"Suspected":2,"Total":319,"Severe":2,"Suspected/Accumulated":243,"Total/Accumulated":19569,"Severe/Accumulated":167},"Confirmed":94,"MedicalTests":{"Total/Accumulated":11,"Confirmed/Accumulated":1}},"geometry":{"type":"Point","coordinates":[55.52943947368424,-21.1374047368421]}},{"type":"Feature","properties":{"Country/Region":"France","Province/State":"Mayotte","Code":"06","Population":{"Total":279471,"Under19":150257,"Under39":74348,"Under59":42900,"Under74":9521,"Over75":2445},"Beds":{"Resuscitation":6,"IntensiveCare":0,"Total":6},"Deaths":6,"Recovered":66,"Severe":34,"Critical":5,"Emergencies":{"Suspected":8,"Total":88,"Severe":4,"Suspected/Accumulated":377,"Total/Accumulated":5486,"Severe/Accumulated":89},"Confirmed":128,"MedicalTests":{"Total/Accumulated":2,"Confirmed/Accumulated":1}},"geometry":{"type":"Point","coordinates":[45.14160071428572,-12.835344166666673]}}]}