{"type":"FeatureCollection","features":[{"type":"Feature","properties":{"Country/Region":"France","Province/State":"Île-de-France","Code":"11","Population":{"Total":12278210,"Under19":3140965,"Under39":3409765,"Under59":3210447,"Under74":1658207,"Over75":858826},"Beds":{"Resuscitation":1147,"IntensiveCare":2512,"Total":3659},"Deaths":460,"Recovered":1310,"Severe":5132,"Critical":1269,"Emergencies":{"Suspected":1649,"Total":4904,"Severe":584,"Suspected/Accumulated":14584,"Total/Accumulated":157513,"Severe/Accumulated":4460},"MedicalActs":{"Suspected":337,"Total":1078,"Suspected/Accumulated":4275,"Total/Accumulated":47357},"MedicalTests":{"Total":1623,"Confirmed":728,"Total/Accumulated":9773,"Confirmed/Accumulated":4291},"Confirmed":7660},"geometry":{"type":"Point","coordinates":[2.5292589766081885,48.704415292397634]}},{"type":"Feature","properties":{"Country/Region":"France","Province/State":"Centre-Val de Loire","Code":"24","Population":{"Total":2559073,"Under19":598570,"Under39":541141,"Under59":661150,"Under74":478923,"Over75":279289},"Beds":{"Resuscitation":180,"IntensiveCare":346,"Total":526},"Confirmed":645,"Deaths":20,"Recovered":50,"Severe":198,"Critical":69,"Emergencies":{"Suspected":80,"Total":858,"Severe":17,"Suspected/Accumulated":616,"Total/Accumulated":30899,"Severe/Accumulated":158},"MedicalActs":{"Suspected":32,"Total":210,"Suspected/Accumulated":217,"Total/Accumulated":9792},"MedicalTests":{"Total":268,"Confirmed":68,"Total/Accumulated":1076,"Confirmed/Accumulated":264}},"geometry":{"type":"Point","coordinates":[1.6429664800000017,47.54357092799999]}},{"type":"Feature","properties":{"Country/Region":"France","Province/State":"Bourgogne-Franche-Comté","Code":"27","Population":{"Total":2783039,"Under19":627017,"Under39":591411,"Under59":715664,"Under74":540051,"Over75":308896},"Beds":{"Resuscitation":198,"IntensiveCare":642,"Total":840},"Deaths":123,"Recovered":402,"Severe":679,"Critical":166,"Emergencies":{"Suspected":313,"Total":1162,"Severe":119,"Suspected/Accumulated":3117,"Total/Accumulated":39274,"Severe/Accumulated":1227},"MedicalActs":{"Suspected":26,"Total":157,"Suspected/Accumulated":587,"Total/Accumulated":7850},"MedicalTests":{"Total":184,"Confirmed":42,"Total/Accumulated":898,"Confirmed/Accumulated":221},"Confirmed":1569},"geometry":{"type":"Point","coordinates":[4.731409826897467,47.2969232490013]}},{"type":"Feature","properties":{"Country/Region":"France","Province/State":"Normandie","Code":"28","Population":{"Total":3303500,"Under19":781337,"Under39":727044,"Under59":842963,"Under74":615474,"Over75":336682},"Beds":{"Resuscitation":240,"IntensiveCare":548,"Total":788},"Confirmed":789,"Deaths":20,"Recovered":62,"Severe":273,"Critical":75,"Emergencies":{"Suspected":111,"Total":1105,"Severe":52,"Suspected/Accumulated":1094,"Total/Accumulated":43385,"Severe/Accumulated":277},"MedicalActs":{"Suspected":66,"Total":283,"Suspected/Accumulated":845,"Total/Accumulated":13860},"MedicalTests":{"Total":242,"Confirmed":52,"Total/Accumulated":1140,"Confirmed/Accumulated":226}},"geometry":{"type":"Point","coordinates":[-0.022673401869158984,49.066630336448576]}},{"type":"Feature","properties":{"Country/Region":"France","Province/State":"Hauts-de-France","Code":"32","Population":{"Total":5962662,"Under19":1525538,"Under39":1443348,"Under59":1522690,"Under74":994313,"Over75":476773},"Beds":{"Resuscitation":438,"IntensiveCare":1338,"Total":1776},"Confirmed":1910,"Deaths":150,"Recovered":360,"Severe":919,"Critical":271,"Emergencies":{"Suspected":285,"Total":1819,"Severe":124,"Suspected/Accumulated":2566,"Total/Accumulated":65396,"Severe/Accumulated":895},"MedicalActs":{"Suspected":121,"Total":522,"Suspected/Accumulated":1273,"Total/Accumulated":29076},"MedicalTests":{"Total":284,"Confirmed":99,"Total/Accumulated":1038,"Confirmed/Accumulated":379}},"geometry":{"type":"Point","coordinates":[2.8852615671641804,49.86155781716422]}},{"type":"Feature","properties":{"Country/Region":"France","Province/State":"Grand Est","Code":"44","Population":{"Total":5511747,"Under19":1258123,"Under39":1291962,"Under59":1448828,"Under74":988178,"Over75":524656},"Beds":{"Resuscitation":465,"IntensiveCare":840,"Total":1305},"Deaths":584,"Recovered":961,"Severe":3292,"Critical":701,"Emergencies":{"Suspected":584,"Total":2003,"Severe":301,"Suspected/Accumulated":5659,"Total/Accumulated":68932,"Severe/Accumulated":2737},"MedicalActs":{"Suspected":201,"Total":636,"Suspected/Accumulated":1828,"Total/Accumulated":20462},"MedicalTests":{"Total":378,"Confirmed":134,"Total/Accumulated":1700,"Confirmed/Accumulated":563},"Confirmed":5479},"geometry":{"type":"Point","coordinates":[5.509890203045682,48.670969771573546]}},{"type":"Feature","properties":{"Country/Region":"France","Province/State":"Pays de la Loire","Code":"52","Population":{"Total":3801797,"Under19":933509,"Under39":853729,"Under59":970508,"Under74":667531,"Over75":376520},"Beds":{"Resuscitation":181,"IntensiveCare":572,"Total":753},"Confirmed":459,"Deaths":31,"Recovered":127,"Severe":282,"Critical":60,"Emergencies":{"Suspected":171,"Total":992,"Severe":91,"Suspected/Accumulated":1819,"Total/Accumulated":34644,"Severe/Accumulated":660},"MedicalActs":{"Suspected":71,"Total":349,"Suspected/Accumulated":968,"Total/Accumulated":13354},"MedicalTests":{"Total":45,"Confirmed":9,"Total/Accumulated":229,"Confirmed/Accumulated":29}},"geometry":{"type":"Point","coordinates":[-0.8763313771517983,47.44186302034428]}},{"type":"Feature","properties":{"Country/Region":"France","Province/State":"Bretagne","Code":"53","Population":{"Total":3340379,"Under19":773631,"Under39":714512,"Under59":866988,"Under74":632104,"Over75":353144},"Beds":{"Resuscitation":162,"IntensiveCare":462,"Total":624},"Confirmed":707,"Deaths":29,"Recovered":114,"Severe":202,"Critical":45,"Emergencies":{"Suspected":103,"Total":1043,"Severe":40,"Suspected/Accumulated":1770,"Total/Accumulated":39386,"Severe/Accumulated":315},"MedicalActs":{"Suspected":17,"Total":238,"Suspected/Accumulated":314,"Total/Accumulated":10810},"MedicalTests":{"Total":8,"Confirmed":3,"Total/Accumulated":45,"Confirmed/Accumulated":9}},"geometry":{"type":"Point","coordinates":[-3.104342941176476,48.146701189258316]}},{"type":"Feature","properties":{"Country/Region":"France","Province/State":"Nouvelle-Aquitaine","Code":"75","Population":{"Total":5999982,"Under19":1293321,"Under39":1274746,"Under59":1561754,"Under74":1177229,"Over75":692932},"Beds":{"Resuscitation":412,"IntensiveCare":946,"Total":1358},"Confirmed":1007,"Deaths":34,"Recovered":163,"Severe":399,"Critical":96,"Emergencies":{"Suspected":273,"Total":1925,"Severe":112,"Suspected/Accumulated":2750,"Total/Accumulated":71733,"Severe/Accumulated":812},"MedicalActs":{"Suspected":149,"Total":782,"Suspected/Accumulated":2479,"Total/Accumulated":35034},"MedicalTests":{"Total":280,"Confirmed":27,"Total/Accumulated":1671,"Confirmed/Accumulated":167}},"geometry":{"type":"Point","coordinates":[0.16186906163753495,45.156971701931916]}},{"type":"Feature","properties":{"Country/Region":"France","Province/State":"Occitanie","Code":"76","Population":{"Total":5924858,"Under19":1320456,"Under39":1330125,"Under59":1526711,"Under74":1099893,"Over75":647673},"Beds":{"Resuscitation":474,"IntensiveCare":1206,"Total":1680},"Confirmed":1285,"Deaths":54,"Recovered":233,"Severe":551,"Critical":177,"Emergencies":{"Suspected":146,"Total":1787,"Severe":69,"Suspected/Accumulated":1841,"Total/Accumulated":75147,"Severe/Accumulated":743},"MedicalActs":{"Suspected":66,"Total":315,"Suspected/Accumulated":810,"Total/Accumulated":11978},"MedicalTests":{"Total":127,"Confirmed":14,"Total/Accumulated":710,"Confirmed/Accumulated":98}},"geometry":{"type":"Point","coordinates":[1.988214846153848,43.761180626373644]}},{"type":"Feature","properties":{"Country/Region":"France","Province/State":"Auvergne-Rhône-Alpes","Code":"84","Population":{"Total":8032377,"Under19":1940253,"Under39":1900702,"Under59":2079813,"Under74":1340003,"Over75":771606},"Beds":{"Resuscitation":559,"IntensiveCare":1136,"Total":1695},"Deaths":134,"Recovered":496,"Severe":1437,"Critical":290,"Emergencies":{"Suspected":502,"Total":2493,"Severe":272,"Suspected/Accumulated":3651,"Total/Accumulated":97157,"Severe/Accumulated":1750},"MedicalActs":{"Suspected":150,"Total":716,"Suspected/Accumulated":2051,"Total/Accumulated":25716},"MedicalTests":{"Total":234,"Confirmed":52,"Total/Accumulated":2961,"Confirmed/Accumulated":599},"Confirmed":2093},"geometry":{"type":"Point","coordinates":[4.515179591651545,45.475403602540794]}},{"type":"Feature","properties":{"Country/Region":"France","Province/State":"Guadeloupe","Code":"01","Population":{"Total":376879,"Under19":90617,"Under39":71707,"Under59":109452,"Under74":70936,"Over75":34167},"Beds":{"Resuscitation":27,"IntensiveCare":68,"Total":95},"Recovered":4,"Severe":21,"Critical":7,"Emergencies":{"Suspected":7,"Total":162,"Severe":3,"Suspected/Accumulated":16,"Total/Accumulated":5123,"Severe/Accumulated":8},"MedicalTests":{"Total":2,"Total/Accumulated":6,"Confirmed/Accumulated":3},"Confirmed":76,"Deaths":1},"geometry":{"type":"Point","coordinates":[-61.493846272189366,16.20469674556213]}},{"type":"Feature","properties":{"Country/Region":"France","Province/State":"Martinique","Code":"02","Population":{"Total":358749,"Under19":77005,"Under39":65776,"Under59":105638,"Under74":72163,"Over75":38167},"Beds":{"Resuscitation":26,"IntensiveCare":58,"Total":84},"Confirmed":80,"Deaths":1,"Recovered":13,"Severe":29,"Critical":11,"MedicalActs":{"Suspected":1,"Total":115,"Suspected/Accumulated":1,"Total/Accumulated":3215},"MedicalTests":{"Total/Accumulated":3,"Confirmed/Accumulated":1}},"geometry":{"type":"Point","coordinates":[-60.98265692913386,14.6217557480315]}},{"type":"Feature","properties":{"Country/Region":"France","Province/State":"Provence-Alpes-Côte d'Azur","Code":"93","Population":{"Total":5055651,"Under19":1128765,"Under39":1109058,"Under59":1309879,"Under74":927347,"Over75":580602},"Beds":{"Resuscitation":460,"IntensiveCare":802,"Total":1262},"Deaths":44,"Recovered":599,"Severe":695,"Critical":164,"Emergencies":{"Suspected":291,"Total":1998,"Severe":152,"Suspected/Accumulated":2878,"Total/Accumulated":76287,"Severe/Accumulated":1395},"MedicalActs":{"Suspected":142,"Total":688,"Suspected/Accumulated":1783,"Total/Accumulated":22945},"MedicalTests":{"Total":1131,"Confirmed":198,"Total/Accumulated":4448,"Confirmed/Accumulated":785},"Confirmed":1927},"geometry":{"type":"Point","coordinates":[5.940587832647462,43.96417941015098]}},{"type":"Feature","properties":{"Country/Region":"France","Province/State":"Corse","Code":"94","Population":{"Total":344679,"Under19":68555,"Under39":76985,"Under59":93175,"Under74":65675,"Over75":40289},"Beds":{"Resuscitation":18,"IntensiveCare":42,"Total":60},"Confirmed":250,"Deaths":21,"Recovered":63,"Severe":95,"Critical":13,"Emergencies":{"Suspected":67,"Total":153,"Severe":67,"Suspected/Accumulated":809,"Total/Accumulated":4418,"Severe/Accumulated":793},"MedicalActs":{"Suspected":15,"Total":36,"Suspected/Accumulated":197,"Total/Accumulated":1407}},"geometry":{"type":"Point","coordinates":[9.019688964401293,42.118564077669916]}},{"type":"Feature","properties":{"Country/Region":"France","Province/State":"Guyane","Code":"03","Population":{"Total":290691,"Under19":120681,"Under39":80023,"Under59":61783,"Under74":22111,"Over75":6093},"Beds":{"Resuscitation":13,"IntensiveCare":12,"Total":25},"Confirmed":31,"Recovered":10,"Emergencies":{"Suspected":1,"Total":136,"Suspected/Accumulated":6,"Total/Accumulated":5808},"MedicalTests":{"Total":1,"Confirmed":1,"Total/Accumulated":12,"Confirmed/Accumulated":2}},"geometry":{"type":"Point","coordinates":[-53.41731165390502,3.588901056661561]}},{"type":"Feature","properties":{"Country/Region":"France","Province/State":"La Réunion","Code":"04","Population":{"Total":859959,"Under19":256143,"Under39":202783,"Under59":239212,"Under74":117045,"Over75":44776},"Beds":{"Resuscitation":52,"IntensiveCare":154,"Total":206},"Severe":3,"Critical":3,"Emergencies":{"Suspected":11,"Total":251,"Severe":4,"Suspected/Accumulated":78,"Total/Accumulated":10404,"Severe/Accumulated":62},"Confirmed":94,"MedicalTests":{"Total/Accumulated":1}},"geometry":{"type":"Point","coordinates":[55.52943947368424,-21.1374047368421]}},{"type":"Feature","properties":{"Country/Region":"France","Province/State":"Mayotte","Code":"06","Population":{"Total":279471,"Under19":150257,"Under39":74348,"Under59":42900,"Under74":9521,"Over75":2445},"Beds":{"Resuscitation":6,"IntensiveCare":0,"Total":6},"Confirmed":42,"Recovered":1,"Severe":4,"Critical":2,"Emergencies":{"Suspected":9,"Total":65,"Severe":2,"Suspected/Accumulated":31,"Total/Accumulated":2656,"Severe/Accumulated":4}},"geometry":{"type":"Point","coordinates":[45.14160071428572,-12.835344166666673]}}]}