{"type":"FeatureCollection","features":[{"type":"Feature","properties":{"Country/Region":"France","Province/State":"Île-de-France","Code":"11","Population":{"Total":12278210,"Under19":3140965,"Under39":3409765,"Under59":3210447,"Under74":1658207,"Over75":858826},"Beds":{"Resuscitation":1147,"IntensiveCare":2512,"Total":3659},"Deaths":7699,"Recovered":30741,"Severe":2315,"Critical":165,"Emergencies":{"Suspected":131,"Total":6527,"Severe":21,"Suspected/Accumulated":57918,"Total/Accumulated":1019799,"Severe/Accumulated":17136},"MedicalActs":{"Suspected":53,"Total":1196,"Suspected/Accumulated":16408,"Total/Accumulated":222580},"PCRTests":{"Total":33962,"Confirmed":2244,"Total/Accumulated":1319210,"Confirmed/Accumulated":41110},"Confirmed":7660,"MedicalTests":{"Total/Accumulated":85340,"Confirmed/Accumulated":18277}},"geometry":{"type":"Point","coordinates":[2.5292589766081885,48.704415292397634]}},{"type":"Feature","properties":{"Country/Region":"France","Province/State":"Centre-Val de Loire","Code":"24","Population":{"Total":2559073,"Under19":598570,"Under39":541141,"Under59":661150,"Under74":478923,"Over75":279289},"Beds":{"Resuscitation":180,"IntensiveCare":346,"Total":526},"Deaths":574,"Recovered":2384,"Severe":55,"Critical":9,"Emergencies":{"Suspected":7,"Total":1504,"Severe":2,"Suspected/Accumulated":5737,"Total/Accumulated":232016,"Severe/Accumulated":1461},"MedicalActs":{"Suspected":13,"Total":400,"Suspected/Accumulated":1918,"Total/Accumulated":56657},"PCRTests":{"Total":6765,"Confirmed":178,"Total/Accumulated":185774,"Confirmed/Accumulated":3382},"Confirmed":1157,"MedicalTests":{"Total/Accumulated":20197,"Confirmed/Accumulated":1858}},"geometry":{"type":"Point","coordinates":[1.6429664800000017,47.54357092799999]}},{"type":"Feature","properties":{"Country/Region":"France","Province/State":"Bourgogne-Franche-Comté","Code":"27","Population":{"Total":2783039,"Under19":627017,"Under39":591411,"Under59":715664,"Under74":540051,"Over75":308896},"Beds":{"Resuscitation":198,"IntensiveCare":642,"Total":840},"Deaths":1065,"Recovered":4111,"Severe":21,"Critical":4,"Emergencies":{"Suspected":18,"Total":2003,"Severe":5,"Suspected/Accumulated":12287,"Total/Accumulated":302572,"Severe/Accumulated":5088},"MedicalActs":{"Suspected":7,"Total":218,"Suspected/Accumulated":2545,"Total/Accumulated":42211},"PCRTests":{"Total":5653,"Confirmed":170,"Total/Accumulated":218431,"Confirmed/Accumulated":2707},"Confirmed":1569,"MedicalTests":{"Total/Accumulated":15673,"Confirmed/Accumulated":1330}},"geometry":{"type":"Point","coordinates":[4.731409826897467,47.2969232490013]}},{"type":"Feature","properties":{"Country/Region":"France","Province/State":"Normandie","Code":"28","Population":{"Total":3303500,"Under19":781337,"Under39":727044,"Under59":842963,"Under74":615474,"Over75":336682},"Beds":{"Resuscitation":240,"IntensiveCare":548,"Total":788},"Deaths":447,"Recovered":1899,"Severe":66,"Critical":2,"Emergencies":{"Suspected":15,"Total":2052,"Severe":8,"Suspected/Accumulated":5255,"Total/Accumulated":321996,"Severe/Accumulated":2285},"MedicalActs":{"Suspected":23,"Total":412,"Suspected/Accumulated":4339,"Total/Accumulated":72337},"PCRTests":{"Total":6179,"Confirmed":226,"Total/Accumulated":256004,"Confirmed/Accumulated":2861},"Confirmed":912,"MedicalTests":{"Total/Accumulated":17253,"Confirmed/Accumulated":1385}},"geometry":{"type":"Point","coordinates":[-0.022673401869158984,49.066630336448576]}},{"type":"Feature","properties":{"Country/Region":"France","Province/State":"Hauts-de-France","Code":"32","Population":{"Total":5962662,"Under19":1525538,"Under39":1443348,"Under59":1522690,"Under74":994313,"Over75":476773},"Beds":{"Resuscitation":438,"IntensiveCare":1338,"Total":1776},"Deaths":1941,"Recovered":7251,"Severe":454,"Critical":33,"Emergencies":{"Suspected":14,"Total":3117,"Severe":4,"Suspected/Accumulated":13437,"Total/Accumulated":493270,"Severe/Accumulated":4845},"MedicalActs":{"Suspected":27,"Total":900,"Suspected/Accumulated":5753,"Total/Accumulated":140807},"PCRTests":{"Total":11449,"Confirmed":355,"Total/Accumulated":484657,"Confirmed/Accumulated":9421},"Confirmed":3011,"MedicalTests":{"Total/Accumulated":31790,"Confirmed/Accumulated":3410}},"geometry":{"type":"Point","coordinates":[2.8852615671641804,49.86155781716422]}},{"type":"Feature","properties":{"Country/Region":"France","Province/State":"Grand Est","Code":"44","Population":{"Total":5511747,"Under19":1258123,"Under39":1291962,"Under59":1448828,"Under74":988178,"Over75":524656},"Beds":{"Resuscitation":465,"IntensiveCare":840,"Total":1305},"Deaths":3660,"Recovered":13107,"Severe":456,"Critical":16,"Emergencies":{"Suspected":24,"Total":3127,"Severe":8,"Suspected/Accumulated":18267,"Total/Accumulated":490619,"Severe/Accumulated":8843},"MedicalActs":{"Suspected":19,"Total":568,"Suspected/Accumulated":7954,"Total/Accumulated":111467},"PCRTests":{"Total":11289,"Confirmed":269,"Total/Accumulated":526247,"Confirmed/Accumulated":7628},"Confirmed":5479,"MedicalTests":{"Total/Accumulated":24982,"Confirmed/Accumulated":3702}},"geometry":{"type":"Point","coordinates":[5.509890203045682,48.670969771573546]}},{"type":"Feature","properties":{"Country/Region":"France","Province/State":"Pays de la Loire","Code":"52","Population":{"Total":3801797,"Under19":933509,"Under39":853729,"Under59":970508,"Under74":667531,"Over75":376520},"Beds":{"Resuscitation":181,"IntensiveCare":572,"Total":753},"Deaths":490,"Recovered":2408,"Severe":89,"Critical":10,"Emergencies":{"Suspected":18,"Total":1853,"Severe":13,"Suspected/Accumulated":9527,"Total/Accumulated":281575,"Severe/Accumulated":4949},"MedicalActs":{"Suspected":11,"Total":508,"Suspected/Accumulated":4529,"Total/Accumulated":83130},"PCRTests":{"Total":7442,"Confirmed":177,"Total/Accumulated":319996,"Confirmed/Accumulated":6196},"Confirmed":1630,"MedicalTests":{"Total/Accumulated":1941,"Confirmed/Accumulated":78}},"geometry":{"type":"Point","coordinates":[-0.8763313771517983,47.44186302034428]}},{"type":"Feature","properties":{"Country/Region":"France","Province/State":"Bretagne","Code":"53","Population":{"Total":3340379,"Under19":773631,"Under39":714512,"Under59":866988,"Under74":632104,"Over75":353144},"Beds":{"Resuscitation":162,"IntensiveCare":462,"Total":624},"Deaths":269,"Recovered":1382,"Severe":64,"Critical":6,"Emergencies":{"Suspected":8,"Total":1822,"Severe":5,"Suspected/Accumulated":6353,"Total/Accumulated":301919,"Severe/Accumulated":2407},"MedicalActs":{"Suspected":4,"Total":314,"Suspected/Accumulated":2359,"Total/Accumulated":61872},"PCRTests":{"Total":6495,"Confirmed":132,"Total/Accumulated":245332,"Confirmed/Accumulated":3225},"Confirmed":962,"MedicalTests":{"Total/Accumulated":698,"Confirmed/Accumulated":25}},"geometry":{"type":"Point","coordinates":[-3.104342941176476,48.146701189258316]}},{"type":"Feature","properties":{"Country/Region":"France","Province/State":"Nouvelle-Aquitaine","Code":"75","Population":{"Total":5999982,"Under19":1293321,"Under39":1274746,"Under59":1561754,"Under74":1177229,"Over75":692932},"Beds":{"Resuscitation":412,"IntensiveCare":946,"Total":1358},"Deaths":432,"Recovered":2334,"Severe":66,"Critical":12,"Emergencies":{"Suspected":43,"Total":3977,"Severe":8,"Suspected/Accumulated":11218,"Total/Accumulated":587890,"Severe/Accumulated":4778},"MedicalActs":{"Suspected":62,"Total":1179,"Suspected/Accumulated":10277,"Total/Accumulated":198580},"PCRTests":{"Total":15608,"Confirmed":627,"Total/Accumulated":422842,"Confirmed/Accumulated":6263},"Confirmed":1007,"MedicalTests":{"Total/Accumulated":33043,"Confirmed/Accumulated":961}},"geometry":{"type":"Point","coordinates":[0.16186906163753495,45.156971701931916]}},{"type":"Feature","properties":{"Country/Region":"France","Province/State":"Occitanie","Code":"76","Population":{"Total":5924858,"Under19":1320456,"Under39":1330125,"Under59":1526711,"Under74":1099893,"Over75":647673},"Beds":{"Resuscitation":474,"IntensiveCare":1206,"Total":1680},"Deaths":523,"Recovered":3090,"Severe":125,"Critical":19,"Emergencies":{"Suspected":36,"Total":3743,"Severe":15,"Suspected/Accumulated":9588,"Total/Accumulated":598381,"Severe/Accumulated":4194},"MedicalActs":{"Suspected":12,"Total":316,"Suspected/Accumulated":3734,"Total/Accumulated":69702},"PCRTests":{"Total":15596,"Confirmed":507,"Total/Accumulated":507819,"Confirmed/Accumulated":9662},"Confirmed":2374,"MedicalTests":{"Total/Accumulated":83743,"Confirmed/Accumulated":2680}},"geometry":{"type":"Point","coordinates":[1.988214846153848,43.761180626373644]}},{"type":"Feature","properties":{"Country/Region":"France","Province/State":"Auvergne-Rhône-Alpes","Code":"84","Population":{"Total":8032377,"Under19":1940253,"Under39":1900702,"Under59":2079813,"Under74":1340003,"Over75":771606},"Beds":{"Resuscitation":559,"IntensiveCare":1136,"Total":1695},"Deaths":1776,"Recovered":8323,"Severe":277,"Critical":18,"Emergencies":{"Suspected":36,"Total":4833,"Severe":13,"Suspected/Accumulated":18385,"Total/Accumulated":735640,"Severe/Accumulated":7515},"MedicalActs":{"Suspected":72,"Total":834,"Suspected/Accumulated":9817,"Total/Accumulated":153392},"PCRTests":{"Total":16374,"Confirmed":768,"Total/Accumulated":602830,"Confirmed/Accumulated":11282},"Confirmed":2093,"MedicalTests":{"Total/Accumulated":27674,"Confirmed/Accumulated":2153}},"geometry":{"type":"Point","coordinates":[4.515179591651545,45.475403602540794]}},{"type":"Feature","properties":{"Country/Region":"France","Province/State":"Guadeloupe","Code":"01","Population":{"Total":376879,"Under19":90617,"Under39":71707,"Under59":109452,"Under74":70936,"Over75":34167},"Beds":{"Resuscitation":27,"IntensiveCare":68,"Total":95},"Deaths":19,"Recovered":94,"Severe":18,"Critical":7,"Emergencies":{"Suspected":8,"Total":219,"Severe":4,"Suspected/Accumulated":393,"Total/Accumulated":34991,"Severe/Accumulated":128},"PCRTests":{"Total":1147,"Confirmed":139,"Total/Accumulated":26956,"Confirmed/Accumulated":1151},"Confirmed":106,"MedicalTests":{"Total/Accumulated":51,"Confirmed/Accumulated":17}},"geometry":{"type":"Point","coordinates":[-61.493846272189366,16.20469674556213]}},{"type":"Feature","properties":{"Country/Region":"France","Province/State":"Martinique","Code":"02","Population":{"Total":358749,"Under19":77005,"Under39":65776,"Under59":105638,"Under74":72163,"Over75":38167},"Beds":{"Resuscitation":26,"IntensiveCare":58,"Total":84},"Deaths":17,"Recovered":101,"Severe":14,"Critical":3,"MedicalActs":{"Suspected":2,"Total":118,"Suspected/Accumulated":219,"Total/Accumulated":18103},"PCRTests":{"Total":924,"Confirmed":16,"Total/Accumulated":31269,"Confirmed/Accumulated":560},"Confirmed":111,"MedicalTests":{"Total/Accumulated":29,"Confirmed/Accumulated":6}},"geometry":{"type":"Point","coordinates":[-60.98265692913386,14.6217557480315]}},{"type":"Feature","properties":{"Country/Region":"France","Province/State":"Provence-Alpes-Côte d'Azur","Code":"93","Population":{"Total":5055651,"Under19":1128765,"Under39":1109058,"Under59":1309879,"Under74":927347,"Over75":580602},"Beds":{"Resuscitation":460,"IntensiveCare":802,"Total":1262},"Deaths":988,"Recovered":6350,"Severe":335,"Critical":44,"Emergencies":{"Suspected":64,"Total":3906,"Severe":26,"Suspected/Accumulated":12433,"Total/Accumulated":599655,"Severe/Accumulated":6104},"MedicalActs":{"Suspected":67,"Total":732,"Suspected/Accumulated":8186,"Total/Accumulated":140885},"PCRTests":{"Total":20218,"Confirmed":1179,"Total/Accumulated":635062,"Confirmed/Accumulated":17964},"Confirmed":1927,"MedicalTests":{"Total/Accumulated":80858,"Confirmed/Accumulated":4204}},"geometry":{"type":"Point","coordinates":[5.940587832647462,43.96417941015098]}},{"type":"Feature","properties":{"Country/Region":"France","Province/State":"Corse","Code":"94","Population":{"Total":344679,"Under19":68555,"Under39":76985,"Under59":93175,"Under74":65675,"Over75":40289},"Beds":{"Resuscitation":18,"IntensiveCare":42,"Total":60},"Deaths":59,"Recovered":258,"Severe":8,"Critical":2,"Emergencies":{"Suspected":3,"Total":363,"Severe":3,"Suspected/Accumulated":2221,"Total/Accumulated":41417,"Severe/Accumulated":2071},"MedicalActs":{"Suspected":20,"Total":126,"Suspected/Accumulated":643,"Total/Accumulated":9945},"PCRTests":{"Total":1018,"Confirmed":50,"Total/Accumulated":30438,"Confirmed/Accumulated":301},"Confirmed":263},"geometry":{"type":"Point","coordinates":[9.019688964401293,42.118564077669916]}},{"type":"Feature","properties":{"Country/Region":"France","Province/State":"Guyane","Code":"03","Population":{"Total":290691,"Under19":120681,"Under39":80023,"Under59":61783,"Under74":22111,"Over75":6093},"Beds":{"Resuscitation":13,"IntensiveCare":12,"Total":25},"Deaths":53,"Recovered":1475,"Severe":85,"Critical":13,"Emergencies":{"Suspected":1,"Total":184,"Severe":1,"Suspected/Accumulated":1787,"Total/Accumulated":32427,"Severe/Accumulated":836},"PCRTests":{"Total":587,"Confirmed":52,"Total/Accumulated":43806,"Confirmed/Accumulated":7738},"Confirmed":43,"MedicalTests":{"Total/Accumulated":35,"Confirmed/Accumulated":4}},"geometry":{"type":"Point","coordinates":[-53.41731165390502,3.588901056661561]}},{"type":"Feature","properties":{"Country/Region":"France","Province/State":"La Réunion","Code":"04","Population":{"Total":859959,"Under19":256143,"Under39":202783,"Under59":239212,"Under74":117045,"Over75":44776},"Beds":{"Resuscitation":52,"IntensiveCare":154,"Total":206},"Deaths":7,"Recovered":204,"Severe":64,"Critical":11,"Emergencies":{"Suspected":4,"Total":412,"Severe":4,"Suspected/Accumulated":345,"Total/Accumulated":67277,"Severe/Accumulated":217},"PCRTests":{"Total":2792,"Confirmed":84,"Total/Accumulated":101325,"Confirmed/Accumulated":1205},"Confirmed":94,"MedicalTests":{"Total/Accumulated":19,"Confirmed/Accumulated":1}},"geometry":{"type":"Point","coordinates":[55.52943947368424,-21.1374047368421]}},{"type":"Feature","properties":{"Country/Region":"France","Province/State":"Mayotte","Code":"06","Population":{"Total":279471,"Under19":150257,"Under39":74348,"Under59":42900,"Under74":9521,"Over75":2445},"Beds":{"Resuscitation":6,"IntensiveCare":0,"Total":6},"Deaths":28,"Recovered":442,"Severe":5,"Critical":1,"Emergencies":{"Suspected":1,"Total":98,"Severe":1,"Suspected/Accumulated":1886,"Total/Accumulated":18648,"Severe/Accumulated":251},"PCRTests":{"Total":226,"Confirmed":19,"Total/Accumulated":13737,"Confirmed/Accumulated":1582},"Confirmed":128,"MedicalTests":{"Total/Accumulated":4,"Confirmed/Accumulated":1}},"geometry":{"type":"Point","coordinates":[45.14160071428572,-12.835344166666673]}}]}