{"type":"FeatureCollection","features":[{"type":"Feature","properties":{"Country/Region":"France","Province/State":"Île-de-France","Code":"11","Population":{"Total":12278210,"Under19":3140965,"Under39":3409765,"Under59":3210447,"Under74":1658207,"Over75":858826},"Beds":{"Resuscitation":1147,"IntensiveCare":2512,"Total":3659},"Deaths":10801,"Recovered":48675,"Severe":5742,"Critical":797,"Emergencies":{"Suspected":113,"Total":5551,"Severe":44,"Suspected/Accumulated":84931,"Total/Accumulated":1622807,"Severe/Accumulated":26305},"MedicalActs":{"Suspected":58,"Total":1643,"Suspected/Accumulated":31395,"Total/Accumulated":368294},"PCRTests":{"Total":19021,"Confirmed":1171,"Total/Accumulated":4370307,"Confirmed/Accumulated":458285},"Confirmed":7660,"MedicalTests":{"Total/Accumulated":85340,"Confirmed/Accumulated":18277}},"geometry":{"type":"Point","coordinates":[2.5292589766081885,48.704415292397634]}},{"type":"Feature","properties":{"Country/Region":"France","Province/State":"Centre-Val de Loire","Code":"24","Population":{"Total":2559073,"Under19":598570,"Under39":541141,"Under59":661150,"Under74":478923,"Over75":279289},"Beds":{"Resuscitation":180,"IntensiveCare":346,"Total":526},"Deaths":996,"Recovered":4326,"Severe":921,"Critical":130,"Emergencies":{"Suspected":17,"Total":1147,"Severe":6,"Suspected/Accumulated":8469,"Total/Accumulated":357161,"Severe/Accumulated":2313},"MedicalActs":{"Suspected":11,"Total":379,"Suspected/Accumulated":4249,"Total/Accumulated":96689},"PCRTests":{"Total":3906,"Confirmed":214,"Total/Accumulated":751857,"Confirmed/Accumulated":57214},"Confirmed":1157,"MedicalTests":{"Total/Accumulated":20197,"Confirmed/Accumulated":1858}},"geometry":{"type":"Point","coordinates":[1.6429664800000017,47.54357092799999]}},{"type":"Feature","properties":{"Country/Region":"France","Province/State":"Bourgogne-Franche-Comté","Code":"27","Population":{"Total":2783039,"Under19":627017,"Under39":591411,"Under59":715664,"Under74":540051,"Over75":308896},"Beds":{"Resuscitation":198,"IntensiveCare":642,"Total":840},"Deaths":1883,"Recovered":7364,"Severe":1697,"Critical":233,"Emergencies":{"Suspected":73,"Total":1541,"Severe":37,"Suspected/Accumulated":18840,"Total/Accumulated":470694,"Severe/Accumulated":8257},"MedicalActs":{"Suspected":15,"Total":316,"Suspected/Accumulated":5191,"Total/Accumulated":69280},"PCRTests":{"Total":5141,"Confirmed":485,"Total/Accumulated":949591,"Confirmed/Accumulated":86833},"Confirmed":1569,"MedicalTests":{"Total/Accumulated":15673,"Confirmed/Accumulated":1330}},"geometry":{"type":"Point","coordinates":[4.731409826897467,47.2969232490013]}},{"type":"Feature","properties":{"Country/Region":"France","Province/State":"Normandie","Code":"28","Population":{"Total":3303500,"Under19":781337,"Under39":727044,"Under59":842963,"Under74":615474,"Over75":336682},"Beds":{"Resuscitation":240,"IntensiveCare":548,"Total":788},"Deaths":1125,"Recovered":4502,"Severe":1266,"Critical":113,"Emergencies":{"Suspected":18,"Total":1641,"Severe":10,"Suspected/Accumulated":8791,"Total/Accumulated":504909,"Severe/Accumulated":4106},"MedicalActs":{"Suspected":12,"Total":514,"Suspected/Accumulated":8826,"Total/Accumulated":121718},"PCRTests":{"Total":3959,"Confirmed":179,"Total/Accumulated":958603,"Confirmed/Accumulated":72935},"Confirmed":912,"MedicalTests":{"Total/Accumulated":17253,"Confirmed/Accumulated":1385}},"geometry":{"type":"Point","coordinates":[-0.022673401869158984,49.066630336448576]}},{"type":"Feature","properties":{"Country/Region":"France","Province/State":"Hauts-de-France","Code":"32","Population":{"Total":5962662,"Under19":1525538,"Under39":1443348,"Under59":1522690,"Under74":994313,"Over75":476773},"Beds":{"Resuscitation":438,"IntensiveCare":1338,"Total":1776},"Deaths":3471,"Recovered":14375,"Severe":2764,"Critical":378,"Emergencies":{"Suspected":53,"Total":2531,"Severe":26,"Suspected/Accumulated":20925,"Total/Accumulated":766455,"Severe/Accumulated":8008},"MedicalActs":{"Suspected":35,"Total":874,"Suspected/Accumulated":12748,"Total/Accumulated":238033},"PCRTests":{"Total":9686,"Confirmed":631,"Total/Accumulated":2218811,"Confirmed/Accumulated":216474},"Confirmed":3011,"MedicalTests":{"Total/Accumulated":31790,"Confirmed/Accumulated":3410}},"geometry":{"type":"Point","coordinates":[2.8852615671641804,49.86155781716422]}},{"type":"Feature","properties":{"Country/Region":"France","Province/State":"Grand Est","Code":"44","Population":{"Total":5511747,"Under19":1258123,"Under39":1291962,"Under59":1448828,"Under74":988178,"Over75":524656},"Beds":{"Resuscitation":465,"IntensiveCare":840,"Total":1305},"Deaths":4727,"Recovered":17732,"Severe":2505,"Critical":307,"Emergencies":{"Suspected":56,"Total":2486,"Severe":32,"Suspected/Accumulated":24426,"Total/Accumulated":761487,"Severe/Accumulated":12451},"MedicalActs":{"Suspected":30,"Total":732,"Suspected/Accumulated":12122,"Total/Accumulated":174013},"PCRTests":{"Total":10035,"Confirmed":567,"Total/Accumulated":1991543,"Confirmed/Accumulated":132838},"Confirmed":5479,"MedicalTests":{"Total/Accumulated":24982,"Confirmed/Accumulated":3702}},"geometry":{"type":"Point","coordinates":[5.509890203045682,48.670969771573546]}},{"type":"Feature","properties":{"Country/Region":"France","Province/State":"Pays de la Loire","Code":"52","Population":{"Total":3801797,"Under19":933509,"Under39":853729,"Under59":970508,"Under74":667531,"Over75":376520},"Beds":{"Resuscitation":181,"IntensiveCare":572,"Total":753},"Deaths":975,"Recovered":4879,"Severe":930,"Critical":116,"Emergencies":{"Suspected":34,"Total":1519,"Severe":19,"Suspected/Accumulated":13446,"Total/Accumulated":440233,"Severe/Accumulated":7189},"MedicalActs":{"Suspected":8,"Total":540,"Suspected/Accumulated":7608,"Total/Accumulated":131129},"PCRTests":{"Total":4743,"Confirmed":260,"Total/Accumulated":1151924,"Confirmed/Accumulated":78102},"Confirmed":1630,"MedicalTests":{"Total/Accumulated":1941,"Confirmed/Accumulated":78}},"geometry":{"type":"Point","coordinates":[-0.8763313771517983,47.44186302034428]}},{"type":"Feature","properties":{"Country/Region":"France","Province/State":"Bretagne","Code":"53","Population":{"Total":3340379,"Under19":773631,"Under39":714512,"Under59":866988,"Under74":632104,"Over75":353144},"Beds":{"Resuscitation":162,"IntensiveCare":462,"Total":624},"Deaths":544,"Recovered":2800,"Severe":537,"Critical":79,"Emergencies":{"Suspected":22,"Total":1622,"Severe":10,"Suspected/Accumulated":9017,"Total/Accumulated":467949,"Severe/Accumulated":3596},"MedicalActs":{"Suspected":7,"Total":373,"Suspected/Accumulated":4672,"Total/Accumulated":97378},"PCRTests":{"Total":4082,"Confirmed":135,"Total/Accumulated":887914,"Confirmed/Accumulated":47870},"Confirmed":962,"MedicalTests":{"Total/Accumulated":698,"Confirmed/Accumulated":25}},"geometry":{"type":"Point","coordinates":[-3.104342941176476,48.146701189258316]}},{"type":"Feature","properties":{"Country/Region":"France","Province/State":"Nouvelle-Aquitaine","Code":"75","Population":{"Total":5999982,"Under19":1293321,"Under39":1274746,"Under59":1561754,"Under74":1177229,"Over75":692932},"Beds":{"Resuscitation":412,"IntensiveCare":946,"Total":1358},"Deaths":1216,"Recovered":5934,"Severe":1517,"Critical":201,"Emergencies":{"Suspected":50,"Total":3043,"Severe":45,"Suspected/Accumulated":16926,"Total/Accumulated":901779,"Severe/Accumulated":8083},"MedicalActs":{"Suspected":30,"Total":1347,"Suspected/Accumulated":17544,"Total/Accumulated":313334},"PCRTests":{"Total":7852,"Confirmed":350,"Total/Accumulated":1730610,"Confirmed/Accumulated":112212},"Confirmed":1007,"MedicalTests":{"Total/Accumulated":33043,"Confirmed/Accumulated":961}},"geometry":{"type":"Point","coordinates":[0.16186906163753495,45.156971701931916]}},{"type":"Feature","properties":{"Country/Region":"France","Province/State":"Occitanie","Code":"76","Population":{"Total":5924858,"Under19":1320456,"Under39":1330125,"Under59":1526711,"Under74":1099893,"Over75":647673},"Beds":{"Resuscitation":474,"IntensiveCare":1206,"Total":1680},"Deaths":1648,"Recovered":8349,"Severe":1672,"Critical":298,"Emergencies":{"Suspected":42,"Total":3015,"Severe":22,"Suspected/Accumulated":17355,"Total/Accumulated":918508,"Severe/Accumulated":7989},"MedicalActs":{"Suspected":14,"Total":485,"Suspected/Accumulated":6822,"Total/Accumulated":109143},"PCRTests":{"Total":7974,"Confirmed":368,"Total/Accumulated":2014660,"Confirmed/Accumulated":163444},"Confirmed":2374,"MedicalTests":{"Total/Accumulated":83743,"Confirmed/Accumulated":2680}},"geometry":{"type":"Point","coordinates":[1.988214846153848,43.761180626373644]}},{"type":"Feature","properties":{"Country/Region":"France","Province/State":"Auvergne-Rhône-Alpes","Code":"84","Population":{"Total":8032377,"Under19":1940253,"Under39":1900702,"Under59":2079813,"Under74":1340003,"Over75":771606},"Beds":{"Resuscitation":559,"IntensiveCare":1136,"Total":1695},"Deaths":5119,"Recovered":22189,"Severe":5631,"Critical":678,"Emergencies":{"Suspected":117,"Total":3698,"Severe":60,"Suspected/Accumulated":38391,"Total/Accumulated":1143909,"Severe/Accumulated":17347},"MedicalActs":{"Suspected":43,"Total":1073,"Suspected/Accumulated":22796,"Total/Accumulated":246001},"PCRTests":{"Total":11107,"Confirmed":1108,"Total/Accumulated":2796423,"Confirmed/Accumulated":382659},"Confirmed":2093,"MedicalTests":{"Total/Accumulated":27674,"Confirmed/Accumulated":2153}},"geometry":{"type":"Point","coordinates":[4.515179591651545,45.475403602540794]}},{"type":"Feature","properties":{"Country/Region":"France","Province/State":"Guadeloupe","Code":"01","Population":{"Total":376879,"Under19":90617,"Under39":71707,"Under59":109452,"Under74":70936,"Over75":34167},"Beds":{"Resuscitation":27,"IntensiveCare":68,"Total":95},"Deaths":163,"Recovered":706,"Severe":92,"Critical":10,"Emergencies":{"Suspected":2,"Total":220,"Severe":2,"Suspected/Accumulated":1634,"Total/Accumulated":56083,"Severe/Accumulated":745},"PCRTests":{"Total":140,"Confirmed":6,"Total/Accumulated":71659,"Confirmed/Accumulated":8147},"Confirmed":106,"MedicalTests":{"Total/Accumulated":51,"Confirmed/Accumulated":17}},"geometry":{"type":"Point","coordinates":[-61.493846272189366,16.20469674556213]}},{"type":"Feature","properties":{"Country/Region":"France","Province/State":"Martinique","Code":"02","Population":{"Total":358749,"Under19":77005,"Under39":65776,"Under59":105638,"Under74":72163,"Over75":38167},"Beds":{"Resuscitation":26,"IntensiveCare":58,"Total":84},"Deaths":41,"Recovered":334,"Severe":36,"Critical":12,"MedicalActs":{"Total":101,"Suspected/Accumulated":597,"Total/Accumulated":29746},"PCRTests":{"Total":242,"Confirmed":2,"Total/Accumulated":85727,"Confirmed/Accumulated":5593},"Confirmed":111,"MedicalTests":{"Total/Accumulated":29,"Confirmed/Accumulated":6}},"geometry":{"type":"Point","coordinates":[-60.98265692913386,14.6217557480315]}},{"type":"Feature","properties":{"Country/Region":"France","Province/State":"Provence-Alpes-Côte d'Azur","Code":"93","Population":{"Total":5055651,"Under19":1128765,"Under39":1109058,"Under59":1309879,"Under74":927347,"Over75":580602},"Beds":{"Resuscitation":460,"IntensiveCare":802,"Total":1262},"Deaths":2733,"Recovered":15475,"Severe":2689,"Critical":390,"Emergencies":{"Suspected":77,"Total":2850,"Severe":41,"Suspected/Accumulated":23960,"Total/Accumulated":912595,"Severe/Accumulated":12819},"MedicalActs":{"Suspected":32,"Total":974,"Suspected/Accumulated":14993,"Total/Accumulated":220101},"PCRTests":{"Total":8546,"Confirmed":507,"Total/Accumulated":2161956,"Confirmed/Accumulated":180590},"Confirmed":1927,"MedicalTests":{"Total/Accumulated":80858,"Confirmed/Accumulated":4204}},"geometry":{"type":"Point","coordinates":[5.940587832647462,43.96417941015098]}},{"type":"Feature","properties":{"Country/Region":"France","Province/State":"Corse","Code":"94","Population":{"Total":344679,"Under19":68555,"Under39":76985,"Under59":93175,"Under74":65675,"Over75":40289},"Beds":{"Resuscitation":18,"IntensiveCare":42,"Total":60},"Deaths":109,"Recovered":466,"Severe":46,"Critical":9,"Emergencies":{"Suspected":2,"Total":178,"Severe":2,"Suspected/Accumulated":2625,"Total/Accumulated":61466,"Severe/Accumulated":2323},"MedicalActs":{"Suspected":1,"Total":104,"Suspected/Accumulated":1432,"Total/Accumulated":20486},"PCRTests":{"Total":614,"Confirmed":14,"Total/Accumulated":128949,"Confirmed/Accumulated":6612},"Confirmed":263},"geometry":{"type":"Point","coordinates":[9.019688964401293,42.118564077669916]}},{"type":"Feature","properties":{"Country/Region":"France","Province/State":"Guyane","Code":"03","Population":{"Total":290691,"Under19":120681,"Under39":80023,"Under59":61783,"Under74":22111,"Over75":6093},"Beds":{"Resuscitation":13,"IntensiveCare":12,"Total":25},"Deaths":66,"Recovered":1866,"Severe":16,"Critical":1,"Emergencies":{"Suspected":4,"Total":187,"Suspected/Accumulated":2024,"Total/Accumulated":52171,"Severe/Accumulated":950},"PCRTests":{"Total":413,"Confirmed":22,"Total/Accumulated":81445,"Confirmed/Accumulated":9862},"Confirmed":43,"MedicalTests":{"Total/Accumulated":35,"Confirmed/Accumulated":4}},"geometry":{"type":"Point","coordinates":[-53.41731165390502,3.588901056661561]}},{"type":"Feature","properties":{"Country/Region":"France","Province/State":"La Réunion","Code":"04","Population":{"Total":859959,"Under19":256143,"Under39":202783,"Under59":239212,"Under74":117045,"Over75":44776},"Beds":{"Resuscitation":52,"IntensiveCare":154,"Total":206},"Deaths":48,"Recovered":622,"Severe":69,"Critical":9,"Emergencies":{"Suspected":4,"Total":397,"Severe":2,"Suspected/Accumulated":801,"Total/Accumulated":103352,"Severe/Accumulated":474},"PCRTests":{"Total":1128,"Confirmed":23,"Total/Accumulated":259452,"Confirmed/Accumulated":8022},"Confirmed":94,"MedicalTests":{"Total/Accumulated":19,"Confirmed/Accumulated":1}},"geometry":{"type":"Point","coordinates":[55.52943947368424,-21.1374047368421]}},{"type":"Feature","properties":{"Country/Region":"France","Province/State":"Mayotte","Code":"06","Population":{"Total":279471,"Under19":150257,"Under39":74348,"Under59":42900,"Under74":9521,"Over75":2445},"Beds":{"Resuscitation":6,"IntensiveCare":0,"Total":6},"Deaths":35,"Recovered":512,"Severe":9,"Critical":4,"Emergencies":{"Total":114,"Suspected/Accumulated":1959,"Total/Accumulated":28935,"Severe/Accumulated":279},"PCRTests":{"Total":120,"Confirmed":12,"Total/Accumulated":35655,"Confirmed/Accumulated":3562},"Confirmed":128,"MedicalTests":{"Total/Accumulated":4,"Confirmed/Accumulated":1}},"geometry":{"type":"Point","coordinates":[45.14160071428572,-12.835344166666673]}}]}