{"type":"FeatureCollection","features":[{"type":"Feature","properties":{"Country/Region":"France","Province/State":"Île-de-France","Code":"11","Population":{"Total":12278210,"Under19":3140965,"Under39":3409765,"Under59":3210447,"Under74":1658207,"Over75":858826},"Beds":{"Resuscitation":1147,"IntensiveCare":2512,"Total":3659},"Deaths":6816,"Recovered":22746,"Severe":7692,"Critical":775,"Emergencies":{"Suspected":228,"Total":5054,"Severe":48,"Suspected/Accumulated":49625,"Total/Accumulated":393682,"Severe/Accumulated":15438},"MedicalActs":{"Suspected":52,"Total":898,"Suspected/Accumulated":11597,"Total/Accumulated":104081},"MedicalTests":{"Total":1678,"Confirmed":43,"Total/Accumulated":80528,"Confirmed/Accumulated":18163},"Confirmed":7660},"geometry":{"type":"Point","coordinates":[2.5292589766081885,48.704415292397634]}},{"type":"Feature","properties":{"Country/Region":"France","Province/State":"Centre-Val de Loire","Code":"24","Population":{"Total":2559073,"Under19":598570,"Under39":541141,"Under59":661150,"Under74":478923,"Over75":279289},"Beds":{"Resuscitation":180,"IntensiveCare":346,"Total":526},"Deaths":483,"Recovered":1615,"Severe":725,"Critical":57,"Emergencies":{"Suspected":26,"Total":1237,"Severe":8,"Suspected/Accumulated":4411,"Total/Accumulated":86206,"Severe/Accumulated":1184},"MedicalActs":{"Suspected":11,"Total":238,"Suspected/Accumulated":1025,"Total/Accumulated":21209},"MedicalTests":{"Total":389,"Confirmed":7,"Total/Accumulated":18288,"Confirmed/Accumulated":1843},"Confirmed":1157},"geometry":{"type":"Point","coordinates":[1.6429664800000017,47.54357092799999]}},{"type":"Feature","properties":{"Country/Region":"France","Province/State":"Bourgogne-Franche-Comté","Code":"27","Population":{"Total":2783039,"Under19":627017,"Under39":591411,"Under59":715664,"Under74":540051,"Over75":308896},"Beds":{"Resuscitation":198,"IntensiveCare":642,"Total":840},"Deaths":978,"Recovered":3039,"Severe":758,"Critical":75,"Emergencies":{"Suspected":44,"Total":1540,"Severe":21,"Suspected/Accumulated":10369,"Total/Accumulated":106890,"Severe/Accumulated":4289},"MedicalActs":{"Suspected":16,"Total":184,"Suspected/Accumulated":1769,"Total/Accumulated":17877},"MedicalTests":{"Total":452,"Total/Accumulated":14803,"Confirmed/Accumulated":1324},"Confirmed":1569},"geometry":{"type":"Point","coordinates":[4.731409826897467,47.2969232490013]}},{"type":"Feature","properties":{"Country/Region":"France","Province/State":"Normandie","Code":"28","Population":{"Total":3303500,"Under19":781337,"Under39":727044,"Under59":842963,"Under74":615474,"Over75":336682},"Beds":{"Resuscitation":240,"IntensiveCare":548,"Total":788},"Deaths":404,"Recovered":1323,"Severe":464,"Critical":35,"Emergencies":{"Suspected":24,"Total":1614,"Severe":16,"Suspected/Accumulated":4154,"Total/Accumulated":116877,"Severe/Accumulated":1652},"MedicalActs":{"Suspected":17,"Total":292,"Suspected/Accumulated":2510,"Total/Accumulated":30380},"MedicalTests":{"Total":379,"Confirmed":6,"Total/Accumulated":15957,"Confirmed/Accumulated":1370},"Confirmed":912},"geometry":{"type":"Point","coordinates":[-0.022673401869158984,49.066630336448576]}},{"type":"Feature","properties":{"Country/Region":"France","Province/State":"Hauts-de-France","Code":"32","Population":{"Total":5962662,"Under19":1525538,"Under39":1443348,"Under59":1522690,"Under74":994313,"Over75":476773},"Beds":{"Resuscitation":438,"IntensiveCare":1338,"Total":1776},"Deaths":1646,"Recovered":5260,"Severe":1683,"Critical":169,"Emergencies":{"Suspected":58,"Total":2573,"Severe":16,"Suspected/Accumulated":11245,"Total/Accumulated":182341,"Severe/Accumulated":4087},"MedicalActs":{"Suspected":14,"Total":485,"Suspected/Accumulated":3742,"Total/Accumulated":57087},"MedicalTests":{"Total":948,"Confirmed":16,"Total/Accumulated":28512,"Confirmed/Accumulated":3348},"Confirmed":3011},"geometry":{"type":"Point","coordinates":[2.8852615671641804,49.86155781716422]}},{"type":"Feature","properties":{"Country/Region":"France","Province/State":"Grand Est","Code":"44","Population":{"Total":5511747,"Under19":1258123,"Under39":1291962,"Under59":1448828,"Under74":988178,"Over75":524656},"Beds":{"Resuscitation":465,"IntensiveCare":840,"Total":1305},"Deaths":3313,"Recovered":9923,"Severe":2740,"Critical":226,"Emergencies":{"Suspected":77,"Total":2418,"Severe":37,"Suspected/Accumulated":15976,"Total/Accumulated":180196,"Severe/Accumulated":7959},"MedicalActs":{"Suspected":24,"Total":420,"Suspected/Accumulated":5802,"Total/Accumulated":50656},"MedicalTests":{"Total":463,"Confirmed":7,"Total/Accumulated":23211,"Confirmed/Accumulated":3664},"Confirmed":5479},"geometry":{"type":"Point","coordinates":[5.509890203045682,48.670969771573546]}},{"type":"Feature","properties":{"Country/Region":"France","Province/State":"Pays de la Loire","Code":"52","Population":{"Total":3801797,"Under19":933509,"Under39":853729,"Under59":970508,"Under74":667531,"Over75":376520},"Beds":{"Resuscitation":181,"IntensiveCare":572,"Total":753},"Deaths":415,"Recovered":1578,"Severe":478,"Critical":41,"Emergencies":{"Suspected":49,"Total":1551,"Severe":28,"Suspected/Accumulated":7038,"Total/Accumulated":98791,"Severe/Accumulated":3448},"MedicalActs":{"Suspected":16,"Total":366,"Suspected/Accumulated":2729,"Total/Accumulated":33779},"MedicalTests":{"Total":119,"Total/Accumulated":1778,"Confirmed/Accumulated":78},"Confirmed":1630},"geometry":{"type":"Point","coordinates":[-0.8763313771517983,47.44186302034428]}},{"type":"Feature","properties":{"Country/Region":"France","Province/State":"Bretagne","Code":"53","Population":{"Total":3340379,"Under19":773631,"Under39":714512,"Under59":866988,"Under74":632104,"Over75":353144},"Beds":{"Resuscitation":162,"IntensiveCare":462,"Total":624},"Deaths":240,"Recovered":1064,"Severe":238,"Critical":24,"Emergencies":{"Suspected":45,"Total":1424,"Severe":10,"Suspected/Accumulated":4618,"Total/Accumulated":107487,"Severe/Accumulated":1860},"MedicalActs":{"Suspected":14,"Total":218,"Suspected/Accumulated":1120,"Total/Accumulated":25479},"MedicalTests":{"Total":41,"Total/Accumulated":627,"Confirmed/Accumulated":23},"Confirmed":962},"geometry":{"type":"Point","coordinates":[-3.104342941176476,48.146701189258316]}},{"type":"Feature","properties":{"Country/Region":"France","Province/State":"Nouvelle-Aquitaine","Code":"75","Population":{"Total":5999982,"Under19":1293321,"Under39":1274746,"Under59":1561754,"Under74":1177229,"Over75":692932},"Beds":{"Resuscitation":412,"IntensiveCare":946,"Total":1358},"Deaths":377,"Recovered":1772,"Severe":412,"Critical":64,"Emergencies":{"Suspected":53,"Total":3058,"Severe":20,"Suspected/Accumulated":9327,"Total/Accumulated":202865,"Severe/Accumulated":4092},"MedicalActs":{"Suspected":31,"Total":822,"Suspected/Accumulated":6427,"Total/Accumulated":82894},"MedicalTests":{"Total":889,"Confirmed":4,"Total/Accumulated":29922,"Confirmed/Accumulated":955},"Confirmed":1007},"geometry":{"type":"Point","coordinates":[0.16186906163753495,45.156971701931916]}},{"type":"Feature","properties":{"Country/Region":"France","Province/State":"Occitanie","Code":"76","Population":{"Total":5924858,"Under19":1320456,"Under39":1330125,"Under59":1526711,"Under74":1099893,"Over75":647673},"Beds":{"Resuscitation":474,"IntensiveCare":1206,"Total":1680},"Deaths":472,"Recovered":2542,"Severe":314,"Critical":76,"Emergencies":{"Suspected":49,"Total":3016,"Severe":23,"Suspected/Accumulated":7730,"Total/Accumulated":206086,"Severe/Accumulated":3491},"MedicalActs":{"Suspected":19,"Total":262,"Suspected/Accumulated":2503,"Total/Accumulated":29766},"MedicalTests":{"Total":2532,"Confirmed":13,"Total/Accumulated":71555,"Confirmed/Accumulated":2608},"Confirmed":2374},"geometry":{"type":"Point","coordinates":[1.988214846153848,43.761180626373644]}},{"type":"Feature","properties":{"Country/Region":"France","Province/State":"Auvergne-Rhône-Alpes","Code":"84","Population":{"Total":8032377,"Under19":1940253,"Under39":1900702,"Under59":2079813,"Under74":1340003,"Over75":771606},"Beds":{"Resuscitation":559,"IntensiveCare":1136,"Total":1695},"Deaths":1591,"Recovered":6378,"Severe":1671,"Critical":171,"Emergencies":{"Suspected":64,"Total":3791,"Severe":23,"Suspected/Accumulated":15168,"Total/Accumulated":259488,"Severe/Accumulated":6574},"MedicalActs":{"Suspected":42,"Total":661,"Suspected/Accumulated":6138,"Total/Accumulated":64812},"MedicalTests":{"Total":482,"Confirmed":3,"Total/Accumulated":24890,"Confirmed/Accumulated":2138},"Confirmed":2093},"geometry":{"type":"Point","coordinates":[4.515179591651545,45.475403602540794]}},{"type":"Feature","properties":{"Country/Region":"France","Province/State":"Guadeloupe","Code":"01","Population":{"Total":376879,"Under19":90617,"Under39":71707,"Under59":109452,"Under74":70936,"Over75":34167},"Beds":{"Resuscitation":27,"IntensiveCare":68,"Total":95},"Deaths":19,"Recovered":72,"Severe":14,"Critical":3,"Emergencies":{"Total":58,"Suspected/Accumulated":232,"Total/Accumulated":13409,"Severe/Accumulated":99},"MedicalTests":{"Total":2,"Total/Accumulated":51,"Confirmed/Accumulated":17},"Confirmed":106},"geometry":{"type":"Point","coordinates":[-61.493846272189366,16.20469674556213]}},{"type":"Feature","properties":{"Country/Region":"France","Province/State":"Martinique","Code":"02","Population":{"Total":358749,"Under19":77005,"Under39":65776,"Under59":105638,"Under74":72163,"Over75":38167},"Beds":{"Resuscitation":26,"IntensiveCare":58,"Total":84},"Deaths":14,"Recovered":80,"Severe":19,"Critical":5,"MedicalActs":{"Suspected":1,"Total":94,"Suspected/Accumulated":138,"Total/Accumulated":8100},"Confirmed":111,"MedicalTests":{"Total/Accumulated":29,"Confirmed/Accumulated":6}},"geometry":{"type":"Point","coordinates":[-60.98265692913386,14.6217557480315]}},{"type":"Feature","properties":{"Country/Region":"France","Province/State":"Provence-Alpes-Côte d'Azur","Code":"93","Population":{"Total":5055651,"Under19":1128765,"Under39":1109058,"Under59":1309879,"Under74":927347,"Over75":580602},"Beds":{"Resuscitation":460,"IntensiveCare":802,"Total":1262},"Deaths":855,"Recovered":4599,"Severe":1084,"Critical":114,"Emergencies":{"Suspected":49,"Total":2847,"Severe":26,"Suspected/Accumulated":10191,"Total/Accumulated":206150,"Severe/Accumulated":5259},"MedicalActs":{"Suspected":35,"Total":571,"Suspected/Accumulated":5415,"Total/Accumulated":59403},"MedicalTests":{"Total":1849,"Confirmed":17,"Total/Accumulated":75169,"Confirmed/Accumulated":4160},"Confirmed":1927},"geometry":{"type":"Point","coordinates":[5.940587832647462,43.96417941015098]}},{"type":"Feature","properties":{"Country/Region":"France","Province/State":"Corse","Code":"94","Population":{"Total":344679,"Under19":68555,"Under39":76985,"Under59":93175,"Under74":65675,"Over75":40289},"Beds":{"Resuscitation":18,"IntensiveCare":42,"Total":60},"Deaths":57,"Recovered":214,"Severe":39,"Critical":4,"Emergencies":{"Suspected":6,"Total":168,"Severe":4,"Suspected/Accumulated":2056,"Total/Accumulated":12347,"Severe/Accumulated":1978},"MedicalActs":{"Suspected":2,"Total":43,"Suspected/Accumulated":466,"Total/Accumulated":3184},"Confirmed":263},"geometry":{"type":"Point","coordinates":[9.019688964401293,42.118564077669916]}},{"type":"Feature","properties":{"Country/Region":"France","Province/State":"Guyane","Code":"03","Population":{"Total":290691,"Under19":120681,"Under39":80023,"Under59":61783,"Under74":22111,"Over75":6093},"Beds":{"Resuscitation":13,"IntensiveCare":12,"Total":25},"Deaths":1,"Recovered":50,"Severe":13,"Emergencies":{"Suspected":4,"Total":173,"Severe":4,"Suspected/Accumulated":106,"Total/Accumulated":13955,"Severe/Accumulated":37},"Confirmed":43,"MedicalTests":{"Total/Accumulated":35,"Confirmed/Accumulated":4}},"geometry":{"type":"Point","coordinates":[-53.41731165390502,3.588901056661561]}},{"type":"Feature","properties":{"Country/Region":"France","Province/State":"La Réunion","Code":"04","Population":{"Total":859959,"Under19":256143,"Under39":202783,"Under59":239212,"Under74":117045,"Over75":44776},"Beds":{"Resuscitation":52,"IntensiveCare":154,"Total":206},"Recovered":115,"Severe":12,"Critical":3,"Emergencies":{"Total":380,"Suspected/Accumulated":260,"Total/Accumulated":27649,"Severe/Accumulated":182},"Confirmed":94,"MedicalTests":{"Total/Accumulated":18,"Confirmed/Accumulated":1}},"geometry":{"type":"Point","coordinates":[55.52943947368424,-21.1374047368421]}},{"type":"Feature","properties":{"Country/Region":"France","Province/State":"Mayotte","Code":"06","Population":{"Total":279471,"Under19":150257,"Under39":74348,"Under59":42900,"Under74":9521,"Over75":2445},"Beds":{"Resuscitation":6,"IntensiveCare":0,"Total":6},"Deaths":18,"Recovered":184,"Severe":53,"Critical":12,"Emergencies":{"Suspected":21,"Total":100,"Severe":3,"Suspected/Accumulated":1050,"Total/Accumulated":8128,"Severe/Accumulated":169},"Confirmed":128,"MedicalTests":{"Total/Accumulated":4,"Confirmed/Accumulated":1}},"geometry":{"type":"Point","coordinates":[45.14160071428572,-12.835344166666673]}}]}