{"type":"FeatureCollection","features":[{"type":"Feature","properties":{"Country/Region":"France","Province/State":"Île-de-France","Code":"11","Population":{"Total":12278210,"Under19":3140965,"Under39":3409765,"Under59":3210447,"Under74":1658207,"Over75":858826},"Beds":{"Resuscitation":1147,"IntensiveCare":2512,"Total":3659},"Deaths":7147,"Recovered":24922,"Severe":6097,"Critical":549,"Emergencies":{"Suspected":68,"Total":6415,"Severe":25,"Suspected/Accumulated":51851,"Total/Accumulated":473324,"Severe/Accumulated":15884},"MedicalActs":{"Suspected":32,"Total":1101,"Suspected/Accumulated":12241,"Total/Accumulated":120092},"Confirmed":7660,"MedicalTests":{"Total/Accumulated":85340,"Confirmed/Accumulated":18277}},"geometry":{"type":"Point","coordinates":[2.5292589766081885,48.704415292397634]}},{"type":"Feature","properties":{"Country/Region":"France","Province/State":"Centre-Val de Loire","Code":"24","Population":{"Total":2559073,"Under19":598570,"Under39":541141,"Under59":661150,"Under74":478923,"Over75":279289},"Beds":{"Resuscitation":180,"IntensiveCare":346,"Total":526},"Deaths":510,"Recovered":1761,"Severe":602,"Critical":36,"Emergencies":{"Suspected":14,"Total":1520,"Severe":2,"Suspected/Accumulated":4994,"Total/Accumulated":105123,"Severe/Accumulated":1285},"MedicalActs":{"Suspected":8,"Total":353,"Suspected/Accumulated":1175,"Total/Accumulated":25524},"Confirmed":1157,"MedicalTests":{"Total/Accumulated":20197,"Confirmed/Accumulated":1858}},"geometry":{"type":"Point","coordinates":[1.6429664800000017,47.54357092799999]}},{"type":"Feature","properties":{"Country/Region":"France","Province/State":"Bourgogne-Franche-Comté","Code":"27","Population":{"Total":2783039,"Under19":627017,"Under39":591411,"Under59":715664,"Under74":540051,"Over75":308896},"Beds":{"Resuscitation":198,"IntensiveCare":642,"Total":840},"Deaths":1013,"Recovered":3518,"Severe":390,"Critical":32,"Emergencies":{"Suspected":34,"Total":1920,"Severe":13,"Suspected/Accumulated":10894,"Total/Accumulated":130839,"Severe/Accumulated":4539},"MedicalActs":{"Suspected":16,"Total":196,"Suspected/Accumulated":1919,"Total/Accumulated":21127},"Confirmed":1569,"MedicalTests":{"Total/Accumulated":15673,"Confirmed/Accumulated":1330}},"geometry":{"type":"Point","coordinates":[4.731409826897467,47.2969232490013]}},{"type":"Feature","properties":{"Country/Region":"France","Province/State":"Normandie","Code":"28","Population":{"Total":3303500,"Under19":781337,"Under39":727044,"Under59":842963,"Under74":615474,"Over75":336682},"Beds":{"Resuscitation":240,"IntensiveCare":548,"Total":788},"Deaths":420,"Recovered":1486,"Severe":329,"Critical":21,"Emergencies":{"Suspected":20,"Total":2057,"Severe":13,"Suspected/Accumulated":4502,"Total/Accumulated":143014,"Severe/Accumulated":1840},"MedicalActs":{"Suspected":15,"Total":395,"Suspected/Accumulated":2794,"Total/Accumulated":35814},"Confirmed":912,"MedicalTests":{"Total/Accumulated":17253,"Confirmed/Accumulated":1385}},"geometry":{"type":"Point","coordinates":[-0.022673401869158984,49.066630336448576]}},{"type":"Feature","properties":{"Country/Region":"France","Province/State":"Hauts-de-France","Code":"32","Population":{"Total":5962662,"Under19":1525538,"Under39":1443348,"Under59":1522690,"Under74":994313,"Over75":476773},"Beds":{"Resuscitation":438,"IntensiveCare":1338,"Total":1776},"Deaths":1745,"Recovered":5740,"Severe":1406,"Critical":115,"Emergencies":{"Suspected":41,"Total":3094,"Severe":14,"Suspected/Accumulated":12087,"Total/Accumulated":222173,"Severe/Accumulated":4373},"MedicalActs":{"Suspected":14,"Total":752,"Suspected/Accumulated":3965,"Total/Accumulated":66463},"Confirmed":3011,"MedicalTests":{"Total/Accumulated":31790,"Confirmed/Accumulated":3410}},"geometry":{"type":"Point","coordinates":[2.8852615671641804,49.86155781716422]}},{"type":"Feature","properties":{"Country/Region":"France","Province/State":"Grand Est","Code":"44","Population":{"Total":5511747,"Under19":1258123,"Under39":1291962,"Under59":1448828,"Under74":988178,"Over75":524656},"Beds":{"Resuscitation":465,"IntensiveCare":840,"Total":1305},"Deaths":3443,"Recovered":10973,"Severe":1961,"Critical":146,"Emergencies":{"Suspected":32,"Total":3128,"Severe":9,"Suspected/Accumulated":16936,"Total/Accumulated":220191,"Severe/Accumulated":8280},"MedicalActs":{"Suspected":14,"Total":489,"Suspected/Accumulated":6172,"Total/Accumulated":58917},"Confirmed":5479,"MedicalTests":{"Total/Accumulated":24982,"Confirmed/Accumulated":3702}},"geometry":{"type":"Point","coordinates":[5.509890203045682,48.670969771573546]}},{"type":"Feature","properties":{"Country/Region":"France","Province/State":"Pays de la Loire","Code":"52","Population":{"Total":3801797,"Under19":933509,"Under39":853729,"Under59":970508,"Under74":667531,"Over75":376520},"Beds":{"Resuscitation":181,"IntensiveCare":572,"Total":753},"Deaths":441,"Recovered":1766,"Severe":376,"Critical":21,"Emergencies":{"Suspected":53,"Total":1890,"Severe":34,"Suspected/Accumulated":7766,"Total/Accumulated":122299,"Severe/Accumulated":3866},"MedicalActs":{"Suspected":21,"Total":454,"Suspected/Accumulated":2987,"Total/Accumulated":40352},"Confirmed":1630,"MedicalTests":{"Total/Accumulated":1941,"Confirmed/Accumulated":78}},"geometry":{"type":"Point","coordinates":[-0.8763313771517983,47.44186302034428]}},{"type":"Feature","properties":{"Country/Region":"France","Province/State":"Bretagne","Code":"53","Population":{"Total":3340379,"Under19":773631,"Under39":714512,"Under59":866988,"Under74":632104,"Over75":353144},"Beds":{"Resuscitation":162,"IntensiveCare":462,"Total":624},"Deaths":252,"Recovered":1150,"Severe":189,"Critical":16,"Emergencies":{"Suspected":28,"Total":1956,"Severe":10,"Suspected/Accumulated":5074,"Total/Accumulated":132518,"Severe/Accumulated":2088},"MedicalActs":{"Suspected":12,"Total":327,"Suspected/Accumulated":1280,"Total/Accumulated":30343},"Confirmed":962,"MedicalTests":{"Total/Accumulated":698,"Confirmed/Accumulated":25}},"geometry":{"type":"Point","coordinates":[-3.104342941176476,48.146701189258316]}},{"type":"Feature","properties":{"Country/Region":"France","Province/State":"Nouvelle-Aquitaine","Code":"75","Population":{"Total":5999982,"Under19":1293321,"Under39":1274746,"Under59":1561754,"Under74":1177229,"Over75":692932},"Beds":{"Resuscitation":412,"IntensiveCare":946,"Total":1358},"Deaths":398,"Recovered":1969,"Severe":256,"Critical":32,"Emergencies":{"Suspected":31,"Total":3617,"Severe":14,"Suspected/Accumulated":9991,"Total/Accumulated":251110,"Severe/Accumulated":4309},"MedicalActs":{"Suspected":33,"Total":1140,"Suspected/Accumulated":6868,"Total/Accumulated":97963},"Confirmed":1007,"MedicalTests":{"Total/Accumulated":33043,"Confirmed/Accumulated":961}},"geometry":{"type":"Point","coordinates":[0.16186906163753495,45.156971701931916]}},{"type":"Feature","properties":{"Country/Region":"France","Province/State":"Occitanie","Code":"76","Population":{"Total":5924858,"Under19":1320456,"Under39":1330125,"Under59":1526711,"Under74":1099893,"Over75":647673},"Beds":{"Resuscitation":474,"IntensiveCare":1206,"Total":1680},"Deaths":497,"Recovered":2697,"Severe":240,"Critical":38,"Emergencies":{"Suspected":30,"Total":3712,"Severe":12,"Suspected/Accumulated":8358,"Total/Accumulated":255152,"Severe/Accumulated":3771},"MedicalActs":{"Suspected":9,"Total":296,"Suspected/Accumulated":2687,"Total/Accumulated":35294},"Confirmed":2374,"MedicalTests":{"Total/Accumulated":83743,"Confirmed/Accumulated":2680}},"geometry":{"type":"Point","coordinates":[1.988214846153848,43.761180626373644]}},{"type":"Feature","properties":{"Country/Region":"France","Province/State":"Auvergne-Rhône-Alpes","Code":"84","Population":{"Total":8032377,"Under19":1940253,"Under39":1900702,"Under59":2079813,"Under74":1340003,"Over75":771606},"Beds":{"Resuscitation":559,"IntensiveCare":1136,"Total":1695},"Deaths":1685,"Recovered":7058,"Severe":1128,"Critical":116,"Emergencies":{"Suspected":25,"Total":4793,"Severe":12,"Suspected/Accumulated":16250,"Total/Accumulated":320648,"Severe/Accumulated":6928},"MedicalActs":{"Suspected":30,"Total":886,"Suspected/Accumulated":6682,"Total/Accumulated":76697},"Confirmed":2093,"MedicalTests":{"Total/Accumulated":27674,"Confirmed/Accumulated":2153}},"geometry":{"type":"Point","coordinates":[4.515179591651545,45.475403602540794]}},{"type":"Feature","properties":{"Country/Region":"France","Province/State":"Guadeloupe","Code":"01","Population":{"Total":376879,"Under19":90617,"Under39":71707,"Under59":109452,"Under74":70936,"Over75":34167},"Beds":{"Resuscitation":27,"IntensiveCare":68,"Total":95},"Deaths":19,"Recovered":73,"Severe":13,"Critical":1,"Emergencies":{"Total":190,"Suspected/Accumulated":298,"Total/Accumulated":16222,"Severe/Accumulated":102},"Confirmed":106,"MedicalTests":{"Total/Accumulated":51,"Confirmed/Accumulated":17}},"geometry":{"type":"Point","coordinates":[-61.493846272189366,16.20469674556213]}},{"type":"Feature","properties":{"Country/Region":"France","Province/State":"Martinique","Code":"02","Population":{"Total":358749,"Under19":77005,"Under39":65776,"Under59":105638,"Under74":72163,"Over75":38167},"Beds":{"Resuscitation":26,"IntensiveCare":58,"Total":84},"Deaths":14,"Recovered":85,"Severe":13,"Critical":2,"MedicalActs":{"Total":102,"Suspected/Accumulated":146,"Total/Accumulated":9351},"Confirmed":111,"MedicalTests":{"Total/Accumulated":29,"Confirmed/Accumulated":6}},"geometry":{"type":"Point","coordinates":[-60.98265692913386,14.6217557480315]}},{"type":"Feature","properties":{"Country/Region":"France","Province/State":"Provence-Alpes-Côte d'Azur","Code":"93","Population":{"Total":5055651,"Under19":1128765,"Under39":1109058,"Under59":1309879,"Under74":927347,"Over75":580602},"Beds":{"Resuscitation":460,"IntensiveCare":802,"Total":1262},"Deaths":908,"Recovered":4918,"Severe":867,"Critical":74,"Emergencies":{"Suspected":14,"Total":3490,"Severe":6,"Suspected/Accumulated":10660,"Total/Accumulated":252608,"Severe/Accumulated":5488},"MedicalActs":{"Suspected":17,"Total":686,"Suspected/Accumulated":5756,"Total/Accumulated":69541},"Confirmed":1927,"MedicalTests":{"Total/Accumulated":80858,"Confirmed/Accumulated":4204}},"geometry":{"type":"Point","coordinates":[5.940587832647462,43.96417941015098]}},{"type":"Feature","properties":{"Country/Region":"France","Province/State":"Corse","Code":"94","Population":{"Total":344679,"Under19":68555,"Under39":76985,"Under59":93175,"Under74":65675,"Over75":40289},"Beds":{"Resuscitation":18,"IntensiveCare":42,"Total":60},"Deaths":58,"Recovered":228,"Severe":27,"Critical":5,"Emergencies":{"Suspected":4,"Total":198,"Severe":3,"Suspected/Accumulated":2111,"Total/Accumulated":15081,"Severe/Accumulated":2019},"MedicalActs":{"Total":14,"Suspected/Accumulated":479,"Total/Accumulated":3776},"Confirmed":263},"geometry":{"type":"Point","coordinates":[9.019688964401293,42.118564077669916]}},{"type":"Feature","properties":{"Country/Region":"France","Province/State":"Guyane","Code":"03","Population":{"Total":290691,"Under19":120681,"Under39":80023,"Under59":61783,"Under74":22111,"Over75":6093},"Beds":{"Resuscitation":13,"IntensiveCare":12,"Total":25},"Deaths":1,"Recovered":82,"Severe":28,"Critical":3,"Emergencies":{"Suspected":3,"Total":246,"Severe":2,"Suspected/Accumulated":265,"Total/Accumulated":16731,"Severe/Accumulated":59},"Confirmed":43,"MedicalTests":{"Total/Accumulated":35,"Confirmed/Accumulated":4}},"geometry":{"type":"Point","coordinates":[-53.41731165390502,3.588901056661561]}},{"type":"Feature","properties":{"Country/Region":"France","Province/State":"La Réunion","Code":"04","Population":{"Total":859959,"Under19":256143,"Under39":202783,"Under59":239212,"Under74":117045,"Over75":44776},"Beds":{"Resuscitation":52,"IntensiveCare":154,"Total":206},"Deaths":1,"Recovered":119,"Severe":23,"Critical":4,"Emergencies":{"Suspected":1,"Total":383,"Suspected/Accumulated":272,"Total/Accumulated":32869,"Severe/Accumulated":188},"Confirmed":94,"MedicalTests":{"Total/Accumulated":19,"Confirmed/Accumulated":1}},"geometry":{"type":"Point","coordinates":[55.52943947368424,-21.1374047368421]}},{"type":"Feature","properties":{"Country/Region":"France","Province/State":"Mayotte","Code":"06","Population":{"Total":279471,"Under19":150257,"Under39":74348,"Under59":42900,"Under74":9521,"Over75":2445},"Beds":{"Resuscitation":6,"IntensiveCare":0,"Total":6},"Deaths":21,"Recovered":258,"Severe":33,"Critical":10,"Emergencies":{"Suspected":16,"Total":136,"Severe":3,"Suspected/Accumulated":1376,"Total/Accumulated":9653,"Severe/Accumulated":202},"Confirmed":128,"MedicalTests":{"Total/Accumulated":4,"Confirmed/Accumulated":1}},"geometry":{"type":"Point","coordinates":[45.14160071428572,-12.835344166666673]}}]}