{"type":"FeatureCollection","features":[{"type":"Feature","properties":{"Country/Region":"France","Province/State":"Île-de-France","Code":"11","Population":{"Total":12278210,"Under19":3140965,"Under39":3409765,"Under59":3210447,"Under74":1658207,"Over75":858826},"Beds":{"Resuscitation":1147,"IntensiveCare":2512,"Total":3659},"Deaths":7425,"Recovered":27420,"Severe":4038,"Critical":313,"Emergencies":{"Suspected":31,"Total":6893,"Severe":10,"Suspected/Accumulated":52924,"Total/Accumulated":620293,"Severe/Accumulated":16170},"MedicalActs":{"Suspected":25,"Total":1078,"Suspected/Accumulated":12921,"Total/Accumulated":146134},"PCRTests":{"Total":10153,"Confirmed":148,"Total/Accumulated":305276,"Confirmed/Accumulated":6439},"Confirmed":7660,"MedicalTests":{"Total/Accumulated":85340,"Confirmed/Accumulated":18277}},"geometry":{"type":"Point","coordinates":[2.5292589766081885,48.704415292397634]}},{"type":"Feature","properties":{"Country/Region":"France","Province/State":"Centre-Val de Loire","Code":"24","Population":{"Total":2559073,"Under19":598570,"Under39":541141,"Under59":661150,"Under74":478923,"Over75":279289},"Beds":{"Resuscitation":180,"IntensiveCare":346,"Total":526},"Deaths":545,"Recovered":1939,"Severe":426,"Critical":18,"Emergencies":{"Suspected":9,"Total":1638,"Severe":1,"Suspected/Accumulated":5176,"Total/Accumulated":138168,"Severe/Accumulated":1326},"MedicalActs":{"Suspected":2,"Total":289,"Suspected/Accumulated":1290,"Total/Accumulated":32593},"PCRTests":{"Total":1451,"Confirmed":18,"Total/Accumulated":50596,"Confirmed/Accumulated":764},"Confirmed":1157,"MedicalTests":{"Total/Accumulated":20197,"Confirmed/Accumulated":1858}},"geometry":{"type":"Point","coordinates":[1.6429664800000017,47.54357092799999]}},{"type":"Feature","properties":{"Country/Region":"France","Province/State":"Bourgogne-Franche-Comté","Code":"27","Population":{"Total":2783039,"Under19":627017,"Under39":591411,"Under59":715664,"Under74":540051,"Over75":308896},"Beds":{"Resuscitation":198,"IntensiveCare":642,"Total":840},"Deaths":1037,"Recovered":3821,"Severe":158,"Critical":12,"Emergencies":{"Suspected":12,"Total":2002,"Severe":6,"Suspected/Accumulated":11268,"Total/Accumulated":173985,"Severe/Accumulated":4748},"MedicalActs":{"Suspected":7,"Total":191,"Suspected/Accumulated":2056,"Total/Accumulated":25949},"PCRTests":{"Total":1677,"Confirmed":7,"Total/Accumulated":64573,"Confirmed/Accumulated":634},"Confirmed":1569,"MedicalTests":{"Total/Accumulated":15673,"Confirmed/Accumulated":1330}},"geometry":{"type":"Point","coordinates":[4.731409826897467,47.2969232490013]}},{"type":"Feature","properties":{"Country/Region":"France","Province/State":"Normandie","Code":"28","Population":{"Total":3303500,"Under19":781337,"Under39":727044,"Under59":842963,"Under74":615474,"Over75":336682},"Beds":{"Resuscitation":240,"IntensiveCare":548,"Total":788},"Deaths":431,"Recovered":1626,"Severe":233,"Critical":8,"Emergencies":{"Suspected":8,"Total":2231,"Severe":7,"Suspected/Accumulated":4686,"Total/Accumulated":188943,"Severe/Accumulated":1970},"MedicalActs":{"Suspected":15,"Total":336,"Suspected/Accumulated":3101,"Total/Accumulated":44512},"PCRTests":{"Total":2921,"Confirmed":17,"Total/Accumulated":63941,"Confirmed/Accumulated":610},"Confirmed":912,"MedicalTests":{"Total/Accumulated":17253,"Confirmed/Accumulated":1385}},"geometry":{"type":"Point","coordinates":[-0.022673401869158984,49.066630336448576]}},{"type":"Feature","properties":{"Country/Region":"France","Province/State":"Hauts-de-France","Code":"32","Population":{"Total":5962662,"Under19":1525538,"Under39":1443348,"Under59":1522690,"Under74":994313,"Over75":476773},"Beds":{"Resuscitation":438,"IntensiveCare":1338,"Total":1776},"Deaths":1827,"Recovered":6271,"Severe":1023,"Critical":67,"Emergencies":{"Suspected":22,"Total":3411,"Severe":5,"Suspected/Accumulated":12517,"Total/Accumulated":295046,"Severe/Accumulated":4555},"MedicalActs":{"Suspected":15,"Total":788,"Suspected/Accumulated":4257,"Total/Accumulated":82421},"PCRTests":{"Total":3918,"Confirmed":59,"Total/Accumulated":132337,"Confirmed/Accumulated":2679},"Confirmed":3011,"MedicalTests":{"Total/Accumulated":31790,"Confirmed/Accumulated":3410}},"geometry":{"type":"Point","coordinates":[2.8852615671641804,49.86155781716422]}},{"type":"Feature","properties":{"Country/Region":"France","Province/State":"Grand Est","Code":"44","Population":{"Total":5511747,"Under19":1258123,"Under39":1291962,"Under59":1448828,"Under74":988178,"Over75":524656},"Beds":{"Resuscitation":465,"IntensiveCare":840,"Total":1305},"Deaths":3556,"Recovered":12039,"Severe":1177,"Critical":56,"Emergencies":{"Suspected":14,"Total":3269,"Severe":6,"Suspected/Accumulated":17461,"Total/Accumulated":290383,"Severe/Accumulated":8497},"MedicalActs":{"Suspected":8,"Total":488,"Suspected/Accumulated":6552,"Total/Accumulated":71732},"PCRTests":{"Total":5692,"Confirmed":28,"Total/Accumulated":167135,"Confirmed/Accumulated":2813},"Confirmed":5479,"MedicalTests":{"Total/Accumulated":24982,"Confirmed/Accumulated":3702}},"geometry":{"type":"Point","coordinates":[5.509890203045682,48.670969771573546]}},{"type":"Feature","properties":{"Country/Region":"France","Province/State":"Pays de la Loire","Code":"52","Population":{"Total":3801797,"Under19":933509,"Under39":853729,"Under59":970508,"Under74":667531,"Over75":376520},"Beds":{"Resuscitation":181,"IntensiveCare":572,"Total":753},"Deaths":467,"Recovered":2054,"Severe":167,"Critical":5,"Emergencies":{"Suspected":22,"Total":1920,"Severe":16,"Suspected/Accumulated":8259,"Total/Accumulated":162951,"Severe/Accumulated":4218},"MedicalActs":{"Suspected":8,"Total":465,"Suspected/Accumulated":3237,"Total/Accumulated":50771},"PCRTests":{"Total":2123,"Confirmed":16,"Total/Accumulated":71757,"Confirmed/Accumulated":1043},"Confirmed":1630,"MedicalTests":{"Total/Accumulated":1941,"Confirmed/Accumulated":78}},"geometry":{"type":"Point","coordinates":[-0.8763313771517983,47.44186302034428]}},{"type":"Feature","properties":{"Country/Region":"France","Province/State":"Bretagne","Code":"53","Population":{"Total":3340379,"Under19":773631,"Under39":714512,"Under59":866988,"Under74":632104,"Over75":353144},"Beds":{"Resuscitation":162,"IntensiveCare":462,"Total":624},"Deaths":259,"Recovered":1260,"Severe":97,"Critical":3,"Emergencies":{"Suspected":11,"Total":2031,"Severe":1,"Suspected/Accumulated":5411,"Total/Accumulated":174989,"Severe/Accumulated":2195},"MedicalActs":{"Suspected":4,"Total":278,"Suspected/Accumulated":1400,"Total/Accumulated":37239},"PCRTests":{"Total":1125,"Confirmed":6,"Total/Accumulated":47390,"Confirmed/Accumulated":511},"Confirmed":962,"MedicalTests":{"Total/Accumulated":698,"Confirmed/Accumulated":25}},"geometry":{"type":"Point","coordinates":[-3.104342941176476,48.146701189258316]}},{"type":"Feature","properties":{"Country/Region":"France","Province/State":"Nouvelle-Aquitaine","Code":"75","Population":{"Total":5999982,"Under19":1293321,"Under39":1274746,"Under59":1561754,"Under74":1177229,"Over75":692932},"Beds":{"Resuscitation":412,"IntensiveCare":946,"Total":1358},"Deaths":413,"Recovered":2152,"Severe":105,"Critical":12,"Emergencies":{"Suspected":6,"Total":3831,"Severe":3,"Suspected/Accumulated":10267,"Total/Accumulated":332881,"Severe/Accumulated":4441},"MedicalActs":{"Suspected":9,"Total":998,"Suspected/Accumulated":7185,"Total/Accumulated":121204},"PCRTests":{"Total":2452,"Confirmed":14,"Total/Accumulated":102933,"Confirmed/Accumulated":748},"Confirmed":1007,"MedicalTests":{"Total/Accumulated":33043,"Confirmed/Accumulated":961}},"geometry":{"type":"Point","coordinates":[0.16186906163753495,45.156971701931916]}},{"type":"Feature","properties":{"Country/Region":"France","Province/State":"Occitanie","Code":"76","Population":{"Total":5924858,"Under19":1320456,"Under39":1330125,"Under59":1526711,"Under74":1099893,"Over75":647673},"Beds":{"Resuscitation":474,"IntensiveCare":1206,"Total":1680},"Deaths":511,"Recovered":2864,"Severe":85,"Critical":11,"Emergencies":{"Suspected":12,"Total":3887,"Severe":2,"Suspected/Accumulated":8641,"Total/Accumulated":339778,"Severe/Accumulated":3904},"MedicalActs":{"Suspected":6,"Total":288,"Suspected/Accumulated":2860,"Total/Accumulated":43274},"PCRTests":{"Total":3605,"Confirmed":33,"Total/Accumulated":132548,"Confirmed/Accumulated":1116},"Confirmed":2374,"MedicalTests":{"Total/Accumulated":83743,"Confirmed/Accumulated":2680}},"geometry":{"type":"Point","coordinates":[1.988214846153848,43.761180626373644]}},{"type":"Feature","properties":{"Country/Region":"France","Province/State":"Auvergne-Rhône-Alpes","Code":"84","Population":{"Total":8032377,"Under19":1940253,"Under39":1900702,"Under59":2079813,"Under74":1340003,"Over75":771606},"Beds":{"Resuscitation":559,"IntensiveCare":1136,"Total":1695},"Deaths":1729,"Recovered":7649,"Severe":543,"Critical":30,"Emergencies":{"Suspected":21,"Total":4848,"Severe":5,"Suspected/Accumulated":16675,"Total/Accumulated":425870,"Severe/Accumulated":7096},"MedicalActs":{"Suspected":19,"Total":773,"Suspected/Accumulated":7129,"Total/Accumulated":95627},"PCRTests":{"Total":4945,"Confirmed":48,"Total/Accumulated":154101,"Confirmed/Accumulated":1646},"Confirmed":2093,"MedicalTests":{"Total/Accumulated":27674,"Confirmed/Accumulated":2153}},"geometry":{"type":"Point","coordinates":[4.515179591651545,45.475403602540794]}},{"type":"Feature","properties":{"Country/Region":"France","Province/State":"Guadeloupe","Code":"01","Population":{"Total":376879,"Under19":90617,"Under39":71707,"Under59":109452,"Under74":70936,"Over75":34167},"Beds":{"Resuscitation":27,"IntensiveCare":68,"Total":95},"Deaths":19,"Recovered":80,"Severe":8,"Critical":2,"Emergencies":{"Total":227,"Suspected/Accumulated":303,"Total/Accumulated":21302,"Severe/Accumulated":104},"PCRTests":{"Total":263,"Total/Accumulated":5278,"Confirmed/Accumulated":32},"Confirmed":106,"MedicalTests":{"Total/Accumulated":51,"Confirmed/Accumulated":17}},"geometry":{"type":"Point","coordinates":[-61.493846272189366,16.20469674556213]}},{"type":"Feature","properties":{"Country/Region":"France","Province/State":"Martinique","Code":"02","Population":{"Total":358749,"Under19":77005,"Under39":65776,"Under59":105638,"Under74":72163,"Over75":38167},"Beds":{"Resuscitation":26,"IntensiveCare":58,"Total":84},"Deaths":14,"Recovered":89,"Severe":14,"Critical":5,"MedicalActs":{"Total":68,"Suspected/Accumulated":152,"Total/Accumulated":11522},"PCRTests":{"Total":295,"Confirmed":2,"Total/Accumulated":5929,"Confirmed/Accumulated":63},"Confirmed":111,"MedicalTests":{"Total/Accumulated":29,"Confirmed/Accumulated":6}},"geometry":{"type":"Point","coordinates":[-60.98265692913386,14.6217557480315]}},{"type":"Feature","properties":{"Country/Region":"France","Province/State":"Provence-Alpes-Côte d'Azur","Code":"93","Population":{"Total":5055651,"Under19":1128765,"Under39":1109058,"Under59":1309879,"Under74":927347,"Over75":580602},"Beds":{"Resuscitation":460,"IntensiveCare":802,"Total":1262},"Deaths":943,"Recovered":5335,"Severe":568,"Critical":33,"Emergencies":{"Suspected":9,"Total":3821,"Severe":3,"Suspected/Accumulated":11022,"Total/Accumulated":337117,"Severe/Accumulated":5602},"MedicalActs":{"Suspected":18,"Total":637,"Suspected/Accumulated":6114,"Total/Accumulated":86422},"PCRTests":{"Total":4643,"Confirmed":19,"Total/Accumulated":152672,"Confirmed/Accumulated":1533},"Confirmed":1927,"MedicalTests":{"Total/Accumulated":80858,"Confirmed/Accumulated":4204}},"geometry":{"type":"Point","coordinates":[5.940587832647462,43.96417941015098]}},{"type":"Feature","properties":{"Country/Region":"France","Province/State":"Corse","Code":"94","Population":{"Total":344679,"Under19":68555,"Under39":76985,"Under59":93175,"Under74":65675,"Over75":40289},"Beds":{"Resuscitation":18,"IntensiveCare":42,"Total":60},"Deaths":59,"Recovered":244,"Severe":14,"Critical":1,"Emergencies":{"Total":266,"Suspected/Accumulated":2146,"Total/Accumulated":20207,"Severe/Accumulated":2038},"MedicalActs":{"Total":9,"Suspected/Accumulated":486,"Total/Accumulated":4414},"PCRTests":{"Total":232,"Confirmed":1,"Total/Accumulated":8887,"Confirmed/Accumulated":49},"Confirmed":263},"geometry":{"type":"Point","coordinates":[9.019688964401293,42.118564077669916]}},{"type":"Feature","properties":{"Country/Region":"France","Province/State":"Guyane","Code":"03","Population":{"Total":290691,"Under19":120681,"Under39":80023,"Under59":61783,"Under74":22111,"Over75":6093},"Beds":{"Resuscitation":13,"IntensiveCare":12,"Total":25},"Deaths":11,"Recovered":311,"Severe":128,"Critical":21,"Emergencies":{"Suspected":38,"Total":177,"Severe":13,"Suspected/Accumulated":812,"Total/Accumulated":21159,"Severe/Accumulated":298},"PCRTests":{"Total":742,"Confirmed":143,"Total/Accumulated":9757,"Confirmed/Accumulated":2339},"Confirmed":43,"MedicalTests":{"Total/Accumulated":35,"Confirmed/Accumulated":4}},"geometry":{"type":"Point","coordinates":[-53.41731165390502,3.588901056661561]}},{"type":"Feature","properties":{"Country/Region":"France","Province/State":"La Réunion","Code":"04","Population":{"Total":859959,"Under19":256143,"Under39":202783,"Under59":239212,"Under74":117045,"Over75":44776},"Beds":{"Resuscitation":52,"IntensiveCare":154,"Total":206},"Deaths":1,"Recovered":136,"Severe":21,"Critical":3,"Emergencies":{"Suspected":1,"Total":387,"Severe":1,"Suspected/Accumulated":276,"Total/Accumulated":42152,"Severe/Accumulated":191},"PCRTests":{"Total":566,"Confirmed":3,"Total/Accumulated":21140,"Confirmed/Accumulated":80},"Confirmed":94,"MedicalTests":{"Total/Accumulated":19,"Confirmed/Accumulated":1}},"geometry":{"type":"Point","coordinates":[55.52943947368424,-21.1374047368421]}},{"type":"Feature","properties":{"Country/Region":"France","Province/State":"Mayotte","Code":"06","Population":{"Total":279471,"Under19":150257,"Under39":74348,"Under59":42900,"Under74":9521,"Over75":2445},"Beds":{"Resuscitation":6,"IntensiveCare":0,"Total":6},"Deaths":27,"Recovered":349,"Severe":36,"Critical":6,"Emergencies":{"Suspected":23,"Total":116,"Severe":2,"Suspected/Accumulated":1745,"Total/Accumulated":12336,"Severe/Accumulated":233},"PCRTests":{"Total":145,"Confirmed":10,"Total/Accumulated":3917,"Confirmed/Accumulated":854},"Confirmed":128,"MedicalTests":{"Total/Accumulated":4,"Confirmed/Accumulated":1}},"geometry":{"type":"Point","coordinates":[45.14160071428572,-12.835344166666673]}}]}