{"type":"FeatureCollection","features":[{"type":"Feature","properties":{"Country/Region":"France","Province/State":"Île-de-France","Code":"11","Population":{"Total":12278210,"Under19":3140965,"Under39":3409765,"Under59":3210447,"Under74":1658207,"Over75":858826},"Beds":{"Resuscitation":1147,"IntensiveCare":2512,"Total":3659},"Deaths":9829,"Recovered":43886,"Severe":6651,"Critical":1138,"Emergencies":{"Suspected":319,"Total":5911,"Severe":146,"Suspected/Accumulated":81931,"Total/Accumulated":1532558,"Severe/Accumulated":24923},"MedicalActs":{"Suspected":95,"Total":1399,"Suspected/Accumulated":30311,"Total/Accumulated":346073},"PCRTests":{"Total":49204,"Confirmed":5588,"Total/Accumulated":3874223,"Confirmed/Accumulated":418993},"Confirmed":7660,"MedicalTests":{"Total/Accumulated":85340,"Confirmed/Accumulated":18277}},"geometry":{"type":"Point","coordinates":[2.5292589766081885,48.704415292397634]}},{"type":"Feature","properties":{"Country/Region":"France","Province/State":"Centre-Val de Loire","Code":"24","Population":{"Total":2559073,"Under19":598570,"Under39":541141,"Under59":661150,"Under74":478923,"Over75":279289},"Beds":{"Resuscitation":180,"IntensiveCare":346,"Total":526},"Deaths":809,"Recovered":3531,"Severe":1028,"Critical":156,"Emergencies":{"Suspected":47,"Total":1164,"Severe":12,"Suspected/Accumulated":7941,"Total/Accumulated":338584,"Severe/Accumulated":2149},"MedicalActs":{"Suspected":31,"Total":421,"Suspected/Accumulated":4018,"Total/Accumulated":91098},"PCRTests":{"Total":12318,"Confirmed":1211,"Total/Accumulated":644542,"Confirmed/Accumulated":49258},"Confirmed":1157,"MedicalTests":{"Total/Accumulated":20197,"Confirmed/Accumulated":1858}},"geometry":{"type":"Point","coordinates":[1.6429664800000017,47.54357092799999]}},{"type":"Feature","properties":{"Country/Region":"France","Province/State":"Bourgogne-Franche-Comté","Code":"27","Population":{"Total":2783039,"Under19":627017,"Under39":591411,"Under59":715664,"Under74":540051,"Over75":308896},"Beds":{"Resuscitation":198,"IntensiveCare":642,"Total":840},"Deaths":1480,"Recovered":5869,"Severe":1727,"Critical":238,"Emergencies":{"Suspected":149,"Total":1691,"Severe":76,"Suspected/Accumulated":17404,"Total/Accumulated":446181,"Severe/Accumulated":7446},"MedicalActs":{"Suspected":25,"Total":235,"Suspected/Accumulated":4877,"Total/Accumulated":65172},"PCRTests":{"Total":18962,"Confirmed":2211,"Total/Accumulated":797018,"Confirmed/Accumulated":72090},"Confirmed":1569,"MedicalTests":{"Total/Accumulated":15673,"Confirmed/Accumulated":1330}},"geometry":{"type":"Point","coordinates":[4.731409826897467,47.2969232490013]}},{"type":"Feature","properties":{"Country/Region":"France","Province/State":"Normandie","Code":"28","Population":{"Total":3303500,"Under19":781337,"Under39":727044,"Under59":842963,"Under74":615474,"Over75":336682},"Beds":{"Resuscitation":240,"IntensiveCare":548,"Total":788},"Deaths":859,"Recovered":3526,"Severe":1386,"Critical":173,"Emergencies":{"Suspected":48,"Total":1910,"Severe":26,"Suspected/Accumulated":8245,"Total/Accumulated":477831,"Severe/Accumulated":3805},"MedicalActs":{"Suspected":42,"Total":496,"Suspected/Accumulated":8408,"Total/Accumulated":114589},"PCRTests":{"Total":14485,"Confirmed":1359,"Total/Accumulated":814859,"Confirmed/Accumulated":63452},"Confirmed":912,"MedicalTests":{"Total/Accumulated":17253,"Confirmed/Accumulated":1385}},"geometry":{"type":"Point","coordinates":[-0.022673401869158984,49.066630336448576]}},{"type":"Feature","properties":{"Country/Region":"France","Province/State":"Hauts-de-France","Code":"32","Population":{"Total":5962662,"Under19":1525538,"Under39":1443348,"Under59":1522690,"Under74":994313,"Over75":476773},"Beds":{"Resuscitation":438,"IntensiveCare":1338,"Total":1776},"Deaths":2908,"Recovered":11707,"Severe":3194,"Critical":513,"Emergencies":{"Suspected":141,"Total":2779,"Severe":66,"Suspected/Accumulated":19709,"Total/Accumulated":725531,"Severe/Accumulated":7438},"MedicalActs":{"Suspected":49,"Total":1013,"Suspected/Accumulated":12065,"Total/Accumulated":224494},"PCRTests":{"Total":36156,"Confirmed":3769,"Total/Accumulated":1928354,"Confirmed/Accumulated":192785},"Confirmed":3011,"MedicalTests":{"Total/Accumulated":31790,"Confirmed/Accumulated":3410}},"geometry":{"type":"Point","coordinates":[2.8852615671641804,49.86155781716422]}},{"type":"Feature","properties":{"Country/Region":"France","Province/State":"Grand Est","Code":"44","Population":{"Total":5511747,"Under19":1258123,"Under39":1291962,"Under59":1448828,"Under74":988178,"Over75":524656},"Beds":{"Resuscitation":465,"IntensiveCare":840,"Total":1305},"Deaths":4172,"Recovered":15707,"Severe":2278,"Critical":319,"Emergencies":{"Suspected":175,"Total":2704,"Severe":120,"Suspected/Accumulated":22952,"Total/Accumulated":721190,"Severe/Accumulated":11488},"MedicalActs":{"Suspected":47,"Total":598,"Suspected/Accumulated":11571,"Total/Accumulated":164216},"PCRTests":{"Total":34144,"Confirmed":3337,"Total/Accumulated":1700665,"Confirmed/Accumulated":111211},"Confirmed":5479,"MedicalTests":{"Total/Accumulated":24982,"Confirmed/Accumulated":3702}},"geometry":{"type":"Point","coordinates":[5.509890203045682,48.670969771573546]}},{"type":"Feature","properties":{"Country/Region":"France","Province/State":"Pays de la Loire","Code":"52","Population":{"Total":3801797,"Under19":933509,"Under39":853729,"Under59":970508,"Under74":667531,"Over75":376520},"Beds":{"Resuscitation":181,"IntensiveCare":572,"Total":753},"Deaths":775,"Recovered":3872,"Severe":1042,"Critical":163,"Emergencies":{"Suspected":88,"Total":1590,"Severe":63,"Suspected/Accumulated":12816,"Total/Accumulated":416519,"Severe/Accumulated":6793},"MedicalActs":{"Suspected":23,"Total":450,"Suspected/Accumulated":7313,"Total/Accumulated":123865},"PCRTests":{"Total":18300,"Confirmed":1615,"Total/Accumulated":1003343,"Confirmed/Accumulated":69153},"Confirmed":1630,"MedicalTests":{"Total/Accumulated":1941,"Confirmed/Accumulated":78}},"geometry":{"type":"Point","coordinates":[-0.8763313771517983,47.44186302034428]}},{"type":"Feature","properties":{"Country/Region":"France","Province/State":"Bretagne","Code":"53","Population":{"Total":3340379,"Under19":773631,"Under39":714512,"Under59":866988,"Under74":632104,"Over75":353144},"Beds":{"Resuscitation":162,"IntensiveCare":462,"Total":624},"Deaths":429,"Recovered":2277,"Severe":707,"Critical":119,"Emergencies":{"Suspected":55,"Total":1611,"Severe":30,"Suspected/Accumulated":8593,"Total/Accumulated":442758,"Severe/Accumulated":3368},"MedicalActs":{"Suspected":25,"Total":317,"Suspected/Accumulated":4463,"Total/Accumulated":92296},"PCRTests":{"Total":13918,"Confirmed":857,"Total/Accumulated":777398,"Confirmed/Accumulated":43124},"Confirmed":962,"MedicalTests":{"Total/Accumulated":698,"Confirmed/Accumulated":25}},"geometry":{"type":"Point","coordinates":[-3.104342941176476,48.146701189258316]}},{"type":"Feature","properties":{"Country/Region":"France","Province/State":"Nouvelle-Aquitaine","Code":"75","Population":{"Total":5999982,"Under19":1293321,"Under39":1274746,"Under59":1561754,"Under74":1177229,"Over75":692932},"Beds":{"Resuscitation":412,"IntensiveCare":946,"Total":1358},"Deaths":884,"Recovered":4504,"Severe":1733,"Critical":251,"Emergencies":{"Suspected":119,"Total":3031,"Severe":80,"Suspected/Accumulated":15833,"Total/Accumulated":854070,"Severe/Accumulated":7304},"MedicalActs":{"Suspected":65,"Total":1170,"Suspected/Accumulated":16906,"Total/Accumulated":295316},"PCRTests":{"Total":33425,"Confirmed":2449,"Total/Accumulated":1469301,"Confirmed/Accumulated":97991},"Confirmed":1007,"MedicalTests":{"Total/Accumulated":33043,"Confirmed/Accumulated":961}},"geometry":{"type":"Point","coordinates":[0.16186906163753495,45.156971701931916]}},{"type":"Feature","properties":{"Country/Region":"France","Province/State":"Occitanie","Code":"76","Population":{"Total":5924858,"Under19":1320456,"Under39":1330125,"Under59":1526711,"Under74":1099893,"Over75":647673},"Beds":{"Resuscitation":474,"IntensiveCare":1206,"Total":1680},"Deaths":1247,"Recovered":6542,"Severe":2192,"Critical":391,"Emergencies":{"Suspected":139,"Total":3128,"Severe":77,"Suspected/Accumulated":16339,"Total/Accumulated":870844,"Severe/Accumulated":7415},"MedicalActs":{"Suspected":20,"Total":343,"Suspected/Accumulated":6523,"Total/Accumulated":102805},"PCRTests":{"Total":35702,"Confirmed":2728,"Total/Accumulated":1740029,"Confirmed/Accumulated":148250},"Confirmed":2374,"MedicalTests":{"Total/Accumulated":83743,"Confirmed/Accumulated":2680}},"geometry":{"type":"Point","coordinates":[1.988214846153848,43.761180626373644]}},{"type":"Feature","properties":{"Country/Region":"France","Province/State":"Auvergne-Rhône-Alpes","Code":"84","Population":{"Total":8032377,"Under19":1940253,"Under39":1900702,"Under59":2079813,"Under74":1340003,"Over75":771606},"Beds":{"Resuscitation":559,"IntensiveCare":1136,"Total":1695},"Deaths":3727,"Recovered":16661,"Severe":7006,"Critical":844,"Emergencies":{"Suspected":395,"Total":3826,"Severe":222,"Suspected/Accumulated":34820,"Total/Accumulated":1084782,"Severe/Accumulated":15232},"MedicalActs":{"Suspected":138,"Total":939,"Suspected/Accumulated":21523,"Total/Accumulated":231598},"PCRTests":{"Total":47182,"Confirmed":7861,"Total/Accumulated":2418669,"Confirmed/Accumulated":336766},"Confirmed":2093,"MedicalTests":{"Total/Accumulated":27674,"Confirmed/Accumulated":2153}},"geometry":{"type":"Point","coordinates":[4.515179591651545,45.475403602540794]}},{"type":"Feature","properties":{"Country/Region":"France","Province/State":"Guadeloupe","Code":"01","Population":{"Total":376879,"Under19":90617,"Under39":71707,"Under59":109452,"Under74":70936,"Over75":34167},"Beds":{"Resuscitation":27,"IntensiveCare":68,"Total":95},"Deaths":152,"Recovered":645,"Severe":135,"Critical":12,"Emergencies":{"Suspected":3,"Total":245,"Severe":1,"Suspected/Accumulated":1611,"Total/Accumulated":52452,"Severe/Accumulated":734},"PCRTests":{"Total":534,"Confirmed":28,"Total/Accumulated":66787,"Confirmed/Accumulated":7939},"Confirmed":106,"MedicalTests":{"Total/Accumulated":51,"Confirmed/Accumulated":17}},"geometry":{"type":"Point","coordinates":[-61.493846272189366,16.20469674556213]}},{"type":"Feature","properties":{"Country/Region":"France","Province/State":"Martinique","Code":"02","Population":{"Total":358749,"Under19":77005,"Under39":65776,"Under59":105638,"Under74":72163,"Over75":38167},"Beds":{"Resuscitation":26,"IntensiveCare":58,"Total":84},"Deaths":37,"Recovered":249,"Severe":79,"Critical":16,"MedicalActs":{"Suspected":3,"Total":141,"Suspected/Accumulated":573,"Total/Accumulated":27968},"PCRTests":{"Total":838,"Confirmed":76,"Total/Accumulated":78169,"Confirmed/Accumulated":5176},"Confirmed":111,"MedicalTests":{"Total/Accumulated":29,"Confirmed/Accumulated":6}},"geometry":{"type":"Point","coordinates":[-60.98265692913386,14.6217557480315]}},{"type":"Feature","properties":{"Country/Region":"France","Province/State":"Provence-Alpes-Côte d'Azur","Code":"93","Population":{"Total":5055651,"Under19":1128765,"Under39":1109058,"Under59":1309879,"Under74":927347,"Over75":580602},"Beds":{"Resuscitation":460,"IntensiveCare":802,"Total":1262},"Deaths":2134,"Recovered":12678,"Severe":3300,"Critical":512,"Emergencies":{"Suspected":179,"Total":2883,"Severe":121,"Suspected/Accumulated":22186,"Total/Accumulated":867211,"Severe/Accumulated":11643},"MedicalActs":{"Suspected":87,"Total":818,"Suspected/Accumulated":14241,"Total/Accumulated":207231},"PCRTests":{"Total":36485,"Confirmed":2965,"Total/Accumulated":1865559,"Confirmed/Accumulated":160711},"Confirmed":1927,"MedicalTests":{"Total/Accumulated":80858,"Confirmed/Accumulated":4204}},"geometry":{"type":"Point","coordinates":[5.940587832647462,43.96417941015098]}},{"type":"Feature","properties":{"Country/Region":"France","Province/State":"Corse","Code":"94","Population":{"Total":344679,"Under19":68555,"Under39":76985,"Under59":93175,"Under74":65675,"Over75":40289},"Beds":{"Resuscitation":18,"IntensiveCare":42,"Total":60},"Deaths":96,"Recovered":398,"Severe":85,"Critical":15,"Emergencies":{"Suspected":4,"Total":194,"Severe":3,"Suspected/Accumulated":2579,"Total/Accumulated":58784,"Severe/Accumulated":2290},"MedicalActs":{"Suspected":5,"Total":100,"Suspected/Accumulated":1378,"Total/Accumulated":19042},"PCRTests":{"Total":2205,"Confirmed":103,"Total/Accumulated":113218,"Confirmed/Accumulated":6235},"Confirmed":263},"geometry":{"type":"Point","coordinates":[9.019688964401293,42.118564077669916]}},{"type":"Feature","properties":{"Country/Region":"France","Province/State":"Guyane","Code":"03","Population":{"Total":290691,"Under19":120681,"Under39":80023,"Under59":61783,"Under74":22111,"Over75":6093},"Beds":{"Resuscitation":13,"IntensiveCare":12,"Total":25},"Deaths":66,"Recovered":1835,"Severe":15,"Emergencies":{"Suspected":1,"Total":185,"Severe":1,"Suspected/Accumulated":1999,"Total/Accumulated":48941,"Severe/Accumulated":940},"PCRTests":{"Total":619,"Confirmed":45,"Total/Accumulated":73626,"Confirmed/Accumulated":9484},"Confirmed":43,"MedicalTests":{"Total/Accumulated":35,"Confirmed/Accumulated":4}},"geometry":{"type":"Point","coordinates":[-53.41731165390502,3.588901056661561]}},{"type":"Feature","properties":{"Country/Region":"France","Province/State":"La Réunion","Code":"04","Population":{"Total":859959,"Under19":256143,"Under39":202783,"Under59":239212,"Under74":117045,"Over75":44776},"Beds":{"Resuscitation":52,"IntensiveCare":154,"Total":206},"Deaths":37,"Recovered":541,"Severe":83,"Critical":19,"Emergencies":{"Suspected":9,"Total":418,"Severe":7,"Suspected/Accumulated":702,"Total/Accumulated":97229,"Severe/Accumulated":423},"PCRTests":{"Total":2927,"Confirmed":121,"Total/Accumulated":227681,"Confirmed/Accumulated":6919},"Confirmed":94,"MedicalTests":{"Total/Accumulated":19,"Confirmed/Accumulated":1}},"geometry":{"type":"Point","coordinates":[55.52943947368424,-21.1374047368421]}},{"type":"Feature","properties":{"Country/Region":"France","Province/State":"Mayotte","Code":"06","Population":{"Total":279471,"Under19":150257,"Under39":74348,"Under59":42900,"Under74":9521,"Over75":2445},"Beds":{"Resuscitation":6,"IntensiveCare":0,"Total":6},"Deaths":32,"Recovered":495,"Severe":13,"Critical":5,"Emergencies":{"Suspected":1,"Total":94,"Suspected/Accumulated":1947,"Total/Accumulated":27054,"Severe/Accumulated":274},"PCRTests":{"Total":476,"Confirmed":38,"Total/Accumulated":31259,"Confirmed/Accumulated":3223},"Confirmed":128,"MedicalTests":{"Total/Accumulated":4,"Confirmed/Accumulated":1}},"geometry":{"type":"Point","coordinates":[45.14160071428572,-12.835344166666673]}}]}