{"type":"FeatureCollection","features":[{"type":"Feature","properties":{"Country/Region":"France","Province/State":"Île-de-France","Code":"11","Population":{"Total":12278210,"Under19":3140965,"Under39":3409765,"Under59":3210447,"Under74":1658207,"Over75":858826},"Beds":{"Resuscitation":1147,"IntensiveCare":2512,"Total":3659},"Deaths":9464,"Recovered":42458,"Severe":6357,"Critical":1030,"Emergencies":{"Suspected":338,"Total":5400,"Severe":140,"Suspected/Accumulated":80188,"Total/Accumulated":1504063,"Severe/Accumulated":24152},"MedicalActs":{"Suspected":129,"Total":1655,"Suspected/Accumulated":29732,"Total/Accumulated":338588},"PCRTests":{"Total":20027,"Confirmed":2658,"Total/Accumulated":3710398,"Confirmed/Accumulated":398899},"Confirmed":7660,"MedicalTests":{"Total/Accumulated":85340,"Confirmed/Accumulated":18277}},"geometry":{"type":"Point","coordinates":[2.5292589766081885,48.704415292397634]}},{"type":"Feature","properties":{"Country/Region":"France","Province/State":"Centre-Val de Loire","Code":"24","Population":{"Total":2559073,"Under19":598570,"Under39":541141,"Under59":661150,"Under74":478923,"Over75":279289},"Beds":{"Resuscitation":180,"IntensiveCare":346,"Total":526},"Deaths":753,"Recovered":3328,"Severe":850,"Critical":144,"Emergencies":{"Suspected":49,"Total":1095,"Severe":19,"Suspected/Accumulated":7687,"Total/Accumulated":333104,"Severe/Accumulated":2049},"MedicalActs":{"Suspected":33,"Total":432,"Suspected/Accumulated":3887,"Total/Accumulated":89233},"PCRTests":{"Total":5916,"Confirmed":605,"Total/Accumulated":603693,"Confirmed/Accumulated":44835},"Confirmed":1157,"MedicalTests":{"Total/Accumulated":20197,"Confirmed/Accumulated":1858}},"geometry":{"type":"Point","coordinates":[1.6429664800000017,47.54357092799999]}},{"type":"Feature","properties":{"Country/Region":"France","Province/State":"Bourgogne-Franche-Comté","Code":"27","Population":{"Total":2783039,"Under19":627017,"Under39":591411,"Under59":715664,"Under74":540051,"Over75":308896},"Beds":{"Resuscitation":198,"IntensiveCare":642,"Total":840},"Deaths":1338,"Recovered":5501,"Severe":1390,"Critical":192,"Emergencies":{"Suspected":139,"Total":1458,"Severe":74,"Suspected/Accumulated":16651,"Total/Accumulated":438453,"Severe/Accumulated":7044},"MedicalActs":{"Suspected":47,"Total":322,"Suspected/Accumulated":4692,"Total/Accumulated":63814},"PCRTests":{"Total":8292,"Confirmed":1214,"Total/Accumulated":738233,"Confirmed/Accumulated":64226},"Confirmed":1569,"MedicalTests":{"Total/Accumulated":15673,"Confirmed/Accumulated":1330}},"geometry":{"type":"Point","coordinates":[4.731409826897467,47.2969232490013]}},{"type":"Feature","properties":{"Country/Region":"France","Province/State":"Normandie","Code":"28","Population":{"Total":3303500,"Under19":781337,"Under39":727044,"Under59":842963,"Under74":615474,"Over75":336682},"Beds":{"Resuscitation":240,"IntensiveCare":548,"Total":788},"Deaths":764,"Recovered":3249,"Severe":1257,"Critical":158,"Emergencies":{"Suspected":62,"Total":1583,"Severe":30,"Suspected/Accumulated":7975,"Total/Accumulated":469389,"Severe/Accumulated":3649},"MedicalActs":{"Suspected":43,"Total":545,"Suspected/Accumulated":8181,"Total/Accumulated":112164},"PCRTests":{"Total":6303,"Confirmed":677,"Total/Accumulated":762626,"Confirmed/Accumulated":58529},"Confirmed":912,"MedicalTests":{"Total/Accumulated":17253,"Confirmed/Accumulated":1385}},"geometry":{"type":"Point","coordinates":[-0.022673401869158984,49.066630336448576]}},{"type":"Feature","properties":{"Country/Region":"France","Province/State":"Hauts-de-France","Code":"32","Population":{"Total":5962662,"Under19":1525538,"Under39":1443348,"Under59":1522690,"Under74":994313,"Over75":476773},"Beds":{"Resuscitation":438,"IntensiveCare":1338,"Total":1776},"Deaths":2727,"Recovered":11022,"Severe":2886,"Critical":488,"Emergencies":{"Suspected":147,"Total":2417,"Severe":50,"Suspected/Accumulated":19000,"Total/Accumulated":712993,"Severe/Accumulated":7097},"MedicalActs":{"Suspected":69,"Total":986,"Suspected/Accumulated":11742,"Total/Accumulated":220151},"PCRTests":{"Total":19053,"Confirmed":2242,"Total/Accumulated":1807672,"Confirmed/Accumulated":179534},"Confirmed":3011,"MedicalTests":{"Total/Accumulated":31790,"Confirmed/Accumulated":3410}},"geometry":{"type":"Point","coordinates":[2.8852615671641804,49.86155781716422]}},{"type":"Feature","properties":{"Country/Region":"France","Province/State":"Grand Est","Code":"44","Population":{"Total":5511747,"Under19":1258123,"Under39":1291962,"Under59":1448828,"Under74":988178,"Over75":524656},"Beds":{"Resuscitation":465,"IntensiveCare":840,"Total":1305},"Deaths":4031,"Recovered":15246,"Severe":1793,"Critical":247,"Emergencies":{"Suspected":137,"Total":2400,"Severe":99,"Suspected/Accumulated":22207,"Total/Accumulated":708913,"Severe/Accumulated":10984},"MedicalActs":{"Suspected":72,"Total":817,"Suspected/Accumulated":11261,"Total/Accumulated":160879},"PCRTests":{"Total":15596,"Confirmed":1479,"Total/Accumulated":1591889,"Confirmed/Accumulated":100353},"Confirmed":5479,"MedicalTests":{"Total/Accumulated":24982,"Confirmed/Accumulated":3702}},"geometry":{"type":"Point","coordinates":[5.509890203045682,48.670969771573546]}},{"type":"Feature","properties":{"Country/Region":"France","Province/State":"Pays de la Loire","Code":"52","Population":{"Total":3801797,"Under19":933509,"Under39":853729,"Under59":970508,"Under74":667531,"Over75":376520},"Beds":{"Resuscitation":181,"IntensiveCare":572,"Total":753},"Deaths":695,"Recovered":3631,"Severe":915,"Critical":146,"Emergencies":{"Suspected":74,"Total":1444,"Severe":42,"Suspected/Accumulated":12440,"Total/Accumulated":409242,"Severe/Accumulated":6544},"MedicalActs":{"Suspected":23,"Total":513,"Suspected/Accumulated":7196,"Total/Accumulated":121548},"PCRTests":{"Total":8312,"Confirmed":913,"Total/Accumulated":941595,"Confirmed/Accumulated":63221},"Confirmed":1630,"MedicalTests":{"Total/Accumulated":1941,"Confirmed/Accumulated":78}},"geometry":{"type":"Point","coordinates":[-0.8763313771517983,47.44186302034428]}},{"type":"Feature","properties":{"Country/Region":"France","Province/State":"Bretagne","Code":"53","Population":{"Total":3340379,"Under19":773631,"Under39":714512,"Under59":866988,"Under74":632104,"Over75":353144},"Beds":{"Resuscitation":162,"IntensiveCare":462,"Total":624},"Deaths":392,"Recovered":2122,"Severe":615,"Critical":93,"Emergencies":{"Suspected":58,"Total":1509,"Severe":37,"Suspected/Accumulated":8333,"Total/Accumulated":435081,"Severe/Accumulated":3204},"MedicalActs":{"Suspected":32,"Total":449,"Suspected/Accumulated":4352,"Total/Accumulated":90561},"PCRTests":{"Total":7238,"Confirmed":626,"Total/Accumulated":732190,"Confirmed/Accumulated":39872},"Confirmed":962,"MedicalTests":{"Total/Accumulated":698,"Confirmed/Accumulated":25}},"geometry":{"type":"Point","coordinates":[-3.104342941176476,48.146701189258316]}},{"type":"Feature","properties":{"Country/Region":"France","Province/State":"Nouvelle-Aquitaine","Code":"75","Population":{"Total":5999982,"Under19":1293321,"Under39":1274746,"Under59":1561754,"Under74":1177229,"Over75":692932},"Beds":{"Resuscitation":412,"IntensiveCare":946,"Total":1358},"Deaths":783,"Recovered":4172,"Severe":1475,"Critical":213,"Emergencies":{"Suspected":108,"Total":2750,"Severe":70,"Suspected/Accumulated":15247,"Total/Accumulated":839805,"Severe/Accumulated":6905},"MedicalActs":{"Suspected":69,"Total":1316,"Suspected/Accumulated":16590,"Total/Accumulated":289611},"PCRTests":{"Total":11249,"Confirmed":1085,"Total/Accumulated":1363037,"Confirmed/Accumulated":89667},"Confirmed":1007,"MedicalTests":{"Total/Accumulated":33043,"Confirmed/Accumulated":961}},"geometry":{"type":"Point","coordinates":[0.16186906163753495,45.156971701931916]}},{"type":"Feature","properties":{"Country/Region":"France","Province/State":"Occitanie","Code":"76","Population":{"Total":5924858,"Under19":1320456,"Under39":1330125,"Under59":1526711,"Under74":1099893,"Over75":647673},"Beds":{"Resuscitation":474,"IntensiveCare":1206,"Total":1680},"Deaths":1126,"Recovered":6044,"Severe":1975,"Critical":376,"Emergencies":{"Suspected":124,"Total":2821,"Severe":74,"Suspected/Accumulated":15686,"Total/Accumulated":855921,"Severe/Accumulated":7060},"MedicalActs":{"Suspected":50,"Total":534,"Suspected/Accumulated":6384,"Total/Accumulated":100789},"PCRTests":{"Total":11596,"Confirmed":1326,"Total/Accumulated":1628533,"Confirmed/Accumulated":138171},"Confirmed":2374,"MedicalTests":{"Total/Accumulated":83743,"Confirmed/Accumulated":2680}},"geometry":{"type":"Point","coordinates":[1.988214846153848,43.761180626373644]}},{"type":"Feature","properties":{"Country/Region":"France","Province/State":"Auvergne-Rhône-Alpes","Code":"84","Population":{"Total":8032377,"Under19":1940253,"Under39":1900702,"Under59":2079813,"Under74":1340003,"Over75":771606},"Beds":{"Resuscitation":559,"IntensiveCare":1136,"Total":1695},"Deaths":3286,"Recovered":15191,"Severe":6385,"Critical":780,"Emergencies":{"Suspected":386,"Total":3606,"Severe":202,"Suspected/Accumulated":32809,"Total/Accumulated":1066639,"Severe/Accumulated":14100},"MedicalActs":{"Suspected":198,"Total":1098,"Suspected/Accumulated":20753,"Total/Accumulated":226764},"PCRTests":{"Total":19499,"Confirmed":3775,"Total/Accumulated":2255377,"Confirmed/Accumulated":307804},"Confirmed":2093,"MedicalTests":{"Total/Accumulated":27674,"Confirmed/Accumulated":2153}},"geometry":{"type":"Point","coordinates":[4.515179591651545,45.475403602540794]}},{"type":"Feature","properties":{"Country/Region":"France","Province/State":"Guadeloupe","Code":"01","Population":{"Total":376879,"Under19":90617,"Under39":71707,"Under59":109452,"Under74":70936,"Over75":34167},"Beds":{"Resuscitation":27,"IntensiveCare":68,"Total":95},"Deaths":148,"Recovered":640,"Severe":130,"Critical":16,"Emergencies":{"Suspected":2,"Total":210,"Severe":1,"Suspected/Accumulated":1591,"Total/Accumulated":51477,"Severe/Accumulated":723},"PCRTests":{"Total":111,"Confirmed":9,"Total/Accumulated":65043,"Confirmed/Accumulated":7829},"Confirmed":106,"MedicalTests":{"Total/Accumulated":51,"Confirmed/Accumulated":17}},"geometry":{"type":"Point","coordinates":[-61.493846272189366,16.20469674556213]}},{"type":"Feature","properties":{"Country/Region":"France","Province/State":"Martinique","Code":"02","Population":{"Total":358749,"Under19":77005,"Under39":65776,"Under59":105638,"Under74":72163,"Over75":38167},"Beds":{"Resuscitation":26,"IntensiveCare":58,"Total":84},"Deaths":36,"Recovered":228,"Severe":77,"Critical":14,"MedicalActs":{"Suspected":3,"Total":120,"Suspected/Accumulated":556,"Total/Accumulated":27401},"PCRTests":{"Total":318,"Confirmed":30,"Total/Accumulated":75146,"Confirmed/Accumulated":4877},"Confirmed":111,"MedicalTests":{"Total/Accumulated":29,"Confirmed/Accumulated":6}},"geometry":{"type":"Point","coordinates":[-60.98265692913386,14.6217557480315]}},{"type":"Feature","properties":{"Country/Region":"France","Province/State":"Provence-Alpes-Côte d'Azur","Code":"93","Population":{"Total":5055651,"Under19":1128765,"Under39":1109058,"Under59":1309879,"Under74":927347,"Over75":580602},"Beds":{"Resuscitation":460,"IntensiveCare":802,"Total":1262},"Deaths":1874,"Recovered":11875,"Severe":3091,"Critical":481,"Emergencies":{"Suspected":252,"Total":2974,"Severe":152,"Suspected/Accumulated":21132,"Total/Accumulated":853086,"Severe/Accumulated":10961},"MedicalActs":{"Suspected":76,"Total":971,"Suspected/Accumulated":13851,"Total/Accumulated":203020},"PCRTests":{"Total":9576,"Confirmed":1037,"Total/Accumulated":1747488,"Confirmed/Accumulated":149593},"Confirmed":1927,"MedicalTests":{"Total/Accumulated":80858,"Confirmed/Accumulated":4204}},"geometry":{"type":"Point","coordinates":[5.940587832647462,43.96417941015098]}},{"type":"Feature","properties":{"Country/Region":"France","Province/State":"Corse","Code":"94","Population":{"Total":344679,"Under19":68555,"Under39":76985,"Under59":93175,"Under74":65675,"Over75":40289},"Beds":{"Resuscitation":18,"IntensiveCare":42,"Total":60},"Deaths":87,"Recovered":375,"Severe":92,"Critical":16,"Emergencies":{"Suspected":13,"Total":168,"Severe":8,"Suspected/Accumulated":2554,"Total/Accumulated":57968,"Severe/Accumulated":2274},"MedicalActs":{"Suspected":9,"Total":100,"Suspected/Accumulated":1325,"Total/Accumulated":18535},"PCRTests":{"Total":706,"Confirmed":39,"Total/Accumulated":106204,"Confirmed/Accumulated":5906},"Confirmed":263},"geometry":{"type":"Point","coordinates":[9.019688964401293,42.118564077669916]}},{"type":"Feature","properties":{"Country/Region":"France","Province/State":"Guyane","Code":"03","Population":{"Total":290691,"Under19":120681,"Under39":80023,"Under59":61783,"Under74":22111,"Over75":6093},"Beds":{"Resuscitation":13,"IntensiveCare":12,"Total":25},"Deaths":66,"Recovered":1819,"Severe":19,"Emergencies":{"Suspected":2,"Total":168,"Suspected/Accumulated":1994,"Total/Accumulated":48006,"Severe/Accumulated":936},"PCRTests":{"Total":348,"Confirmed":8,"Total/Accumulated":71680,"Confirmed/Accumulated":9366},"Confirmed":43,"MedicalTests":{"Total/Accumulated":35,"Confirmed/Accumulated":4}},"geometry":{"type":"Point","coordinates":[-53.41731165390502,3.588901056661561]}},{"type":"Feature","properties":{"Country/Region":"France","Province/State":"La Réunion","Code":"04","Population":{"Total":859959,"Under19":256143,"Under39":202783,"Under59":239212,"Under74":117045,"Over75":44776},"Beds":{"Resuscitation":52,"IntensiveCare":154,"Total":206},"Deaths":34,"Recovered":518,"Severe":75,"Critical":15,"Emergencies":{"Suspected":2,"Total":398,"Severe":1,"Suspected/Accumulated":668,"Total/Accumulated":95263,"Severe/Accumulated":404},"PCRTests":{"Total":1543,"Confirmed":75,"Total/Accumulated":217844,"Confirmed/Accumulated":6499},"Confirmed":94,"MedicalTests":{"Total/Accumulated":19,"Confirmed/Accumulated":1}},"geometry":{"type":"Point","coordinates":[55.52943947368424,-21.1374047368421]}},{"type":"Feature","properties":{"Country/Region":"France","Province/State":"Mayotte","Code":"06","Population":{"Total":279471,"Under19":150257,"Under39":74348,"Under59":42900,"Under74":9521,"Over75":2445},"Beds":{"Resuscitation":6,"IntensiveCare":0,"Total":6},"Deaths":32,"Recovered":488,"Severe":14,"Critical":1,"Emergencies":{"Total":122,"Suspected/Accumulated":1944,"Total/Accumulated":26474,"Severe/Accumulated":274},"PCRTests":{"Total":128,"Confirmed":13,"Total/Accumulated":29543,"Confirmed/Accumulated":3055},"Confirmed":128,"MedicalTests":{"Total/Accumulated":4,"Confirmed/Accumulated":1}},"geometry":{"type":"Point","coordinates":[45.14160071428572,-12.835344166666673]}}]}