{"type":"FeatureCollection","features":[{"type":"Feature","properties":{"Country/Region":"France","Province/State":"Île-de-France","Code":"11","Population":{"Total":12278210,"Under19":3140965,"Under39":3409765,"Under59":3210447,"Under74":1658207,"Over75":858826},"Beds":{"Resuscitation":1147,"IntensiveCare":2512,"Total":3659},"Deaths":13153,"Recovered":58777,"Severe":5004,"Critical":616,"Emergencies":{"Suspected":180,"Total":6351,"Severe":85,"Suspected/Accumulated":93045,"Total/Accumulated":1976435,"Severe/Accumulated":29859},"MedicalActs":{"Suspected":64,"Total":1648,"Suspected/Accumulated":34680,"Total/Accumulated":462084},"PCRTests":{"Total":69626,"Confirmed":4493,"Total/Accumulated":7658118,"Confirmed/Accumulated":617959},"Confirmed":7660,"MedicalTests":{"Total/Accumulated":85340,"Confirmed/Accumulated":18277}},"geometry":{"type":"Point","coordinates":[2.5292589766081885,48.704415292397634]}},{"type":"Feature","properties":{"Country/Region":"France","Province/State":"Centre-Val de Loire","Code":"24","Population":{"Total":2559073,"Under19":598570,"Under39":541141,"Under59":661150,"Under74":478923,"Over75":279289},"Beds":{"Resuscitation":180,"IntensiveCare":346,"Total":526},"Deaths":1603,"Recovered":6351,"Severe":1090,"Critical":136,"Emergencies":{"Suspected":32,"Total":1233,"Severe":10,"Suspected/Accumulated":10008,"Total/Accumulated":428262,"Severe/Accumulated":2858},"MedicalActs":{"Suspected":22,"Total":328,"Suspected/Accumulated":4887,"Total/Accumulated":116443},"PCRTests":{"Total":12442,"Confirmed":860,"Total/Accumulated":1277564,"Confirmed/Accumulated":88586},"Confirmed":1157,"MedicalTests":{"Total/Accumulated":20197,"Confirmed/Accumulated":1858}},"geometry":{"type":"Point","coordinates":[1.6429664800000017,47.54357092799999]}},{"type":"Feature","properties":{"Country/Region":"France","Province/State":"Bourgogne-Franche-Comté","Code":"27","Population":{"Total":2783039,"Under19":627017,"Under39":591411,"Under59":715664,"Under74":540051,"Over75":308896},"Beds":{"Resuscitation":198,"IntensiveCare":642,"Total":840},"Deaths":3236,"Recovered":11777,"Severe":1826,"Critical":178,"Emergencies":{"Suspected":59,"Total":1736,"Severe":40,"Suspected/Accumulated":22909,"Total/Accumulated":564975,"Severe/Accumulated":10672},"MedicalActs":{"Suspected":10,"Total":275,"Suspected/Accumulated":6016,"Total/Accumulated":85348},"PCRTests":{"Total":14148,"Confirmed":1077,"Total/Accumulated":1643548,"Confirmed/Accumulated":141658},"Confirmed":1569,"MedicalTests":{"Total/Accumulated":15673,"Confirmed/Accumulated":1330}},"geometry":{"type":"Point","coordinates":[4.731409826897467,47.2969232490013]}},{"type":"Feature","properties":{"Country/Region":"France","Province/State":"Normandie","Code":"28","Population":{"Total":3303500,"Under19":781337,"Under39":727044,"Under59":842963,"Under74":615474,"Over75":336682},"Beds":{"Resuscitation":240,"IntensiveCare":548,"Total":788},"Deaths":1813,"Recovered":6982,"Severe":1359,"Critical":103,"Emergencies":{"Suspected":41,"Total":2039,"Severe":26,"Suspected/Accumulated":10304,"Total/Accumulated":612485,"Severe/Accumulated":4963},"MedicalActs":{"Suspected":33,"Total":570,"Suspected/Accumulated":10129,"Total/Accumulated":151148},"PCRTests":{"Total":15907,"Confirmed":928,"Total/Accumulated":1685718,"Confirmed/Accumulated":108732},"Confirmed":912,"MedicalTests":{"Total/Accumulated":17253,"Confirmed/Accumulated":1385}},"geometry":{"type":"Point","coordinates":[-0.022673401869158984,49.066630336448576]}},{"type":"Feature","properties":{"Country/Region":"France","Province/State":"Hauts-de-France","Code":"32","Population":{"Total":5962662,"Under19":1525538,"Under39":1443348,"Under59":1522690,"Under74":994313,"Over75":476773},"Beds":{"Resuscitation":438,"IntensiveCare":1338,"Total":1776},"Deaths":5170,"Recovered":20245,"Severe":2500,"Critical":285,"Emergencies":{"Suspected":84,"Total":2855,"Severe":37,"Suspected/Accumulated":24176,"Total/Accumulated":924666,"Severe/Accumulated":9535},"MedicalActs":{"Suspected":35,"Total":963,"Suspected/Accumulated":14715,"Total/Accumulated":291107},"PCRTests":{"Total":30899,"Confirmed":2113,"Total/Accumulated":3559363,"Confirmed/Accumulated":294835},"Confirmed":3011,"MedicalTests":{"Total/Accumulated":31790,"Confirmed/Accumulated":3410}},"geometry":{"type":"Point","coordinates":[2.8852615671641804,49.86155781716422]}},{"type":"Feature","properties":{"Country/Region":"France","Province/State":"Grand Est","Code":"44","Population":{"Total":5511747,"Under19":1258123,"Under39":1291962,"Under59":1448828,"Under74":988178,"Over75":524656},"Beds":{"Resuscitation":465,"IntensiveCare":840,"Total":1305},"Deaths":6979,"Recovered":24311,"Severe":3040,"Critical":326,"Emergencies":{"Suspected":111,"Total":2750,"Severe":72,"Suspected/Accumulated":30043,"Total/Accumulated":918669,"Severe/Accumulated":16013},"MedicalActs":{"Suspected":36,"Total":573,"Suspected/Accumulated":14139,"Total/Accumulated":212956},"PCRTests":{"Total":30177,"Confirmed":2139,"Total/Accumulated":3485946,"Confirmed/Accumulated":229085},"Confirmed":5479,"MedicalTests":{"Total/Accumulated":24982,"Confirmed/Accumulated":3702}},"geometry":{"type":"Point","coordinates":[5.509890203045682,48.670969771573546]}},{"type":"Feature","properties":{"Country/Region":"France","Province/State":"Pays de la Loire","Code":"52","Population":{"Total":3801797,"Under19":933509,"Under39":853729,"Under59":970508,"Under74":667531,"Over75":376520},"Beds":{"Resuscitation":181,"IntensiveCare":572,"Total":753},"Deaths":1652,"Recovered":7179,"Severe":998,"Critical":92,"Emergencies":{"Suspected":52,"Total":1652,"Severe":34,"Suspected/Accumulated":15609,"Total/Accumulated":533888,"Severe/Accumulated":8546},"MedicalActs":{"Suspected":28,"Total":535,"Suspected/Accumulated":8624,"Total/Accumulated":160578},"PCRTests":{"Total":17622,"Confirmed":957,"Total/Accumulated":1925145,"Confirmed/Accumulated":113418},"Confirmed":1630,"MedicalTests":{"Total/Accumulated":1941,"Confirmed/Accumulated":78}},"geometry":{"type":"Point","coordinates":[-0.8763313771517983,47.44186302034428]}},{"type":"Feature","properties":{"Country/Region":"France","Province/State":"Bretagne","Code":"53","Population":{"Total":3340379,"Under19":773631,"Under39":714512,"Under59":866988,"Under74":632104,"Over75":353144},"Beds":{"Resuscitation":162,"IntensiveCare":462,"Total":624},"Deaths":869,"Recovered":3886,"Severe":656,"Critical":41,"Emergencies":{"Suspected":18,"Total":1731,"Severe":11,"Suspected/Accumulated":10312,"Total/Accumulated":566717,"Severe/Accumulated":4197},"MedicalActs":{"Suspected":13,"Total":320,"Suspected/Accumulated":5404,"Total/Accumulated":118523},"PCRTests":{"Total":13303,"Confirmed":510,"Total/Accumulated":1483704,"Confirmed/Accumulated":66654},"Confirmed":962,"MedicalTests":{"Total/Accumulated":698,"Confirmed/Accumulated":25}},"geometry":{"type":"Point","coordinates":[-3.104342941176476,48.146701189258316]}},{"type":"Feature","properties":{"Country/Region":"France","Province/State":"Nouvelle-Aquitaine","Code":"75","Population":{"Total":5999982,"Under19":1293321,"Under39":1274746,"Under59":1561754,"Under74":1177229,"Over75":692932},"Beds":{"Resuscitation":412,"IntensiveCare":946,"Total":1358},"Deaths":2163,"Recovered":9161,"Severe":1464,"Critical":205,"Emergencies":{"Suspected":86,"Total":3176,"Severe":58,"Suspected/Accumulated":20249,"Total/Accumulated":1084075,"Severe/Accumulated":10270},"MedicalActs":{"Suspected":49,"Total":1297,"Suspected/Accumulated":19809,"Total/Accumulated":385944},"PCRTests":{"Total":30563,"Confirmed":1812,"Total/Accumulated":3022399,"Confirmed/Accumulated":168952},"Confirmed":1007,"MedicalTests":{"Total/Accumulated":33043,"Confirmed/Accumulated":961}},"geometry":{"type":"Point","coordinates":[0.16186906163753495,45.156971701931916]}},{"type":"Feature","properties":{"Country/Region":"France","Province/State":"Occitanie","Code":"76","Population":{"Total":5924858,"Under19":1320456,"Under39":1330125,"Under59":1526711,"Under74":1099893,"Over75":647673},"Beds":{"Resuscitation":474,"IntensiveCare":1206,"Total":1680},"Deaths":2511,"Recovered":11559,"Severe":1705,"Critical":223,"Emergencies":{"Suspected":101,"Total":2954,"Severe":59,"Suspected/Accumulated":20375,"Total/Accumulated":1099659,"Severe/Accumulated":9712},"MedicalActs":{"Suspected":19,"Total":334,"Suspected/Accumulated":7768,"Total/Accumulated":133801},"PCRTests":{"Total":35238,"Confirmed":2267,"Total/Accumulated":3423410,"Confirmed/Accumulated":229633},"Confirmed":2374,"MedicalTests":{"Total/Accumulated":83743,"Confirmed/Accumulated":2680}},"geometry":{"type":"Point","coordinates":[1.988214846153848,43.761180626373644]}},{"type":"Feature","properties":{"Country/Region":"France","Province/State":"Auvergne-Rhône-Alpes","Code":"84","Population":{"Total":8032377,"Under19":1940253,"Under39":1900702,"Under59":2079813,"Under74":1340003,"Over75":771606},"Beds":{"Resuscitation":559,"IntensiveCare":1136,"Total":1695},"Deaths":7827,"Recovered":31992,"Severe":3906,"Critical":430,"Emergencies":{"Suspected":125,"Total":4007,"Severe":67,"Suspected/Accumulated":45387,"Total/Accumulated":1372451,"Severe/Accumulated":21460},"MedicalActs":{"Suspected":42,"Total":946,"Suspected/Accumulated":25558,"Total/Accumulated":301377},"PCRTests":{"Total":38281,"Confirmed":2977,"Total/Accumulated":4898497,"Confirmed/Accumulated":514822},"Confirmed":2093,"MedicalTests":{"Total/Accumulated":27674,"Confirmed/Accumulated":2153}},"geometry":{"type":"Point","coordinates":[4.515179591651545,45.475403602540794]}},{"type":"Feature","properties":{"Country/Region":"France","Province/State":"Guadeloupe","Code":"01","Population":{"Total":376879,"Under19":90617,"Under39":71707,"Under59":109452,"Under74":70936,"Over75":34167},"Beds":{"Resuscitation":27,"IntensiveCare":68,"Total":95},"Deaths":169,"Recovered":786,"Severe":51,"Critical":5,"Emergencies":{"Suspected":1,"Total":219,"Suspected/Accumulated":1688,"Total/Accumulated":69713,"Severe/Accumulated":765},"PCRTests":{"Total":734,"Confirmed":14,"Total/Accumulated":98946,"Confirmed/Accumulated":8866},"Confirmed":106,"MedicalTests":{"Total/Accumulated":51,"Confirmed/Accumulated":17}},"geometry":{"type":"Point","coordinates":[-61.493846272189366,16.20469674556213]}},{"type":"Feature","properties":{"Country/Region":"France","Province/State":"Martinique","Code":"02","Population":{"Total":358749,"Under19":77005,"Under39":65776,"Under59":105638,"Under74":72163,"Over75":38167},"Beds":{"Resuscitation":26,"IntensiveCare":58,"Total":84},"Deaths":45,"Recovered":380,"Severe":13,"Critical":2,"MedicalActs":{"Suspected":2,"Total":100,"Suspected/Accumulated":650,"Total/Accumulated":35405},"PCRTests":{"Total":756,"Confirmed":15,"Total/Accumulated":115304,"Confirmed/Accumulated":6195},"Confirmed":111,"MedicalTests":{"Total/Accumulated":29,"Confirmed/Accumulated":6}},"geometry":{"type":"Point","coordinates":[-60.98265692913386,14.6217557480315]}},{"type":"Feature","properties":{"Country/Region":"France","Province/State":"Provence-Alpes-Côte d'Azur","Code":"93","Population":{"Total":5055651,"Under19":1128765,"Under39":1109058,"Under59":1309879,"Under74":927347,"Over75":580602},"Beds":{"Resuscitation":460,"IntensiveCare":802,"Total":1262},"Deaths":4357,"Recovered":21732,"Severe":3238,"Critical":398,"Emergencies":{"Suspected":169,"Total":3080,"Severe":117,"Suspected/Accumulated":30327,"Total/Accumulated":1090408,"Severe/Accumulated":16946},"MedicalActs":{"Suspected":68,"Total":883,"Suspected/Accumulated":17738,"Total/Accumulated":270798},"PCRTests":{"Total":43734,"Confirmed":3118,"Total/Accumulated":3879596,"Confirmed/Accumulated":284083},"Confirmed":1927,"MedicalTests":{"Total/Accumulated":80858,"Confirmed/Accumulated":4204}},"geometry":{"type":"Point","coordinates":[5.940587832647462,43.96417941015098]}},{"type":"Feature","properties":{"Country/Region":"France","Province/State":"Corse","Code":"94","Population":{"Total":344679,"Under19":68555,"Under39":76985,"Under59":93175,"Under74":65675,"Over75":40289},"Beds":{"Resuscitation":18,"IntensiveCare":42,"Total":60},"Deaths":123,"Recovered":545,"Severe":50,"Critical":8,"Emergencies":{"Suspected":5,"Total":178,"Severe":3,"Suspected/Accumulated":2740,"Total/Accumulated":72074,"Severe/Accumulated":2392},"MedicalActs":{"Suspected":10,"Total":121,"Suspected/Accumulated":1574,"Total/Accumulated":26609},"PCRTests":{"Total":2504,"Confirmed":82,"Total/Accumulated":240345,"Confirmed/Accumulated":8390},"Confirmed":263},"geometry":{"type":"Point","coordinates":[9.019688964401293,42.118564077669916]}},{"type":"Feature","properties":{"Country/Region":"France","Province/State":"Guyane","Code":"03","Population":{"Total":290691,"Under19":120681,"Under39":80023,"Under59":61783,"Under74":22111,"Over75":6093},"Beds":{"Resuscitation":13,"IntensiveCare":12,"Total":25},"Deaths":72,"Recovered":2100,"Severe":49,"Critical":14,"Emergencies":{"Suspected":5,"Total":254,"Severe":3,"Suspected/Accumulated":2343,"Total/Accumulated":66022,"Severe/Accumulated":1056},"PCRTests":{"Total":1165,"Confirmed":96,"Total/Accumulated":135300,"Confirmed/Accumulated":14470},"Confirmed":43,"MedicalTests":{"Total/Accumulated":35,"Confirmed/Accumulated":4}},"geometry":{"type":"Point","coordinates":[-53.41731165390502,3.588901056661561]}},{"type":"Feature","properties":{"Country/Region":"France","Province/State":"La Réunion","Code":"04","Population":{"Total":859959,"Under19":256143,"Under39":202783,"Under59":239212,"Under74":117045,"Over75":44776},"Beds":{"Resuscitation":52,"IntensiveCare":154,"Total":206},"Deaths":54,"Recovered":779,"Severe":25,"Critical":5,"Emergencies":{"Suspected":2,"Total":425,"Suspected/Accumulated":940,"Total/Accumulated":125578,"Severe/Accumulated":548},"PCRTests":{"Total":2089,"Confirmed":51,"Total/Accumulated":359255,"Confirmed/Accumulated":10083},"Confirmed":94,"MedicalTests":{"Total/Accumulated":19,"Confirmed/Accumulated":1}},"geometry":{"type":"Point","coordinates":[55.52943947368424,-21.1374047368421]}},{"type":"Feature","properties":{"Country/Region":"France","Province/State":"Mayotte","Code":"06","Population":{"Total":279471,"Under19":150257,"Under39":74348,"Under59":42900,"Under74":9521,"Over75":2445},"Beds":{"Resuscitation":6,"IntensiveCare":0,"Total":6},"Deaths":46,"Recovered":579,"Severe":31,"Critical":4,"Emergencies":{"Suspected":9,"Total":127,"Severe":7,"Suspected/Accumulated":2039,"Total/Accumulated":35517,"Severe/Accumulated":308},"PCRTests":{"Total":795,"Confirmed":160,"Total/Accumulated":60418,"Confirmed/Accumulated":6266},"Confirmed":128,"MedicalTests":{"Total/Accumulated":4,"Confirmed/Accumulated":1}},"geometry":{"type":"Point","coordinates":[45.14160071428572,-12.835344166666673]}}]}