{"type":"FeatureCollection","features":[{"type":"Feature","properties":{"Country/Region":"France","Province/State":"Île-de-France","Code":"11","Population":{"Total":12278210,"Under19":3140965,"Under39":3409765,"Under59":3210447,"Under74":1658207,"Over75":858826},"Beds":{"Resuscitation":1147,"IntensiveCare":2512,"Total":3659},"Deaths":1369,"Recovered":3432,"Severe":9609,"Critical":2204,"Emergencies":{"Suspected":1354,"Total":4258,"Severe":496,"Suspected/Accumulated":24840,"Total/Accumulated":186332,"Severe/Accumulated":8003},"MedicalActs":{"Suspected":342,"Total":1242,"Suspected/Accumulated":6750,"Total/Accumulated":55758},"MedicalTests":{"Total":1766,"Confirmed":608,"Total/Accumulated":18375,"Confirmed/Accumulated":7784},"Confirmed":7660},"geometry":{"type":"Point","coordinates":[2.5292589766081885,48.704415292397634]}},{"type":"Feature","properties":{"Country/Region":"France","Province/State":"Centre-Val de Loire","Code":"24","Population":{"Total":2559073,"Under19":598570,"Under39":541141,"Under59":661150,"Under74":478923,"Over75":279289},"Beds":{"Resuscitation":180,"IntensiveCare":346,"Total":526},"Deaths":77,"Recovered":138,"Severe":562,"Critical":153,"Emergencies":{"Suspected":118,"Total":822,"Severe":36,"Suspected/Accumulated":1401,"Total/Accumulated":35994,"Severe/Accumulated":398},"MedicalActs":{"Suspected":30,"Total":187,"Suspected/Accumulated":347,"Total/Accumulated":11108},"MedicalTests":{"Total":361,"Confirmed":78,"Total/Accumulated":2642,"Confirmed/Accumulated":648},"Confirmed":1157},"geometry":{"type":"Point","coordinates":[1.6429664800000017,47.54357092799999]}},{"type":"Feature","properties":{"Country/Region":"France","Province/State":"Bourgogne-Franche-Comté","Code":"27","Population":{"Total":2783039,"Under19":627017,"Under39":591411,"Under59":715664,"Under74":540051,"Over75":308896},"Beds":{"Resuscitation":198,"IntensiveCare":642,"Total":840},"Deaths":230,"Recovered":675,"Severe":963,"Critical":229,"Emergencies":{"Suspected":220,"Total":1033,"Severe":93,"Suspected/Accumulated":4866,"Total/Accumulated":46076,"Severe/Accumulated":1967},"MedicalActs":{"Suspected":28,"Total":149,"Suspected/Accumulated":914,"Total/Accumulated":9140},"MedicalTests":{"Total":305,"Confirmed":45,"Total/Accumulated":2064,"Confirmed/Accumulated":411},"Confirmed":1569},"geometry":{"type":"Point","coordinates":[4.731409826897467,47.2969232490013]}},{"type":"Feature","properties":{"Country/Region":"France","Province/State":"Normandie","Code":"28","Population":{"Total":3303500,"Under19":781337,"Under39":727044,"Under59":842963,"Under74":615474,"Over75":336682},"Beds":{"Resuscitation":240,"IntensiveCare":548,"Total":788},"Deaths":69,"Recovered":201,"Severe":563,"Critical":164,"Emergencies":{"Suspected":117,"Total":1140,"Severe":43,"Suspected/Accumulated":1822,"Total/Accumulated":50190,"Severe/Accumulated":522},"MedicalActs":{"Suspected":60,"Total":268,"Suspected/Accumulated":1416,"Total/Accumulated":15950},"MedicalTests":{"Total":243,"Confirmed":38,"Total/Accumulated":2316,"Confirmed/Accumulated":405},"Confirmed":912},"geometry":{"type":"Point","coordinates":[-0.022673401869158984,49.066630336448576]}},{"type":"Feature","properties":{"Country/Region":"France","Province/State":"Hauts-de-France","Code":"32","Population":{"Total":5962662,"Under19":1525538,"Under39":1443348,"Under59":1522690,"Under74":994313,"Over75":476773},"Beds":{"Resuscitation":438,"IntensiveCare":1338,"Total":1776},"Deaths":330,"Recovered":723,"Severe":1615,"Critical":478,"Emergencies":{"Suspected":280,"Total":1812,"Severe":90,"Suspected/Accumulated":4688,"Total/Accumulated":76244,"Severe/Accumulated":1574},"MedicalActs":{"Suspected":91,"Total":504,"Suspected/Accumulated":2108,"Total/Accumulated":32969},"MedicalTests":{"Total":419,"Confirmed":112,"Total/Accumulated":2597,"Confirmed/Accumulated":883},"Confirmed":3011},"geometry":{"type":"Point","coordinates":[2.8852615671641804,49.86155781716422]}},{"type":"Feature","properties":{"Country/Region":"France","Province/State":"Grand Est","Code":"44","Population":{"Total":5511747,"Under19":1258123,"Under39":1291962,"Under59":1448828,"Under74":988178,"Over75":524656},"Beds":{"Resuscitation":465,"IntensiveCare":840,"Total":1305},"Deaths":1126,"Recovered":1975,"Severe":4470,"Critical":918,"Emergencies":{"Suspected":417,"Total":1787,"Severe":220,"Suspected/Accumulated":8907,"Total/Accumulated":80961,"Severe/Accumulated":4370},"MedicalActs":{"Suspected":133,"Total":539,"Suspected/Accumulated":3101,"Total/Accumulated":24717},"MedicalTests":{"Total":694,"Confirmed":206,"Total/Accumulated":4733,"Confirmed/Accumulated":1461},"Confirmed":5479},"geometry":{"type":"Point","coordinates":[5.509890203045682,48.670969771573546]}},{"type":"Feature","properties":{"Country/Region":"France","Province/State":"Pays de la Loire","Code":"52","Population":{"Total":3801797,"Under19":933509,"Under39":853729,"Under59":970508,"Under74":667531,"Over75":376520},"Beds":{"Resuscitation":181,"IntensiveCare":572,"Total":753},"Confirmed":1021,"Deaths":100,"Recovered":296,"Severe":549,"Critical":133,"Emergencies":{"Suspected":198,"Total":1062,"Severe":94,"Suspected/Accumulated":3026,"Total/Accumulated":40767,"Severe/Accumulated":1226},"MedicalActs":{"Suspected":63,"Total":318,"Suspected/Accumulated":1502,"Total/Accumulated":15744},"MedicalTests":{"Total":29,"Confirmed":6,"Total/Accumulated":382,"Confirmed/Accumulated":50}},"geometry":{"type":"Point","coordinates":[-0.8763313771517983,47.44186302034428]}},{"type":"Feature","properties":{"Country/Region":"France","Province/State":"Bretagne","Code":"53","Population":{"Total":3340379,"Under19":773631,"Under39":714512,"Under59":866988,"Under74":632104,"Over75":353144},"Beds":{"Resuscitation":162,"IntensiveCare":462,"Total":624},"Deaths":55,"Recovered":202,"Severe":342,"Critical":79,"Emergencies":{"Suspected":103,"Total":1087,"Severe":47,"Suspected/Accumulated":2388,"Total/Accumulated":45809,"Severe/Accumulated":558},"MedicalActs":{"Suspected":19,"Total":234,"Suspected/Accumulated":567,"Total/Accumulated":12646},"MedicalTests":{"Total":9,"Total/Accumulated":79,"Confirmed/Accumulated":12},"Confirmed":962},"geometry":{"type":"Point","coordinates":[-3.104342941176476,48.146701189258316]}},{"type":"Feature","properties":{"Country/Region":"France","Province/State":"Nouvelle-Aquitaine","Code":"75","Population":{"Total":5999982,"Under19":1293321,"Under39":1274746,"Under59":1561754,"Under74":1177229,"Over75":692932},"Beds":{"Resuscitation":412,"IntensiveCare":946,"Total":1358},"Deaths":82,"Recovered":414,"Severe":700,"Critical":215,"Emergencies":{"Suspected":252,"Total":1979,"Severe":129,"Suspected/Accumulated":4472,"Total/Accumulated":84338,"Severe/Accumulated":1532},"MedicalActs":{"Suspected":149,"Total":848,"Suspected/Accumulated":3777,"Total/Accumulated":41188},"MedicalTests":{"Total":539,"Confirmed":38,"Total/Accumulated":4033,"Confirmed/Accumulated":392},"Confirmed":1007},"geometry":{"type":"Point","coordinates":[0.16186906163753495,45.156971701931916]}},{"type":"Feature","properties":{"Country/Region":"France","Province/State":"Occitanie","Code":"76","Population":{"Total":5924858,"Under19":1320456,"Under39":1330125,"Under59":1526711,"Under74":1099893,"Over75":647673},"Beds":{"Resuscitation":474,"IntensiveCare":1206,"Total":1680},"Deaths":108,"Recovered":524,"Severe":926,"Critical":304,"Emergencies":{"Suspected":227,"Total":1798,"Severe":103,"Suspected/Accumulated":3318,"Total/Accumulated":87088,"Severe/Accumulated":1426},"MedicalActs":{"Suspected":61,"Total":295,"Suspected/Accumulated":1354,"Total/Accumulated":14259},"MedicalTests":{"Total":1060,"Confirmed":114,"Total/Accumulated":8213,"Confirmed/Accumulated":1115},"Confirmed":2374},"geometry":{"type":"Point","coordinates":[1.988214846153848,43.761180626373644]}},{"type":"Feature","properties":{"Country/Region":"France","Province/State":"Auvergne-Rhône-Alpes","Code":"84","Population":{"Total":8032377,"Under19":1940253,"Under39":1900702,"Under59":2079813,"Under74":1340003,"Over75":771606},"Beds":{"Resuscitation":559,"IntensiveCare":1136,"Total":1695},"Deaths":349,"Recovered":1193,"Severe":2635,"Critical":672,"Emergencies":{"Suspected":438,"Total":2452,"Severe":165,"Suspected/Accumulated":7114,"Total/Accumulated":112997,"Severe/Accumulated":3199},"MedicalActs":{"Suspected":121,"Total":672,"Suspected/Accumulated":3200,"Total/Accumulated":30708},"MedicalTests":{"Total":447,"Confirmed":64,"Total/Accumulated":5200,"Confirmed/Accumulated":885},"Confirmed":2093},"geometry":{"type":"Point","coordinates":[4.515179591651545,45.475403602540794]}},{"type":"Feature","properties":{"Country/Region":"France","Province/State":"Guadeloupe","Code":"01","Population":{"Total":376879,"Under19":90617,"Under39":71707,"Under59":109452,"Under74":70936,"Over75":34167},"Beds":{"Resuscitation":27,"IntensiveCare":68,"Total":95},"Deaths":7,"Recovered":25,"Severe":35,"Critical":12,"Emergencies":{"Suspected":13,"Total":172,"Severe":6,"Suspected/Accumulated":58,"Total/Accumulated":5991,"Severe/Accumulated":23},"MedicalTests":{"Total":3,"Confirmed":1,"Total/Accumulated":17,"Confirmed/Accumulated":7},"Confirmed":106},"geometry":{"type":"Point","coordinates":[-61.493846272189366,16.20469674556213]}},{"type":"Feature","properties":{"Country/Region":"France","Province/State":"Martinique","Code":"02","Population":{"Total":358749,"Under19":77005,"Under39":65776,"Under59":105638,"Under74":72163,"Over75":38167},"Beds":{"Resuscitation":26,"IntensiveCare":58,"Total":84},"Deaths":3,"Recovered":25,"Severe":63,"Critical":19,"MedicalActs":{"Suspected":9,"Total":106,"Suspected/Accumulated":29,"Total/Accumulated":3845},"MedicalTests":{"Total":1,"Confirmed":1,"Total/Accumulated":7,"Confirmed/Accumulated":4},"Confirmed":111},"geometry":{"type":"Point","coordinates":[-60.98265692913386,14.6217557480315]}},{"type":"Feature","properties":{"Country/Region":"France","Province/State":"Provence-Alpes-Côte d'Azur","Code":"93","Population":{"Total":5055651,"Under19":1128765,"Under39":1109058,"Under59":1309879,"Under74":927347,"Over75":580602},"Beds":{"Resuscitation":460,"IntensiveCare":802,"Total":1262},"Deaths":124,"Recovered":1016,"Severe":1357,"Critical":332,"Emergencies":{"Suspected":281,"Total":2076,"Severe":140,"Suspected/Accumulated":4752,"Total/Accumulated":89644,"Severe/Accumulated":2383},"MedicalActs":{"Suspected":107,"Total":687,"Suspected/Accumulated":2771,"Total/Accumulated":27608},"MedicalTests":{"Total":1442,"Confirmed":156,"Total/Accumulated":12427,"Confirmed/Accumulated":1845},"Confirmed":1927},"geometry":{"type":"Point","coordinates":[5.940587832647462,43.96417941015098]}},{"type":"Feature","properties":{"Country/Region":"France","Province/State":"Corse","Code":"94","Population":{"Total":344679,"Under19":68555,"Under39":76985,"Under59":93175,"Under74":65675,"Over75":40289},"Beds":{"Resuscitation":18,"IntensiveCare":42,"Total":60},"Deaths":21,"Recovered":102,"Severe":96,"Critical":25,"Emergencies":{"Suspected":51,"Total":148,"Severe":47,"Suspected/Accumulated":1112,"Total/Accumulated":5236,"Severe/Accumulated":1086},"MedicalActs":{"Suspected":10,"Total":30,"Suspected/Accumulated":297,"Total/Accumulated":1641},"Confirmed":263},"geometry":{"type":"Point","coordinates":[9.019688964401293,42.118564077669916]}},{"type":"Feature","properties":{"Country/Region":"France","Province/State":"Guyane","Code":"03","Population":{"Total":290691,"Under19":120681,"Under39":80023,"Under59":61783,"Under74":22111,"Over75":6093},"Beds":{"Resuscitation":13,"IntensiveCare":12,"Total":25},"Recovered":15,"Severe":5,"Emergencies":{"Suspected":1,"Total":155,"Suspected/Accumulated":13,"Total/Accumulated":6726,"Severe/Accumulated":1},"Confirmed":43,"MedicalTests":{"Total/Accumulated":13,"Confirmed/Accumulated":2}},"geometry":{"type":"Point","coordinates":[-53.41731165390502,3.588901056661561]}},{"type":"Feature","properties":{"Country/Region":"France","Province/State":"La Réunion","Code":"04","Population":{"Total":859959,"Under19":256143,"Under39":202783,"Under59":239212,"Under74":117045,"Over75":44776},"Beds":{"Resuscitation":52,"IntensiveCare":154,"Total":206},"Recovered":20,"Severe":53,"Critical":3,"Emergencies":{"Suspected":6,"Total":230,"Severe":5,"Suspected/Accumulated":126,"Total/Accumulated":11986,"Severe/Accumulated":94},"MedicalTests":{"Total":1,"Total/Accumulated":2},"Confirmed":94},"geometry":{"type":"Point","coordinates":[55.52943947368424,-21.1374047368421]}},{"type":"Feature","properties":{"Country/Region":"France","Province/State":"Mayotte","Code":"06","Population":{"Total":279471,"Under19":150257,"Under39":74348,"Under59":42900,"Under74":9521,"Over75":2445},"Beds":{"Resuscitation":6,"IntensiveCare":0,"Total":6},"Confirmed":101,"Deaths":2,"Recovered":10,"Severe":11,"Critical":2,"Emergencies":{"Suspected":3,"Total":85,"Severe":2,"Suspected/Accumulated":109,"Total/Accumulated":3181,"Severe/Accumulated":16},"MedicalTests":{"Total/Accumulated":2,"Confirmed/Accumulated":1}},"geometry":{"type":"Point","coordinates":[45.14160071428572,-12.835344166666673]}}]}