{"type":"FeatureCollection","features":[{"type":"Feature","properties":{"Country/Region":"France","Province/State":"Île-de-France","Code":"11","Population":{"Total":12278210,"Under19":3140965,"Under39":3409765,"Under59":3210447,"Under74":1658207,"Over75":858826},"Beds":{"Resuscitation":1147,"IntensiveCare":2512,"Total":3659},"Deaths":15274,"Recovered":67934,"Severe":5475,"Critical":960,"Emergencies":{"Suspected":225,"Total":6023,"Severe":111,"Suspected/Accumulated":102260,"Total/Accumulated":2235008,"Severe/Accumulated":34223},"MedicalActs":{"Suspected":82,"Total":1829,"Suspected/Accumulated":37469,"Total/Accumulated":529708},"Confirmed":7660,"MedicalTests":{"Total/Accumulated":85340,"Confirmed/Accumulated":18277},"PCRTests":{"Total/Accumulated":10229188,"Confirmed/Accumulated":813100}},"geometry":{"type":"Point","coordinates":[2.5292589766081885,48.704415292397634]}},{"type":"Feature","properties":{"Country/Region":"France","Province/State":"Centre-Val de Loire","Code":"24","Population":{"Total":2559073,"Under19":598570,"Under39":541141,"Under59":661150,"Under74":478923,"Over75":279289},"Beds":{"Resuscitation":180,"IntensiveCare":346,"Total":526},"Deaths":2040,"Recovered":8003,"Severe":985,"Critical":134,"Emergencies":{"Suspected":34,"Total":1060,"Severe":11,"Suspected/Accumulated":11355,"Total/Accumulated":479791,"Severe/Accumulated":3263},"MedicalActs":{"Suspected":7,"Total":348,"Suspected/Accumulated":5391,"Total/Accumulated":131706},"Confirmed":1157,"MedicalTests":{"Total/Accumulated":20197,"Confirmed/Accumulated":1858},"PCRTests":{"Total/Accumulated":1661399,"Confirmed/Accumulated":113227}},"geometry":{"type":"Point","coordinates":[1.6429664800000017,47.54357092799999]}},{"type":"Feature","properties":{"Country/Region":"France","Province/State":"Bourgogne-Franche-Comté","Code":"27","Population":{"Total":2783039,"Under19":627017,"Under39":591411,"Under59":715664,"Under74":540051,"Over75":308896},"Beds":{"Resuscitation":198,"IntensiveCare":642,"Total":840},"Deaths":3845,"Recovered":14493,"Severe":1282,"Critical":148,"Emergencies":{"Suspected":47,"Total":1684,"Severe":28,"Suspected/Accumulated":25077,"Total/Accumulated":634848,"Severe/Accumulated":12044},"MedicalActs":{"Suspected":9,"Total":341,"Suspected/Accumulated":6440,"Total/Accumulated":97184},"Confirmed":1569,"MedicalTests":{"Total/Accumulated":15673,"Confirmed/Accumulated":1330},"PCRTests":{"Total/Accumulated":2059856,"Confirmed/Accumulated":168385}},"geometry":{"type":"Point","coordinates":[4.731409826897467,47.2969232490013]}},{"type":"Feature","properties":{"Country/Region":"France","Province/State":"Normandie","Code":"28","Population":{"Total":3303500,"Under19":781337,"Under39":727044,"Under59":842963,"Under74":615474,"Over75":336682},"Beds":{"Resuscitation":240,"IntensiveCare":548,"Total":788},"Deaths":2312,"Recovered":8899,"Severe":1219,"Critical":143,"Emergencies":{"Suspected":24,"Total":1659,"Severe":11,"Suspected/Accumulated":11458,"Total/Accumulated":689728,"Severe/Accumulated":5579},"MedicalActs":{"Suspected":11,"Total":594,"Suspected/Accumulated":11018,"Total/Accumulated":174624},"Confirmed":912,"MedicalTests":{"Total/Accumulated":17253,"Confirmed/Accumulated":1385},"PCRTests":{"Total/Accumulated":2194666,"Confirmed/Accumulated":139236}},"geometry":{"type":"Point","coordinates":[-0.022673401869158984,49.066630336448576]}},{"type":"Feature","properties":{"Country/Region":"France","Province/State":"Hauts-de-France","Code":"32","Population":{"Total":5962662,"Under19":1525538,"Under39":1443348,"Under59":1522690,"Under74":994313,"Over75":476773},"Beds":{"Resuscitation":438,"IntensiveCare":1338,"Total":1776},"Deaths":6421,"Recovered":24728,"Severe":2905,"Critical":469,"Emergencies":{"Suspected":75,"Total":2569,"Severe":43,"Suspected/Accumulated":27641,"Total/Accumulated":1042808,"Severe/Accumulated":11359},"MedicalActs":{"Suspected":51,"Total":869,"Suspected/Accumulated":16692,"Total/Accumulated":333007},"Confirmed":3011,"MedicalTests":{"Total/Accumulated":31790,"Confirmed/Accumulated":3410},"PCRTests":{"Total/Accumulated":4754154,"Confirmed/Accumulated":388383}},"geometry":{"type":"Point","coordinates":[2.8852615671641804,49.86155781716422]}},{"type":"Feature","properties":{"Country/Region":"France","Province/State":"Grand Est","Code":"44","Population":{"Total":5511747,"Under19":1258123,"Under39":1291962,"Under59":1448828,"Under74":988178,"Over75":524656},"Beds":{"Resuscitation":465,"IntensiveCare":840,"Total":1305},"Deaths":8219,"Recovered":28732,"Severe":2250,"Critical":306,"Emergencies":{"Suspected":73,"Total":2707,"Severe":39,"Suspected/Accumulated":33690,"Total/Accumulated":1031450,"Severe/Accumulated":18398},"MedicalActs":{"Suspected":25,"Total":922,"Suspected/Accumulated":15494,"Total/Accumulated":241362},"Confirmed":5479,"MedicalTests":{"Total/Accumulated":24982,"Confirmed/Accumulated":3702},"PCRTests":{"Total/Accumulated":4598048,"Confirmed/Accumulated":287998}},"geometry":{"type":"Point","coordinates":[5.509890203045682,48.670969771573546]}},{"type":"Feature","properties":{"Country/Region":"France","Province/State":"Pays de la Loire","Code":"52","Population":{"Total":3801797,"Under19":933509,"Under39":853729,"Under59":970508,"Under74":667531,"Over75":376520},"Beds":{"Resuscitation":181,"IntensiveCare":572,"Total":753},"Deaths":2071,"Recovered":8882,"Severe":777,"Critical":76,"Emergencies":{"Suspected":32,"Total":1414,"Severe":22,"Suspected/Accumulated":17227,"Total/Accumulated":599818,"Severe/Accumulated":9575},"MedicalActs":{"Suspected":13,"Total":591,"Suspected/Accumulated":9401,"Total/Accumulated":182901},"Confirmed":1630,"MedicalTests":{"Total/Accumulated":1941,"Confirmed/Accumulated":78},"PCRTests":{"Total/Accumulated":2511492,"Confirmed/Accumulated":144077}},"geometry":{"type":"Point","coordinates":[-0.8763313771517983,47.44186302034428]}},{"type":"Feature","properties":{"Country/Region":"France","Province/State":"Bretagne","Code":"53","Population":{"Total":3340379,"Under19":773631,"Under39":714512,"Under59":866988,"Under74":632104,"Over75":353144},"Beds":{"Resuscitation":162,"IntensiveCare":462,"Total":624},"Deaths":1192,"Recovered":5007,"Severe":632,"Critical":72,"Emergencies":{"Suspected":16,"Total":1736,"Severe":10,"Suspected/Accumulated":11130,"Total/Accumulated":639295,"Severe/Accumulated":4705},"MedicalActs":{"Suspected":8,"Total":482,"Suspected/Accumulated":5934,"Total/Accumulated":135018},"Confirmed":962,"MedicalTests":{"Total/Accumulated":698,"Confirmed/Accumulated":25},"PCRTests":{"Total/Accumulated":1946134,"Confirmed/Accumulated":86476}},"geometry":{"type":"Point","coordinates":[-3.104342941176476,48.146701189258316]}},{"type":"Feature","properties":{"Country/Region":"France","Province/State":"Nouvelle-Aquitaine","Code":"75","Population":{"Total":5999982,"Under19":1293321,"Under39":1274746,"Under59":1561754,"Under74":1177229,"Over75":692932},"Beds":{"Resuscitation":412,"IntensiveCare":946,"Total":1358},"Deaths":2886,"Recovered":11703,"Severe":1169,"Critical":181,"Emergencies":{"Suspected":46,"Total":2941,"Severe":29,"Suspected/Accumulated":22828,"Total/Accumulated":1212224,"Severe/Accumulated":11998},"MedicalActs":{"Suspected":48,"Total":1535,"Suspected/Accumulated":21295,"Total/Accumulated":439924},"Confirmed":1007,"MedicalTests":{"Total/Accumulated":33043,"Confirmed/Accumulated":961},"PCRTests":{"Total/Accumulated":3961087,"Confirmed/Accumulated":212022}},"geometry":{"type":"Point","coordinates":[0.16186906163753495,45.156971701931916]}},{"type":"Feature","properties":{"Country/Region":"France","Province/State":"Occitanie","Code":"76","Population":{"Total":5924858,"Under19":1320456,"Under39":1330125,"Under59":1526711,"Under74":1099893,"Over75":647673},"Beds":{"Resuscitation":474,"IntensiveCare":1206,"Total":1680},"Deaths":3312,"Recovered":14767,"Severe":1336,"Critical":241,"Emergencies":{"Suspected":56,"Total":3023,"Severe":28,"Suspected/Accumulated":23567,"Total/Accumulated":1234503,"Severe/Accumulated":11753},"MedicalActs":{"Suspected":22,"Total":630,"Suspected/Accumulated":8507,"Total/Accumulated":152308},"Confirmed":2374,"MedicalTests":{"Total/Accumulated":83743,"Confirmed/Accumulated":2680},"PCRTests":{"Total/Accumulated":4515868,"Confirmed/Accumulated":286869}},"geometry":{"type":"Point","coordinates":[1.988214846153848,43.761180626373644]}},{"type":"Feature","properties":{"Country/Region":"France","Province/State":"Auvergne-Rhône-Alpes","Code":"84","Population":{"Total":8032377,"Under19":1940253,"Under39":1900702,"Under59":2079813,"Under74":1340003,"Over75":771606},"Beds":{"Resuscitation":559,"IntensiveCare":1136,"Total":1695},"Deaths":9256,"Recovered":38000,"Severe":3130,"Critical":417,"Emergencies":{"Suspected":81,"Total":4097,"Severe":47,"Suspected/Accumulated":50390,"Total/Accumulated":1542937,"Severe/Accumulated":24439},"MedicalActs":{"Suspected":44,"Total":1169,"Suspected/Accumulated":27447,"Total/Accumulated":343001},"Confirmed":2093,"MedicalTests":{"Total/Accumulated":27674,"Confirmed/Accumulated":2153},"PCRTests":{"Total/Accumulated":6131933,"Confirmed/Accumulated":602105}},"geometry":{"type":"Point","coordinates":[4.515179591651545,45.475403602540794]}},{"type":"Feature","properties":{"Country/Region":"France","Province/State":"Guadeloupe","Code":"01","Population":{"Total":376879,"Under19":90617,"Under39":71707,"Under59":109452,"Under74":70936,"Over75":34167},"Beds":{"Resuscitation":27,"IntensiveCare":68,"Total":95},"Deaths":181,"Recovered":854,"Severe":24,"Critical":8,"Emergencies":{"Total":49,"Suspected/Accumulated":1733,"Total/Accumulated":76371,"Severe/Accumulated":786},"Confirmed":106,"MedicalTests":{"Total/Accumulated":51,"Confirmed/Accumulated":17},"PCRTests":{"Total/Accumulated":122112,"Confirmed/Accumulated":10297}},"geometry":{"type":"Point","coordinates":[-61.493846272189366,16.20469674556213]}},{"type":"Feature","properties":{"Country/Region":"France","Province/State":"Martinique","Code":"02","Population":{"Total":358749,"Under19":77005,"Under39":65776,"Under59":105638,"Under74":72163,"Over75":38167},"Beds":{"Resuscitation":26,"IntensiveCare":58,"Total":84},"Deaths":47,"Recovered":415,"Severe":13,"Critical":5,"MedicalActs":{"Suspected":2,"Total":99,"Suspected/Accumulated":726,"Total/Accumulated":39521},"Confirmed":111,"MedicalTests":{"Total/Accumulated":29,"Confirmed/Accumulated":6},"PCRTests":{"Total/Accumulated":136675,"Confirmed/Accumulated":6685}},"geometry":{"type":"Point","coordinates":[-60.98265692913386,14.6217557480315]}},{"type":"Feature","properties":{"Country/Region":"France","Province/State":"Provence-Alpes-Côte d'Azur","Code":"93","Population":{"Total":5055651,"Under19":1128765,"Under39":1109058,"Under59":1309879,"Under74":927347,"Over75":580602},"Beds":{"Resuscitation":460,"IntensiveCare":802,"Total":1262},"Deaths":5938,"Recovered":28029,"Severe":3250,"Critical":490,"Emergencies":{"Suspected":157,"Total":3238,"Severe":103,"Suspected/Accumulated":37115,"Total/Accumulated":1225038,"Severe/Accumulated":21472},"MedicalActs":{"Suspected":53,"Total":1048,"Suspected/Accumulated":19842,"Total/Accumulated":308382},"Confirmed":1927,"MedicalTests":{"Total/Accumulated":80858,"Confirmed/Accumulated":4204},"PCRTests":{"Total/Accumulated":5223951,"Confirmed/Accumulated":385962}},"geometry":{"type":"Point","coordinates":[5.940587832647462,43.96417941015098]}},{"type":"Feature","properties":{"Country/Region":"France","Province/State":"Corse","Code":"94","Population":{"Total":344679,"Under19":68555,"Under39":76985,"Under59":93175,"Under74":65675,"Over75":40289},"Beds":{"Resuscitation":18,"IntensiveCare":42,"Total":60},"Deaths":148,"Recovered":646,"Severe":98,"Critical":13,"Emergencies":{"Suspected":11,"Total":193,"Severe":7,"Suspected/Accumulated":2924,"Total/Accumulated":79644,"Severe/Accumulated":2503},"MedicalActs":{"Suspected":4,"Total":92,"Suspected/Accumulated":1701,"Total/Accumulated":31526},"Confirmed":263,"PCRTests":{"Total/Accumulated":327571,"Confirmed/Accumulated":10674}},"geometry":{"type":"Point","coordinates":[9.019688964401293,42.118564077669916]}},{"type":"Feature","properties":{"Country/Region":"France","Province/State":"Guyane","Code":"03","Population":{"Total":290691,"Under19":120681,"Under39":80023,"Under59":61783,"Under74":22111,"Over75":6093},"Beds":{"Resuscitation":13,"IntensiveCare":12,"Total":25},"Deaths":83,"Recovered":2229,"Severe":17,"Critical":5,"Emergencies":{"Suspected":5,"Total":208,"Suspected/Accumulated":2421,"Total/Accumulated":75760,"Severe/Accumulated":1084},"Confirmed":43,"MedicalTests":{"Total/Accumulated":35,"Confirmed/Accumulated":4},"PCRTests":{"Total/Accumulated":159509,"Confirmed/Accumulated":15268}},"geometry":{"type":"Point","coordinates":[-53.41731165390502,3.588901056661561]}},{"type":"Feature","properties":{"Country/Region":"France","Province/State":"La Réunion","Code":"04","Population":{"Total":859959,"Under19":256143,"Under39":202783,"Under59":239212,"Under74":117045,"Over75":44776},"Beds":{"Resuscitation":52,"IntensiveCare":154,"Total":206},"Deaths":78,"Recovered":939,"Severe":145,"Critical":53,"Emergencies":{"Suspected":11,"Total":399,"Severe":7,"Suspected/Accumulated":1213,"Total/Accumulated":142909,"Severe/Accumulated":701},"Confirmed":94,"MedicalTests":{"Total/Accumulated":19,"Confirmed/Accumulated":1},"PCRTests":{"Total/Accumulated":470409,"Confirmed/Accumulated":14298}},"geometry":{"type":"Point","coordinates":[55.52943947368424,-21.1374047368421]}},{"type":"Feature","properties":{"Country/Region":"France","Province/State":"Mayotte","Code":"06","Population":{"Total":279471,"Under19":150257,"Under39":74348,"Under59":42900,"Under74":9521,"Over75":2445},"Beds":{"Resuscitation":6,"IntensiveCare":0,"Total":6},"Deaths":97,"Recovered":1035,"Severe":111,"Critical":22,"Emergencies":{"Suspected":3,"Total":81,"Severe":2,"Suspected/Accumulated":2534,"Total/Accumulated":39184,"Severe/Accumulated":512},"Confirmed":128,"MedicalTests":{"Total/Accumulated":4,"Confirmed/Accumulated":1},"PCRTests":{"Total/Accumulated":105803,"Confirmed/Accumulated":16511}},"geometry":{"type":"Point","coordinates":[45.14160071428572,-12.835344166666673]}}]}