{"type":"FeatureCollection","features":[{"type":"Feature","properties":{"Country/Region":"France","Province/State":"Île-de-France","Code":"11","Population":{"Total":12278210,"Under19":3140965,"Under39":3409765,"Under59":3210447,"Under74":1658207,"Over75":858826},"Beds":{"Resuscitation":1147,"IntensiveCare":2512,"Total":3659},"Deaths":9400,"Recovered":42163,"Severe":6284,"Critical":1034,"Emergencies":{"Suspected":435,"Total":5676,"Severe":203,"Suspected/Accumulated":79850,"Total/Accumulated":1498663,"Severe/Accumulated":24012},"MedicalActs":{"Suspected":130,"Total":1237,"Suspected/Accumulated":29603,"Total/Accumulated":336933},"PCRTests":{"Total":52252,"Confirmed":6812,"Total/Accumulated":3690371,"Confirmed/Accumulated":396241},"Confirmed":7660,"MedicalTests":{"Total/Accumulated":85340,"Confirmed/Accumulated":18277}},"geometry":{"type":"Point","coordinates":[2.5292589766081885,48.704415292397634]}},{"type":"Feature","properties":{"Country/Region":"France","Province/State":"Centre-Val de Loire","Code":"24","Population":{"Total":2559073,"Under19":598570,"Under39":541141,"Under59":661150,"Under74":478923,"Over75":279289},"Beds":{"Resuscitation":180,"IntensiveCare":346,"Total":526},"Deaths":747,"Recovered":3270,"Severe":837,"Critical":137,"Emergencies":{"Suspected":66,"Total":1152,"Severe":27,"Suspected/Accumulated":7638,"Total/Accumulated":332009,"Severe/Accumulated":2030},"MedicalActs":{"Suspected":19,"Total":335,"Suspected/Accumulated":3854,"Total/Accumulated":88801},"PCRTests":{"Total":12568,"Confirmed":1320,"Total/Accumulated":597777,"Confirmed/Accumulated":44230},"Confirmed":1157,"MedicalTests":{"Total/Accumulated":20197,"Confirmed/Accumulated":1858}},"geometry":{"type":"Point","coordinates":[1.6429664800000017,47.54357092799999]}},{"type":"Feature","properties":{"Country/Region":"France","Province/State":"Bourgogne-Franche-Comté","Code":"27","Population":{"Total":2783039,"Under19":627017,"Under39":591411,"Under59":715664,"Under74":540051,"Over75":308896},"Beds":{"Resuscitation":198,"IntensiveCare":642,"Total":840},"Deaths":1329,"Recovered":5397,"Severe":1365,"Critical":186,"Emergencies":{"Suspected":179,"Total":1523,"Severe":88,"Suspected/Accumulated":16512,"Total/Accumulated":436995,"Severe/Accumulated":6970},"MedicalActs":{"Suspected":39,"Total":230,"Suspected/Accumulated":4645,"Total/Accumulated":63492},"PCRTests":{"Total":18973,"Confirmed":2570,"Total/Accumulated":729941,"Confirmed/Accumulated":63012},"Confirmed":1569,"MedicalTests":{"Total/Accumulated":15673,"Confirmed/Accumulated":1330}},"geometry":{"type":"Point","coordinates":[4.731409826897467,47.2969232490013]}},{"type":"Feature","properties":{"Country/Region":"France","Province/State":"Normandie","Code":"28","Population":{"Total":3303500,"Under19":781337,"Under39":727044,"Under59":842963,"Under74":615474,"Over75":336682},"Beds":{"Resuscitation":240,"IntensiveCare":548,"Total":788},"Deaths":750,"Recovered":3210,"Severe":1255,"Critical":154,"Emergencies":{"Suspected":77,"Total":1657,"Severe":43,"Suspected/Accumulated":7913,"Total/Accumulated":467806,"Severe/Accumulated":3619},"MedicalActs":{"Suspected":36,"Total":442,"Suspected/Accumulated":8138,"Total/Accumulated":111619},"PCRTests":{"Total":16097,"Confirmed":1658,"Total/Accumulated":756323,"Confirmed/Accumulated":57852},"Confirmed":912,"MedicalTests":{"Total/Accumulated":17253,"Confirmed/Accumulated":1385}},"geometry":{"type":"Point","coordinates":[-0.022673401869158984,49.066630336448576]}},{"type":"Feature","properties":{"Country/Region":"France","Province/State":"Hauts-de-France","Code":"32","Population":{"Total":5962662,"Under19":1525538,"Under39":1443348,"Under59":1522690,"Under74":994313,"Over75":476773},"Beds":{"Resuscitation":438,"IntensiveCare":1338,"Total":1776},"Deaths":2685,"Recovered":10844,"Severe":2876,"Critical":478,"Emergencies":{"Suspected":158,"Total":2560,"Severe":73,"Suspected/Accumulated":18853,"Total/Accumulated":710576,"Severe/Accumulated":7047},"MedicalActs":{"Suspected":85,"Total":841,"Suspected/Accumulated":11673,"Total/Accumulated":219165},"PCRTests":{"Total":40182,"Confirmed":4538,"Total/Accumulated":1788619,"Confirmed/Accumulated":177292},"Confirmed":3011,"MedicalTests":{"Total/Accumulated":31790,"Confirmed/Accumulated":3410}},"geometry":{"type":"Point","coordinates":[2.8852615671641804,49.86155781716422]}},{"type":"Feature","properties":{"Country/Region":"France","Province/State":"Grand Est","Code":"44","Population":{"Total":5511747,"Under19":1258123,"Under39":1291962,"Under59":1448828,"Under74":988178,"Over75":524656},"Beds":{"Resuscitation":465,"IntensiveCare":840,"Total":1305},"Deaths":4009,"Recovered":15136,"Severe":1735,"Critical":238,"Emergencies":{"Suspected":145,"Total":2315,"Severe":89,"Suspected/Accumulated":22070,"Total/Accumulated":706513,"Severe/Accumulated":10885},"MedicalActs":{"Suspected":37,"Total":525,"Suspected/Accumulated":11189,"Total/Accumulated":160062},"PCRTests":{"Total":35769,"Confirmed":3565,"Total/Accumulated":1576293,"Confirmed/Accumulated":98874},"Confirmed":5479,"MedicalTests":{"Total/Accumulated":24982,"Confirmed/Accumulated":3702}},"geometry":{"type":"Point","coordinates":[5.509890203045682,48.670969771573546]}},{"type":"Feature","properties":{"Country/Region":"France","Province/State":"Pays de la Loire","Code":"52","Population":{"Total":3801797,"Under19":933509,"Under39":853729,"Under59":970508,"Under74":667531,"Over75":376520},"Beds":{"Resuscitation":181,"IntensiveCare":572,"Total":753},"Deaths":685,"Recovered":3587,"Severe":881,"Critical":141,"Emergencies":{"Suspected":78,"Total":1481,"Severe":51,"Suspected/Accumulated":12366,"Total/Accumulated":407798,"Severe/Accumulated":6502},"MedicalActs":{"Suspected":19,"Total":396,"Suspected/Accumulated":7173,"Total/Accumulated":121035},"PCRTests":{"Total":19604,"Confirmed":2025,"Total/Accumulated":933283,"Confirmed/Accumulated":62308},"Confirmed":1630,"MedicalTests":{"Total/Accumulated":1941,"Confirmed/Accumulated":78}},"geometry":{"type":"Point","coordinates":[-0.8763313771517983,47.44186302034428]}},{"type":"Feature","properties":{"Country/Region":"France","Province/State":"Bretagne","Code":"53","Population":{"Total":3340379,"Under19":773631,"Under39":714512,"Under59":866988,"Under74":632104,"Over75":353144},"Beds":{"Resuscitation":162,"IntensiveCare":462,"Total":624},"Deaths":389,"Recovered":2080,"Severe":607,"Critical":84,"Emergencies":{"Suspected":63,"Total":1702,"Severe":33,"Suspected/Accumulated":8275,"Total/Accumulated":433572,"Severe/Accumulated":3167},"MedicalActs":{"Suspected":19,"Total":281,"Suspected/Accumulated":4320,"Total/Accumulated":90112},"PCRTests":{"Total":14578,"Confirmed":1169,"Total/Accumulated":724952,"Confirmed/Accumulated":39246},"Confirmed":962,"MedicalTests":{"Total/Accumulated":698,"Confirmed/Accumulated":25}},"geometry":{"type":"Point","coordinates":[-3.104342941176476,48.146701189258316]}},{"type":"Feature","properties":{"Country/Region":"France","Province/State":"Nouvelle-Aquitaine","Code":"75","Population":{"Total":5999982,"Under19":1293321,"Under39":1274746,"Under59":1561754,"Under74":1177229,"Over75":692932},"Beds":{"Resuscitation":412,"IntensiveCare":946,"Total":1358},"Deaths":771,"Recovered":4097,"Severe":1437,"Critical":210,"Emergencies":{"Suspected":112,"Total":2912,"Severe":81,"Suspected/Accumulated":15139,"Total/Accumulated":837055,"Severe/Accumulated":6835},"MedicalActs":{"Suspected":42,"Total":863,"Suspected/Accumulated":16521,"Total/Accumulated":288295},"PCRTests":{"Total":31970,"Confirmed":2741,"Total/Accumulated":1351788,"Confirmed/Accumulated":88582},"Confirmed":1007,"MedicalTests":{"Total/Accumulated":33043,"Confirmed/Accumulated":961}},"geometry":{"type":"Point","coordinates":[0.16186906163753495,45.156971701931916]}},{"type":"Feature","properties":{"Country/Region":"France","Province/State":"Occitanie","Code":"76","Population":{"Total":5924858,"Under19":1320456,"Under39":1330125,"Under59":1526711,"Under74":1099893,"Over75":647673},"Beds":{"Resuscitation":474,"IntensiveCare":1206,"Total":1680},"Deaths":1107,"Recovered":5911,"Severe":1962,"Critical":376,"Emergencies":{"Suspected":163,"Total":2951,"Severe":103,"Suspected/Accumulated":15562,"Total/Accumulated":853100,"Severe/Accumulated":6986},"MedicalActs":{"Suspected":33,"Total":349,"Suspected/Accumulated":6334,"Total/Accumulated":100255},"PCRTests":{"Total":33750,"Confirmed":3536,"Total/Accumulated":1616937,"Confirmed/Accumulated":136845},"Confirmed":2374,"MedicalTests":{"Total/Accumulated":83743,"Confirmed/Accumulated":2680}},"geometry":{"type":"Point","coordinates":[1.988214846153848,43.761180626373644]}},{"type":"Feature","properties":{"Country/Region":"France","Province/State":"Auvergne-Rhône-Alpes","Code":"84","Population":{"Total":8032377,"Under19":1940253,"Under39":1900702,"Under59":2079813,"Under74":1340003,"Over75":771606},"Beds":{"Resuscitation":559,"IntensiveCare":1136,"Total":1695},"Deaths":3219,"Recovered":14855,"Severe":6302,"Critical":748,"Emergencies":{"Suspected":458,"Total":3763,"Severe":264,"Suspected/Accumulated":32423,"Total/Accumulated":1063033,"Severe/Accumulated":13898},"MedicalActs":{"Suspected":158,"Total":870,"Suspected/Accumulated":20555,"Total/Accumulated":225666},"PCRTests":{"Total":55866,"Confirmed":10575,"Total/Accumulated":2235878,"Confirmed/Accumulated":304029},"Confirmed":2093,"MedicalTests":{"Total/Accumulated":27674,"Confirmed/Accumulated":2153}},"geometry":{"type":"Point","coordinates":[4.515179591651545,45.475403602540794]}},{"type":"Feature","properties":{"Country/Region":"France","Province/State":"Guadeloupe","Code":"01","Population":{"Total":376879,"Under19":90617,"Under39":71707,"Under59":109452,"Under74":70936,"Over75":34167},"Beds":{"Resuscitation":27,"IntensiveCare":68,"Total":95},"Deaths":146,"Recovered":631,"Severe":137,"Critical":19,"Emergencies":{"Suspected":4,"Total":197,"Severe":1,"Suspected/Accumulated":1589,"Total/Accumulated":51267,"Severe/Accumulated":722},"PCRTests":{"Total":385,"Confirmed":29,"Total/Accumulated":64932,"Confirmed/Accumulated":7820},"Confirmed":106,"MedicalTests":{"Total/Accumulated":51,"Confirmed/Accumulated":17}},"geometry":{"type":"Point","coordinates":[-61.493846272189366,16.20469674556213]}},{"type":"Feature","properties":{"Country/Region":"France","Province/State":"Martinique","Code":"02","Population":{"Total":358749,"Under19":77005,"Under39":65776,"Under59":105638,"Under74":72163,"Over75":38167},"Beds":{"Resuscitation":26,"IntensiveCare":58,"Total":84},"Deaths":36,"Recovered":221,"Severe":80,"Critical":18,"MedicalActs":{"Suspected":5,"Total":98,"Suspected/Accumulated":553,"Total/Accumulated":27281},"PCRTests":{"Total":1190,"Confirmed":127,"Total/Accumulated":74828,"Confirmed/Accumulated":4847},"Confirmed":111,"MedicalTests":{"Total/Accumulated":29,"Confirmed/Accumulated":6}},"geometry":{"type":"Point","coordinates":[-60.98265692913386,14.6217557480315]}},{"type":"Feature","properties":{"Country/Region":"France","Province/State":"Provence-Alpes-Côte d'Azur","Code":"93","Population":{"Total":5055651,"Under19":1128765,"Under39":1109058,"Under59":1309879,"Under74":927347,"Over75":580602},"Beds":{"Resuscitation":460,"IntensiveCare":802,"Total":1262},"Deaths":1840,"Recovered":11706,"Severe":2997,"Critical":464,"Emergencies":{"Suspected":254,"Total":2885,"Severe":156,"Suspected/Accumulated":20880,"Total/Accumulated":850112,"Severe/Accumulated":10809},"MedicalActs":{"Suspected":74,"Total":678,"Suspected/Accumulated":13775,"Total/Accumulated":202049},"PCRTests":{"Total":34380,"Confirmed":3832,"Total/Accumulated":1737912,"Confirmed/Accumulated":148556},"Confirmed":1927,"MedicalTests":{"Total/Accumulated":80858,"Confirmed/Accumulated":4204}},"geometry":{"type":"Point","coordinates":[5.940587832647462,43.96417941015098]}},{"type":"Feature","properties":{"Country/Region":"France","Province/State":"Corse","Code":"94","Population":{"Total":344679,"Under19":68555,"Under39":76985,"Under59":93175,"Under74":65675,"Over75":40289},"Beds":{"Resuscitation":18,"IntensiveCare":42,"Total":60},"Deaths":87,"Recovered":369,"Severe":96,"Critical":17,"Emergencies":{"Suspected":5,"Total":170,"Severe":5,"Suspected/Accumulated":2541,"Total/Accumulated":57800,"Severe/Accumulated":2266},"MedicalActs":{"Suspected":6,"Total":77,"Suspected/Accumulated":1316,"Total/Accumulated":18435},"PCRTests":{"Total":2361,"Confirmed":109,"Total/Accumulated":105498,"Confirmed/Accumulated":5867},"Confirmed":263},"geometry":{"type":"Point","coordinates":[9.019688964401293,42.118564077669916]}},{"type":"Feature","properties":{"Country/Region":"France","Province/State":"Guyane","Code":"03","Population":{"Total":290691,"Under19":120681,"Under39":80023,"Under59":61783,"Under74":22111,"Over75":6093},"Beds":{"Resuscitation":13,"IntensiveCare":12,"Total":25},"Deaths":66,"Recovered":1819,"Severe":18,"Emergencies":{"Total":191,"Suspected/Accumulated":1992,"Total/Accumulated":47838,"Severe/Accumulated":936},"PCRTests":{"Total":529,"Confirmed":23,"Total/Accumulated":71332,"Confirmed/Accumulated":9358},"Confirmed":43,"MedicalTests":{"Total/Accumulated":35,"Confirmed/Accumulated":4}},"geometry":{"type":"Point","coordinates":[-53.41731165390502,3.588901056661561]}},{"type":"Feature","properties":{"Country/Region":"France","Province/State":"La Réunion","Code":"04","Population":{"Total":859959,"Under19":256143,"Under39":202783,"Under59":239212,"Under74":117045,"Over75":44776},"Beds":{"Resuscitation":52,"IntensiveCare":154,"Total":206},"Deaths":34,"Recovered":514,"Severe":72,"Critical":14,"Emergencies":{"Suspected":8,"Total":387,"Severe":5,"Suspected/Accumulated":666,"Total/Accumulated":94865,"Severe/Accumulated":403},"PCRTests":{"Total":2902,"Confirmed":108,"Total/Accumulated":216301,"Confirmed/Accumulated":6424},"Confirmed":94,"MedicalTests":{"Total/Accumulated":19,"Confirmed/Accumulated":1}},"geometry":{"type":"Point","coordinates":[55.52943947368424,-21.1374047368421]}},{"type":"Feature","properties":{"Country/Region":"France","Province/State":"Mayotte","Code":"06","Population":{"Total":279471,"Under19":150257,"Under39":74348,"Under59":42900,"Under74":9521,"Over75":2445},"Beds":{"Resuscitation":6,"IntensiveCare":0,"Total":6},"Deaths":32,"Recovered":488,"Severe":14,"Critical":3,"Emergencies":{"Suspected":1,"Total":138,"Severe":1,"Suspected/Accumulated":1944,"Total/Accumulated":26352,"Severe/Accumulated":274},"PCRTests":{"Total":411,"Confirmed":54,"Total/Accumulated":29415,"Confirmed/Accumulated":3042},"Confirmed":128,"MedicalTests":{"Total/Accumulated":4,"Confirmed/Accumulated":1}},"geometry":{"type":"Point","coordinates":[45.14160071428572,-12.835344166666673]}}]}