{"type":"FeatureCollection","features":[{"type":"Feature","properties":{"Country/Region":"France","Province/State":"Île-de-France","Code":"11","Population":{"Total":12278210,"Under19":3140965,"Under39":3409765,"Under59":3210447,"Under74":1658207,"Over75":858826},"Beds":{"Resuscitation":1147,"IntensiveCare":2512,"Total":3659},"Deaths":6844,"Recovered":23033,"Severe":7527,"Critical":745,"Emergencies":{"Suspected":288,"Total":5403,"Severe":54,"Suspected/Accumulated":50646,"Total/Accumulated":399261,"Severe/Accumulated":15576},"MedicalActs":{"Suspected":50,"Total":919,"Suspected/Accumulated":11647,"Total/Accumulated":105000},"MedicalTests":{"Total":1338,"Confirmed":28,"Total/Accumulated":82058,"Confirmed/Accumulated":18201},"Confirmed":7660},"geometry":{"type":"Point","coordinates":[2.5292589766081885,48.704415292397634]}},{"type":"Feature","properties":{"Country/Region":"France","Province/State":"Centre-Val de Loire","Code":"24","Population":{"Total":2559073,"Under19":598570,"Under39":541141,"Under59":661150,"Under74":478923,"Over75":279289},"Beds":{"Resuscitation":180,"IntensiveCare":346,"Total":526},"Deaths":490,"Recovered":1637,"Severe":708,"Critical":51,"Emergencies":{"Suspected":32,"Total":1351,"Severe":12,"Suspected/Accumulated":4740,"Total/Accumulated":87557,"Severe/Accumulated":1227},"MedicalActs":{"Suspected":22,"Total":257,"Suspected/Accumulated":1047,"Total/Accumulated":21466},"MedicalTests":{"Total":511,"Confirmed":7,"Total/Accumulated":18919,"Confirmed/Accumulated":1852},"Confirmed":1157},"geometry":{"type":"Point","coordinates":[1.6429664800000017,47.54357092799999]}},{"type":"Feature","properties":{"Country/Region":"France","Province/State":"Bourgogne-Franche-Comté","Code":"27","Population":{"Total":2783039,"Under19":627017,"Under39":591411,"Under59":715664,"Under74":540051,"Over75":308896},"Beds":{"Resuscitation":198,"IntensiveCare":642,"Total":840},"Deaths":980,"Recovered":3086,"Severe":730,"Critical":70,"Emergencies":{"Suspected":41,"Total":1630,"Severe":23,"Suspected/Accumulated":10501,"Total/Accumulated":108520,"Severe/Accumulated":4345},"MedicalActs":{"Suspected":12,"Total":177,"Suspected/Accumulated":1781,"Total/Accumulated":18054},"MedicalTests":{"Total":203,"Confirmed":1,"Total/Accumulated":15049,"Confirmed/Accumulated":1325},"Confirmed":1569},"geometry":{"type":"Point","coordinates":[4.731409826897467,47.2969232490013]}},{"type":"Feature","properties":{"Country/Region":"France","Province/State":"Normandie","Code":"28","Population":{"Total":3303500,"Under19":781337,"Under39":727044,"Under59":842963,"Under74":615474,"Over75":336682},"Beds":{"Resuscitation":240,"IntensiveCare":548,"Total":788},"Deaths":405,"Recovered":1342,"Severe":452,"Critical":34,"Emergencies":{"Suspected":25,"Total":1842,"Severe":16,"Suspected/Accumulated":4244,"Total/Accumulated":118731,"Severe/Accumulated":1677},"MedicalActs":{"Suspected":26,"Total":301,"Suspected/Accumulated":2536,"Total/Accumulated":30681},"MedicalTests":{"Total":380,"Confirmed":5,"Total/Accumulated":16349,"Confirmed/Accumulated":1376},"Confirmed":912},"geometry":{"type":"Point","coordinates":[-0.022673401869158984,49.066630336448576]}},{"type":"Feature","properties":{"Country/Region":"France","Province/State":"Hauts-de-France","Code":"32","Population":{"Total":5962662,"Under19":1525538,"Under39":1443348,"Under59":1522690,"Under74":994313,"Over75":476773},"Beds":{"Resuscitation":438,"IntensiveCare":1338,"Total":1776},"Deaths":1657,"Recovered":5302,"Severe":1670,"Critical":163,"Emergencies":{"Suspected":71,"Total":2673,"Severe":29,"Suspected/Accumulated":11578,"Total/Accumulated":185133,"Severe/Accumulated":4154},"MedicalActs":{"Suspected":26,"Total":573,"Suspected/Accumulated":3768,"Total/Accumulated":57660},"MedicalTests":{"Total":978,"Confirmed":16,"Total/Accumulated":29846,"Confirmed/Accumulated":3373},"Confirmed":3011},"geometry":{"type":"Point","coordinates":[2.8852615671641804,49.86155781716422]}},{"type":"Feature","properties":{"Country/Region":"France","Province/State":"Grand Est","Code":"44","Population":{"Total":5511747,"Under19":1258123,"Under39":1291962,"Under59":1448828,"Under74":988178,"Over75":524656},"Beds":{"Resuscitation":465,"IntensiveCare":840,"Total":1305},"Deaths":3331,"Recovered":10042,"Severe":2646,"Critical":219,"Emergencies":{"Suspected":104,"Total":2762,"Severe":29,"Suspected/Accumulated":16304,"Total/Accumulated":182346,"Severe/Accumulated":8029},"MedicalActs":{"Suspected":33,"Total":483,"Suspected/Accumulated":5835,"Total/Accumulated":51139},"MedicalTests":{"Total":493,"Confirmed":13,"Total/Accumulated":23741,"Confirmed/Accumulated":3677},"Confirmed":5479},"geometry":{"type":"Point","coordinates":[5.509890203045682,48.670969771573546]}},{"type":"Feature","properties":{"Country/Region":"France","Province/State":"Pays de la Loire","Code":"52","Population":{"Total":3801797,"Under19":933509,"Under39":853729,"Under59":970508,"Under74":667531,"Over75":376520},"Beds":{"Resuscitation":181,"IntensiveCare":572,"Total":753},"Deaths":417,"Recovered":1598,"Severe":462,"Critical":36,"Emergencies":{"Suspected":54,"Total":1586,"Severe":27,"Suspected/Accumulated":7257,"Total/Accumulated":100426,"Severe/Accumulated":3547},"MedicalActs":{"Suspected":17,"Total":358,"Suspected/Accumulated":2746,"Total/Accumulated":34137},"MedicalTests":{"Total":47,"Total/Accumulated":1846,"Confirmed/Accumulated":78},"Confirmed":1630},"geometry":{"type":"Point","coordinates":[-0.8763313771517983,47.44186302034428]}},{"type":"Feature","properties":{"Country/Region":"France","Province/State":"Bretagne","Code":"53","Population":{"Total":3340379,"Under19":773631,"Under39":714512,"Under59":866988,"Under74":632104,"Over75":353144},"Beds":{"Resuscitation":162,"IntensiveCare":462,"Total":624},"Deaths":240,"Recovered":1074,"Severe":237,"Critical":21,"Emergencies":{"Suspected":50,"Total":1561,"Severe":31,"Suspected/Accumulated":4587,"Total/Accumulated":109316,"Severe/Accumulated":1903},"MedicalActs":{"Suspected":13,"Total":267,"Suspected/Accumulated":1133,"Total/Accumulated":25746},"MedicalTests":{"Total":45,"Confirmed":2,"Total/Accumulated":675,"Confirmed/Accumulated":25},"Confirmed":962},"geometry":{"type":"Point","coordinates":[-3.104342941176476,48.146701189258316]}},{"type":"Feature","properties":{"Country/Region":"France","Province/State":"Nouvelle-Aquitaine","Code":"75","Population":{"Total":5999982,"Under19":1293321,"Under39":1274746,"Under59":1561754,"Under74":1177229,"Over75":692932},"Beds":{"Resuscitation":412,"IntensiveCare":946,"Total":1358},"Deaths":380,"Recovered":1792,"Severe":391,"Critical":58,"Emergencies":{"Suspected":65,"Total":3280,"Severe":13,"Suspected/Accumulated":9601,"Total/Accumulated":207552,"Severe/Accumulated":4142},"MedicalActs":{"Suspected":45,"Total":851,"Suspected/Accumulated":6472,"Total/Accumulated":83745},"MedicalTests":{"Total":1107,"Confirmed":2,"Total/Accumulated":31044,"Confirmed/Accumulated":958},"Confirmed":1007},"geometry":{"type":"Point","coordinates":[0.16186906163753495,45.156971701931916]}},{"type":"Feature","properties":{"Country/Region":"France","Province/State":"Occitanie","Code":"76","Population":{"Total":5924858,"Under19":1320456,"Under39":1330125,"Under59":1526711,"Under74":1099893,"Over75":647673},"Beds":{"Resuscitation":474,"IntensiveCare":1206,"Total":1680},"Deaths":477,"Recovered":2570,"Severe":298,"Critical":67,"Emergencies":{"Suspected":57,"Total":3273,"Severe":25,"Suspected/Accumulated":7912,"Total/Accumulated":209384,"Severe/Accumulated":3557},"MedicalActs":{"Suspected":19,"Total":298,"Suspected/Accumulated":2522,"Total/Accumulated":30064},"MedicalTests":{"Total":2567,"Confirmed":18,"Total/Accumulated":74435,"Confirmed/Accumulated":2647},"Confirmed":2374},"geometry":{"type":"Point","coordinates":[1.988214846153848,43.761180626373644]}},{"type":"Feature","properties":{"Country/Region":"France","Province/State":"Auvergne-Rhône-Alpes","Code":"84","Population":{"Total":8032377,"Under19":1940253,"Under39":1900702,"Under59":2079813,"Under74":1340003,"Over75":771606},"Beds":{"Resuscitation":559,"IntensiveCare":1136,"Total":1695},"Deaths":1603,"Recovered":6485,"Severe":1580,"Critical":164,"Emergencies":{"Suspected":86,"Total":3977,"Severe":30,"Suspected/Accumulated":15671,"Total/Accumulated":263590,"Severe/Accumulated":6708},"MedicalActs":{"Suspected":50,"Total":747,"Suspected/Accumulated":6188,"Total/Accumulated":65559},"MedicalTests":{"Total":530,"Confirmed":6,"Total/Accumulated":25428,"Confirmed/Accumulated":2145},"Confirmed":2093},"geometry":{"type":"Point","coordinates":[4.515179591651545,45.475403602540794]}},{"type":"Feature","properties":{"Country/Region":"France","Province/State":"Guadeloupe","Code":"01","Population":{"Total":376879,"Under19":90617,"Under39":71707,"Under59":109452,"Under74":70936,"Over75":34167},"Beds":{"Resuscitation":27,"IntensiveCare":68,"Total":95},"Deaths":19,"Recovered":73,"Severe":13,"Critical":3,"Emergencies":{"Suspected":1,"Total":140,"Suspected/Accumulated":285,"Total/Accumulated":13665,"Severe/Accumulated":101},"Confirmed":106,"MedicalTests":{"Total/Accumulated":51,"Confirmed/Accumulated":17}},"geometry":{"type":"Point","coordinates":[-61.493846272189366,16.20469674556213]}},{"type":"Feature","properties":{"Country/Region":"France","Province/State":"Martinique","Code":"02","Population":{"Total":358749,"Under19":77005,"Under39":65776,"Under59":105638,"Under74":72163,"Over75":38167},"Beds":{"Resuscitation":26,"IntensiveCare":58,"Total":84},"Deaths":14,"Recovered":81,"Severe":18,"Critical":1,"MedicalActs":{"Suspected":1,"Total":89,"Suspected/Accumulated":139,"Total/Accumulated":8189},"Confirmed":111,"MedicalTests":{"Total/Accumulated":29,"Confirmed/Accumulated":6}},"geometry":{"type":"Point","coordinates":[-60.98265692913386,14.6217557480315]}},{"type":"Feature","properties":{"Country/Region":"France","Province/State":"Provence-Alpes-Côte d'Azur","Code":"93","Population":{"Total":5055651,"Under19":1128765,"Under39":1109058,"Under59":1309879,"Under74":927347,"Over75":580602},"Beds":{"Resuscitation":460,"IntensiveCare":802,"Total":1262},"Deaths":862,"Recovered":4660,"Severe":1038,"Critical":103,"Emergencies":{"Suspected":51,"Total":3068,"Severe":24,"Suspected/Accumulated":10307,"Total/Accumulated":209218,"Severe/Accumulated":5310},"MedicalActs":{"Suspected":35,"Total":618,"Suspected/Accumulated":5450,"Total/Accumulated":60021},"MedicalTests":{"Total":1521,"Confirmed":15,"Total/Accumulated":76726,"Confirmed/Accumulated":4176},"Confirmed":1927},"geometry":{"type":"Point","coordinates":[5.940587832647462,43.96417941015098]}},{"type":"Feature","properties":{"Country/Region":"France","Province/State":"Corse","Code":"94","Population":{"Total":344679,"Under19":68555,"Under39":76985,"Under59":93175,"Under74":65675,"Over75":40289},"Beds":{"Resuscitation":18,"IntensiveCare":42,"Total":60},"Deaths":57,"Recovered":217,"Severe":36,"Critical":4,"Emergencies":{"Suspected":10,"Total":179,"Severe":5,"Suspected/Accumulated":2066,"Total/Accumulated":12526,"Severe/Accumulated":1983},"MedicalActs":{"Suspected":4,"Total":45,"Suspected/Accumulated":470,"Total/Accumulated":3229},"Confirmed":263},"geometry":{"type":"Point","coordinates":[9.019688964401293,42.118564077669916]}},{"type":"Feature","properties":{"Country/Region":"France","Province/State":"Guyane","Code":"03","Population":{"Total":290691,"Under19":120681,"Under39":80023,"Under59":61783,"Under74":22111,"Over75":6093},"Beds":{"Resuscitation":13,"IntensiveCare":12,"Total":25},"Deaths":1,"Recovered":51,"Severe":12,"Emergencies":{"Suspected":4,"Total":204,"Severe":2,"Suspected/Accumulated":112,"Total/Accumulated":14159,"Severe/Accumulated":39},"Confirmed":43,"MedicalTests":{"Total/Accumulated":35,"Confirmed/Accumulated":4}},"geometry":{"type":"Point","coordinates":[-53.41731165390502,3.588901056661561]}},{"type":"Feature","properties":{"Country/Region":"France","Province/State":"La Réunion","Code":"04","Population":{"Total":859959,"Under19":256143,"Under39":202783,"Under59":239212,"Under74":117045,"Over75":44776},"Beds":{"Resuscitation":52,"IntensiveCare":154,"Total":206},"Deaths":1,"Recovered":116,"Severe":10,"Critical":2,"Emergencies":{"Total":358,"Suspected/Accumulated":266,"Total/Accumulated":28007,"Severe/Accumulated":184},"MedicalTests":{"Total":1,"Total/Accumulated":19,"Confirmed/Accumulated":1},"Confirmed":94},"geometry":{"type":"Point","coordinates":[55.52943947368424,-21.1374047368421]}},{"type":"Feature","properties":{"Country/Region":"France","Province/State":"Mayotte","Code":"06","Population":{"Total":279471,"Under19":150257,"Under39":74348,"Under59":42900,"Under74":9521,"Over75":2445},"Beds":{"Resuscitation":6,"IntensiveCare":0,"Total":6},"Deaths":18,"Recovered":186,"Severe":54,"Critical":13,"Emergencies":{"Suspected":49,"Total":121,"Severe":4,"Suspected/Accumulated":1099,"Total/Accumulated":8249,"Severe/Accumulated":173},"Confirmed":128,"MedicalTests":{"Total/Accumulated":4,"Confirmed/Accumulated":1}},"geometry":{"type":"Point","coordinates":[45.14160071428572,-12.835344166666673]}}]}