{"type":"FeatureCollection","features":[{"type":"Feature","properties":{"Country/Region":"France","Province/State":"Île-de-France","Code":"11","Population":{"Total":12278210,"Under19":3140965,"Under39":3409765,"Under59":3210447,"Under74":1658207,"Over75":858826},"Beds":{"Resuscitation":1147,"IntensiveCare":2512,"Total":3659},"Confirmed":1240,"Critical":155,"Emergencies":{"Suspected":382,"Total":6630,"Severe":87,"Suspected/Accumulated":1875,"Total/Accumulated":95789,"Severe/Accumulated":525},"MedicalActs":{"Suspected":109,"Total":2247,"Suspected/Accumulated":447,"Total/Accumulated":28074},"MedicalTests":{"Total":124,"Confirmed":48,"Total/Accumulated":523,"Confirmed/Accumulated":134},"Deaths":4},"geometry":{"type":"Point","coordinates":[2.5292589766081885,48.704415292397634]}},{"type":"Feature","properties":{"Country/Region":"France","Province/State":"Centre-Val de Loire","Code":"24","Population":{"Total":2559073,"Under19":598570,"Under39":541141,"Under59":661150,"Under74":478923,"Over75":279289},"Beds":{"Resuscitation":180,"IntensiveCare":346,"Total":526},"Confirmed":54,"Emergencies":{"Suspected":18,"Total":1316,"Severe":2,"Suspected/Accumulated":64,"Total/Accumulated":19991,"Severe/Accumulated":7},"MedicalActs":{"Suspected":1,"Total":559,"Suspected/Accumulated":7,"Total/Accumulated":6307},"MedicalTests":{"Total/Accumulated":13,"Confirmed/Accumulated":4}},"geometry":{"type":"Point","coordinates":[1.6429664800000017,47.54357092799999]}},{"type":"Feature","properties":{"Country/Region":"France","Province/State":"Bourgogne-Franche-Comté","Code":"27","Population":{"Total":2783039,"Under19":627017,"Under39":591411,"Under59":715664,"Under74":540051,"Over75":308896},"Beds":{"Resuscitation":198,"IntensiveCare":642,"Total":840},"Confirmed":340,"Deaths":6,"Critical":20,"Emergencies":{"Suspected":82,"Total":1682,"Severe":29,"Suspected/Accumulated":628,"Total/Accumulated":24787,"Severe/Accumulated":257},"MedicalActs":{"Suspected":28,"Total":421,"Suspected/Accumulated":70,"Total/Accumulated":4926},"MedicalTests":{"Total":1,"Total/Accumulated":7}},"geometry":{"type":"Point","coordinates":[4.731409826897467,47.2969232490013]}},{"type":"Feature","properties":{"Country/Region":"France","Province/State":"Normandie","Code":"28","Population":{"Total":3303500,"Under19":781337,"Under39":727044,"Under59":842963,"Under74":615474,"Over75":336682},"Beds":{"Resuscitation":240,"IntensiveCare":548,"Total":788},"Confirmed":127,"Deaths":1,"Severe":12,"Emergencies":{"Suspected":29,"Total":1844,"Severe":4,"Suspected/Accumulated":153,"Total/Accumulated":28569,"Severe/Accumulated":28},"MedicalActs":{"Suspected":19,"Total":833,"Suspected/Accumulated":52,"Total/Accumulated":8769},"MedicalTests":{"Total":2,"Total/Accumulated":21,"Confirmed/Accumulated":1}},"geometry":{"type":"Point","coordinates":[-0.022673401869158984,49.066630336448576]}},{"type":"Feature","properties":{"Country/Region":"France","Province/State":"Hauts-de-France","Code":"32","Population":{"Total":5962662,"Under19":1525538,"Under39":1443348,"Under59":1522690,"Under74":994313,"Over75":476773},"Beds":{"Resuscitation":438,"IntensiveCare":1338,"Total":1776},"Confirmed":466,"Deaths":29,"Emergencies":{"Suspected":73,"Total":2635,"Severe":20,"Suspected/Accumulated":464,"Total/Accumulated":43329,"Severe/Accumulated":97},"MedicalActs":{"Suspected":11,"Total":1643,"Suspected/Accumulated":58,"Total/Accumulated":18815},"MedicalTests":{"Total":1,"Confirmed":1,"Total/Accumulated":11,"Confirmed/Accumulated":3}},"geometry":{"type":"Point","coordinates":[2.8852615671641804,49.86155781716422]}},{"type":"Feature","properties":{"Country/Region":"France","Province/State":"Grand Est","Code":"44","Population":{"Total":5511747,"Under19":1258123,"Under39":1291962,"Under59":1448828,"Under74":988178,"Over75":524656},"Beds":{"Resuscitation":465,"IntensiveCare":840,"Total":1305},"Confirmed":1085,"Deaths":24,"Emergencies":{"Suspected":118,"Total":3015,"Severe":63,"Suspected/Accumulated":627,"Total/Accumulated":42936,"Severe/Accumulated":300},"MedicalActs":{"Suspected":61,"Total":1181,"Suspected/Accumulated":286,"Total/Accumulated":10783},"MedicalTests":{"Total":12,"Confirmed":4,"Total/Accumulated":74,"Confirmed/Accumulated":23}},"geometry":{"type":"Point","coordinates":[5.509890203045682,48.670969771573546]}},{"type":"Feature","properties":{"Country/Region":"France","Province/State":"Pays de la Loire","Code":"52","Population":{"Total":3801797,"Under19":933509,"Under39":853729,"Under59":970508,"Under74":667531,"Over75":376520},"Beds":{"Resuscitation":181,"IntensiveCare":572,"Total":753},"Confirmed":82,"Recovered":4,"Emergencies":{"Suspected":50,"Total":1488,"Severe":6,"Suspected/Accumulated":499,"Total/Accumulated":22092,"Severe/Accumulated":112},"MedicalActs":{"Suspected":18,"Total":665,"Suspected/Accumulated":39,"Total/Accumulated":7687},"MedicalTests":{"Total":1,"Total/Accumulated":1}},"geometry":{"type":"Point","coordinates":[-0.8763313771517983,47.44186302034428]}},{"type":"Feature","properties":{"Country/Region":"France","Province/State":"Bretagne","Code":"53","Population":{"Total":3340379,"Under19":773631,"Under39":714512,"Under59":866988,"Under74":632104,"Over75":353144},"Beds":{"Resuscitation":162,"IntensiveCare":462,"Total":624},"Confirmed":182,"Deaths":3,"Emergencies":{"Suspected":66,"Total":1664,"Severe":7,"Suspected/Accumulated":662,"Total/Accumulated":24534,"Severe/Accumulated":15},"MedicalActs":{"Suspected":3,"Total":658,"Suspected/Accumulated":11,"Total/Accumulated":6212},"MedicalTests":{"Total/Accumulated":2,"Confirmed/Accumulated":1}},"geometry":{"type":"Point","coordinates":[-3.104342941176476,48.146701189258316]}},{"type":"Feature","properties":{"Country/Region":"France","Province/State":"Nouvelle-Aquitaine","Code":"75","Population":{"Total":5999982,"Under19":1293321,"Under39":1274746,"Under59":1561754,"Under74":1177229,"Over75":692932},"Beds":{"Resuscitation":412,"IntensiveCare":946,"Total":1358},"Confirmed":133,"Recovered":2,"Emergencies":{"Suspected":50,"Total":3078,"Severe":13,"Suspected/Accumulated":526,"Total/Accumulated":46038,"Severe/Accumulated":64},"MedicalActs":{"Suspected":89,"Total":1895,"Suspected/Accumulated":258,"Total/Accumulated":20480},"MedicalTests":{"Total":8,"Total/Accumulated":68}},"geometry":{"type":"Point","coordinates":[0.16186906163753495,45.156971701931916]}},{"type":"Feature","properties":{"Country/Region":"France","Province/State":"Occitanie","Code":"76","Population":{"Total":5924858,"Under19":1320456,"Under39":1330125,"Under59":1526711,"Under74":1099893,"Over75":647673},"Beds":{"Resuscitation":474,"IntensiveCare":1206,"Total":1680},"Confirmed":214,"Recovered":3,"Critical":17,"Emergencies":{"Suspected":118,"Total":3285,"Severe":45,"Suspected/Accumulated":364,"Total/Accumulated":50089,"Severe/Accumulated":141},"MedicalActs":{"Suspected":35,"Total":727,"Suspected/Accumulated":46,"Total/Accumulated":6855},"MedicalTests":{"Total":12,"Total/Accumulated":27,"Confirmed/Accumulated":1}},"geometry":{"type":"Point","coordinates":[1.988214846153848,43.761180626373644]}},{"type":"Feature","properties":{"Country/Region":"France","Province/State":"Auvergne-Rhône-Alpes","Code":"84","Population":{"Total":8032377,"Under19":1940253,"Under39":1900702,"Under59":2079813,"Under74":1340003,"Over75":771606},"Beds":{"Resuscitation":559,"IntensiveCare":1136,"Total":1695},"Confirmed":454,"Deaths":12,"Recovered":8,"Emergencies":{"Suspected":85,"Total":4296,"Severe":40,"Suspected/Accumulated":362,"Total/Accumulated":63471,"Severe/Accumulated":170},"MedicalActs":{"Suspected":75,"Total":1244,"Suspected/Accumulated":200,"Total/Accumulated":15073},"MedicalTests":{"Total":1,"Total/Accumulated":47,"Confirmed/Accumulated":4}},"geometry":{"type":"Point","coordinates":[4.515179591651545,45.475403602540794]}},{"type":"Feature","properties":{"Country/Region":"France","Province/State":"Guadeloupe","Code":"01","Population":{"Total":376879,"Under19":90617,"Under39":71707,"Under59":109452,"Under74":70936,"Over75":34167},"Beds":{"Resuscitation":27,"IntensiveCare":68,"Total":95},"Confirmed":5,"Emergencies":{"Total":232,"Total/Accumulated":3336}},"geometry":{"type":"Point","coordinates":[-61.493846272189366,16.20469674556213]}},{"type":"Feature","properties":{"Country/Region":"France","Province/State":"Martinique","Code":"02","Population":{"Total":358749,"Under19":77005,"Under39":65776,"Under59":105638,"Under74":72163,"Over75":38167},"Beds":{"Resuscitation":26,"IntensiveCare":58,"Total":84},"Confirmed":10,"MedicalActs":{"Total":123,"Total/Accumulated":1887}},"geometry":{"type":"Point","coordinates":[-60.98265692913386,14.6217557480315]}},{"type":"Feature","properties":{"Country/Region":"France","Province/State":"Provence-Alpes-Côte d'Azur","Code":"93","Population":{"Total":5055651,"Under19":1128765,"Under39":1109058,"Under59":1309879,"Under74":927347,"Over75":580602},"Beds":{"Resuscitation":460,"IntensiveCare":802,"Total":1262},"Confirmed":281,"Emergencies":{"Suspected":85,"Total":3445,"Severe":41,"Suspected/Accumulated":565,"Total/Accumulated":48629,"Severe/Accumulated":310},"MedicalActs":{"Suspected":26,"Total":1294,"Suspected/Accumulated":87,"Total/Accumulated":13058},"MedicalTests":{"Total":5,"Confirmed":1,"Total/Accumulated":67,"Confirmed/Accumulated":1}},"geometry":{"type":"Point","coordinates":[5.940587832647462,43.96417941015098]}},{"type":"Feature","properties":{"Country/Region":"France","Province/State":"Corse","Code":"94","Population":{"Total":344679,"Under19":68555,"Under39":76985,"Under59":93175,"Under74":65675,"Over75":40289},"Beds":{"Resuscitation":18,"IntensiveCare":42,"Total":60},"Confirmed":106,"Deaths":5,"Critical":2,"Emergencies":{"Suspected":20,"Total":179,"Severe":20,"Suspected/Accumulated":231,"Total/Accumulated":2708,"Severe/Accumulated":221},"MedicalActs":{"Suspected":11,"Total":104,"Suspected/Accumulated":16,"Total/Accumulated":870}},"geometry":{"type":"Point","coordinates":[9.019688964401293,42.118564077669916]}},{"type":"Feature","properties":{"Country/Region":"France","Province/State":"Guyane","Code":"03","Population":{"Total":290691,"Under19":120681,"Under39":80023,"Under59":61783,"Under74":22111,"Over75":6093},"Beds":{"Resuscitation":13,"IntensiveCare":12,"Total":25},"Confirmed":7,"Recovered":3,"Emergencies":{"Total":232,"Suspected/Accumulated":1,"Total/Accumulated":3688}},"geometry":{"type":"Point","coordinates":[-53.41731165390502,3.588901056661561]}},{"type":"Feature","properties":{"Country/Region":"France","Province/State":"La Réunion","Code":"04","Population":{"Total":859959,"Under19":256143,"Under39":202783,"Under59":239212,"Under74":117045,"Over75":44776},"Beds":{"Resuscitation":52,"IntensiveCare":154,"Total":206},"Confirmed":6,"Emergencies":{"Total":504,"Suspected/Accumulated":56,"Total/Accumulated":6664,"Severe/Accumulated":53}},"geometry":{"type":"Point","coordinates":[55.52943947368424,-21.1374047368421]}},{"type":"Feature","properties":{"Country/Region":"France","Province/State":"Mayotte","Code":"06","Population":{"Total":279471,"Under19":150257,"Under39":74348,"Under59":42900,"Under74":9521,"Over75":2445},"Beds":{"Resuscitation":6,"IntensiveCare":0,"Total":6},"Confirmed":1,"Severe":1,"Emergencies":{"Total":129,"Total/Accumulated":1650}},"geometry":{"type":"Point","coordinates":[45.14160071428572,-12.835344166666673]}}]}