{"type":"FeatureCollection","features":[{"type":"Feature","properties":{"Country/Region":"France","Province/State":"Île-de-France","Code":"11","Population":{"Total":12278210,"Under19":3140965,"Under39":3409765,"Under59":3210447,"Under74":1658207,"Over75":858826},"Beds":{"Resuscitation":1147,"IntensiveCare":2512,"Total":3659},"Deaths":954,"Recovered":2394,"Severe":7689,"Critical":1792,"Emergencies":{"Suspected":1923,"Total":5126,"Severe":713,"Suspected/Accumulated":21672,"Total/Accumulated":176213,"Severe/Accumulated":6894},"MedicalActs":{"Suspected":453,"Total":1403,"Suspected/Accumulated":6090,"Total/Accumulated":53329},"MedicalTests":{"Total":2019,"Confirmed":824,"Total/Accumulated":14732,"Confirmed/Accumulated":6390},"Confirmed":7660},"geometry":{"type":"Point","coordinates":[2.5292589766081885,48.704415292397634]}},{"type":"Feature","properties":{"Country/Region":"France","Province/State":"Centre-Val de Loire","Code":"24","Population":{"Total":2559073,"Under19":598570,"Under39":541141,"Under59":661150,"Under74":478923,"Over75":279289},"Beds":{"Resuscitation":180,"IntensiveCare":346,"Total":526},"Deaths":53,"Recovered":100,"Severe":457,"Critical":115,"Emergencies":{"Suspected":122,"Total":889,"Severe":48,"Suspected/Accumulated":1059,"Total/Accumulated":34342,"Severe/Accumulated":314},"MedicalActs":{"Suspected":26,"Total":208,"Suspected/Accumulated":309,"Total/Accumulated":10761},"MedicalTests":{"Total":324,"Confirmed":78,"Total/Accumulated":1786,"Confirmed/Accumulated":436},"Confirmed":1157},"geometry":{"type":"Point","coordinates":[1.6429664800000017,47.54357092799999]}},{"type":"Feature","properties":{"Country/Region":"France","Province/State":"Bourgogne-Franche-Comté","Code":"27","Population":{"Total":2783039,"Under19":627017,"Under39":591411,"Under59":715664,"Under74":540051,"Over75":308896},"Beds":{"Resuscitation":198,"IntensiveCare":642,"Total":840},"Deaths":187,"Recovered":604,"Severe":902,"Critical":220,"Emergencies":{"Suspected":291,"Total":1140,"Severe":126,"Suspected/Accumulated":4334,"Total/Accumulated":43836,"Severe/Accumulated":1747},"MedicalActs":{"Suspected":44,"Total":195,"Suspected/Accumulated":835,"Total/Accumulated":8811},"MedicalTests":{"Total":242,"Confirmed":38,"Total/Accumulated":1381,"Confirmed/Accumulated":313},"Confirmed":1569},"geometry":{"type":"Point","coordinates":[4.731409826897467,47.2969232490013]}},{"type":"Feature","properties":{"Country/Region":"France","Province/State":"Normandie","Code":"28","Population":{"Total":3303500,"Under19":781337,"Under39":727044,"Under59":842963,"Under74":615474,"Over75":336682},"Beds":{"Resuscitation":240,"IntensiveCare":548,"Total":788},"Deaths":42,"Recovered":113,"Severe":479,"Critical":137,"Emergencies":{"Suspected":117,"Total":1156,"Severe":42,"Suspected/Accumulated":1573,"Total/Accumulated":47925,"Severe/Accumulated":433},"MedicalActs":{"Suspected":76,"Total":315,"Suspected/Accumulated":1306,"Total/Accumulated":15429},"MedicalTests":{"Total":346,"Confirmed":58,"Total/Accumulated":1774,"Confirmed/Accumulated":324},"Confirmed":912},"geometry":{"type":"Point","coordinates":[-0.022673401869158984,49.066630336448576]}},{"type":"Feature","properties":{"Country/Region":"France","Province/State":"Hauts-de-France","Code":"32","Population":{"Total":5962662,"Under19":1525538,"Under39":1443348,"Under59":1522690,"Under74":994313,"Over75":476773},"Beds":{"Resuscitation":438,"IntensiveCare":1338,"Total":1776},"Confirmed":3011,"Deaths":242,"Recovered":497,"Severe":1355,"Critical":400,"Emergencies":{"Suspected":389,"Total":1878,"Severe":139,"Suspected/Accumulated":4003,"Total/Accumulated":72708,"Severe/Accumulated":1381},"MedicalActs":{"Suspected":143,"Total":645,"Suspected/Accumulated":1909,"Total/Accumulated":31948},"MedicalTests":{"Total":376,"Confirmed":146,"Total/Accumulated":1763,"Confirmed/Accumulated":627}},"geometry":{"type":"Point","coordinates":[2.8852615671641804,49.86155781716422]}},{"type":"Feature","properties":{"Country/Region":"France","Province/State":"Grand Est","Code":"44","Population":{"Total":5511747,"Under19":1258123,"Under39":1291962,"Under59":1448828,"Under74":988178,"Over75":524656},"Beds":{"Resuscitation":465,"IntensiveCare":840,"Total":1305},"Deaths":919,"Recovered":1487,"Severe":3950,"Critical":844,"Emergencies":{"Suspected":640,"Total":2226,"Severe":323,"Suspected/Accumulated":7958,"Total/Accumulated":77298,"Severe/Accumulated":3886},"MedicalActs":{"Suspected":196,"Total":652,"Suspected/Accumulated":2794,"Total/Accumulated":23610},"MedicalTests":{"Total":669,"Confirmed":196,"Total/Accumulated":3135,"Confirmed/Accumulated":995},"Confirmed":5479},"geometry":{"type":"Point","coordinates":[5.509890203045682,48.670969771573546]}},{"type":"Feature","properties":{"Country/Region":"France","Province/State":"Pays de la Loire","Code":"52","Population":{"Total":3801797,"Under19":933509,"Under39":853729,"Under59":970508,"Under74":667531,"Over75":376520},"Beds":{"Resuscitation":181,"IntensiveCare":572,"Total":753},"Confirmed":852,"Deaths":58,"Recovered":195,"Severe":512,"Critical":116,"Emergencies":{"Suspected":194,"Total":1053,"Severe":104,"Suspected/Accumulated":2621,"Total/Accumulated":38712,"Severe/Accumulated":1045},"MedicalActs":{"Suspected":99,"Total":378,"Suspected/Accumulated":1383,"Total/Accumulated":15104},"MedicalTests":{"Total":42,"Confirmed":6,"Total/Accumulated":307,"Confirmed/Accumulated":37}},"geometry":{"type":"Point","coordinates":[-0.8763313771517983,47.44186302034428]}},{"type":"Feature","properties":{"Country/Region":"France","Province/State":"Bretagne","Code":"53","Population":{"Total":3340379,"Under19":773631,"Under39":714512,"Under59":866988,"Under74":632104,"Over75":353144},"Beds":{"Resuscitation":162,"IntensiveCare":462,"Total":624},"Deaths":45,"Recovered":170,"Severe":290,"Critical":63,"Emergencies":{"Suspected":87,"Total":1106,"Severe":41,"Suspected/Accumulated":2229,"Total/Accumulated":43661,"Severe/Accumulated":473},"MedicalActs":{"Suspected":36,"Total":238,"Suspected/Accumulated":518,"Total/Accumulated":12183},"MedicalTests":{"Total":5,"Total/Accumulated":59,"Confirmed/Accumulated":10},"Confirmed":962},"geometry":{"type":"Point","coordinates":[-3.104342941176476,48.146701189258316]}},{"type":"Feature","properties":{"Country/Region":"France","Province/State":"Nouvelle-Aquitaine","Code":"75","Population":{"Total":5999982,"Under19":1293321,"Under39":1274746,"Under59":1561754,"Under74":1177229,"Over75":692932},"Beds":{"Resuscitation":412,"IntensiveCare":946,"Total":1358},"Deaths":72,"Recovered":277,"Severe":658,"Critical":182,"Emergencies":{"Suspected":334,"Total":2085,"Severe":123,"Suspected/Accumulated":3921,"Total/Accumulated":79806,"Severe/Accumulated":1273},"MedicalActs":{"Suspected":196,"Total":934,"Suspected/Accumulated":3470,"Total/Accumulated":39480},"MedicalTests":{"Total":430,"Confirmed":52,"Total/Accumulated":2520,"Confirmed/Accumulated":257},"Confirmed":1007},"geometry":{"type":"Point","coordinates":[0.16186906163753495,45.156971701931916]}},{"type":"Feature","properties":{"Country/Region":"France","Province/State":"Occitanie","Code":"76","Population":{"Total":5924858,"Under19":1320456,"Under39":1330125,"Under59":1526711,"Under74":1099893,"Over75":647673},"Beds":{"Resuscitation":474,"IntensiveCare":1206,"Total":1680},"Confirmed":2126,"Deaths":82,"Recovered":365,"Severe":854,"Critical":267,"Emergencies":{"Suspected":321,"Total":2044,"Severe":136,"Suspected/Accumulated":2853,"Total/Accumulated":83275,"Severe/Accumulated":1208},"MedicalActs":{"Suspected":82,"Total":316,"Suspected/Accumulated":1228,"Total/Accumulated":13686},"MedicalTests":{"Total":190,"Confirmed":24,"Total/Accumulated":1073,"Confirmed/Accumulated":148}},"geometry":{"type":"Point","coordinates":[1.988214846153848,43.761180626373644]}},{"type":"Feature","properties":{"Country/Region":"France","Province/State":"Auvergne-Rhône-Alpes","Code":"84","Population":{"Total":8032377,"Under19":1940253,"Under39":1900702,"Under59":2079813,"Under74":1340003,"Over75":771606},"Beds":{"Resuscitation":559,"IntensiveCare":1136,"Total":1695},"Deaths":264,"Recovered":842,"Severe":2333,"Critical":583,"Emergencies":{"Suspected":614,"Total":2710,"Severe":270,"Suspected/Accumulated":6056,"Total/Accumulated":107889,"Severe/Accumulated":2777},"MedicalActs":{"Suspected":209,"Total":779,"Suspected/Accumulated":2892,"Total/Accumulated":29314},"MedicalTests":{"Total":364,"Confirmed":87,"Total/Accumulated":3671,"Confirmed/Accumulated":738},"Confirmed":2093},"geometry":{"type":"Point","coordinates":[4.515179591651545,45.475403602540794]}},{"type":"Feature","properties":{"Country/Region":"France","Province/State":"Guadeloupe","Code":"01","Population":{"Total":376879,"Under19":90617,"Under39":71707,"Under59":109452,"Under74":70936,"Over75":34167},"Beds":{"Resuscitation":27,"IntensiveCare":68,"Total":95},"Deaths":4,"Recovered":20,"Severe":44,"Critical":13,"Emergencies":{"Suspected":3,"Total":142,"Severe":1,"Suspected/Accumulated":36,"Total/Accumulated":5681,"Severe/Accumulated":15},"MedicalTests":{"Total":3,"Confirmed":1,"Total/Accumulated":12,"Confirmed/Accumulated":5},"Confirmed":106},"geometry":{"type":"Point","coordinates":[-61.493846272189366,16.20469674556213]}},{"type":"Feature","properties":{"Country/Region":"France","Province/State":"Martinique","Code":"02","Population":{"Total":358749,"Under19":77005,"Under39":65776,"Under59":105638,"Under74":72163,"Over75":38167},"Beds":{"Resuscitation":26,"IntensiveCare":58,"Total":84},"Deaths":3,"Recovered":17,"Severe":57,"Critical":15,"MedicalActs":{"Suspected":5,"Total":114,"Suspected/Accumulated":18,"Total/Accumulated":3621},"MedicalTests":{"Total":2,"Confirmed":1,"Total/Accumulated":5,"Confirmed/Accumulated":2},"Confirmed":111},"geometry":{"type":"Point","coordinates":[-60.98265692913386,14.6217557480315]}},{"type":"Feature","properties":{"Country/Region":"France","Province/State":"Provence-Alpes-Côte d'Azur","Code":"93","Population":{"Total":5055651,"Under19":1128765,"Under39":1109058,"Under59":1309879,"Under74":927347,"Over75":580602},"Beds":{"Resuscitation":460,"IntensiveCare":802,"Total":1262},"Deaths":80,"Recovered":759,"Severe":1220,"Critical":287,"Emergencies":{"Suspected":341,"Total":2301,"Severe":167,"Suspected/Accumulated":4173,"Total/Accumulated":85413,"Severe/Accumulated":2100},"MedicalActs":{"Suspected":149,"Total":676,"Suspected/Accumulated":2554,"Total/Accumulated":26274},"MedicalTests":{"Total":1783,"Confirmed":226,"Total/Accumulated":7632,"Confirmed/Accumulated":1240},"Confirmed":1927},"geometry":{"type":"Point","coordinates":[5.940587832647462,43.96417941015098]}},{"type":"Feature","properties":{"Country/Region":"France","Province/State":"Corse","Code":"94","Population":{"Total":344679,"Under19":68555,"Under39":76985,"Under59":93175,"Under74":65675,"Over75":40289},"Beds":{"Resuscitation":18,"IntensiveCare":42,"Total":60},"Deaths":21,"Recovered":91,"Severe":108,"Critical":20,"Emergencies":{"Suspected":53,"Total":141,"Severe":53,"Suspected/Accumulated":1019,"Total/Accumulated":4956,"Severe/Accumulated":999},"MedicalActs":{"Suspected":6,"Total":32,"Suspected/Accumulated":273,"Total/Accumulated":1588},"Confirmed":263},"geometry":{"type":"Point","coordinates":[9.019688964401293,42.118564077669916]}},{"type":"Feature","properties":{"Country/Region":"France","Province/State":"Guyane","Code":"03","Population":{"Total":290691,"Under19":120681,"Under39":80023,"Under59":61783,"Under74":22111,"Over75":6093},"Beds":{"Resuscitation":13,"IntensiveCare":12,"Total":25},"Emergencies":{"Suspected":3,"Total":166,"Suspected/Accumulated":12,"Total/Accumulated":6431,"Severe/Accumulated":1},"Confirmed":43,"Recovered":15,"MedicalTests":{"Total/Accumulated":12,"Confirmed/Accumulated":2}},"geometry":{"type":"Point","coordinates":[-53.41731165390502,3.588901056661561]}},{"type":"Feature","properties":{"Country/Region":"France","Province/State":"La Réunion","Code":"04","Population":{"Total":859959,"Under19":256143,"Under39":202783,"Under59":239212,"Under74":117045,"Over75":44776},"Beds":{"Resuscitation":52,"IntensiveCare":154,"Total":206},"Recovered":6,"Severe":56,"Critical":4,"Emergencies":{"Suspected":6,"Total":268,"Severe":3,"Suspected/Accumulated":105,"Total/Accumulated":11503,"Severe/Accumulated":78},"Confirmed":94,"MedicalTests":{"Total/Accumulated":1}},"geometry":{"type":"Point","coordinates":[55.52943947368424,-21.1374047368421]}},{"type":"Feature","properties":{"Country/Region":"France","Province/State":"Mayotte","Code":"06","Population":{"Total":279471,"Under19":150257,"Under39":74348,"Under59":42900,"Under74":9521,"Over75":2445},"Beds":{"Resuscitation":6,"IntensiveCare":0,"Total":6},"Confirmed":82,"Recovered":10,"Severe":10,"Critical":3,"Emergencies":{"Suspected":20,"Total":100,"Severe":4,"Suspected/Accumulated":89,"Total/Accumulated":3010,"Severe/Accumulated":14},"MedicalTests":{"Total/Accumulated":2,"Confirmed/Accumulated":1}},"geometry":{"type":"Point","coordinates":[45.14160071428572,-12.835344166666673]}}]}