{"type":"FeatureCollection","features":[{"type":"Feature","properties":{"Country/Region":"France","Province/State":"Île-de-France","Code":"11","Population":{"Total":12278210,"Under19":3140965,"Under39":3409765,"Under59":3210447,"Under74":1658207,"Over75":858826},"Beds":{"Resuscitation":1147,"IntensiveCare":2512,"Total":3659},"Deaths":7523,"Recovered":28623,"Severe":3165,"Critical":236,"Emergencies":{"Suspected":84,"Total":5950,"Severe":11,"Suspected/Accumulated":54099,"Total/Accumulated":770427,"Severe/Accumulated":16402},"MedicalActs":{"Suspected":64,"Total":1410,"Suspected/Accumulated":14206,"Total/Accumulated":176914},"PCRTests":{"Total":2249,"Confirmed":30,"Total/Accumulated":541686,"Confirmed/Accumulated":9520},"Confirmed":7660,"MedicalTests":{"Total/Accumulated":85340,"Confirmed/Accumulated":18277}},"geometry":{"type":"Point","coordinates":[2.5292589766081885,48.704415292397634]}},{"type":"Feature","properties":{"Country/Region":"France","Province/State":"Centre-Val de Loire","Code":"24","Population":{"Total":2559073,"Under19":598570,"Under39":541141,"Under59":661150,"Under74":478923,"Over75":279289},"Beds":{"Resuscitation":180,"IntensiveCare":346,"Total":526},"Deaths":555,"Recovered":2054,"Severe":310,"Critical":11,"Emergencies":{"Suspected":11,"Total":1477,"Severe":4,"Suspected/Accumulated":5310,"Total/Accumulated":172841,"Severe/Accumulated":1355},"MedicalActs":{"Suspected":18,"Total":412,"Suspected/Accumulated":1539,"Total/Accumulated":41096},"PCRTests":{"Total":267,"Confirmed":2,"Total/Accumulated":81821,"Confirmed/Accumulated":944},"Confirmed":1157,"MedicalTests":{"Total/Accumulated":20197,"Confirmed/Accumulated":1858}},"geometry":{"type":"Point","coordinates":[1.6429664800000017,47.54357092799999]}},{"type":"Feature","properties":{"Country/Region":"France","Province/State":"Bourgogne-Franche-Comté","Code":"27","Population":{"Total":2783039,"Under19":627017,"Under39":591411,"Under59":715664,"Under74":540051,"Over75":308896},"Beds":{"Resuscitation":198,"IntensiveCare":642,"Total":840},"Deaths":1061,"Recovered":3971,"Severe":75,"Critical":6,"Emergencies":{"Suspected":11,"Total":2015,"Severe":1,"Suspected/Accumulated":11587,"Total/Accumulated":220590,"Severe/Accumulated":4841},"MedicalActs":{"Suspected":10,"Total":292,"Suspected/Accumulated":2229,"Total/Accumulated":32101},"PCRTests":{"Total":594,"Confirmed":5,"Total/Accumulated":106116,"Confirmed/Accumulated":884},"Confirmed":1569,"MedicalTests":{"Total/Accumulated":15673,"Confirmed/Accumulated":1330}},"geometry":{"type":"Point","coordinates":[4.731409826897467,47.2969232490013]}},{"type":"Feature","properties":{"Country/Region":"France","Province/State":"Normandie","Code":"28","Population":{"Total":3303500,"Under19":781337,"Under39":727044,"Under59":842963,"Under74":615474,"Over75":336682},"Beds":{"Resuscitation":240,"IntensiveCare":548,"Total":788},"Deaths":440,"Recovered":1718,"Severe":190,"Critical":7,"Emergencies":{"Suspected":7,"Total":1862,"Severe":5,"Suspected/Accumulated":4891,"Total/Accumulated":236947,"Severe/Accumulated":2083},"MedicalActs":{"Suspected":22,"Total":451,"Suspected/Accumulated":3703,"Total/Accumulated":55064},"PCRTests":{"Total":988,"Confirmed":3,"Total/Accumulated":129931,"Confirmed/Accumulated":968},"Confirmed":912,"MedicalTests":{"Total/Accumulated":17253,"Confirmed/Accumulated":1385}},"geometry":{"type":"Point","coordinates":[-0.022673401869158984,49.066630336448576]}},{"type":"Feature","properties":{"Country/Region":"France","Province/State":"Hauts-de-France","Code":"32","Population":{"Total":5962662,"Under19":1525538,"Under39":1443348,"Under59":1522690,"Under74":994313,"Over75":476773},"Beds":{"Resuscitation":438,"IntensiveCare":1338,"Total":1776},"Deaths":1888,"Recovered":6760,"Severe":612,"Critical":42,"Emergencies":{"Suspected":15,"Total":3131,"Severe":5,"Suspected/Accumulated":12819,"Total/Accumulated":369286,"Severe/Accumulated":4656},"MedicalActs":{"Suspected":21,"Total":789,"Suspected/Accumulated":4808,"Total/Accumulated":103082},"PCRTests":{"Total":564,"Confirmed":6,"Total/Accumulated":221995,"Confirmed/Accumulated":3700},"Confirmed":3011,"MedicalTests":{"Total/Accumulated":31790,"Confirmed/Accumulated":3410}},"geometry":{"type":"Point","coordinates":[2.8852615671641804,49.86155781716422]}},{"type":"Feature","properties":{"Country/Region":"France","Province/State":"Grand Est","Code":"44","Population":{"Total":5511747,"Under19":1258123,"Under39":1291962,"Under59":1448828,"Under74":988178,"Over75":524656},"Beds":{"Resuscitation":465,"IntensiveCare":840,"Total":1305},"Deaths":3599,"Recovered":12490,"Severe":837,"Critical":38,"Emergencies":{"Suspected":17,"Total":3230,"Severe":7,"Suspected/Accumulated":17695,"Total/Accumulated":364132,"Severe/Accumulated":8590},"MedicalActs":{"Suspected":42,"Total":871,"Suspected/Accumulated":7104,"Total/Accumulated":86759},"PCRTests":{"Total":470,"Confirmed":3,"Total/Accumulated":261088,"Confirmed/Accumulated":3473},"Confirmed":5479,"MedicalTests":{"Total/Accumulated":24982,"Confirmed/Accumulated":3702}},"geometry":{"type":"Point","coordinates":[5.509890203045682,48.670969771573546]}},{"type":"Feature","properties":{"Country/Region":"France","Province/State":"Pays de la Loire","Code":"52","Population":{"Total":3801797,"Under19":933509,"Under39":853729,"Under59":970508,"Under74":667531,"Over75":376520},"Beds":{"Resuscitation":181,"IntensiveCare":572,"Total":753},"Deaths":471,"Recovered":2140,"Severe":134,"Critical":6,"Emergencies":{"Suspected":19,"Total":1787,"Severe":5,"Suspected/Accumulated":8661,"Total/Accumulated":206004,"Severe/Accumulated":4417},"MedicalActs":{"Suspected":28,"Total":587,"Suspected/Accumulated":3849,"Total/Accumulated":62895},"PCRTests":{"Total":1420,"Confirmed":24,"Total/Accumulated":126940,"Confirmed/Accumulated":1960},"Confirmed":1630,"MedicalTests":{"Total/Accumulated":1941,"Confirmed/Accumulated":78}},"geometry":{"type":"Point","coordinates":[-0.8763313771517983,47.44186302034428]}},{"type":"Feature","properties":{"Country/Region":"France","Province/State":"Bretagne","Code":"53","Population":{"Total":3340379,"Under19":773631,"Under39":714512,"Under59":866988,"Under74":632104,"Over75":353144},"Beds":{"Resuscitation":162,"IntensiveCare":462,"Total":624},"Deaths":262,"Recovered":1304,"Severe":72,"Critical":3,"Emergencies":{"Suspected":10,"Total":1908,"Severe":4,"Suspected/Accumulated":5810,"Total/Accumulated":221106,"Severe/Accumulated":2259},"MedicalActs":{"Suspected":43,"Total":471,"Suspected/Accumulated":1802,"Total/Accumulated":46152},"PCRTests":{"Total":755,"Confirmed":1,"Total/Accumulated":87017,"Confirmed/Accumulated":877},"Confirmed":962,"MedicalTests":{"Total/Accumulated":698,"Confirmed/Accumulated":25}},"geometry":{"type":"Point","coordinates":[-3.104342941176476,48.146701189258316]}},{"type":"Feature","properties":{"Country/Region":"France","Province/State":"Nouvelle-Aquitaine","Code":"75","Population":{"Total":5999982,"Under19":1293321,"Under39":1274746,"Under59":1561754,"Under74":1177229,"Over75":692932},"Beds":{"Resuscitation":412,"IntensiveCare":946,"Total":1358},"Deaths":424,"Recovered":2217,"Severe":61,"Critical":11,"Emergencies":{"Suspected":17,"Total":3879,"Severe":7,"Suspected/Accumulated":10560,"Total/Accumulated":422553,"Severe/Accumulated":4539},"MedicalActs":{"Suspected":71,"Total":1233,"Suspected/Accumulated":8053,"Total/Accumulated":149138},"PCRTests":{"Total":528,"Confirmed":6,"Total/Accumulated":162650,"Confirmed/Accumulated":1079},"Confirmed":1007,"MedicalTests":{"Total/Accumulated":33043,"Confirmed/Accumulated":961}},"geometry":{"type":"Point","coordinates":[0.16186906163753495,45.156971701931916]}},{"type":"Feature","properties":{"Country/Region":"France","Province/State":"Occitanie","Code":"76","Population":{"Total":5924858,"Under19":1320456,"Under39":1330125,"Under59":1526711,"Under74":1099893,"Over75":647673},"Beds":{"Resuscitation":474,"IntensiveCare":1206,"Total":1680},"Deaths":513,"Recovered":2926,"Severe":44,"Critical":7,"Emergencies":{"Suspected":16,"Total":4090,"Severe":5,"Suspected/Accumulated":8869,"Total/Accumulated":432287,"Severe/Accumulated":3987},"MedicalActs":{"Suspected":9,"Total":474,"Suspected/Accumulated":3197,"Total/Accumulated":53204},"PCRTests":{"Total":567,"Confirmed":2,"Total/Accumulated":207410,"Confirmed/Accumulated":1519},"Confirmed":2374,"MedicalTests":{"Total/Accumulated":83743,"Confirmed/Accumulated":2680}},"geometry":{"type":"Point","coordinates":[1.988214846153848,43.761180626373644]}},{"type":"Feature","properties":{"Country/Region":"France","Province/State":"Auvergne-Rhône-Alpes","Code":"84","Population":{"Total":8032377,"Under19":1940253,"Under39":1900702,"Under59":2079813,"Under74":1340003,"Over75":771606},"Beds":{"Resuscitation":559,"IntensiveCare":1136,"Total":1695},"Deaths":1750,"Recovered":7863,"Severe":422,"Critical":21,"Emergencies":{"Suspected":20,"Total":4666,"Severe":2,"Suspected/Accumulated":17213,"Total/Accumulated":539989,"Severe/Accumulated":7220},"MedicalActs":{"Suspected":61,"Total":946,"Suspected/Accumulated":8168,"Total/Accumulated":117669},"PCRTests":{"Total":956,"Confirmed":9,"Total/Accumulated":274099,"Confirmed/Accumulated":2477},"Confirmed":2093,"MedicalTests":{"Total/Accumulated":27674,"Confirmed/Accumulated":2153}},"geometry":{"type":"Point","coordinates":[4.515179591651545,45.475403602540794]}},{"type":"Feature","properties":{"Country/Region":"France","Province/State":"Guadeloupe","Code":"01","Population":{"Total":376879,"Under19":90617,"Under39":71707,"Under59":109452,"Under74":70936,"Over75":34167},"Beds":{"Resuscitation":27,"IntensiveCare":68,"Total":95},"Deaths":19,"Recovered":83,"Severe":8,"Critical":1,"Emergencies":{"Total":213,"Suspected/Accumulated":333,"Total/Accumulated":26131,"Severe/Accumulated":104},"PCRTests":{"Total":15,"Total/Accumulated":8734,"Confirmed/Accumulated":55},"Confirmed":106,"MedicalTests":{"Total/Accumulated":51,"Confirmed/Accumulated":17}},"geometry":{"type":"Point","coordinates":[-61.493846272189366,16.20469674556213]}},{"type":"Feature","properties":{"Country/Region":"France","Province/State":"Martinique","Code":"02","Population":{"Total":358749,"Under19":77005,"Under39":65776,"Under59":105638,"Under74":72163,"Over75":38167},"Beds":{"Resuscitation":26,"IntensiveCare":58,"Total":84},"Deaths":15,"Recovered":91,"Severe":13,"Critical":5,"MedicalActs":{"Suspected":1,"Total":89,"Suspected/Accumulated":161,"Total/Accumulated":13731},"PCRTests":{"Total":15,"Total/Accumulated":11336,"Confirmed/Accumulated":83},"Confirmed":111,"MedicalTests":{"Total/Accumulated":29,"Confirmed/Accumulated":6}},"geometry":{"type":"Point","coordinates":[-60.98265692913386,14.6217557480315]}},{"type":"Feature","properties":{"Country/Region":"France","Province/State":"Provence-Alpes-Côte d'Azur","Code":"93","Population":{"Total":5055651,"Under19":1128765,"Under39":1109058,"Under59":1309879,"Under74":927347,"Over75":580602},"Beds":{"Resuscitation":460,"IntensiveCare":802,"Total":1262},"Deaths":957,"Recovered":5580,"Severe":445,"Critical":24,"Emergencies":{"Suspected":16,"Total":4179,"Severe":3,"Suspected/Accumulated":11313,"Total/Accumulated":431585,"Severe/Accumulated":5690},"MedicalActs":{"Suspected":39,"Total":1007,"Suspected/Accumulated":6801,"Total/Accumulated":107125},"PCRTests":{"Total":623,"Confirmed":9,"Total/Accumulated":244214,"Confirmed/Accumulated":2166},"Confirmed":1927,"MedicalTests":{"Total/Accumulated":80858,"Confirmed/Accumulated":4204}},"geometry":{"type":"Point","coordinates":[5.940587832647462,43.96417941015098]}},{"type":"Feature","properties":{"Country/Region":"France","Province/State":"Corse","Code":"94","Population":{"Total":344679,"Under19":68555,"Under39":76985,"Under59":93175,"Under74":65675,"Over75":40289},"Beds":{"Resuscitation":18,"IntensiveCare":42,"Total":60},"Deaths":59,"Recovered":248,"Severe":11,"Critical":1,"Emergencies":{"Suspected":2,"Total":321,"Suspected/Accumulated":2176,"Total/Accumulated":27027,"Severe/Accumulated":2051},"MedicalActs":{"Suspected":2,"Total":73,"Suspected/Accumulated":499,"Total/Accumulated":5018},"PCRTests":{"Total":48,"Total/Accumulated":13707,"Confirmed/Accumulated":77},"Confirmed":263},"geometry":{"type":"Point","coordinates":[9.019688964401293,42.118564077669916]}},{"type":"Feature","properties":{"Country/Region":"France","Province/State":"Guyane","Code":"03","Population":{"Total":290691,"Under19":120681,"Under39":80023,"Under59":61783,"Under74":22111,"Over75":6093},"Beds":{"Resuscitation":13,"IntensiveCare":12,"Total":25},"Deaths":35,"Recovered":765,"Severe":151,"Critical":23,"Emergencies":{"Suspected":10,"Total":147,"Severe":6,"Suspected/Accumulated":1406,"Total/Accumulated":25341,"Severe/Accumulated":570},"PCRTests":{"Total":301,"Confirmed":80,"Total/Accumulated":23839,"Confirmed/Accumulated":5548},"Confirmed":43,"MedicalTests":{"Total/Accumulated":35,"Confirmed/Accumulated":4}},"geometry":{"type":"Point","coordinates":[-53.41731165390502,3.588901056661561]}},{"type":"Feature","properties":{"Country/Region":"France","Province/State":"La Réunion","Code":"04","Population":{"Total":859959,"Under19":256143,"Under39":202783,"Under59":239212,"Under74":117045,"Over75":44776},"Beds":{"Resuscitation":52,"IntensiveCare":154,"Total":206},"Deaths":3,"Recovered":152,"Severe":26,"Critical":4,"Emergencies":{"Suspected":1,"Total":403,"Suspected/Accumulated":288,"Total/Accumulated":51473,"Severe/Accumulated":197},"PCRTests":{"Total":185,"Confirmed":2,"Total/Accumulated":38157,"Confirmed/Accumulated":185},"Confirmed":94,"MedicalTests":{"Total/Accumulated":19,"Confirmed/Accumulated":1}},"geometry":{"type":"Point","coordinates":[55.52943947368424,-21.1374047368421]}},{"type":"Feature","properties":{"Country/Region":"France","Province/State":"Mayotte","Code":"06","Population":{"Total":279471,"Under19":150257,"Under39":74348,"Under59":42900,"Under74":9521,"Over75":2445},"Beds":{"Resuscitation":6,"IntensiveCare":0,"Total":6},"Deaths":28,"Recovered":400,"Severe":7,"Critical":2,"Emergencies":{"Suspected":5,"Total":98,"Suspected/Accumulated":1850,"Total/Accumulated":14717,"Severe/Accumulated":239},"PCRTests":{"Total":36,"Confirmed":5,"Total/Accumulated":6731,"Confirmed/Accumulated":1110},"Confirmed":128,"MedicalTests":{"Total/Accumulated":4,"Confirmed/Accumulated":1}},"geometry":{"type":"Point","coordinates":[45.14160071428572,-12.835344166666673]}}]}