{"type":"FeatureCollection","features":[{"type":"Feature","properties":{"Country/Region":"France","Province/State":"Île-de-France","Code":"11","Population":{"Total":12278210,"Under19":3140965,"Under39":3409765,"Under59":3210447,"Under74":1658207,"Over75":858826},"Beds":{"Resuscitation":1147,"IntensiveCare":2512,"Total":3659},"Deaths":7194,"Recovered":25349,"Severe":5755,"Critical":523,"Emergencies":{"Suspected":61,"Total":6049,"Severe":19,"Suspected/Accumulated":51987,"Total/Accumulated":485487,"Severe/Accumulated":15926},"MedicalActs":{"Suspected":46,"Total":1145,"Suspected/Accumulated":12313,"Total/Accumulated":122332},"PCRTests":{"Total":8865,"Confirmed":177,"Total/Accumulated":155204,"Confirmed/Accumulated":4001},"Confirmed":7660,"MedicalTests":{"Total/Accumulated":85340,"Confirmed/Accumulated":18277}},"geometry":{"type":"Point","coordinates":[2.5292589766081885,48.704415292397634]}},{"type":"Feature","properties":{"Country/Region":"France","Province/State":"Centre-Val de Loire","Code":"24","Population":{"Total":2559073,"Under19":598570,"Under39":541141,"Under59":661150,"Under74":478923,"Over75":279289},"Beds":{"Resuscitation":180,"IntensiveCare":346,"Total":526},"Deaths":518,"Recovered":1778,"Severe":583,"Critical":35,"Emergencies":{"Suspected":23,"Total":1368,"Severe":2,"Suspected/Accumulated":5031,"Total/Accumulated":107930,"Severe/Accumulated":1290},"MedicalActs":{"Suspected":9,"Total":321,"Suspected/Accumulated":1195,"Total/Accumulated":26123},"PCRTests":{"Total":1285,"Confirmed":19,"Total/Accumulated":28271,"Confirmed/Accumulated":566},"Confirmed":1157,"MedicalTests":{"Total/Accumulated":20197,"Confirmed/Accumulated":1858}},"geometry":{"type":"Point","coordinates":[1.6429664800000017,47.54357092799999]}},{"type":"Feature","properties":{"Country/Region":"France","Province/State":"Bourgogne-Franche-Comté","Code":"27","Population":{"Total":2783039,"Under19":627017,"Under39":591411,"Under59":715664,"Under74":540051,"Over75":308896},"Beds":{"Resuscitation":198,"IntensiveCare":642,"Total":840},"Deaths":1022,"Recovered":3581,"Severe":337,"Critical":26,"Emergencies":{"Suspected":33,"Total":1743,"Severe":19,"Suspected/Accumulated":10952,"Total/Accumulated":134378,"Severe/Accumulated":4569},"MedicalActs":{"Suspected":9,"Total":221,"Suspected/Accumulated":1933,"Total/Accumulated":21555},"PCRTests":{"Total":1782,"Confirmed":13,"Total/Accumulated":34873,"Confirmed/Accumulated":457},"Confirmed":1569,"MedicalTests":{"Total/Accumulated":15673,"Confirmed/Accumulated":1330}},"geometry":{"type":"Point","coordinates":[4.731409826897467,47.2969232490013]}},{"type":"Feature","properties":{"Country/Region":"France","Province/State":"Normandie","Code":"28","Population":{"Total":3303500,"Under19":781337,"Under39":727044,"Under59":842963,"Under74":615474,"Over75":336682},"Beds":{"Resuscitation":240,"IntensiveCare":548,"Total":788},"Deaths":421,"Recovered":1509,"Severe":310,"Critical":19,"Emergencies":{"Suspected":9,"Total":1833,"Severe":7,"Suspected/Accumulated":4517,"Total/Accumulated":146779,"Severe/Accumulated":1849},"MedicalActs":{"Suspected":16,"Total":378,"Suspected/Accumulated":2823,"Total/Accumulated":36565},"PCRTests":{"Total":1192,"Confirmed":9,"Total/Accumulated":28645,"Confirmed/Accumulated":271},"Confirmed":912,"MedicalTests":{"Total/Accumulated":17253,"Confirmed/Accumulated":1385}},"geometry":{"type":"Point","coordinates":[-0.022673401869158984,49.066630336448576]}},{"type":"Feature","properties":{"Country/Region":"France","Province/State":"Hauts-de-France","Code":"32","Population":{"Total":5962662,"Under19":1525538,"Under39":1443348,"Under59":1522690,"Under74":994313,"Over75":476773},"Beds":{"Resuscitation":438,"IntensiveCare":1338,"Total":1776},"Deaths":1764,"Recovered":5828,"Severe":1334,"Critical":113,"Emergencies":{"Suspected":26,"Total":2971,"Severe":11,"Suspected/Accumulated":12145,"Total/Accumulated":228153,"Severe/Accumulated":4395},"MedicalActs":{"Suspected":11,"Total":675,"Suspected/Accumulated":3991,"Total/Accumulated":67938},"PCRTests":{"Total":3408,"Confirmed":73,"Total/Accumulated":67851,"Confirmed/Accumulated":1624},"Confirmed":3011,"MedicalTests":{"Total/Accumulated":31790,"Confirmed/Accumulated":3410}},"geometry":{"type":"Point","coordinates":[2.8852615671641804,49.86155781716422]}},{"type":"Feature","properties":{"Country/Region":"France","Province/State":"Grand Est","Code":"44","Population":{"Total":5511747,"Under19":1258123,"Under39":1291962,"Under59":1448828,"Under74":988178,"Over75":524656},"Beds":{"Resuscitation":465,"IntensiveCare":840,"Total":1305},"Deaths":3461,"Recovered":11127,"Severe":1863,"Critical":138,"Emergencies":{"Suspected":30,"Total":2798,"Severe":19,"Suspected/Accumulated":16998,"Total/Accumulated":225860,"Severe/Accumulated":8319},"MedicalActs":{"Suspected":14,"Total":516,"Suspected/Accumulated":6210,"Total/Accumulated":59944},"PCRTests":{"Total":4010,"Confirmed":84,"Total/Accumulated":77980,"Confirmed/Accumulated":1900},"Confirmed":5479,"MedicalTests":{"Total/Accumulated":24982,"Confirmed/Accumulated":3702}},"geometry":{"type":"Point","coordinates":[5.509890203045682,48.670969771573546]}},{"type":"Feature","properties":{"Country/Region":"France","Province/State":"Pays de la Loire","Code":"52","Population":{"Total":3801797,"Under19":933509,"Under39":853729,"Under59":970508,"Under74":667531,"Over75":376520},"Beds":{"Resuscitation":181,"IntensiveCare":572,"Total":753},"Deaths":445,"Recovered":1815,"Severe":333,"Critical":19,"Emergencies":{"Suspected":50,"Total":1694,"Severe":33,"Suspected/Accumulated":7853,"Total/Accumulated":125771,"Severe/Accumulated":3926},"MedicalActs":{"Suspected":14,"Total":429,"Suspected/Accumulated":3015,"Total/Accumulated":41218},"PCRTests":{"Total":1889,"Confirmed":19,"Total/Accumulated":37144,"Confirmed/Accumulated":671},"Confirmed":1630,"MedicalTests":{"Total/Accumulated":1941,"Confirmed/Accumulated":78}},"geometry":{"type":"Point","coordinates":[-0.8763313771517983,47.44186302034428]}},{"type":"Feature","properties":{"Country/Region":"France","Province/State":"Bretagne","Code":"53","Population":{"Total":3340379,"Under19":773631,"Under39":714512,"Under59":866988,"Under74":632104,"Over75":353144},"Beds":{"Resuscitation":162,"IntensiveCare":462,"Total":624},"Deaths":254,"Recovered":1171,"Severe":175,"Critical":13,"Emergencies":{"Suspected":21,"Total":1672,"Severe":12,"Suspected/Accumulated":5117,"Total/Accumulated":135968,"Severe/Accumulated":2115},"MedicalActs":{"Suspected":4,"Total":302,"Suspected/Accumulated":1290,"Total/Accumulated":30961},"PCRTests":{"Total":1374,"Confirmed":5,"Total/Accumulated":26751,"Confirmed/Accumulated":431},"Confirmed":962,"MedicalTests":{"Total/Accumulated":698,"Confirmed/Accumulated":25}},"geometry":{"type":"Point","coordinates":[-3.104342941176476,48.146701189258316]}},{"type":"Feature","properties":{"Country/Region":"France","Province/State":"Nouvelle-Aquitaine","Code":"75","Population":{"Total":5999982,"Under19":1293321,"Under39":1274746,"Under59":1561754,"Under74":1177229,"Over75":692932},"Beds":{"Resuscitation":412,"IntensiveCare":946,"Total":1358},"Deaths":400,"Recovered":2018,"Severe":215,"Critical":29,"Emergencies":{"Suspected":39,"Total":3357,"Severe":16,"Suspected/Accumulated":10057,"Total/Accumulated":257913,"Severe/Accumulated":4344},"MedicalActs":{"Suspected":20,"Total":962,"Suspected/Accumulated":6914,"Total/Accumulated":99864},"PCRTests":{"Total":2761,"Confirmed":10,"Total/Accumulated":61079,"Confirmed/Accumulated":586},"Confirmed":1007,"MedicalTests":{"Total/Accumulated":33043,"Confirmed/Accumulated":961}},"geometry":{"type":"Point","coordinates":[0.16186906163753495,45.156971701931916]}},{"type":"Feature","properties":{"Country/Region":"France","Province/State":"Occitanie","Code":"76","Population":{"Total":5924858,"Under19":1320456,"Under39":1330125,"Under59":1526711,"Under74":1099893,"Over75":647673},"Beds":{"Resuscitation":474,"IntensiveCare":1206,"Total":1680},"Deaths":499,"Recovered":2728,"Severe":207,"Critical":35,"Emergencies":{"Suspected":13,"Total":3269,"Severe":8,"Suspected/Accumulated":8396,"Total/Accumulated":261940,"Severe/Accumulated":3796},"MedicalActs":{"Suspected":4,"Total":300,"Suspected/Accumulated":2700,"Total/Accumulated":35892},"PCRTests":{"Total":3406,"Confirmed":34,"Total/Accumulated":74260,"Confirmed/Accumulated":668},"Confirmed":2374,"MedicalTests":{"Total/Accumulated":83743,"Confirmed/Accumulated":2680}},"geometry":{"type":"Point","coordinates":[1.988214846153848,43.761180626373644]}},{"type":"Feature","properties":{"Country/Region":"France","Province/State":"Auvergne-Rhône-Alpes","Code":"84","Population":{"Total":8032377,"Under19":1940253,"Under39":1900702,"Under59":2079813,"Under74":1340003,"Over75":771606},"Beds":{"Resuscitation":559,"IntensiveCare":1136,"Total":1695},"Deaths":1694,"Recovered":7195,"Severe":998,"Critical":94,"Emergencies":{"Suspected":28,"Total":4147,"Severe":12,"Suspected/Accumulated":16306,"Total/Accumulated":329217,"Severe/Accumulated":6953},"MedicalActs":{"Suspected":22,"Total":782,"Suspected/Accumulated":6735,"Total/Accumulated":78297},"PCRTests":{"Total":3862,"Confirmed":27,"Total/Accumulated":81025,"Confirmed/Accumulated":983},"Confirmed":2093,"MedicalTests":{"Total/Accumulated":27674,"Confirmed/Accumulated":2153}},"geometry":{"type":"Point","coordinates":[4.515179591651545,45.475403602540794]}},{"type":"Feature","properties":{"Country/Region":"France","Province/State":"Guadeloupe","Code":"01","Population":{"Total":376879,"Under19":90617,"Under39":71707,"Under59":109452,"Under74":70936,"Over75":34167},"Beds":{"Resuscitation":27,"IntensiveCare":68,"Total":95},"Deaths":19,"Recovered":74,"Severe":12,"Emergencies":{"Total":211,"Suspected/Accumulated":298,"Total/Accumulated":16613,"Severe/Accumulated":102},"PCRTests":{"Total":218,"Total/Accumulated":2083,"Confirmed/Accumulated":12},"Confirmed":106,"MedicalTests":{"Total/Accumulated":51,"Confirmed/Accumulated":17}},"geometry":{"type":"Point","coordinates":[-61.493846272189366,16.20469674556213]}},{"type":"Feature","properties":{"Country/Region":"France","Province/State":"Martinique","Code":"02","Population":{"Total":358749,"Under19":77005,"Under39":65776,"Under59":105638,"Under74":72163,"Over75":38167},"Beds":{"Resuscitation":26,"IntensiveCare":58,"Total":84},"Deaths":14,"Recovered":85,"Severe":12,"Critical":1,"MedicalActs":{"Total":110,"Suspected/Accumulated":146,"Total/Accumulated":9553},"PCRTests":{"Total":160,"Confirmed":3,"Total/Accumulated":2368,"Confirmed/Accumulated":24},"Confirmed":111,"MedicalTests":{"Total/Accumulated":29,"Confirmed/Accumulated":6}},"geometry":{"type":"Point","coordinates":[-60.98265692913386,14.6217557480315]}},{"type":"Feature","properties":{"Country/Region":"France","Province/State":"Provence-Alpes-Côte d'Azur","Code":"93","Population":{"Total":5055651,"Under19":1128765,"Under39":1109058,"Under59":1309879,"Under74":927347,"Over75":580602},"Beds":{"Resuscitation":460,"IntensiveCare":802,"Total":1262},"Deaths":912,"Recovered":4999,"Severe":806,"Critical":65,"Emergencies":{"Suspected":25,"Total":2995,"Severe":6,"Suspected/Accumulated":10708,"Total/Accumulated":258980,"Severe/Accumulated":5500},"MedicalActs":{"Suspected":15,"Total":671,"Suspected/Accumulated":5795,"Total/Accumulated":70919},"PCRTests":{"Total":4219,"Confirmed":90,"Total/Accumulated":83333,"Confirmed/Accumulated":1010},"Confirmed":1927,"MedicalTests":{"Total/Accumulated":80858,"Confirmed/Accumulated":4204}},"geometry":{"type":"Point","coordinates":[5.940587832647462,43.96417941015098]}},{"type":"Feature","properties":{"Country/Region":"France","Province/State":"Corse","Code":"94","Population":{"Total":344679,"Under19":68555,"Under39":76985,"Under59":93175,"Under74":65675,"Over75":40289},"Beds":{"Resuscitation":18,"IntensiveCare":42,"Total":60},"Deaths":58,"Recovered":232,"Severe":24,"Critical":6,"Emergencies":{"Suspected":5,"Total":186,"Severe":4,"Suspected/Accumulated":2122,"Total/Accumulated":15469,"Severe/Accumulated":2025},"MedicalActs":{"Total":27,"Suspected/Accumulated":479,"Total/Accumulated":3846},"PCRTests":{"Total":191,"Confirmed":1,"Total/Accumulated":4981,"Confirmed/Accumulated":32},"Confirmed":263},"geometry":{"type":"Point","coordinates":[9.019688964401293,42.118564077669916]}},{"type":"Feature","properties":{"Country/Region":"France","Province/State":"Guyane","Code":"03","Population":{"Total":290691,"Under19":120681,"Under39":80023,"Under59":61783,"Under74":22111,"Over75":6093},"Beds":{"Resuscitation":13,"IntensiveCare":12,"Total":25},"Deaths":1,"Recovered":92,"Severe":29,"Critical":3,"Emergencies":{"Suspected":12,"Total":217,"Severe":1,"Suspected/Accumulated":282,"Total/Accumulated":17142,"Severe/Accumulated":62},"PCRTests":{"Total":154,"Confirmed":22,"Total/Accumulated":1106,"Confirmed/Accumulated":135},"Confirmed":43,"MedicalTests":{"Total/Accumulated":35,"Confirmed/Accumulated":4}},"geometry":{"type":"Point","coordinates":[-53.41731165390502,3.588901056661561]}},{"type":"Feature","properties":{"Country/Region":"France","Province/State":"La Réunion","Code":"04","Population":{"Total":859959,"Under19":256143,"Under39":202783,"Under59":239212,"Under74":117045,"Over75":44776},"Beds":{"Resuscitation":52,"IntensiveCare":154,"Total":206},"Deaths":1,"Recovered":121,"Severe":21,"Critical":4,"Emergencies":{"Total":359,"Suspected/Accumulated":273,"Total/Accumulated":33577,"Severe/Accumulated":189},"PCRTests":{"Total":325,"Confirmed":5,"Total/Accumulated":9762,"Confirmed/Accumulated":42},"Confirmed":94,"MedicalTests":{"Total/Accumulated":19,"Confirmed/Accumulated":1}},"geometry":{"type":"Point","coordinates":[55.52943947368424,-21.1374047368421]}},{"type":"Feature","properties":{"Country/Region":"France","Province/State":"Mayotte","Code":"06","Population":{"Total":279471,"Under19":150257,"Under39":74348,"Under59":42900,"Under74":9521,"Over75":2445},"Beds":{"Resuscitation":6,"IntensiveCare":0,"Total":6},"Deaths":21,"Recovered":265,"Severe":40,"Critical":10,"Emergencies":{"Suspected":17,"Total":85,"Severe":2,"Suspected/Accumulated":1413,"Total/Accumulated":9855,"Severe/Accumulated":204},"PCRTests":{"Total":92,"Confirmed":20,"Total/Accumulated":1739,"Confirmed/Accumulated":466},"Confirmed":128,"MedicalTests":{"Total/Accumulated":4,"Confirmed/Accumulated":1}},"geometry":{"type":"Point","coordinates":[45.14160071428572,-12.835344166666673]}}]}