{"type":"FeatureCollection","features":[{"type":"Feature","properties":{"Country/Region":"France","Province/State":"Île-de-France","Code":"11","Population":{"Total":12278210,"Under19":3140965,"Under39":3409765,"Under59":3210447,"Under74":1658207,"Over75":858826},"Beds":{"Resuscitation":1147,"IntensiveCare":2512,"Total":3659},"Deaths":3416,"Recovered":8796,"Severe":13025,"Critical":2617,"Emergencies":{"Suspected":689,"Total":3893,"Severe":256,"Suspected/Accumulated":35334,"Total/Accumulated":227852,"Severe/Accumulated":11773},"MedicalActs":{"Suspected":137,"Total":1230,"Suspected/Accumulated":8867,"Total/Accumulated":66740},"MedicalTests":{"Total":377,"Confirmed":125,"Total/Accumulated":34685,"Confirmed/Accumulated":13268},"Confirmed":7660},"geometry":{"type":"Point","coordinates":[2.5292589766081885,48.704415292397634]}},{"type":"Feature","properties":{"Country/Region":"France","Province/State":"Centre-Val de Loire","Code":"24","Population":{"Total":2559073,"Under19":598570,"Under39":541141,"Under59":661150,"Under74":478923,"Over75":279289},"Beds":{"Resuscitation":180,"IntensiveCare":346,"Total":526},"Deaths":193,"Recovered":568,"Severe":922,"Critical":202,"Emergencies":{"Suspected":107,"Total":957,"Severe":25,"Suspected/Accumulated":2414,"Total/Accumulated":44909,"Severe/Accumulated":673},"MedicalActs":{"Suspected":22,"Total":281,"Suspected/Accumulated":560,"Total/Accumulated":13019},"MedicalTests":{"Total":71,"Confirmed":12,"Total/Accumulated":5636,"Confirmed/Accumulated":1358},"Confirmed":1157},"geometry":{"type":"Point","coordinates":[1.6429664800000017,47.54357092799999]}},{"type":"Feature","properties":{"Country/Region":"France","Province/State":"Bourgogne-Franche-Comté","Code":"27","Population":{"Total":2783039,"Under19":627017,"Under39":591411,"Under59":715664,"Under74":540051,"Over75":308896},"Beds":{"Resuscitation":198,"IntensiveCare":642,"Total":840},"Deaths":478,"Recovered":1411,"Severe":1239,"Critical":278,"Emergencies":{"Suspected":163,"Total":1202,"Severe":64,"Suspected/Accumulated":6874,"Total/Accumulated":57308,"Severe/Accumulated":2862},"MedicalActs":{"Suspected":35,"Total":238,"Suspected/Accumulated":1210,"Total/Accumulated":10926},"MedicalTests":{"Total":21,"Confirmed":5,"Total/Accumulated":4417,"Confirmed/Accumulated":866},"Confirmed":1569},"geometry":{"type":"Point","coordinates":[4.731409826897467,47.2969232490013]}},{"type":"Feature","properties":{"Country/Region":"France","Province/State":"Normandie","Code":"28","Population":{"Total":3303500,"Under19":781337,"Under39":727044,"Under59":842963,"Under74":615474,"Over75":336682},"Beds":{"Resuscitation":240,"IntensiveCare":548,"Total":788},"Deaths":196,"Recovered":554,"Severe":726,"Critical":202,"Emergencies":{"Suspected":58,"Total":1291,"Severe":29,"Suspected/Accumulated":2652,"Total/Accumulated":62485,"Severe/Accumulated":856},"MedicalActs":{"Suspected":37,"Total":368,"Suspected/Accumulated":1866,"Total/Accumulated":18816},"MedicalTests":{"Total":28,"Confirmed":4,"Total/Accumulated":5268,"Confirmed/Accumulated":863},"Confirmed":912},"geometry":{"type":"Point","coordinates":[-0.022673401869158984,49.066630336448576]}},{"type":"Feature","properties":{"Country/Region":"France","Province/State":"Hauts-de-France","Code":"32","Population":{"Total":5962662,"Under19":1525538,"Under39":1443348,"Under59":1522690,"Under74":994313,"Over75":476773},"Beds":{"Resuscitation":438,"IntensiveCare":1338,"Total":1776},"Deaths":806,"Recovered":2017,"Severe":2444,"Critical":550,"Emergencies":{"Suspected":179,"Total":2016,"Severe":65,"Suspected/Accumulated":7296,"Total/Accumulated":96153,"Severe/Accumulated":2496},"MedicalActs":{"Suspected":53,"Total":651,"Suspected/Accumulated":2775,"Total/Accumulated":38010},"MedicalTests":{"Total":96,"Confirmed":25,"Total/Accumulated":7062,"Confirmed/Accumulated":2012},"Confirmed":3011},"geometry":{"type":"Point","coordinates":[2.8852615671641804,49.86155781716422]}},{"type":"Feature","properties":{"Country/Region":"France","Province/State":"Grand Est","Code":"44","Population":{"Total":5511747,"Under19":1258123,"Under39":1291962,"Under59":1448828,"Under74":988178,"Over75":524656},"Beds":{"Resuscitation":465,"IntensiveCare":840,"Total":1305},"Deaths":2008,"Recovered":4581,"Severe":4841,"Critical":881,"Emergencies":{"Suspected":203,"Total":1950,"Severe":104,"Suspected/Accumulated":11957,"Total/Accumulated":99762,"Severe/Accumulated":5963},"MedicalActs":{"Suspected":86,"Total":748,"Suspected/Accumulated":4262,"Total/Accumulated":30712},"MedicalTests":{"Total":90,"Confirmed":15,"Total/Accumulated":10362,"Confirmed/Accumulated":2683},"Confirmed":5479},"geometry":{"type":"Point","coordinates":[5.509890203045682,48.670969771573546]}},{"type":"Feature","properties":{"Country/Region":"France","Province/State":"Pays de la Loire","Code":"52","Population":{"Total":3801797,"Under19":933509,"Under39":853729,"Under59":970508,"Under74":667531,"Over75":376520},"Beds":{"Resuscitation":181,"IntensiveCare":572,"Total":753},"Deaths":194,"Recovered":688,"Severe":778,"Critical":164,"Emergencies":{"Suspected":114,"Total":1089,"Severe":68,"Suspected/Accumulated":4506,"Total/Accumulated":51497,"Severe/Accumulated":1977},"MedicalActs":{"Suspected":43,"Total":491,"Suspected/Accumulated":1962,"Total/Accumulated":19374},"MedicalTests":{"Total":3,"Total/Accumulated":544,"Confirmed/Accumulated":59},"Confirmed":1630},"geometry":{"type":"Point","coordinates":[-0.8763313771517983,47.44186302034428]}},{"type":"Feature","properties":{"Country/Region":"France","Province/State":"Bretagne","Code":"53","Population":{"Total":3340379,"Under19":773631,"Under39":714512,"Under59":866988,"Under74":632104,"Over75":353144},"Beds":{"Resuscitation":162,"IntensiveCare":462,"Total":624},"Deaths":129,"Recovered":470,"Severe":487,"Critical":124,"Emergencies":{"Suspected":51,"Total":1226,"Severe":33,"Suspected/Accumulated":3174,"Total/Accumulated":57369,"Severe/Accumulated":964},"MedicalActs":{"Suspected":25,"Total":408,"Suspected/Accumulated":753,"Total/Accumulated":15276},"MedicalTests":{"Total":1,"Total/Accumulated":136,"Confirmed/Accumulated":16},"Confirmed":962},"geometry":{"type":"Point","coordinates":[-3.104342941176476,48.146701189258316]}},{"type":"Feature","properties":{"Country/Region":"France","Province/State":"Nouvelle-Aquitaine","Code":"75","Population":{"Total":5999982,"Under19":1293321,"Under39":1274746,"Under59":1561754,"Under74":1177229,"Over75":692932},"Beds":{"Resuscitation":412,"IntensiveCare":946,"Total":1358},"Deaths":180,"Recovered":794,"Severe":815,"Critical":264,"Emergencies":{"Suspected":140,"Total":2298,"Severe":75,"Suspected/Accumulated":6511,"Total/Accumulated":106079,"Severe/Accumulated":2548},"MedicalActs":{"Suspected":82,"Total":1091,"Suspected/Accumulated":4779,"Total/Accumulated":49651},"MedicalTests":{"Total":134,"Confirmed":3,"Total/Accumulated":7668,"Confirmed/Accumulated":631},"Confirmed":1007},"geometry":{"type":"Point","coordinates":[0.16186906163753495,45.156971701931916]}},{"type":"Feature","properties":{"Country/Region":"France","Province/State":"Occitanie","Code":"76","Population":{"Total":5924858,"Under19":1320456,"Under39":1330125,"Under59":1526711,"Under74":1099893,"Over75":647673},"Beds":{"Resuscitation":474,"IntensiveCare":1206,"Total":1680},"Deaths":233,"Recovered":1271,"Severe":918,"Critical":295,"Emergencies":{"Suspected":132,"Total":2239,"Severe":72,"Suspected/Accumulated":5012,"Total/Accumulated":108130,"Severe/Accumulated":2268},"MedicalActs":{"Suspected":32,"Total":413,"Suspected/Accumulated":1764,"Total/Accumulated":17204},"MedicalTests":{"Total":309,"Confirmed":10,"Total/Accumulated":18904,"Confirmed/Accumulated":1747},"Confirmed":2374},"geometry":{"type":"Point","coordinates":[1.988214846153848,43.761180626373644]}},{"type":"Feature","properties":{"Country/Region":"France","Province/State":"Auvergne-Rhône-Alpes","Code":"84","Population":{"Total":8032377,"Under19":1940253,"Under39":1900702,"Under59":2079813,"Under74":1340003,"Over75":771606},"Beds":{"Resuscitation":559,"IntensiveCare":1136,"Total":1695},"Deaths":755,"Recovered":2857,"Severe":2985,"Critical":682,"Emergencies":{"Suspected":251,"Total":2620,"Severe":99,"Suspected/Accumulated":10662,"Total/Accumulated":139436,"Severe/Accumulated":4672},"MedicalActs":{"Suspected":95,"Total":874,"Suspected/Accumulated":4271,"Total/Accumulated":37758},"MedicalTests":{"Total":191,"Confirmed":19,"Total/Accumulated":8936,"Confirmed/Accumulated":1415},"Confirmed":2093},"geometry":{"type":"Point","coordinates":[4.515179591651545,45.475403602540794]}},{"type":"Feature","properties":{"Country/Region":"France","Province/State":"Guadeloupe","Code":"01","Population":{"Total":376879,"Under19":90617,"Under39":71707,"Under59":109452,"Under74":70936,"Over75":34167},"Beds":{"Resuscitation":27,"IntensiveCare":68,"Total":95},"Deaths":10,"Recovered":50,"Severe":37,"Critical":20,"Emergencies":{"Suspected":10,"Total":133,"Severe":5,"Suspected/Accumulated":145,"Total/Accumulated":7347,"Severe/Accumulated":59},"MedicalTests":{"Total":1,"Total/Accumulated":27,"Confirmed/Accumulated":12},"Confirmed":106},"geometry":{"type":"Point","coordinates":[-61.493846272189366,16.20469674556213]}},{"type":"Feature","properties":{"Country/Region":"France","Province/State":"Martinique","Code":"02","Population":{"Total":358749,"Under19":77005,"Under39":65776,"Under59":105638,"Under74":72163,"Over75":38167},"Beds":{"Resuscitation":26,"IntensiveCare":58,"Total":84},"Deaths":5,"Recovered":50,"Severe":41,"Critical":15,"MedicalActs":{"Suspected":7,"Total":113,"Suspected/Accumulated":69,"Total/Accumulated":4780},"Confirmed":111,"MedicalTests":{"Total/Accumulated":15,"Confirmed/Accumulated":4}},"geometry":{"type":"Point","coordinates":[-60.98265692913386,14.6217557480315]}},{"type":"Feature","properties":{"Country/Region":"France","Province/State":"Provence-Alpes-Côte d'Azur","Code":"93","Population":{"Total":5055651,"Under19":1128765,"Under39":1109058,"Under59":1309879,"Under74":927347,"Over75":580602},"Beds":{"Resuscitation":460,"IntensiveCare":802,"Total":1262},"Deaths":317,"Recovered":2053,"Severe":1766,"Critical":436,"Emergencies":{"Suspected":185,"Total":2192,"Severe":87,"Suspected/Accumulated":6808,"Total/Accumulated":110554,"Severe/Accumulated":3478},"MedicalActs":{"Suspected":70,"Total":762,"Suspected/Accumulated":3745,"Total/Accumulated":34337},"MedicalTests":{"Total":314,"Confirmed":24,"Total/Accumulated":26300,"Confirmed/Accumulated":3063},"Confirmed":1927},"geometry":{"type":"Point","coordinates":[5.940587832647462,43.96417941015098]}},{"type":"Feature","properties":{"Country/Region":"France","Province/State":"Corse","Code":"94","Population":{"Total":344679,"Under19":68555,"Under39":76985,"Under59":93175,"Under74":65675,"Over75":40289},"Beds":{"Resuscitation":18,"IntensiveCare":42,"Total":60},"Deaths":36,"Recovered":122,"Severe":76,"Critical":15,"Emergencies":{"Suspected":2,"Total":110,"Severe":2,"Suspected/Accumulated":1321,"Total/Accumulated":6473,"Severe/Accumulated":1273},"MedicalActs":{"Suspected":6,"Total":47,"Suspected/Accumulated":357,"Total/Accumulated":1957},"Confirmed":263},"geometry":{"type":"Point","coordinates":[9.019688964401293,42.118564077669916]}},{"type":"Feature","properties":{"Country/Region":"France","Province/State":"Guyane","Code":"03","Population":{"Total":290691,"Under19":120681,"Under39":80023,"Under59":61783,"Under74":22111,"Over75":6093},"Beds":{"Resuscitation":13,"IntensiveCare":12,"Total":25},"Recovered":15,"Severe":9,"Critical":1,"Emergencies":{"Suspected":1,"Total":138,"Suspected/Accumulated":39,"Total/Accumulated":8139,"Severe/Accumulated":10},"Confirmed":43,"MedicalTests":{"Total/Accumulated":26,"Confirmed/Accumulated":4}},"geometry":{"type":"Point","coordinates":[-53.41731165390502,3.588901056661561]}},{"type":"Feature","properties":{"Country/Region":"France","Province/State":"La Réunion","Code":"04","Population":{"Total":859959,"Under19":256143,"Under39":202783,"Under59":239212,"Under74":117045,"Over75":44776},"Beds":{"Resuscitation":52,"IntensiveCare":154,"Total":206},"Recovered":70,"Severe":30,"Critical":3,"Emergencies":{"Suspected":6,"Total":310,"Severe":3,"Suspected/Accumulated":203,"Total/Accumulated":14816,"Severe/Accumulated":142},"Confirmed":94,"MedicalTests":{"Total/Accumulated":4}},"geometry":{"type":"Point","coordinates":[55.52943947368424,-21.1374047368421]}},{"type":"Feature","properties":{"Country/Region":"France","Province/State":"Mayotte","Code":"06","Population":{"Total":279471,"Under19":150257,"Under39":74348,"Under59":42900,"Under74":9521,"Over75":2445},"Beds":{"Resuscitation":6,"IntensiveCare":0,"Total":6},"Deaths":3,"Recovered":26,"Severe":20,"Critical":3,"Emergencies":{"Suspected":14,"Total":91,"Severe":7,"Suspected/Accumulated":198,"Total/Accumulated":4011,"Severe/Accumulated":50},"Confirmed":128,"MedicalTests":{"Total/Accumulated":2,"Confirmed/Accumulated":1}},"geometry":{"type":"Point","coordinates":[45.14160071428572,-12.835344166666673]}}]}