{"type":"FeatureCollection","features":[{"type":"Feature","properties":{"Country/Region":"France","Province/State":"Île-de-France","Code":"11","Population":{"Total":12278210,"Under19":3140965,"Under39":3409765,"Under59":3210447,"Under74":1658207,"Over75":858826},"Beds":{"Resuscitation":1147,"IntensiveCare":2512,"Total":3659},"Deaths":12492,"Recovered":56012,"Severe":4730,"Critical":564,"Emergencies":{"Suspected":102,"Total":5357,"Severe":48,"Suspected/Accumulated":90413,"Total/Accumulated":1876048,"Severe/Accumulated":28652},"MedicalActs":{"Suspected":61,"Total":1832,"Suspected/Accumulated":33652,"Total/Accumulated":434497},"PCRTests":{"Total":12581,"Confirmed":665,"Total/Accumulated":6720190,"Confirmed/Accumulated":557473},"Confirmed":7660,"MedicalTests":{"Total/Accumulated":85340,"Confirmed/Accumulated":18277}},"geometry":{"type":"Point","coordinates":[2.5292589766081885,48.704415292397634]}},{"type":"Feature","properties":{"Country/Region":"France","Province/State":"Centre-Val de Loire","Code":"24","Population":{"Total":2559073,"Under19":598570,"Under39":541141,"Under59":661150,"Under74":478923,"Over75":279289},"Beds":{"Resuscitation":180,"IntensiveCare":346,"Total":526},"Deaths":1407,"Recovered":5802,"Severe":920,"Critical":110,"Emergencies":{"Suspected":16,"Total":970,"Severe":6,"Suspected/Accumulated":9498,"Total/Accumulated":407922,"Severe/Accumulated":2678},"MedicalActs":{"Suspected":7,"Total":309,"Suspected/Accumulated":4685,"Total/Accumulated":111064},"PCRTests":{"Total":1030,"Confirmed":64,"Total/Accumulated":1116693,"Confirmed/Accumulated":76949},"Confirmed":1157,"MedicalTests":{"Total/Accumulated":20197,"Confirmed/Accumulated":1858}},"geometry":{"type":"Point","coordinates":[1.6429664800000017,47.54357092799999]}},{"type":"Feature","properties":{"Country/Region":"France","Province/State":"Bourgogne-Franche-Comté","Code":"27","Population":{"Total":2783039,"Under19":627017,"Under39":591411,"Under59":715664,"Under74":540051,"Over75":308896},"Beds":{"Resuscitation":198,"IntensiveCare":642,"Total":840},"Deaths":2840,"Recovered":10476,"Severe":1804,"Critical":167,"Emergencies":{"Suspected":67,"Total":1481,"Severe":34,"Suspected/Accumulated":21768,"Total/Accumulated":537801,"Severe/Accumulated":9936},"MedicalActs":{"Suspected":12,"Total":273,"Suspected/Accumulated":5825,"Total/Accumulated":81033},"PCRTests":{"Total":1492,"Confirmed":114,"Total/Accumulated":1449666,"Confirmed/Accumulated":125497},"Confirmed":1569,"MedicalTests":{"Total/Accumulated":15673,"Confirmed/Accumulated":1330}},"geometry":{"type":"Point","coordinates":[4.731409826897467,47.2969232490013]}},{"type":"Feature","properties":{"Country/Region":"France","Province/State":"Normandie","Code":"28","Population":{"Total":3303500,"Under19":781337,"Under39":727044,"Under59":842963,"Under74":615474,"Over75":336682},"Beds":{"Resuscitation":240,"IntensiveCare":548,"Total":788},"Deaths":1607,"Recovered":6142,"Severe":1245,"Critical":105,"Emergencies":{"Suspected":27,"Total":1660,"Severe":14,"Suspected/Accumulated":9766,"Total/Accumulated":581166,"Severe/Accumulated":4652},"MedicalActs":{"Suspected":20,"Total":511,"Suspected/Accumulated":9659,"Total/Accumulated":142567},"PCRTests":{"Total":2248,"Confirmed":166,"Total/Accumulated":1464390,"Confirmed/Accumulated":94559},"Confirmed":912,"MedicalTests":{"Total/Accumulated":17253,"Confirmed/Accumulated":1385}},"geometry":{"type":"Point","coordinates":[-0.022673401869158984,49.066630336448576]}},{"type":"Feature","properties":{"Country/Region":"France","Province/State":"Hauts-de-France","Code":"32","Population":{"Total":5962662,"Under19":1525538,"Under39":1443348,"Under59":1522690,"Under74":994313,"Over75":476773},"Beds":{"Resuscitation":438,"IntensiveCare":1338,"Total":1776},"Deaths":4688,"Recovered":18646,"Severe":2264,"Critical":245,"Emergencies":{"Suspected":42,"Total":2348,"Severe":26,"Suspected/Accumulated":23083,"Total/Accumulated":881485,"Severe/Accumulated":9005},"MedicalActs":{"Suspected":29,"Total":710,"Suspected/Accumulated":14109,"Total/Accumulated":276179},"PCRTests":{"Total":3339,"Confirmed":249,"Total/Accumulated":3132139,"Confirmed/Accumulated":265750},"Confirmed":3011,"MedicalTests":{"Total/Accumulated":31790,"Confirmed/Accumulated":3410}},"geometry":{"type":"Point","coordinates":[2.8852615671641804,49.86155781716422]}},{"type":"Feature","properties":{"Country/Region":"France","Province/State":"Grand Est","Code":"44","Population":{"Total":5511747,"Under19":1258123,"Under39":1291962,"Under59":1448828,"Under74":988178,"Over75":524656},"Beds":{"Resuscitation":465,"IntensiveCare":840,"Total":1305},"Deaths":6347,"Recovered":22260,"Severe":3106,"Critical":311,"Emergencies":{"Suspected":70,"Total":2434,"Severe":50,"Suspected/Accumulated":28480,"Total/Accumulated":874868,"Severe/Accumulated":14950},"MedicalActs":{"Suspected":60,"Total":790,"Suspected/Accumulated":13637,"Total/Accumulated":202854},"PCRTests":{"Total":2790,"Confirmed":201,"Total/Accumulated":3084336,"Confirmed/Accumulated":200418},"Confirmed":5479,"MedicalTests":{"Total/Accumulated":24982,"Confirmed/Accumulated":3702}},"geometry":{"type":"Point","coordinates":[5.509890203045682,48.670969771573546]}},{"type":"Feature","properties":{"Country/Region":"France","Province/State":"Pays de la Loire","Code":"52","Population":{"Total":3801797,"Under19":933509,"Under39":853729,"Under59":970508,"Under74":667531,"Over75":376520},"Beds":{"Resuscitation":181,"IntensiveCare":572,"Total":753},"Deaths":1449,"Recovered":6508,"Severe":806,"Critical":71,"Emergencies":{"Suspected":36,"Total":1381,"Severe":24,"Suspected/Accumulated":14874,"Total/Accumulated":507385,"Severe/Accumulated":8088},"MedicalActs":{"Suspected":24,"Total":601,"Suspected/Accumulated":8260,"Total/Accumulated":151991},"PCRTests":{"Total":2173,"Confirmed":138,"Total/Accumulated":1687718,"Confirmed/Accumulated":99241},"Confirmed":1630,"MedicalTests":{"Total/Accumulated":1941,"Confirmed/Accumulated":78}},"geometry":{"type":"Point","coordinates":[-0.8763313771517983,47.44186302034428]}},{"type":"Feature","properties":{"Country/Region":"France","Province/State":"Bretagne","Code":"53","Population":{"Total":3340379,"Under19":773631,"Under39":714512,"Under59":866988,"Under74":632104,"Over75":353144},"Beds":{"Resuscitation":162,"IntensiveCare":462,"Total":624},"Deaths":767,"Recovered":3504,"Severe":539,"Critical":38,"Emergencies":{"Suspected":13,"Total":1454,"Severe":2,"Suspected/Accumulated":9907,"Total/Accumulated":538733,"Severe/Accumulated":3970},"MedicalActs":{"Suspected":17,"Total":379,"Suspected/Accumulated":5189,"Total/Accumulated":112627},"PCRTests":{"Total":1720,"Confirmed":76,"Total/Accumulated":1300758,"Confirmed/Accumulated":58816},"Confirmed":962,"MedicalTests":{"Total/Accumulated":698,"Confirmed/Accumulated":25}},"geometry":{"type":"Point","coordinates":[-3.104342941176476,48.146701189258316]}},{"type":"Feature","properties":{"Country/Region":"France","Province/State":"Nouvelle-Aquitaine","Code":"75","Population":{"Total":5999982,"Under19":1293321,"Under39":1274746,"Under59":1561754,"Under74":1177229,"Over75":692932},"Beds":{"Resuscitation":412,"IntensiveCare":946,"Total":1358},"Deaths":1864,"Recovered":8244,"Severe":1164,"Critical":154,"Emergencies":{"Suspected":52,"Total":2632,"Severe":32,"Suspected/Accumulated":19059,"Total/Accumulated":1033239,"Severe/Accumulated":9488},"MedicalActs":{"Suspected":35,"Total":1275,"Suspected/Accumulated":19037,"Total/Accumulated":364975},"PCRTests":{"Total":2457,"Confirmed":139,"Total/Accumulated":2625211,"Confirmed/Accumulated":145739},"Confirmed":1007,"MedicalTests":{"Total/Accumulated":33043,"Confirmed/Accumulated":961}},"geometry":{"type":"Point","coordinates":[0.16186906163753495,45.156971701931916]}},{"type":"Feature","properties":{"Country/Region":"France","Province/State":"Occitanie","Code":"76","Population":{"Total":5924858,"Under19":1320456,"Under39":1330125,"Under59":1526711,"Under74":1099893,"Over75":647673},"Beds":{"Resuscitation":474,"IntensiveCare":1206,"Total":1680},"Deaths":2258,"Recovered":10707,"Severe":1244,"Critical":152,"Emergencies":{"Suspected":50,"Total":2688,"Severe":34,"Suspected/Accumulated":19146,"Total/Accumulated":1048953,"Severe/Accumulated":9000},"MedicalActs":{"Suspected":26,"Total":540,"Suspected/Accumulated":7439,"Total/Accumulated":126966},"PCRTests":{"Total":3231,"Confirmed":222,"Total/Accumulated":2981242,"Confirmed/Accumulated":200921},"Confirmed":2374,"MedicalTests":{"Total/Accumulated":83743,"Confirmed/Accumulated":2680}},"geometry":{"type":"Point","coordinates":[1.988214846153848,43.761180626373644]}},{"type":"Feature","properties":{"Country/Region":"France","Province/State":"Auvergne-Rhône-Alpes","Code":"84","Population":{"Total":8032377,"Under19":1940253,"Under39":1900702,"Under59":2079813,"Under74":1340003,"Over75":771606},"Beds":{"Resuscitation":559,"IntensiveCare":1136,"Total":1695},"Deaths":7104,"Recovered":29374,"Severe":3998,"Critical":371,"Emergencies":{"Suspected":124,"Total":3328,"Severe":78,"Suspected/Accumulated":43334,"Total/Accumulated":1308874,"Severe/Accumulated":20242},"MedicalActs":{"Suspected":67,"Total":971,"Suspected/Accumulated":24814,"Total/Accumulated":285958},"PCRTests":{"Total":4003,"Confirmed":308,"Total/Accumulated":4392398,"Confirmed/Accumulated":472701},"Confirmed":2093,"MedicalTests":{"Total/Accumulated":27674,"Confirmed/Accumulated":2153}},"geometry":{"type":"Point","coordinates":[4.515179591651545,45.475403602540794]}},{"type":"Feature","properties":{"Country/Region":"France","Province/State":"Guadeloupe","Code":"01","Population":{"Total":376879,"Under19":90617,"Under39":71707,"Under59":109452,"Under74":70936,"Over75":34167},"Beds":{"Resuscitation":27,"IntensiveCare":68,"Total":95},"Deaths":168,"Recovered":771,"Severe":49,"Critical":4,"Emergencies":{"Suspected":1,"Total":218,"Suspected/Accumulated":1670,"Total/Accumulated":65977,"Severe/Accumulated":759},"PCRTests":{"Total":95,"Confirmed":2,"Total/Accumulated":90393,"Confirmed/Accumulated":8606},"Confirmed":106,"MedicalTests":{"Total/Accumulated":51,"Confirmed/Accumulated":17}},"geometry":{"type":"Point","coordinates":[-61.493846272189366,16.20469674556213]}},{"type":"Feature","properties":{"Country/Region":"France","Province/State":"Martinique","Code":"02","Population":{"Total":358749,"Under19":77005,"Under39":65776,"Under59":105638,"Under74":72163,"Over75":38167},"Beds":{"Resuscitation":26,"IntensiveCare":58,"Total":84},"Deaths":43,"Recovered":374,"Severe":13,"Critical":4,"MedicalActs":{"Total":79,"Suspected/Accumulated":637,"Total/Accumulated":33871},"PCRTests":{"Total":47,"Total/Accumulated":106797,"Confirmed/Accumulated":6022},"Confirmed":111,"MedicalTests":{"Total/Accumulated":29,"Confirmed/Accumulated":6}},"geometry":{"type":"Point","coordinates":[-60.98265692913386,14.6217557480315]}},{"type":"Feature","properties":{"Country/Region":"France","Province/State":"Provence-Alpes-Côte d'Azur","Code":"93","Population":{"Total":5055651,"Under19":1128765,"Under39":1109058,"Under59":1309879,"Under74":927347,"Over75":580602},"Beds":{"Resuscitation":460,"IntensiveCare":802,"Total":1262},"Deaths":3793,"Recovered":19767,"Severe":2539,"Critical":307,"Emergencies":{"Suspected":82,"Total":2597,"Severe":53,"Suspected/Accumulated":27837,"Total/Accumulated":1038920,"Severe/Accumulated":15301},"MedicalActs":{"Suspected":48,"Total":995,"Suspected/Accumulated":16823,"Total/Accumulated":256144},"PCRTests":{"Total":3853,"Confirmed":293,"Total/Accumulated":3319063,"Confirmed/Accumulated":240840},"Confirmed":1927,"MedicalTests":{"Total/Accumulated":80858,"Confirmed/Accumulated":4204}},"geometry":{"type":"Point","coordinates":[5.940587832647462,43.96417941015098]}},{"type":"Feature","properties":{"Country/Region":"France","Province/State":"Corse","Code":"94","Population":{"Total":344679,"Under19":68555,"Under39":76985,"Under59":93175,"Under74":65675,"Over75":40289},"Beds":{"Resuscitation":18,"IntensiveCare":42,"Total":60},"Deaths":116,"Recovered":520,"Severe":21,"Critical":10,"Emergencies":{"Suspected":2,"Total":151,"Suspected/Accumulated":2677,"Total/Accumulated":69174,"Severe/Accumulated":2351},"MedicalActs":{"Total":89,"Suspected/Accumulated":1512,"Total/Accumulated":24861},"PCRTests":{"Total":332,"Confirmed":9,"Total/Accumulated":206300,"Confirmed/Accumulated":7547},"Confirmed":263},"geometry":{"type":"Point","coordinates":[9.019688964401293,42.118564077669916]}},{"type":"Feature","properties":{"Country/Region":"France","Province/State":"Guyane","Code":"03","Population":{"Total":290691,"Under19":120681,"Under39":80023,"Under59":61783,"Under74":22111,"Over75":6093},"Beds":{"Resuscitation":13,"IntensiveCare":12,"Total":25},"Deaths":70,"Recovered":2007,"Severe":30,"Critical":4,"Emergencies":{"Suspected":7,"Total":247,"Severe":2,"Suspected/Accumulated":2217,"Total/Accumulated":61921,"Severe/Accumulated":1007},"PCRTests":{"Total":115,"Confirmed":14,"Total/Accumulated":117563,"Confirmed/Accumulated":12831},"Confirmed":43,"MedicalTests":{"Total/Accumulated":35,"Confirmed/Accumulated":4}},"geometry":{"type":"Point","coordinates":[-53.41731165390502,3.588901056661561]}},{"type":"Feature","properties":{"Country/Region":"France","Province/State":"La Réunion","Code":"04","Population":{"Total":859959,"Under19":256143,"Under39":202783,"Under59":239212,"Under74":117045,"Over75":44776},"Beds":{"Resuscitation":52,"IntensiveCare":154,"Total":206},"Deaths":53,"Recovered":725,"Severe":48,"Critical":3,"Emergencies":{"Suspected":1,"Total":399,"Suspected/Accumulated":892,"Total/Accumulated":119079,"Severe/Accumulated":522},"PCRTests":{"Total":407,"Confirmed":2,"Total/Accumulated":324533,"Confirmed/Accumulated":9394},"Confirmed":94,"MedicalTests":{"Total/Accumulated":19,"Confirmed/Accumulated":1}},"geometry":{"type":"Point","coordinates":[55.52943947368424,-21.1374047368421]}},{"type":"Feature","properties":{"Country/Region":"France","Province/State":"Mayotte","Code":"06","Population":{"Total":279471,"Under19":150257,"Under39":74348,"Under59":42900,"Under74":9521,"Over75":2445},"Beds":{"Resuscitation":6,"IntensiveCare":0,"Total":6},"Deaths":42,"Recovered":559,"Severe":6,"Emergencies":{"Total":96,"Suspected/Accumulated":1998,"Total/Accumulated":33729,"Severe/Accumulated":290},"PCRTests":{"Total":50,"Confirmed":6,"Total/Accumulated":48565,"Confirmed/Accumulated":4617},"Confirmed":128,"MedicalTests":{"Total/Accumulated":4,"Confirmed/Accumulated":1}},"geometry":{"type":"Point","coordinates":[45.14160071428572,-12.835344166666673]}}]}