{"type":"FeatureCollection","features":[{"type":"Feature","properties":{"Country/Region":"France","Province/State":"Guadeloupe","Code":"971","Population":{"Total":376879,"Under19":90617,"Under39":71707,"Under59":109452,"Under74":70936,"Over75":34167},"Beds":{"Resuscitation":27,"IntensiveCare":68,"Total":95},"Deaths":168,"Recovered":770,"Severe":50,"Critical":5,"Emergencies":{"Suspected":2,"Total":282,"Suspected/Accumulated":1666,"Total/Accumulated":65313,"Severe/Accumulated":759},"PCRTests":{"Total":589,"Confirmed":23,"Total/Accumulated":89358,"Confirmed/Accumulated":8571},"Confirmed":106,"MedicalTests":{"Total/Accumulated":51,"Confirmed/Accumulated":17}},"geometry":{"type":"Point","coordinates":[-61.493846272189366,16.20469674556213]}},{"type":"Feature","properties":{"Country/Region":"France","Province/State":"Martinique","Code":"972","Population":{"Total":358749,"Under19":77005,"Under39":65776,"Under59":105638,"Under74":72163,"Over75":38167},"Beds":{"Resuscitation":26,"IntensiveCare":58,"Total":84},"Deaths":43,"Recovered":369,"Severe":16,"Critical":4,"MedicalActs":{"Suspected":2,"Total":106,"Suspected/Accumulated":634,"Total/Accumulated":33600},"PCRTests":{"Total":653,"Confirmed":21,"Total/Accumulated":105379,"Confirmed/Accumulated":6007},"Confirmed":16,"MedicalTests":{"Total/Accumulated":29,"Confirmed/Accumulated":6}},"geometry":{"type":"Point","coordinates":[-60.98265692913386,14.6217557480315]}},{"type":"Feature","properties":{"Country/Region":"France","Province/State":"Guyane","Code":"973","Population":{"Total":290691,"Under19":120681,"Under39":80023,"Under59":61783,"Under74":22111,"Over75":6093},"Beds":{"Resuscitation":13,"IntensiveCare":12,"Total":25},"Deaths":69,"Recovered":1999,"Severe":29,"Critical":4,"Emergencies":{"Suspected":17,"Total":268,"Severe":5,"Suspected/Accumulated":2190,"Total/Accumulated":61193,"Severe/Accumulated":1000},"PCRTests":{"Total":1244,"Confirmed":159,"Total/Accumulated":115270,"Confirmed/Accumulated":12605},"Confirmed":43,"MedicalTests":{"Total/Accumulated":35,"Confirmed/Accumulated":4}},"geometry":{"type":"Point","coordinates":[-53.41731165390502,3.588901056661561]}},{"type":"Feature","properties":{"Country/Region":"France","Province/State":"Mayotte","Code":"976","Population":{"Total":279471,"Under19":150257,"Under39":74348,"Under59":42900,"Under74":9521,"Over75":2445},"Beds":{"Resuscitation":6,"IntensiveCare":0,"Total":6},"Deaths":42,"Recovered":557,"Severe":5,"Emergencies":{"Total":112,"Suspected/Accumulated":1993,"Total/Accumulated":33430,"Severe/Accumulated":290},"PCRTests":{"Total":429,"Confirmed":47,"Total/Accumulated":47999,"Confirmed/Accumulated":4557},"Confirmed":128,"MedicalTests":{"Total/Accumulated":4,"Confirmed/Accumulated":1}},"geometry":{"type":"Point","coordinates":[45.14160071428572,-12.835344166666673]}},{"type":"Feature","properties":{"Country/Region":"France","Province/State":"Ain","Code":"01","Population":{"Total":656955,"Under19":167666,"Under39":151084,"Under59":179469,"Under74":104453,"Over75":54283},"Beds":{"Resuscitation":22,"IntensiveCare":20,"Total":42},"Deaths":385,"Recovered":1558,"Severe":267,"Critical":16,"Emergencies":{"Suspected":8,"Total":235,"Severe":5,"Suspected/Accumulated":2743,"Total/Accumulated":75312,"Severe/Accumulated":1204},"PCRTests":{"Total":2460,"Confirmed":226,"Total/Accumulated":319290,"Confirmed/Accumulated":36473},"Confirmed":118,"MedicalTests":{"Total/Accumulated":3606,"Confirmed/Accumulated":382}},"geometry":{"type":"Point","coordinates":[5.430359734513273,46.106026415929215]}},{"type":"Feature","properties":{"Country/Region":"France","Province/State":"Aisne","Code":"02","Population":{"Total":526050,"Under19":129852,"Under39":114042,"Under59":135164,"Under74":98046,"Over75":48946},"Beds":{"Resuscitation":34,"IntensiveCare":110,"Total":144},"Deaths":548,"Recovered":2068,"Severe":283,"Critical":17,"Emergencies":{"Suspected":10,"Total":398,"Severe":6,"Suspected/Accumulated":4798,"Total/Accumulated":109971,"Severe/Accumulated":1568},"MedicalActs":{"Suspected":12,"Total":254,"Suspected/Accumulated":2790,"Total/Accumulated":73026},"PCRTests":{"Total":2215,"Confirmed":166,"Total/Accumulated":203797,"Confirmed/Accumulated":16269},"Confirmed":59,"MedicalTests":{"Total/Accumulated":3072,"Confirmed/Accumulated":456}},"geometry":{"type":"Point","coordinates":[3.5153965625000003,49.457888298611124]}},{"type":"Feature","properties":{"Country/Region":"France","Province/State":"Allier","Code":"03","Population":{"Total":331315,"Under19":66659,"Under39":61490,"Under59":85304,"Under74":72079,"Over75":45783},"Beds":{"Resuscitation":24,"IntensiveCare":56,"Total":80},"Deaths":344,"Recovered":1105,"Severe":216,"Critical":15,"Emergencies":{"Suspected":6,"Total":150,"Severe":3,"Suspected/Accumulated":1856,"Total/Accumulated":51375,"Severe/Accumulated":1122},"PCRTests":{"Total":1706,"Confirmed":163,"Total/Accumulated":175839,"Confirmed/Accumulated":13214},"Confirmed":38,"MedicalTests":{"Total/Accumulated":1177,"Confirmed/Accumulated":12}},"geometry":{"type":"Point","coordinates":[3.1778756690140857,46.39097419014088]}},{"type":"Feature","properties":{"Country/Region":"France","Province/State":"Alpes-de-Haute-Provence","Code":"04","Population":{"Total":165197,"Under19":34281,"Under39":30814,"Under59":43423,"Under74":35681,"Over75":20998},"Beds":{"Resuscitation":6,"IntensiveCare":0,"Total":6},"Deaths":110,"Recovered":554,"Severe":141,"Critical":6,"Emergencies":{"Suspected":7,"Total":130,"Severe":5,"Suspected/Accumulated":1176,"Total/Accumulated":47881,"Severe/Accumulated":638},"PCRTests":{"Total":820,"Confirmed":61,"Total/Accumulated":76404,"Confirmed/Accumulated":5201},"Confirmed":22,"MedicalTests":{"Total/Accumulated":1722,"Confirmed/Accumulated":63}},"geometry":{"type":"Point","coordinates":[6.294359440298507,44.152788992537346]}},{"type":"Feature","properties":{"Country/Region":"France","Province/State":"Hautes-Alpes","Code":"05","Population":{"Total":141756,"Under19":30280,"Under39":27715,"Under59":37829,"Under74":29047,"Over75":16885},"Beds":{"Resuscitation":8,"IntensiveCare":0,"Total":8},"Deaths":147,"Recovered":605,"Severe":155,"Critical":8,"Emergencies":{"Suspected":8,"Total":111,"Severe":7,"Suspected/Accumulated":1661,"Total/Accumulated":42538,"Severe/Accumulated":456},"PCRTests":{"Total":727,"Confirmed":63,"Total/Accumulated":62784,"Confirmed/Accumulated":7058},"Confirmed":42,"MedicalTests":{"Total/Accumulated":658,"Confirmed/Accumulated":4}},"geometry":{"type":"Point","coordinates":[6.205986298932386,44.64177099644131]}},{"type":"Feature","properties":{"Country/Region":"France","Province/State":"Alpes-Maritimes","Code":"06","Population":{"Total":1079396,"Under19":226862,"Under39":232814,"Under59":282249,"Under74":198428,"Over75":139043},"Beds":{"Resuscitation":89,"IntensiveCare":182,"Total":271},"Deaths":647,"Recovered":2735,"Severe":555,"Critical":68,"Emergencies":{"Suspected":41,"Total":736,"Severe":32,"Suspected/Accumulated":6052,"Total/Accumulated":243225,"Severe/Accumulated":3377},"MedicalActs":{"Suspected":12,"Total":149,"Suspected/Accumulated":3686,"Total/Accumulated":50401},"PCRTests":{"Total":9612,"Confirmed":794,"Total/Accumulated":681718,"Confirmed/Accumulated":46608},"Confirmed":194,"MedicalTests":{"Total/Accumulated":5759,"Confirmed/Accumulated":263}},"geometry":{"type":"Point","coordinates":[7.093963618090453,43.90811477386935]}},{"type":"Feature","properties":{"Country/Region":"France","Province/State":"Corse-du-Sud","Code":"2A","Population":{"Total":162421,"Under19":31630,"Under39":34910,"Under59":45312,"Under74":31004,"Over75":19565},"Beds":{"Resuscitation":10,"IntensiveCare":30,"Total":40},"Deaths":77,"Recovered":287,"Severe":12,"Critical":3,"Emergencies":{"Total":83,"Suspected/Accumulated":302,"Total/Accumulated":31314,"Severe/Accumulated":237},"MedicalActs":{"Total":80,"Suspected/Accumulated":1503,"Total/Accumulated":24548},"PCRTests":{"Total":991,"Confirmed":11,"Total/Accumulated":97442,"Confirmed/Accumulated":3763},"Confirmed":207},"geometry":{"type":"Point","coordinates":[8.933891598360661,41.87995627049185]}},{"type":"Feature","properties":{"Country/Region":"France","Province/State":"Haute-Corse","Code":"2B","Population":{"Total":182258,"Under19":36925,"Under39":42075,"Under59":47863,"Under74":34671,"Over75":20724},"Beds":{"Resuscitation":8,"IntensiveCare":12,"Total":20},"Deaths":39,"Recovered":230,"Severe":7,"Critical":5,"Emergencies":{"Suspected":2,"Total":108,"Severe":2,"Suspected/Accumulated":2372,"Total/Accumulated":37343,"Severe/Accumulated":2113},"PCRTests":{"Total":934,"Confirmed":19,"Total/Accumulated":104498,"Confirmed/Accumulated":3706},"Confirmed":56},"geometry":{"type":"Point","coordinates":[9.12993101604278,42.44040566844919]}},{"type":"Feature","properties":{"Country/Region":"France","Province/State":"Ardèche","Code":"07","Population":{"Total":326875,"Under19":70594,"Under39":61093,"Under59":88160,"Under74":68490,"Over75":38538},"Beds":{"Resuscitation":8,"IntensiveCare":0,"Total":8},"Deaths":317,"Recovered":1157,"Severe":173,"Critical":8,"Emergencies":{"Suspected":9,"Total":172,"Severe":1,"Suspected/Accumulated":1757,"Total/Accumulated":56610,"Severe/Accumulated":609},"PCRTests":{"Total":1132,"Confirmed":108,"Total/Accumulated":149990,"Confirmed/Accumulated":14871},"Confirmed":128,"MedicalTests":{"Total/Accumulated":1210,"Confirmed/Accumulated":123}},"geometry":{"type":"Point","coordinates":[4.425911157407411,44.77470101851853]}},{"type":"Feature","properties":{"Country/Region":"France","Province/State":"Ardennes","Code":"08","Population":{"Total":265531,"Under19":60337,"Under39":55870,"Under59":70459,"Under74":52021,"Over75":26844},"Beds":{"Resuscitation":12,"IntensiveCare":42,"Total":54},"Deaths":220,"Recovered":607,"Severe":183,"Critical":12,"Emergencies":{"Total":164,"Suspected/Accumulated":463,"Total/Accumulated":58526,"Severe/Accumulated":185},"PCRTests":{"Total":1926,"Confirmed":105,"Total/Accumulated":160756,"Confirmed/Accumulated":11805},"Confirmed":3,"MedicalTests":{"Total/Accumulated":1117,"Confirmed/Accumulated":101}},"geometry":{"type":"Point","coordinates":[4.717836481481479,49.63503592592596]}},{"type":"Feature","properties":{"Country/Region":"France","Province/State":"Ariège","Code":"09","Population":{"Total":152398,"Under19":30718,"Under39":28780,"Under59":40432,"Under74":32667,"Over75":19801},"Beds":{"Resuscitation":8,"IntensiveCare":16,"Total":24},"Deaths":32,"Recovered":147,"Severe":43,"Critical":3,"Emergencies":{"Total":91,"Suspected/Accumulated":391,"Total/Accumulated":31349,"Severe/Accumulated":180},"PCRTests":{"Total":789,"Confirmed":45,"Total/Accumulated":66226,"Confirmed/Accumulated":4134},"Confirmed":3,"MedicalTests":{"Total/Accumulated":943,"Confirmed/Accumulated":7}},"geometry":{"type":"Point","coordinates":[1.5308575113122171,42.951783619909506]}},{"type":"Feature","properties":{"Country/Region":"France","Province/State":"Aube","Code":"10","Population":{"Total":309907,"Under19":74513,"Under39":69749,"Under59":77945,"Under74":56336,"Over75":31364},"Beds":{"Resuscitation":12,"IntensiveCare":36,"Total":48},"Deaths":270,"Recovered":1142,"Severe":92,"Critical":12,"Emergencies":{"Suspected":5,"Total":164,"Severe":4,"Suspected/Accumulated":1454,"Total/Accumulated":48403,"Severe/Accumulated":788},"MedicalActs":{"Suspected":3,"Total":98,"Suspected/Accumulated":1341,"Total/Accumulated":32982},"PCRTests":{"Total":1514,"Confirmed":90,"Total/Accumulated":141738,"Confirmed/Accumulated":10440},"Confirmed":14,"MedicalTests":{"Total/Accumulated":3836,"Confirmed/Accumulated":370}},"geometry":{"type":"Point","coordinates":[4.115386826086957,48.290927782608684]}},{"type":"Feature","properties":{"Country/Region":"France","Province/State":"Aude","Code":"11","Population":{"Total":372705,"Under19":78644,"Under39":70170,"Under59":96929,"Under74":80039,"Over75":46923},"Beds":{"Resuscitation":16,"IntensiveCare":44,"Total":60},"Deaths":142,"Recovered":539,"Severe":83,"Critical":7,"Emergencies":{"Suspected":1,"Total":212,"Severe":1,"Suspected/Accumulated":883,"Total/Accumulated":78667,"Severe/Accumulated":451},"PCRTests":{"Total":1895,"Confirmed":93,"Total/Accumulated":172790,"Confirmed/Accumulated":8956},"Confirmed":44,"MedicalTests":{"Total/Accumulated":3464,"Confirmed/Accumulated":194}},"geometry":{"type":"Point","coordinates":[2.3518425641025638,43.13299722222223]}},{"type":"Feature","properties":{"Country/Region":"France","Province/State":"Aveyron","Code":"12","Population":{"Total":278360,"Under19":55940,"Under39":51027,"Under59":73060,"Under74":59454,"Over75":38879},"Beds":{"Resuscitation":11,"IntensiveCare":32,"Total":43},"Deaths":123,"Recovered":487,"Severe":94,"Critical":4,"Emergencies":{"Total":104,"Suspected/Accumulated":75,"Total/Accumulated":35331,"Severe/Accumulated":32},"PCRTests":{"Total":1648,"Confirmed":47,"Total/Accumulated":139081,"Confirmed/Accumulated":8544},"Confirmed":29,"MedicalTests":{"Total/Accumulated":118,"Confirmed/Accumulated":5}},"geometry":{"type":"Point","coordinates":[2.66545315960912,44.28474130293157]}},{"type":"Feature","properties":{"Country/Region":"France","Province/State":"Bouches-du-Rhône","Code":"13","Population":{"Total":2034469,"Under19":480915,"Under39":483747,"Under59":522289,"Under74":342385,"Over75":205133},"Beds":{"Resuscitation":281,"IntensiveCare":476,"Total":757},"Deaths":1839,"Recovered":11179,"Severe":976,"Critical":171,"Emergencies":{"Suspected":44,"Total":1222,"Severe":33,"Suspected/Accumulated":10969,"Total/Accumulated":368695,"Severe/Accumulated":5997},"MedicalActs":{"Suspected":4,"Total":190,"Suspected/Accumulated":3425,"Total/Accumulated":60058},"PCRTests":{"Total":14536,"Confirmed":859,"Total/Accumulated":1547362,"Confirmed/Accumulated":112157},"Confirmed":827,"MedicalTests":{"Total/Accumulated":53325,"Confirmed/Accumulated":3187}},"geometry":{"type":"Point","coordinates":[5.098567400881058,43.49901925110133]}},{"type":"Feature","properties":{"Country/Region":"France","Province/State":"Calvados","Code":"14","Population":{"Total":691453,"Under19":160392,"Under39":155359,"Under59":174249,"Under74":130972,"Over75":70481},"Beds":{"Resuscitation":91,"IntensiveCare":128,"Total":219},"Deaths":277,"Recovered":1137,"Severe":193,"Critical":24,"Emergencies":{"Suspected":7,"Total":344,"Severe":3,"Suspected/Accumulated":2373,"Total/Accumulated":115222,"Severe/Accumulated":975},"MedicalActs":{"Suspected":8,"Total":274,"Suspected/Accumulated":4095,"Total/Accumulated":80313},"PCRTests":{"Total":3418,"Confirmed":155,"Total/Accumulated":345172,"Confirmed/Accumulated":18200},"Confirmed":147,"MedicalTests":{"Total/Accumulated":1704,"Confirmed/Accumulated":157}},"geometry":{"type":"Point","coordinates":[-0.4028230593607306,49.05443785388125]}},{"type":"Feature","properties":{"Country/Region":"France","Province/State":"Cantal","Code":"15","Population":{"Total":142811,"Under19":26571,"Under39":24954,"Under59":38397,"Under74":32697,"Over75":20192},"Beds":{"Resuscitation":8,"IntensiveCare":30,"Total":38},"Deaths":62,"Recovered":308,"Severe":60,"Critical":5,"Emergencies":{"Suspected":1,"Total":57,"Suspected/Accumulated":375,"Total/Accumulated":21967,"Severe/Accumulated":222},"PCRTests":{"Total":886,"Confirmed":49,"Total/Accumulated":74253,"Confirmed/Accumulated":3641},"Confirmed":33,"MedicalTests":{"Total/Accumulated":648,"Confirmed/Accumulated":44}},"geometry":{"type":"Point","coordinates":[2.7066918215613374,45.02447219330856]}},{"type":"Feature","properties":{"Country/Region":"France","Province/State":"Charente","Code":"16","Population":{"Total":348180,"Under19":71324,"Under39":69355,"Under59":91186,"Under74":72860,"Over75":43455},"Beds":{"Resuscitation":12,"IntensiveCare":36,"Total":48},"Deaths":65,"Recovered":253,"Severe":25,"Critical":5,"Emergencies":{"Suspected":5,"Total":241,"Severe":4,"Suspected/Accumulated":951,"Total/Accumulated":67695,"Severe/Accumulated":372},"PCRTests":{"Total":1273,"Confirmed":47,"Total/Accumulated":117363,"Confirmed/Accumulated":6105},"Confirmed":10,"MedicalTests":{"Total/Accumulated":899,"Confirmed/Accumulated":21}},"geometry":{"type":"Point","coordinates":[0.2054574390243902,45.733938821138196]}},{"type":"Feature","properties":{"Country/Region":"France","Province/State":"Charente-Maritime","Code":"17","Population":{"Total":647080,"Under19":130618,"Under39":119836,"Under59":164314,"Under74":146996,"Over75":85316},"Beds":{"Resuscitation":30,"IntensiveCare":72,"Total":102},"Deaths":116,"Recovered":448,"Severe":52,"Critical":6,"Emergencies":{"Suspected":1,"Total":376,"Severe":1,"Suspected/Accumulated":1862,"Total/Accumulated":128948,"Severe/Accumulated":828},"MedicalActs":{"Suspected":2,"Total":29,"Suspected/Accumulated":689,"Total/Accumulated":13940},"PCRTests":{"Total":3092,"Confirmed":142,"Total/Accumulated":224534,"Confirmed/Accumulated":6860},"Confirmed":49,"MedicalTests":{"Total/Accumulated":8110,"Confirmed/Accumulated":167}},"geometry":{"type":"Point","coordinates":[-0.734802142857143,45.8164405357143]}},{"type":"Feature","properties":{"Country/Region":"France","Province/State":"Cher","Code":"18","Population":{"Total":296404,"Under19":61933,"Under39":57193,"Under59":76912,"Under74":62985,"Over75":37381},"Beds":{"Resuscitation":12,"IntensiveCare":32,"Total":44},"Deaths":303,"Recovered":759,"Severe":179,"Critical":6,"Emergencies":{"Suspected":2,"Total":112,"Suspected/Accumulated":2373,"Total/Accumulated":36339,"Severe/Accumulated":94},"MedicalActs":{"Suspected":6,"Total":147,"Suspected/Accumulated":1695,"Total/Accumulated":48501},"PCRTests":{"Total":1372,"Confirmed":134,"Total/Accumulated":118911,"Confirmed/Accumulated":9897},"Confirmed":25,"MedicalTests":{"Total/Accumulated":3157,"Confirmed/Accumulated":334}},"geometry":{"type":"Point","coordinates":[2.420866293436294,47.03802115830117]}},{"type":"Feature","properties":{"Country/Region":"France","Province/State":"Corrèze","Code":"19","Population":{"Total":240336,"Under19":48146,"Under39":45056,"Under59":62186,"Under74":52206,"Over75":32742},"Beds":{"Resuscitation":15,"IntensiveCare":42,"Total":57},"Deaths":91,"Recovered":404,"Severe":33,"Critical":5,"Emergencies":{"Suspected":5,"Total":179,"Severe":4,"Suspected/Accumulated":991,"Total/Accumulated":50184,"Severe/Accumulated":739},"PCRTests":{"Total":1216,"Confirmed":47,"Total/Accumulated":99095,"Confirmed/Accumulated":4903},"Confirmed":23,"MedicalTests":{"Total/Accumulated":315,"Confirmed/Accumulated":17}},"geometry":{"type":"Point","coordinates":[1.8952178059071727,45.37689915611812]}},{"type":"Feature","properties":{"Country/Region":"France","Province/State":"Côte-d'Or","Code":"21","Population":{"Total":532886,"Under19":121633,"Under39":128314,"Under59":134514,"Under74":95451,"Over75":52974},"Beds":{"Resuscitation":57,"IntensiveCare":190,"Total":247},"Deaths":580,"Recovered":2112,"Severe":389,"Critical":44,"Emergencies":{"Suspected":9,"Total":270,"Severe":8,"Suspected/Accumulated":3215,"Total/Accumulated":79824,"Severe/Accumulated":1365},"MedicalActs":{"Suspected":7,"Total":86,"Suspected/Accumulated":1960,"Total/Accumulated":25787},"PCRTests":{"Total":2999,"Confirmed":185,"Total/Accumulated":286881,"Confirmed/Accumulated":22534},"Confirmed":1,"MedicalTests":{"Total/Accumulated":1228,"Confirmed/Accumulated":98}},"geometry":{"type":"Point","coordinates":[4.781845107913668,47.44940406474819]}},{"type":"Feature","properties":{"Country/Region":"France","Province/State":"Côtes-d'Armor","Code":"22","Population":{"Total":596186,"Under19":131217,"Under39":108675,"Under59":153257,"Under74":128481,"Over75":74556},"Beds":{"Resuscitation":14,"IntensiveCare":32,"Total":46},"Deaths":110,"Recovered":564,"Severe":59,"Critical":1,"Emergencies":{"Suspected":2,"Total":355,"Suspected/Accumulated":1432,"Total/Accumulated":89537,"Severe/Accumulated":1140},"PCRTests":{"Total":2314,"Confirmed":64,"Total/Accumulated":233574,"Confirmed/Accumulated":8771},"Confirmed":107,"MedicalTests":{"Total/Accumulated":177,"Confirmed/Accumulated":3}},"geometry":{"type":"Point","coordinates":[-2.8283123411371243,48.47540434782613]}},{"type":"Feature","properties":{"Country/Region":"France","Province/State":"Creuse","Code":"23","Population":{"Total":116270,"Under19":20766,"Under39":19388,"Under59":30402,"Under74":28640,"Over75":17074},"Beds":{"Resuscitation":8,"IntensiveCare":16,"Total":24},"Deaths":53,"Recovered":286,"Severe":21,"Critical":5,"Emergencies":{"Suspected":1,"Total":63,"Severe":1,"Suspected/Accumulated":500,"Total/Accumulated":19325,"Severe/Accumulated":152},"PCRTests":{"Total":708,"Confirmed":22,"Total/Accumulated":52250,"Confirmed/Accumulated":2847},"Confirmed":12,"MedicalTests":{"Total/Accumulated":1152,"Confirmed/Accumulated":11}},"geometry":{"type":"Point","coordinates":[1.9795267256637192,46.07153353982301]}},{"type":"Feature","properties":{"Country/Region":"France","Province/State":"Dordogne","Code":"24","Population":{"Total":408393,"Under19":76430,"Under39":70201,"Under59":107402,"Under74":96538,"Over75":57822},"Beds":{"Resuscitation":19,"IntensiveCare":36,"Total":55},"Deaths":53,"Recovered":315,"Severe":79,"Critical":6,"Emergencies":{"Suspected":3,"Total":161,"Severe":3,"Suspected/Accumulated":1454,"Total/Accumulated":54609,"Severe/Accumulated":882},"PCRTests":{"Total":1582,"Confirmed":58,"Total/Accumulated":155203,"Confirmed/Accumulated":7788},"Confirmed":13,"MedicalTests":{"Total/Accumulated":586,"Confirmed/Accumulated":26}},"geometry":{"type":"Point","coordinates":[0.7502005172413793,45.100126827586195]}},{"type":"Feature","properties":{"Country/Region":"France","Province/State":"Doubs","Code":"25","Population":{"Total":539449,"Under19":132582,"Under39":130504,"Under59":135120,"Under74":90502,"Over75":50741},"Beds":{"Resuscitation":40,"IntensiveCare":262,"Total":302},"Deaths":312,"Recovered":1330,"Severe":185,"Critical":48,"Emergencies":{"Suspected":7,"Total":197,"Severe":5,"Suspected/Accumulated":2553,"Total/Accumulated":65300,"Severe/Accumulated":1077},"MedicalActs":{"Suspected":2,"Total":78,"Suspected/Accumulated":1419,"Total/Accumulated":31081},"PCRTests":{"Total":2648,"Confirmed":292,"Total/Accumulated":283303,"Confirmed/Accumulated":27273},"MedicalTests":{"Total/Accumulated":2111,"Confirmed/Accumulated":213}},"geometry":{"type":"Point","coordinates":[6.359828136363636,47.17302813636364]}},{"type":"Feature","properties":{"Country/Region":"France","Province/State":"Drôme","Code":"26","Population":{"Total":520560,"Under19":125073,"Under39":110455,"Under59":134338,"Under74":95865,"Over75":54829},"Beds":{"Resuscitation":24,"IntensiveCare":68,"Total":92},"Deaths":423,"Recovered":1590,"Severe":205,"Critical":27,"Emergencies":{"Suspected":9,"Total":271,"Severe":8,"Suspected/Accumulated":3087,"Total/Accumulated":86398,"Severe/Accumulated":1466},"PCRTests":{"Total":2042,"Confirmed":179,"Total/Accumulated":245447,"Confirmed/Accumulated":23653},"Confirmed":119,"MedicalTests":{"Total/Accumulated":2066,"Confirmed/Accumulated":135}},"geometry":{"type":"Point","coordinates":[5.213618019801983,44.63170462046205]}},{"type":"Feature","properties":{"Country/Region":"France","Province/State":"Eure","Code":"27","Population":{"Total":600687,"Under19":151745,"Under39":128858,"Under59":160781,"Under74":106586,"Over75":52717},"Beds":{"Resuscitation":12,"IntensiveCare":44,"Total":56},"Deaths":249,"Recovered":846,"Severe":184,"Critical":10,"Emergencies":{"Suspected":1,"Total":127,"Suspected/Accumulated":1090,"Total/Accumulated":51428,"Severe/Accumulated":259},"PCRTests":{"Total":2009,"Confirmed":99,"Total/Accumulated":202096,"Confirmed/Accumulated":15915},"Confirmed":71,"MedicalTests":{"Total/Accumulated":5764,"Confirmed/Accumulated":580}},"geometry":{"type":"Point","coordinates":[0.9927279220779222,49.13064012987015]}},{"type":"Feature","properties":{"Country/Region":"France","Province/State":"Eure-et-Loir","Code":"28","Population":{"Total":429425,"Under19":106266,"Under39":90617,"Under59":113525,"Under74":76422,"Over75":42595},"Beds":{"Resuscitation":20,"IntensiveCare":44,"Total":64},"Deaths":271,"Recovered":1353,"Severe":166,"Critical":14,"Emergencies":{"Suspected":1,"Total":306,"Suspected/Accumulated":1365,"Total/Accumulated":88459,"Severe/Accumulated":460},"PCRTests":{"Total":1966,"Confirmed":108,"Total/Accumulated":159803,"Confirmed/Accumulated":10854},"Confirmed":104,"MedicalTests":{"Total/Accumulated":4351,"Confirmed/Accumulated":653}},"geometry":{"type":"Point","coordinates":[1.3718229302325597,48.39856558139533]}},{"type":"Feature","properties":{"Country/Region":"France","Province/State":"Finistère","Code":"29","Population":{"Total":906554,"Under19":201332,"Under39":189857,"Under59":237308,"Under74":178715,"Over75":99342},"Beds":{"Resuscitation":66,"IntensiveCare":142,"Total":208},"Deaths":133,"Recovered":537,"Severe":102,"Critical":11,"Emergencies":{"Total":571,"Suspected/Accumulated":729,"Total/Accumulated":172972,"Severe/Accumulated":239},"MedicalActs":{"Suspected":3,"Total":114,"Suspected/Accumulated":1618,"Total/Accumulated":39214},"PCRTests":{"Total":3833,"Confirmed":85,"Total/Accumulated":337481,"Confirmed/Accumulated":11036},"Confirmed":230,"MedicalTests":{"Total/Accumulated":44,"Confirmed/Accumulated":9}},"geometry":{"type":"Point","coordinates":[-4.16814140056023,48.26300924369748]}},{"type":"Feature","properties":{"Country/Region":"France","Province/State":"Gard","Code":"30","Population":{"Total":748468,"Under19":170615,"Under39":154480,"Under59":195429,"Under74":147114,"Over75":80830},"Beds":{"Resuscitation":49,"IntensiveCare":108,"Total":157},"Deaths":340,"Recovered":1457,"Severe":173,"Critical":25,"Emergencies":{"Suspected":4,"Total":399,"Severe":2,"Suspected/Accumulated":2240,"Total/Accumulated":128573,"Severe/Accumulated":973},"MedicalActs":{"Total":50,"Suspected/Accumulated":1502,"Total/Accumulated":21662},"PCRTests":{"Total":3260,"Confirmed":207,"Total/Accumulated":360197,"Confirmed/Accumulated":30529},"Confirmed":44,"MedicalTests":{"Total/Accumulated":11845,"Confirmed/Accumulated":327}},"geometry":{"type":"Point","coordinates":[4.0572744791666695,44.00851614583332]}},{"type":"Feature","properties":{"Country/Region":"France","Province/State":"Haute-Garonne","Code":"31","Population":{"Total":1400935,"Under19":335750,"Under39":398589,"Under59":358515,"Under74":197921,"Over75":110160},"Beds":{"Resuscitation":161,"IntensiveCare":430,"Total":591},"Deaths":385,"Recovered":2602,"Severe":255,"Critical":41,"Emergencies":{"Suspected":14,"Total":620,"Severe":9,"Suspected/Accumulated":5294,"Total/Accumulated":208731,"Severe/Accumulated":3044},"MedicalActs":{"Suspected":7,"Total":99,"Suspected/Accumulated":3049,"Total/Accumulated":40338},"PCRTests":{"Total":7146,"Confirmed":352,"Total/Accumulated":753312,"Confirmed/Accumulated":50198},"Confirmed":72,"MedicalTests":{"Total/Accumulated":11810,"Confirmed/Accumulated":341}},"geometry":{"type":"Point","coordinates":[1.1686918356164382,43.33252969863011]}},{"type":"Feature","properties":{"Country/Region":"France","Province/State":"Gers","Code":"32","Population":{"Total":190040,"Under19":37581,"Under39":32714,"Under59":51231,"Under74":41871,"Over75":26643},"Beds":{"Resuscitation":8,"IntensiveCare":8,"Total":16},"Deaths":63,"Recovered":192,"Severe":33,"Emergencies":{"Suspected":2,"Total":62,"Severe":2,"Suspected/Accumulated":713,"Total/Accumulated":21549,"Severe/Accumulated":509},"PCRTests":{"Total":806,"Confirmed":43,"Total/Accumulated":77042,"Confirmed/Accumulated":4885},"Confirmed":14,"MedicalTests":{"Total/Accumulated":2554,"Confirmed/Accumulated":185}},"geometry":{"type":"Point","coordinates":[0.447782880658436,43.70601049382714]}},{"type":"Feature","properties":{"Country/Region":"France","Province/State":"Gironde","Code":"33","Population":{"Total":1633440,"Under19":380317,"Under39":415128,"Under59":425319,"Under74":267580,"Over75":145096},"Beds":{"Resuscitation":183,"IntensiveCare":262,"Total":445},"Deaths":505,"Recovered":2674,"Severe":391,"Critical":78,"Emergencies":{"Suspected":14,"Total":751,"Severe":11,"Suspected/Accumulated":5901,"Total/Accumulated":247228,"Severe/Accumulated":2628},"MedicalActs":{"Suspected":23,"Total":727,"Suspected/Accumulated":9995,"Total/Accumulated":212076},"PCRTests":{"Total":6712,"Confirmed":428,"Total/Accumulated":746611,"Confirmed/Accumulated":42361},"Confirmed":106,"MedicalTests":{"Total/Accumulated":8091,"Confirmed/Accumulated":348}},"geometry":{"type":"Point","coordinates":[-0.41644369747899174,44.756299705882356]}},{"type":"Feature","properties":{"Country/Region":"France","Province/State":"Hérault","Code":"34","Population":{"Total":1176145,"Under19":268258,"Under39":286299,"Under59":292794,"Under74":208723,"Over75":120071},"Beds":{"Resuscitation":124,"IntensiveCare":342,"Total":466},"Deaths":503,"Recovered":2454,"Severe":160,"Critical":28,"Emergencies":{"Suspected":9,"Total":663,"Severe":3,"Suspected/Accumulated":4075,"Total/Accumulated":234744,"Severe/Accumulated":1437},"MedicalActs":{"Suspected":9,"Total":105,"Suspected/Accumulated":1629,"Total/Accumulated":30841},"PCRTests":{"Total":6374,"Confirmed":337,"Total/Accumulated":647563,"Confirmed/Accumulated":41230},"Confirmed":171,"MedicalTests":{"Total/Accumulated":38656,"Confirmed/Accumulated":1264}},"geometry":{"type":"Point","coordinates":[3.2725271495327104,43.601788971962634]}},{"type":"Feature","properties":{"Country/Region":"France","Province/State":"Ille-et-Vilaine","Code":"35","Population":{"Total":1082073,"Under19":274429,"Under39":270693,"Under59":278610,"Under74":165623,"Over75":92718},"Beds":{"Resuscitation":60,"IntensiveCare":224,"Total":284},"Deaths":302,"Recovered":1393,"Severe":222,"Critical":17,"Emergencies":{"Suspected":5,"Total":610,"Severe":3,"Suspected/Accumulated":2857,"Total/Accumulated":161294,"Severe/Accumulated":1707},"MedicalActs":{"Suspected":4,"Total":106,"Suspected/Accumulated":2479,"Total/Accumulated":47393},"PCRTests":{"Total":4290,"Confirmed":205,"Total/Accumulated":449085,"Confirmed/Accumulated":27082},"Confirmed":208,"MedicalTests":{"Total/Accumulated":429,"Confirmed/Accumulated":10}},"geometry":{"type":"Point","coordinates":[-1.7401927338129495,48.18315345323742]}},{"type":"Feature","properties":{"Country/Region":"France","Province/State":"Indre","Code":"36","Population":{"Total":217139,"Under19":42951,"Under39":38506,"Under59":56292,"Under74":48986,"Over75":30404},"Beds":{"Resuscitation":10,"IntensiveCare":18,"Total":28},"Deaths":151,"Recovered":485,"Severe":51,"Critical":5,"Emergencies":{"Suspected":3,"Total":101,"Severe":3,"Suspected/Accumulated":285,"Total/Accumulated":28090,"Severe/Accumulated":160},"PCRTests":{"Total":806,"Confirmed":82,"Total/Accumulated":73826,"Confirmed/Accumulated":4877},"Confirmed":80,"MedicalTests":{"Total/Accumulated":3671,"Confirmed/Accumulated":373}},"geometry":{"type":"Point","coordinates":[1.576445147679325,46.764304345991526]}},{"type":"Feature","properties":{"Country/Region":"France","Province/State":"Indre-et-Loire","Code":"37","Population":{"Total":605380,"Under19":142122,"Under39":136574,"Under59":153731,"Under74":108623,"Over75":64330},"Beds":{"Resuscitation":79,"IntensiveCare":116,"Total":195},"Deaths":234,"Recovered":928,"Severe":149,"Critical":36,"Emergencies":{"Suspected":2,"Total":252,"Severe":2,"Suspected/Accumulated":1499,"Total/Accumulated":84843,"Severe/Accumulated":505},"MedicalActs":{"Suspected":9,"Total":163,"Suspected/Accumulated":1958,"Total/Accumulated":46118},"PCRTests":{"Total":2949,"Confirmed":163,"Total/Accumulated":283212,"Confirmed/Accumulated":16791},"Confirmed":123,"MedicalTests":{"Total/Accumulated":4143,"Confirmed/Accumulated":118}},"geometry":{"type":"Point","coordinates":[0.6915947413793099,47.23521443965518]}},{"type":"Feature","properties":{"Country/Region":"France","Province/State":"Isère","Code":"38","Population":{"Total":1264979,"Under19":319977,"Under39":298730,"Under59":332378,"Under74":201842,"Over75":112052},"Beds":{"Resuscitation":74,"IntensiveCare":178,"Total":252},"Deaths":1008,"Recovered":4003,"Severe":804,"Critical":61,"Emergencies":{"Suspected":12,"Total":683,"Severe":10,"Suspected/Accumulated":5512,"Total/Accumulated":213681,"Severe/Accumulated":2529},"MedicalActs":{"Suspected":12,"Total":183,"Suspected/Accumulated":5373,"Total/Accumulated":54695},"PCRTests":{"Total":5272,"Confirmed":449,"Total/Accumulated":640069,"Confirmed/Accumulated":78297},"Confirmed":190,"MedicalTests":{"Total/Accumulated":1901,"Confirmed/Accumulated":138}},"geometry":{"type":"Point","coordinates":[5.557470704225359,45.27668616197182]}},{"type":"Feature","properties":{"Country/Region":"France","Province/State":"Jura","Code":"39","Population":{"Total":257849,"Under19":57639,"Under39":51064,"Under59":68521,"Under74":50575,"Over75":30050},"Beds":{"Resuscitation":8,"IntensiveCare":18,"Total":26},"Deaths":272,"Recovered":1020,"Severe":262,"Critical":7,"Emergencies":{"Suspected":7,"Total":159,"Severe":3,"Suspected/Accumulated":1803,"Total/Accumulated":53183,"Severe/Accumulated":858},"PCRTests":{"Total":1474,"Confirmed":140,"Total/Accumulated":132832,"Confirmed/Accumulated":12919},"MedicalTests":{"Total/Accumulated":1465,"Confirmed/Accumulated":150}},"geometry":{"type":"Point","coordinates":[5.6395758823529425,46.756161447963784]}},{"type":"Feature","properties":{"Country/Region":"France","Province/State":"Landes","Code":"40","Population":{"Total":411979,"Under19":85144,"Under39":78495,"Under59":112191,"Under74":86896,"Over75":49253},"Beds":{"Resuscitation":14,"IntensiveCare":32,"Total":46},"Deaths":112,"Recovered":410,"Severe":140,"Critical":8,"Emergencies":{"Suspected":3,"Total":160,"Severe":2,"Suspected/Accumulated":1122,"Total/Accumulated":55426,"Severe/Accumulated":724},"PCRTests":{"Total":1682,"Confirmed":110,"Total/Accumulated":179043,"Confirmed/Accumulated":11442},"Confirmed":20,"MedicalTests":{"Total/Accumulated":870,"Confirmed/Accumulated":24}},"geometry":{"type":"Point","coordinates":[-0.5772234449760769,43.8801859808612]}},{"type":"Feature","properties":{"Country/Region":"France","Province/State":"Loir-et-Cher","Code":"41","Population":{"Total":327835,"Under19":72953,"Under39":62903,"Under59":86073,"Under74":65923,"Over75":39983},"Beds":{"Resuscitation":12,"IntensiveCare":16,"Total":28},"Deaths":168,"Recovered":716,"Severe":127,"Critical":8,"Emergencies":{"Suspected":8,"Total":201,"Severe":2,"Suspected/Accumulated":1620,"Total/Accumulated":63045,"Severe/Accumulated":259},"PCRTests":{"Total":1184,"Confirmed":60,"Total/Accumulated":114359,"Confirmed/Accumulated":7922},"Confirmed":55,"MedicalTests":{"Total/Accumulated":1428,"Confirmed/Accumulated":55}},"geometry":{"type":"Point","coordinates":[1.3938662132352944,47.653275698529406]}},{"type":"Feature","properties":{"Country/Region":"France","Province/State":"Loire","Code":"42","Population":{"Total":764737,"Under19":186049,"Under39":167975,"Under59":190702,"Under74":136240,"Over75":83771},"Beds":{"Resuscitation":70,"IntensiveCare":120,"Total":190},"Deaths":873,"Recovered":3320,"Severe":435,"Critical":42,"Emergencies":{"Suspected":7,"Total":485,"Severe":4,"Suspected/Accumulated":4723,"Total/Accumulated":178719,"Severe/Accumulated":2850},"MedicalActs":{"Suspected":8,"Total":96,"Suspected/Accumulated":2706,"Total/Accumulated":34859},"PCRTests":{"Total":3321,"Confirmed":236,"Total/Accumulated":443630,"Confirmed/Accumulated":56055},"Confirmed":363,"MedicalTests":{"Total/Accumulated":719,"Confirmed/Accumulated":46}},"geometry":{"type":"Point","coordinates":[4.189998267716536,45.74292366141733]}},{"type":"Feature","properties":{"Country/Region":"France","Province/State":"Haute-Loire","Code":"43","Population":{"Total":226901,"Under19":49659,"Under39":43248,"Under59":60903,"Under74":46857,"Over75":26234},"Beds":{"Resuscitation":8,"IntensiveCare":20,"Total":28},"Deaths":155,"Recovered":702,"Severe":147,"Critical":4,"Emergencies":{"Suspected":1,"Total":26,"Severe":1,"Suspected/Accumulated":86,"Total/Accumulated":7855,"Severe/Accumulated":54},"PCRTests":{"Total":770,"Confirmed":98,"Total/Accumulated":113082,"Confirmed/Accumulated":13838},"Confirmed":23,"MedicalTests":{"Total/Accumulated":1400,"Confirmed/Accumulated":50}},"geometry":{"type":"Point","coordinates":[3.7869054017857136,45.15054486607143]}},{"type":"Feature","properties":{"Country/Region":"France","Province/State":"Loire-Atlantique","Code":"44","Population":{"Total":1437137,"Under19":363681,"Under39":357664,"Under59":368059,"Under74":227458,"Over75":120275},"Beds":{"Resuscitation":77,"IntensiveCare":262,"Total":339},"Deaths":426,"Recovered":1889,"Severe":205,"Critical":20,"Emergencies":{"Suspected":1,"Total":433,"Suspected/Accumulated":3847,"Total/Accumulated":144254,"Severe/Accumulated":2247},"MedicalActs":{"Suspected":23,"Total":469,"Suspected/Accumulated":8207,"Total/Accumulated":150397},"PCRTests":{"Total":6623,"Confirmed":296,"Total/Accumulated":617797,"Confirmed/Accumulated":35628},"Confirmed":633,"MedicalTests":{"Total/Accumulated":844,"Confirmed/Accumulated":39}},"geometry":{"type":"Point","coordinates":[-1.6902253409090902,47.33230598484852]}},{"type":"Feature","properties":{"Country/Region":"France","Province/State":"Loiret","Code":"45","Population":{"Total":682890,"Under19":172345,"Under39":155348,"Under59":174617,"Under74":115984,"Over75":64596},"Beds":{"Resuscitation":47,"IntensiveCare":120,"Total":167},"Deaths":258,"Recovered":1478,"Severe":223,"Critical":45,"Emergencies":{"Suspected":2,"Total":321,"Severe":1,"Suspected/Accumulated":2287,"Total/Accumulated":103761,"Severe/Accumulated":1174},"MedicalActs":{"Total":35,"Suspected/Accumulated":1010,"Total/Accumulated":15415},"PCRTests":{"Total":2670,"Confirmed":206,"Total/Accumulated":347868,"Confirmed/Accumulated":25404},"Confirmed":258,"MedicalTests":{"Total/Accumulated":3447,"Confirmed/Accumulated":325}},"geometry":{"type":"Point","coordinates":[2.383405222672066,47.91302979757084]}},{"type":"Feature","properties":{"Country/Region":"France","Province/State":"Lot","Code":"46","Population":{"Total":173166,"Under19":31861,"Under39":29365,"Under59":44533,"Under74":41623,"Over75":25784},"Beds":{"Resuscitation":8,"IntensiveCare":8,"Total":16},"Deaths":51,"Recovered":177,"Severe":23,"Emergencies":{"Total":109,"Suspected/Accumulated":424,"Total/Accumulated":35501,"Severe/Accumulated":127},"PCRTests":{"Total":611,"Confirmed":27,"Total/Accumulated":61354,"Confirmed/Accumulated":2949},"Confirmed":4,"MedicalTests":{"Total/Accumulated":612,"Confirmed/Accumulated":19}},"geometry":{"type":"Point","coordinates":[1.5901290212765966,44.59231876595746]}},{"type":"Feature","properties":{"Country/Region":"France","Province/State":"Lot-et-Garonne","Code":"47","Population":{"Total":330336,"Under19":69990,"Under39":64149,"Under59":84272,"Under74":68912,"Over75":43013},"Beds":{"Resuscitation":11,"IntensiveCare":36,"Total":47},"Deaths":90,"Recovered":426,"Severe":40,"Critical":5,"Emergencies":{"Suspected":9,"Total":203,"Severe":7,"Suspected/Accumulated":1626,"Total/Accumulated":63996,"Severe/Accumulated":635},"PCRTests":{"Total":1272,"Confirmed":96,"Total/Accumulated":128106,"Confirmed/Accumulated":8827},"Confirmed":65,"MedicalTests":{"Total/Accumulated":1173,"Confirmed/Accumulated":16}},"geometry":{"type":"Point","coordinates":[0.4871552444444442,44.39576413333333]}},{"type":"Feature","properties":{"Country/Region":"France","Province/State":"Lozère","Code":"48","Population":{"Total":76286,"Under19":15582,"Under39":14895,"Under59":20255,"Under74":15962,"Over75":9592},"Beds":{"Resuscitation":3,"IntensiveCare":0,"Total":3},"Deaths":62,"Recovered":191,"Severe":47,"Critical":2,"Emergencies":{"Total":26,"Suspected/Accumulated":182,"Total/Accumulated":8206,"Severe/Accumulated":76},"PCRTests":{"Total":312,"Confirmed":28,"Total/Accumulated":32607,"Confirmed/Accumulated":3115},"Confirmed":8,"MedicalTests":{"Total/Accumulated":657,"Confirmed/Accumulated":4}},"geometry":{"type":"Point","coordinates":[3.494722131979694,44.51333609137059]}},{"type":"Feature","properties":{"Country/Region":"France","Province/State":"Maine-et-Loire","Code":"49","Population":{"Total":815881,"Under19":204162,"Under39":184600,"Under59":204421,"Under74":138603,"Over75":84095},"Beds":{"Resuscitation":61,"IntensiveCare":196,"Total":257},"Deaths":410,"Recovered":1755,"Severe":187,"Critical":23,"Emergencies":{"Suspected":4,"Total":340,"Severe":1,"Suspected/Accumulated":2369,"Total/Accumulated":103169,"Severe/Accumulated":1150},"PCRTests":{"Total":3798,"Confirmed":138,"Total/Accumulated":353568,"Confirmed/Accumulated":24245},"Confirmed":222,"MedicalTests":{"Total/Accumulated":145,"Confirmed/Accumulated":13}},"geometry":{"type":"Point","coordinates":[-0.6000336862745095,47.406434431372546]}},{"type":"Feature","properties":{"Country/Region":"France","Province/State":"Manche","Code":"50","Population":{"Total":490669,"Under19":105402,"Under39":96439,"Under59":126734,"Under74":101121,"Over75":60973},"Beds":{"Resuscitation":28,"IntensiveCare":52,"Total":80},"Deaths":141,"Recovered":587,"Severe":78,"Critical":6,"Emergencies":{"Suspected":8,"Total":327,"Severe":8,"Suspected/Accumulated":1373,"Total/Accumulated":100637,"Severe/Accumulated":1172},"MedicalActs":{"Suspected":13,"Total":124,"Suspected/Accumulated":2932,"Total/Accumulated":33639},"PCRTests":{"Total":2153,"Confirmed":118,"Total/Accumulated":166371,"Confirmed/Accumulated":8018},"Confirmed":107,"MedicalTests":{"Total/Accumulated":1735,"Confirmed/Accumulated":120}},"geometry":{"type":"Point","coordinates":[-1.3097769083969464,49.05127938931302]}},{"type":"Feature","properties":{"Country/Region":"France","Province/State":"Marne","Code":"51","Population":{"Total":563823,"Under19":136695,"Under39":137533,"Under59":142415,"Under74":97015,"Over75":50165},"Beds":{"Resuscitation":54,"IntensiveCare":78,"Total":132},"Deaths":492,"Recovered":1903,"Severe":346,"Critical":22,"Emergencies":{"Suspected":11,"Total":316,"Severe":5,"Suspected/Accumulated":1540,"Total/Accumulated":85151,"Severe/Accumulated":791},"MedicalActs":{"Suspected":2,"Total":21,"Suspected/Accumulated":587,"Total/Accumulated":10735},"PCRTests":{"Total":2759,"Confirmed":208,"Total/Accumulated":263034,"Confirmed/Accumulated":17543},"Confirmed":37,"MedicalTests":{"Total/Accumulated":1760,"Confirmed/Accumulated":353}},"geometry":{"type":"Point","coordinates":[4.209888097014927,48.936171417910444]}},{"type":"Feature","properties":{"Country/Region":"France","Province/State":"Haute-Marne","Code":"52","Population":{"Total":169250,"Under19":34865,"Under39":34065,"Under59":44268,"Under74":35981,"Over75":20071},"Beds":{"Resuscitation":8,"IntensiveCare":12,"Total":20},"Deaths":214,"Recovered":634,"Severe":148,"Critical":6,"Emergencies":{"Suspected":4,"Total":70,"Severe":3,"Suspected/Accumulated":1183,"Total/Accumulated":30967,"Severe/Accumulated":426},"PCRTests":{"Total":765,"Confirmed":73,"Total/Accumulated":79601,"Confirmed/Accumulated":7007},"Confirmed":7,"MedicalTests":{"Total/Accumulated":223,"Confirmed/Accumulated":37}},"geometry":{"type":"Point","coordinates":[5.203108577075099,48.126414822134386]}},{"type":"Feature","properties":{"Country/Region":"France","Province/State":"Mayenne","Code":"53","Population":{"Total":305365,"Under19":74868,"Under39":61839,"Under59":78619,"Under74":55705,"Over75":34334},"Beds":{"Resuscitation":8,"IntensiveCare":16,"Total":24},"Deaths":169,"Recovered":681,"Severe":90,"Critical":8,"Emergencies":{"Suspected":4,"Total":172,"Severe":2,"Suspected/Accumulated":1609,"Total/Accumulated":44255,"Severe/Accumulated":527},"PCRTests":{"Total":1191,"Confirmed":76,"Total/Accumulated":159040,"Confirmed/Accumulated":9248},"Confirmed":182,"MedicalTests":{"Total/Accumulated":521,"Confirmed/Accumulated":14}},"geometry":{"type":"Point","coordinates":[-0.6361607305936071,48.153668493150704]}},{"type":"Feature","properties":{"Country/Region":"France","Province/State":"Meurthe-et-Moselle","Code":"54","Population":{"Total":730398,"Under19":170693,"Under39":185629,"Under59":182526,"Under74":124808,"Over75":66742},"Beds":{"Resuscitation":83,"IntensiveCare":172,"Total":255},"Deaths":705,"Recovered":2481,"Severe":464,"Critical":62,"Emergencies":{"Suspected":19,"Total":343,"Severe":12,"Suspected/Accumulated":3005,"Total/Accumulated":109363,"Severe/Accumulated":1531},"MedicalActs":{"Suspected":8,"Total":91,"Suspected/Accumulated":2981,"Total/Accumulated":38422},"PCRTests":{"Total":4275,"Confirmed":276,"Total/Accumulated":461646,"Confirmed/Accumulated":27789},"Confirmed":85,"MedicalTests":{"Total/Accumulated":2356,"Confirmed/Accumulated":186}},"geometry":{"type":"Point","coordinates":[6.092894571428565,48.892416158730185]}},{"type":"Feature","properties":{"Country/Region":"France","Province/State":"Meuse","Code":"55","Population":{"Total":181641,"Under19":40375,"Under39":37641,"Under59":47696,"Under74":36898,"Over75":19031},"Beds":{"Resuscitation":8,"IntensiveCare":20,"Total":28},"Deaths":231,"Recovered":825,"Severe":107,"Critical":8,"Emergencies":{"Suspected":3,"Total":86,"Severe":2,"Suspected/Accumulated":681,"Total/Accumulated":28249,"Severe/Accumulated":376},"PCRTests":{"Total":1117,"Confirmed":59,"Total/Accumulated":90779,"Confirmed/Accumulated":6203},"Confirmed":18,"MedicalTests":{"Total/Accumulated":808,"Confirmed/Accumulated":77}},"geometry":{"type":"Point","coordinates":[5.380316626506025,49.03635373493975]}},{"type":"Feature","properties":{"Country/Region":"France","Province/State":"Morbihan","Code":"56","Population":{"Total":755566,"Under19":166653,"Under39":145287,"Under59":197813,"Under74":159285,"Over75":86528},"Beds":{"Resuscitation":22,"IntensiveCare":64,"Total":86},"Deaths":212,"Recovered":968,"Severe":159,"Critical":12,"Emergencies":{"Suspected":9,"Total":375,"Severe":2,"Suspected/Accumulated":4837,"Total/Accumulated":109993,"Severe/Accumulated":866},"MedicalActs":{"Suspected":2,"Total":78,"Suspected/Accumulated":1048,"Total/Accumulated":24933},"PCRTests":{"Total":2346,"Confirmed":75,"Total/Accumulated":257230,"Confirmed/Accumulated":11061},"Confirmed":313,"MedicalTests":{"Total/Accumulated":48,"Confirmed/Accumulated":3}},"geometry":{"type":"Point","coordinates":[-2.8780210594315263,47.764317932816574]}},{"type":"Feature","properties":{"Country/Region":"France","Province/State":"Moselle","Code":"57","Population":{"Total":1035866,"Under19":229681,"Under39":243525,"Under59":278966,"Under74":186864,"Over75":96830},"Beds":{"Resuscitation":88,"IntensiveCare":112,"Total":200},"Deaths":1429,"Recovered":4238,"Severe":521,"Critical":58,"Emergencies":{"Suspected":12,"Total":545,"Severe":7,"Suspected/Accumulated":7406,"Total/Accumulated":187092,"Severe/Accumulated":3643},"PCRTests":{"Total":6199,"Confirmed":360,"Total/Accumulated":562777,"Confirmed/Accumulated":37071},"Confirmed":295,"MedicalTests":{"Total/Accumulated":3848,"Confirmed/Accumulated":665}},"geometry":{"type":"Point","coordinates":[6.73973678343949,49.04168831210189]}},{"type":"Feature","properties":{"Country/Region":"France","Province/State":"Nièvre","Code":"58","Population":{"Total":199596,"Under19":38191,"Under39":34484,"Under59":50426,"Under74":47745,"Over75":28750},"Beds":{"Resuscitation":12,"IntensiveCare":32,"Total":44},"Deaths":120,"Recovered":380,"Severe":100,"Critical":3,"Emergencies":{"Suspected":6,"Total":142,"Severe":2,"Suspected/Accumulated":1377,"Total/Accumulated":50067,"Severe/Accumulated":538},"PCRTests":{"Total":1080,"Confirmed":91,"Total/Accumulated":95094,"Confirmed/Accumulated":6091},"Confirmed":2,"MedicalTests":{"Total/Accumulated":2556,"Confirmed/Accumulated":167}},"geometry":{"type":"Point","coordinates":[3.547376999999999,47.143300999999994]}},{"type":"Feature","properties":{"Country/Region":"France","Province/State":"Nord","Code":"59","Population":{"Total":2588988,"Under19":675470,"Under39":665053,"Under59":646791,"Under74":405380,"Over75":196294},"Beds":{"Resuscitation":225,"IntensiveCare":698,"Total":923},"Deaths":2017,"Recovered":8737,"Severe":881,"Critical":105,"Emergencies":{"Suspected":19,"Total":1648,"Severe":14,"Suspected/Accumulated":12174,"Total/Accumulated":482616,"Severe/Accumulated":5129},"MedicalActs":{"Suspected":17,"Total":434,"Suspected/Accumulated":7229,"Total/Accumulated":135981},"PCRTests":{"Total":13083,"Confirmed":700,"Total/Accumulated":1595854,"Confirmed/Accumulated":144718},"Confirmed":39,"MedicalTests":{"Total/Accumulated":5598,"Confirmed/Accumulated":535}},"geometry":{"type":"Point","coordinates":[3.1893953197674403,50.453616308139516]}},{"type":"Feature","properties":{"Country/Region":"France","Province/State":"Oise","Code":"60","Population":{"Total":825077,"Under19":214776,"Under39":193026,"Under59":221783,"Under74":134365,"Over75":61127},"Beds":{"Resuscitation":36,"IntensiveCare":92,"Total":128},"Deaths":666,"Recovered":2190,"Severe":341,"Critical":25,"Emergencies":{"Suspected":2,"Total":159,"Severe":1,"Suspected/Accumulated":1240,"Total/Accumulated":46528,"Severe/Accumulated":653},"PCRTests":{"Total":3716,"Confirmed":257,"Total/Accumulated":330793,"Confirmed/Accumulated":27622},"Confirmed":210,"MedicalTests":{"Total/Accumulated":10089,"Confirmed/Accumulated":1313}},"geometry":{"type":"Point","coordinates":[2.463008007117438,49.41459999999999]}},{"type":"Feature","properties":{"Country/Region":"France","Province/State":"Orne","Code":"61","Population":{"Total":276903,"Under19":59830,"Under39":51781,"Under59":70741,"Under74":58679,"Over75":35872},"Beds":{"Resuscitation":16,"IntensiveCare":24,"Total":40},"Deaths":191,"Recovered":755,"Severe":173,"Critical":9,"Emergencies":{"Total":222,"Suspected/Accumulated":579,"Total/Accumulated":58061,"Severe/Accumulated":164},"PCRTests":{"Total":1423,"Confirmed":75,"Total/Accumulated":132402,"Confirmed/Accumulated":8026},"Confirmed":28,"MedicalTests":{"Total/Accumulated":1414,"Confirmed/Accumulated":96}},"geometry":{"type":"Point","coordinates":[0.01997467181467186,48.611762664092666]}},{"type":"Feature","properties":{"Country/Region":"France","Province/State":"Pas-de-Calais","Code":"62","Population":{"Total":1452778,"Under19":367229,"Under39":336274,"Under59":374200,"Under74":255788,"Over75":119287},"Beds":{"Resuscitation":85,"IntensiveCare":274,"Total":359},"Deaths":941,"Recovered":4050,"Severe":525,"Critical":66,"Emergencies":{"Suspected":10,"Total":500,"Severe":3,"Suspected/Accumulated":2223,"Total/Accumulated":132556,"Severe/Accumulated":506},"PCRTests":{"Total":6360,"Confirmed":413,"Total/Accumulated":713585,"Confirmed/Accumulated":58627},"Confirmed":8,"MedicalTests":{"Total/Accumulated":6968,"Confirmed/Accumulated":567}},"geometry":{"type":"Point","coordinates":[2.4712310954063605,50.40984130742051]}},{"type":"Feature","properties":{"Country/Region":"France","Province/State":"Puy-de-Dôme","Code":"63","Population":{"Total":660240,"Under19":147680,"Under39":153022,"Under59":169492,"Under74":122442,"Over75":67604},"Beds":{"Resuscitation":77,"IntensiveCare":104,"Total":181},"Deaths":383,"Recovered":1297,"Severe":317,"Critical":23,"Emergencies":{"Suspected":3,"Total":115,"Severe":3,"Suspected/Accumulated":1068,"Total/Accumulated":44452,"Severe/Accumulated":580},"MedicalActs":{"Suspected":4,"Total":73,"Suspected/Accumulated":1877,"Total/Accumulated":26632},"PCRTests":{"Total":3154,"Confirmed":275,"Total/Accumulated":370397,"Confirmed/Accumulated":25794},"Confirmed":105,"MedicalTests":{"Total/Accumulated":8601,"Confirmed/Accumulated":234}},"geometry":{"type":"Point","coordinates":[3.143235039370079,45.73685830708661]}},{"type":"Feature","properties":{"Country/Region":"France","Province/State":"Pyrénées-Atlantiques","Code":"64","Population":{"Total":683169,"Under19":144945,"Under39":141910,"Under59":182850,"Under74":130868,"Over75":82596},"Beds":{"Resuscitation":35,"IntensiveCare":110,"Total":145},"Deaths":313,"Recovered":1330,"Severe":152,"Critical":12,"Emergencies":{"Suspected":2,"Total":403,"Severe":1,"Suspected/Accumulated":1578,"Total/Accumulated":133721,"Severe/Accumulated":877},"MedicalActs":{"Suspected":9,"Total":287,"Suspected/Accumulated":6225,"Total/Accumulated":89514},"PCRTests":{"Total":3362,"Confirmed":124,"Total/Accumulated":380949,"Confirmed/Accumulated":24184},"Confirmed":41,"MedicalTests":{"Total/Accumulated":9041,"Confirmed/Accumulated":231}},"geometry":{"type":"Point","coordinates":[-0.7610906397306391,43.26238828282827]}},{"type":"Feature","properties":{"Country/Region":"France","Province/State":"Hautes-Pyrénées","Code":"65","Population":{"Total":226839,"Under19":44839,"Under39":42373,"Under59":59329,"Under74":49523,"Over75":30775},"Beds":{"Resuscitation":12,"IntensiveCare":44,"Total":56},"Deaths":130,"Recovered":630,"Severe":79,"Critical":13,"Emergencies":{"Suspected":3,"Total":99,"Severe":1,"Suspected/Accumulated":112,"Total/Accumulated":32186,"Severe/Accumulated":51},"PCRTests":{"Total":1198,"Confirmed":41,"Total/Accumulated":111649,"Confirmed/Accumulated":9196},"Confirmed":11,"MedicalTests":{"Total/Accumulated":2990,"Confirmed/Accumulated":182}},"geometry":{"type":"Point","coordinates":[0.15248105932203385,43.134416483050856]}},{"type":"Feature","properties":{"Country/Region":"France","Province/State":"Pyrénées-Orientales","Code":"66","Population":{"Total":479000,"Under19":102236,"Under39":93899,"Under59":121501,"Under74":99671,"Over75":61693},"Beds":{"Resuscitation":32,"IntensiveCare":64,"Total":96},"Deaths":127,"Recovered":626,"Severe":59,"Critical":6,"Emergencies":{"Suspected":5,"Total":307,"Severe":5,"Suspected/Accumulated":895,"Total/Accumulated":98252,"Severe/Accumulated":418},"MedicalActs":{"Suspected":1,"Total":91,"Suspected/Accumulated":1203,"Total/Accumulated":32658},"PCRTests":{"Total":2183,"Confirmed":117,"Total/Accumulated":222090,"Confirmed/Accumulated":12656},"Confirmed":35,"MedicalTests":{"Total/Accumulated":5770,"Confirmed/Accumulated":35}},"geometry":{"type":"Point","coordinates":[2.4354706043956034,42.554231208791215]}},{"type":"Feature","properties":{"Country/Region":"France","Province/State":"Bas-Rhin","Code":"67","Population":{"Total":1132607,"Under19":258105,"Under39":285390,"Under59":300661,"Under74":188150,"Over75":100301},"Beds":{"Resuscitation":122,"IntensiveCare":208,"Total":330},"Deaths":1074,"Recovered":4345,"Severe":496,"Critical":51,"Emergencies":{"Suspected":10,"Total":405,"Severe":6,"Suspected/Accumulated":4147,"Total/Accumulated":124619,"Severe/Accumulated":2673},"MedicalActs":{"Suspected":9,"Total":218,"Suspected/Accumulated":5150,"Total/Accumulated":84912},"PCRTests":{"Total":6536,"Confirmed":328,"Total/Accumulated":697181,"Confirmed/Accumulated":41359},"Confirmed":376,"MedicalTests":{"Total/Accumulated":3888,"Confirmed/Accumulated":553}},"geometry":{"type":"Point","coordinates":[7.447409099526063,48.70509469194314]}},{"type":"Feature","properties":{"Country/Region":"France","Province/State":"Haut-Rhin","Code":"68","Population":{"Total":763204,"Under19":175817,"Under39":172286,"Under59":209152,"Under74":134185,"Over75":71764},"Beds":{"Resuscitation":70,"IntensiveCare":136,"Total":206},"Deaths":1069,"Recovered":4212,"Severe":482,"Critical":54,"Emergencies":{"Suspected":21,"Total":416,"Severe":12,"Suspected/Accumulated":4488,"Total/Accumulated":118528,"Severe/Accumulated":2876},"MedicalActs":{"Suspected":15,"Total":114,"Suspected/Accumulated":3455,"Total/Accumulated":33714},"PCRTests":{"Total":4144,"Confirmed":249,"Total/Accumulated":386689,"Confirmed/Accumulated":24779},"Confirmed":700,"MedicalTests":{"Total/Accumulated":4045,"Confirmed/Accumulated":960}},"geometry":{"type":"Point","coordinates":[7.263731571428571,47.83921192857142]}},{"type":"Feature","properties":{"Country/Region":"France","Province/State":"Rhône","Code":"69","Population":{"Total":1876051,"Under19":478142,"Under39":523161,"Under59":455898,"Under74":259877,"Over75":158973},"Beds":{"Resuscitation":192,"IntensiveCare":422,"Total":614},"Deaths":1923,"Recovered":9123,"Severe":966,"Critical":123,"Emergencies":{"Suspected":39,"Total":1098,"Severe":21,"Suspected/Accumulated":12516,"Total/Accumulated":319572,"Severe/Accumulated":5940},"MedicalActs":{"Suspected":15,"Total":310,"Suspected/Accumulated":8553,"Total/Accumulated":97970},"PCRTests":{"Total":9352,"Confirmed":650,"Total/Accumulated":1171714,"Confirmed/Accumulated":124519},"Confirmed":532,"MedicalTests":{"Total/Accumulated":2582,"Confirmed/Accumulated":345}},"geometry":{"type":"Point","coordinates":[4.660707512690354,45.8811785786802]}},{"type":"Feature","properties":{"Country/Region":"France","Province/State":"Haute-Saône","Code":"70","Population":{"Total":233194,"Under19":52426,"Under39":45311,"Under59":62843,"Under74":47643,"Over75":24971},"Beds":{"Resuscitation":12,"IntensiveCare":24,"Total":36},"Deaths":151,"Recovered":668,"Severe":67,"Critical":8,"Emergencies":{"Suspected":4,"Total":98,"Severe":3,"Suspected/Accumulated":1326,"Total/Accumulated":35300,"Severe/Accumulated":766},"PCRTests":{"Total":1398,"Confirmed":100,"Total/Accumulated":111930,"Confirmed/Accumulated":8411},"MedicalTests":{"Total/Accumulated":3094,"Confirmed/Accumulated":278}},"geometry":{"type":"Point","coordinates":[6.0410172972972935,47.62793234234234]}},{"type":"Feature","properties":{"Country/Region":"France","Province/State":"Saône-et-Loire","Code":"71","Population":{"Total":547824,"Under19":117389,"Under39":104206,"Under59":141715,"Under74":114530,"Over75":69984},"Beds":{"Resuscitation":26,"IntensiveCare":44,"Total":70},"Deaths":655,"Recovered":2504,"Severe":416,"Critical":32,"Emergencies":{"Suspected":16,"Total":340,"Severe":11,"Suspected/Accumulated":5976,"Total/Accumulated":114332,"Severe/Accumulated":2934},"PCRTests":{"Total":2634,"Confirmed":225,"Total/Accumulated":272961,"Confirmed/Accumulated":26888},"MedicalTests":{"Total/Accumulated":3733,"Confirmed/Accumulated":254}},"geometry":{"type":"Point","coordinates":[4.528318691588785,46.63876112149533]}},{"type":"Feature","properties":{"Country/Region":"France","Province/State":"Sarthe","Code":"72","Population":{"Total":560227,"Under19":135636,"Under39":116946,"Under59":143032,"Under74":103587,"Over75":61026},"Beds":{"Resuscitation":17,"IntensiveCare":54,"Total":71},"Deaths":289,"Recovered":1330,"Severe":229,"Critical":8,"Emergencies":{"Suspected":19,"Total":318,"Severe":13,"Suspected/Accumulated":5208,"Total/Accumulated":98637,"Severe/Accumulated":3223},"PCRTests":{"Total":2197,"Confirmed":107,"Total/Accumulated":252083,"Confirmed/Accumulated":15201},"Confirmed":422,"MedicalTests":{"Total/Accumulated":84,"Confirmed/Accumulated":3}},"geometry":{"type":"Point","coordinates":[0.1986467741935485,47.9763005529954]}},{"type":"Feature","properties":{"Country/Region":"France","Province/State":"Savoie","Code":"73","Population":{"Total":432548,"Under19":98346,"Under39":96013,"Under59":117417,"Under74":76722,"Over75":44050},"Beds":{"Resuscitation":18,"IntensiveCare":36,"Total":54},"Deaths":491,"Recovered":1833,"Severe":139,"Critical":17,"Emergencies":{"Suspected":3,"Total":112,"Severe":2,"Suspected/Accumulated":2001,"Total/Accumulated":55901,"Severe/Accumulated":742},"MedicalActs":{"Suspected":6,"Total":92,"Suspected/Accumulated":2720,"Total/Accumulated":28567},"PCRTests":{"Total":1923,"Confirmed":127,"Total/Accumulated":219337,"Confirmed/Accumulated":25992},"Confirmed":114,"MedicalTests":{"Total/Accumulated":373,"Confirmed/Accumulated":39}},"geometry":{"type":"Point","coordinates":[6.4038603585657325,45.50301760956176]}},{"type":"Feature","properties":{"Country/Region":"France","Province/State":"Haute-Savoie","Code":"74","Population":{"Total":828405,"Under19":203837,"Under39":209477,"Under59":227355,"Under74":122439,"Over75":65297},"Beds":{"Resuscitation":34,"IntensiveCare":82,"Total":116},"Deaths":652,"Recovered":3009,"Severe":354,"Critical":33,"Emergencies":{"Suspected":26,"Total":601,"Severe":15,"Suspected/Accumulated":7255,"Total/Accumulated":185956,"Severe/Accumulated":2701},"MedicalActs":{"Suspected":2,"Total":106,"Suspected/Accumulated":3441,"Total/Accumulated":40333},"PCRTests":{"Total":3490,"Confirmed":291,"Total/Accumulated":404711,"Confirmed/Accumulated":51738},"Confirmed":310,"MedicalTests":{"Total/Accumulated":3391,"Confirmed/Accumulated":605}},"geometry":{"type":"Point","coordinates":[6.452374226804124,46.01403216494844]}},{"type":"Feature","properties":{"Country/Region":"France","Province/State":"Paris","Code":"75","Population":{"Total":2148271,"Under19":406652,"Under39":718825,"Under59":536676,"Under74":311978,"Over75":174140},"Beds":{"Resuscitation":389,"IntensiveCare":1082,"Total":1471},"Deaths":2728,"Recovered":11413,"Severe":720,"Critical":115,"Emergencies":{"Suspected":21,"Total":1091,"Severe":11,"Suspected/Accumulated":23579,"Total/Accumulated":360166,"Severe/Accumulated":6655},"MedicalActs":{"Suspected":30,"Total":719,"Suspected/Accumulated":16307,"Total/Accumulated":209994},"PCRTests":{"Total":15658,"Confirmed":615,"Total/Accumulated":1624234,"Confirmed/Accumulated":113431},"Confirmed":126,"MedicalTests":{"Total/Accumulated":17676,"Confirmed/Accumulated":4072}},"geometry":{"type":"Point","coordinates":[2.3550152173913044,48.8535647826087]}},{"type":"Feature","properties":{"Country/Region":"France","Province/State":"Seine-Maritime","Code":"76","Population":{"Total":1243788,"Under19":303968,"Under39":294607,"Under59":310458,"Under74":218116,"Over75":116639},"Beds":{"Resuscitation":93,"IntensiveCare":300,"Total":393},"Deaths":722,"Recovered":2728,"Severe":577,"Critical":49,"Emergencies":{"Suspected":12,"Total":877,"Severe":6,"Suspected/Accumulated":4249,"Total/Accumulated":250033,"Severe/Accumulated":2025},"MedicalActs":{"Suspected":2,"Total":86,"Suspected/Accumulated":2573,"Total/Accumulated":27068},"PCRTests":{"Total":6830,"Confirmed":419,"Total/Accumulated":591049,"Confirmed/Accumulated":42854},"Confirmed":233,"MedicalTests":{"Total/Accumulated":6636,"Confirmed/Accumulated":432}},"geometry":{"type":"Point","coordinates":[1.114674462365592,49.5942889784946]}},{"type":"Feature","properties":{"Country/Region":"France","Province/State":"Seine-et-Marne","Code":"77","Population":{"Total":1423607,"Under19":392025,"Under39":357752,"Under59":382068,"Under74":199768,"Over75":91994},"Beds":{"Resuscitation":77,"IntensiveCare":100,"Total":177},"Deaths":1217,"Recovered":5052,"Severe":379,"Critical":54,"Emergencies":{"Suspected":14,"Total":449,"Severe":7,"Suspected/Accumulated":5593,"Total/Accumulated":149988,"Severe/Accumulated":2508},"MedicalActs":{"Suspected":15,"Total":186,"Suspected/Accumulated":4876,"Total/Accumulated":65508},"PCRTests":{"Total":6065,"Confirmed":416,"Total/Accumulated":612968,"Confirmed/Accumulated":53030},"Confirmed":42,"MedicalTests":{"Total/Accumulated":9452,"Confirmed/Accumulated":1736}},"geometry":{"type":"Point","coordinates":[2.9385241532258073,48.61862185483869]}},{"type":"Feature","properties":{"Country/Region":"France","Province/State":"Yvelines","Code":"78","Population":{"Total":1448625,"Under19":385814,"Under39":341694,"Under59":394186,"Under74":209492,"Over75":117439},"Beds":{"Resuscitation":84,"IntensiveCare":204,"Total":288},"Deaths":1110,"Recovered":4755,"Severe":667,"Critical":54,"Emergencies":{"Suspected":12,"Total":774,"Severe":3,"Suspected/Accumulated":6760,"Total/Accumulated":217428,"Severe/Accumulated":2240},"MedicalActs":{"Suspected":2,"Total":113,"Suspected/Accumulated":4576,"Total/Accumulated":42583},"PCRTests":{"Total":6401,"Confirmed":358,"Total/Accumulated":665292,"Confirmed/Accumulated":54618},"Confirmed":70,"MedicalTests":{"Total/Accumulated":8274,"Confirmed/Accumulated":1214}},"geometry":{"type":"Point","coordinates":[1.8294258823529415,48.80823257352944]}},{"type":"Feature","properties":{"Country/Region":"France","Province/State":"Deux-Sèvres","Code":"79","Population":{"Total":372627,"Under19":85106,"Under39":73604,"Under59":98839,"Under74":72067,"Over75":43011},"Beds":{"Resuscitation":8,"IntensiveCare":36,"Total":44},"Deaths":111,"Recovered":388,"Severe":104,"Critical":5,"Emergencies":{"Suspected":5,"Total":183,"Severe":3,"Suspected/Accumulated":919,"Total/Accumulated":61836,"Severe/Accumulated":410},"PCRTests":{"Total":2291,"Confirmed":132,"Total/Accumulated":166703,"Confirmed/Accumulated":8920},"Confirmed":11,"MedicalTests":{"Total/Accumulated":81,"Confirmed/Accumulated":5}},"geometry":{"type":"Point","coordinates":[-0.29978133828996273,46.53994301115242]}},{"type":"Feature","properties":{"Country/Region":"France","Province/State":"Somme","Code":"80","Population":{"Total":569769,"Under19":138211,"Under39":134953,"Under59":144752,"Under74":100734,"Over75":51119},"Beds":{"Resuscitation":58,"IntensiveCare":164,"Total":222},"Deaths":454,"Recovered":1383,"Severe":293,"Critical":23,"Emergencies":{"Suspected":9,"Total":343,"Severe":4,"Suspected/Accumulated":2516,"Total/Accumulated":101748,"Severe/Accumulated":1093},"MedicalActs":{"Suspected":9,"Total":212,"Suspected/Accumulated":3989,"Total/Accumulated":64658},"PCRTests":{"Total":3147,"Confirmed":175,"Total/Accumulated":237790,"Confirmed/Accumulated":15315},"Confirmed":54,"MedicalTests":{"Total/Accumulated":6063,"Confirmed/Accumulated":539}},"geometry":{"type":"Point","coordinates":[2.3486719850187256,49.97418277153558]}},{"type":"Feature","properties":{"Country/Region":"France","Province/State":"Tarn","Code":"81","Population":{"Total":387898,"Under19":84873,"Under39":74511,"Under59":102349,"Under74":77279,"Over75":48886},"Beds":{"Resuscitation":24,"IntensiveCare":70,"Total":94},"Deaths":169,"Recovered":618,"Severe":148,"Critical":21,"Emergencies":{"Suspected":4,"Total":241,"Severe":1,"Suspected/Accumulated":1474,"Total/Accumulated":77871,"Severe/Accumulated":547},"PCRTests":{"Total":1960,"Confirmed":108,"Total/Accumulated":172729,"Confirmed/Accumulated":13756},"Confirmed":14,"MedicalTests":{"Total/Accumulated":2180,"Confirmed/Accumulated":44}},"geometry":{"type":"Point","coordinates":[2.1808796818181815,43.78627254545453]}},{"type":"Feature","properties":{"Country/Region":"France","Province/State":"Tarn-et-Garonne","Code":"82","Population":{"Total":262618,"Under19":63559,"Under39":53023,"Under59":70354,"Under74":48046,"Over75":27636},"Beds":{"Resuscitation":18,"IntensiveCare":40,"Total":58},"Deaths":93,"Recovered":436,"Severe":37,"Critical":3,"Emergencies":{"Suspected":16,"Total":148,"Severe":11,"Suspected/Accumulated":2224,"Total/Accumulated":49178,"Severe/Accumulated":1041},"PCRTests":{"Total":828,"Confirmed":38,"Total/Accumulated":115580,"Confirmed/Accumulated":8050},"Confirmed":11,"MedicalTests":{"Total/Accumulated":2144,"Confirmed/Accumulated":73}},"geometry":{"type":"Point","coordinates":[1.3350866094420606,44.1164032618026]}},{"type":"Feature","properties":{"Country/Region":"France","Province/State":"Var","Code":"83","Population":{"Total":1073836,"Under19":224216,"Under39":215361,"Under59":276842,"Under74":218239,"Over75":139178},"Beds":{"Resuscitation":60,"IntensiveCare":84,"Total":144},"Deaths":521,"Recovered":2614,"Severe":338,"Critical":40,"Emergencies":{"Suspected":17,"Total":585,"Severe":12,"Suspected/Accumulated":4734,"Total/Accumulated":197650,"Severe/Accumulated":2795},"MedicalActs":{"Suspected":15,"Total":387,"Suspected/Accumulated":9205,"Total/Accumulated":132774},"PCRTests":{"Total":7309,"Confirmed":475,"Total/Accumulated":615847,"Confirmed/Accumulated":39997},"Confirmed":186,"MedicalTests":{"Total/Accumulated":11196,"Confirmed/Accumulated":470}},"geometry":{"type":"Point","coordinates":[6.2341132170542615,43.37767961240309]}},{"type":"Feature","properties":{"Country/Region":"France","Province/State":"Vaucluse","Code":"84","Population":{"Total":560997,"Under19":132211,"Under39":118607,"Under59":147247,"Under74":103567,"Over75":59365},"Beds":{"Resuscitation":16,"IntensiveCare":60,"Total":76},"Deaths":462,"Recovered":1806,"Severe":313,"Critical":16,"Emergencies":{"Suspected":10,"Total":393,"Severe":4,"Suspected/Accumulated":2904,"Total/Accumulated":130156,"Severe/Accumulated":1817},"MedicalActs":{"Total":36,"Suspected/Accumulated":372,"Total/Accumulated":10269},"PCRTests":{"Total":2908,"Confirmed":256,"Total/Accumulated":275656,"Confirmed/Accumulated":25649},"Confirmed":45,"MedicalTests":{"Total/Accumulated":8198,"Confirmed/Accumulated":217}},"geometry":{"type":"Point","coordinates":[5.137687100591716,44.08826047337278]}},{"type":"Feature","properties":{"Country/Region":"France","Province/State":"Vendée","Code":"85","Population":{"Total":683187,"Under19":155162,"Under39":132680,"Under59":176377,"Under74":142178,"Over75":76790},"Beds":{"Resuscitation":18,"IntensiveCare":44,"Total":62},"Deaths":130,"Recovered":738,"Severe":92,"Critical":8,"Emergencies":{"Suspected":6,"Total":357,"Severe":4,"Suspected/Accumulated":1725,"Total/Accumulated":112484,"Severe/Accumulated":851},"PCRTests":{"Total":4431,"Confirmed":135,"Total/Accumulated":276854,"Confirmed/Accumulated":13640},"Confirmed":147,"MedicalTests":{"Total/Accumulated":347,"Confirmed/Accumulated":9}},"geometry":{"type":"Point","coordinates":[-1.3851340601503754,46.70726116541352]}},{"type":"Feature","properties":{"Country/Region":"France","Province/State":"Vienne","Code":"86","Population":{"Total":437398,"Under19":101362,"Under39":100176,"Under59":108284,"Under74":79480,"Over75":48096},"Beds":{"Resuscitation":53,"IntensiveCare":124,"Total":177},"Deaths":134,"Recovered":572,"Severe":38,"Critical":5,"Emergencies":{"Suspected":3,"Total":220,"Severe":3,"Suspected/Accumulated":937,"Total/Accumulated":65865,"Severe/Accumulated":523},"PCRTests":{"Total":1347,"Confirmed":68,"Total/Accumulated":185181,"Confirmed/Accumulated":9558},"Confirmed":53,"MedicalTests":{"Total/Accumulated":1102,"Confirmed/Accumulated":28}},"geometry":{"type":"Point","coordinates":[0.42368070921985806,46.57872638297872]}},{"type":"Feature","properties":{"Country/Region":"France","Province/State":"Haute-Vienne","Code":"87","Population":{"Total":370774,"Under19":79173,"Under39":77448,"Under59":94509,"Under74":74186,"Over75":45458},"Beds":{"Resuscitation":24,"IntensiveCare":144,"Total":168},"Deaths":185,"Recovered":604,"Severe":82,"Critical":4,"Emergencies":{"Suspected":5,"Total":289,"Severe":4,"Suspected/Accumulated":1038,"Total/Accumulated":75491,"Severe/Accumulated":605},"MedicalActs":{"Suspected":6,"Total":172,"Suspected/Accumulated":2031,"Total/Accumulated":45569},"PCRTests":{"Total":1763,"Confirmed":69,"Total/Accumulated":146872,"Confirmed/Accumulated":9780},"Confirmed":21,"MedicalTests":{"Total/Accumulated":1623,"Confirmed/Accumulated":67}},"geometry":{"type":"Point","coordinates":[1.2410431872509962,45.895894860557746]}},{"type":"Feature","properties":{"Country/Region":"France","Province/State":"Vosges","Code":"88","Population":{"Total":359520,"Under19":77042,"Under39":70274,"Under59":94740,"Under74":75920,"Over75":41544},"Beds":{"Resuscitation":8,"IntensiveCare":24,"Total":32},"Deaths":555,"Recovered":1573,"Severe":264,"Critical":15,"Emergencies":{"Suspected":7,"Total":227,"Severe":4,"Suspected/Accumulated":3854,"Total/Accumulated":76262,"Severe/Accumulated":1484},"PCRTests":{"Total":1896,"Confirmed":118,"Total/Accumulated":184742,"Confirmed/Accumulated":12863},"Confirmed":66,"MedicalTests":{"Total/Accumulated":3101,"Confirmed/Accumulated":400}},"geometry":{"type":"Point","coordinates":[6.2957204247104235,48.23006027027029]}},{"type":"Feature","properties":{"Country/Region":"France","Province/State":"Yonne","Code":"89","Population":{"Total":332096,"Under19":73991,"Under39":64975,"Under59":86159,"Under74":68966,"Over75":38005},"Beds":{"Resuscitation":18,"IntensiveCare":32,"Total":50},"Deaths":283,"Recovered":1113,"Severe":210,"Critical":18,"Emergencies":{"Suspected":8,"Total":283,"Severe":7,"Suspected/Accumulated":3431,"Total/Accumulated":89338,"Severe/Accumulated":1176},"MedicalActs":{"Suspected":2,"Total":100,"Suspected/Accumulated":2409,"Total/Accumulated":23323},"PCRTests":{"Total":1697,"Confirmed":89,"Total/Accumulated":170914,"Confirmed/Accumulated":14019},"MedicalTests":{"Total/Accumulated":633,"Confirmed/Accumulated":62}},"geometry":{"type":"Point","coordinates":[3.57333820338983,47.84307762711864]}},{"type":"Feature","properties":{"Country/Region":"France","Province/State":"Territoire de Belfort","Code":"90","Population":{"Total":140145,"Under19":33166,"Under39":32553,"Under59":36366,"Under74":24639,"Over75":13421},"Beds":{"Resuscitation":25,"IntensiveCare":40,"Total":65},"Deaths":415,"Recovered":1172,"Severe":188,"Critical":18,"Emergencies":{"Suspected":8,"Total":139,"Severe":8,"Suspected/Accumulated":1879,"Total/Accumulated":45821,"Severe/Accumulated":1094},"PCRTests":{"Total":831,"Confirmed":66,"Total/Accumulated":69784,"Confirmed/Accumulated":5275},"MedicalTests":{"Total/Accumulated":853,"Confirmed/Accumulated":108}},"geometry":{"type":"Point","coordinates":[6.93897388888889,47.60873597222223]}},{"type":"Feature","properties":{"Country/Region":"France","Province/State":"Essonne","Code":"91","Population":{"Total":1319401,"Under19":360333,"Under39":338878,"Under59":349395,"Under74":176919,"Over75":93876},"Beds":{"Resuscitation":97,"IntensiveCare":164,"Total":261},"Deaths":1059,"Recovered":5138,"Severe":533,"Critical":66,"Emergencies":{"Suspected":16,"Total":567,"Severe":7,"Suspected/Accumulated":7176,"Total/Accumulated":159241,"Severe/Accumulated":2222},"MedicalActs":{"Suspected":11,"Total":157,"Suspected/Accumulated":2924,"Total/Accumulated":38197},"PCRTests":{"Total":5730,"Confirmed":410,"Total/Accumulated":592430,"Confirmed/Accumulated":51500},"Confirmed":30,"MedicalTests":{"Total/Accumulated":13409,"Confirmed/Accumulated":2366}},"geometry":{"type":"Point","coordinates":[2.2519983333333338,48.50948216666667]}},{"type":"Feature","properties":{"Country/Region":"France","Province/State":"Hauts-de-Seine","Code":"92","Population":{"Total":1613762,"Under19":393984,"Under39":457571,"Under59":428782,"Under74":211036,"Over75":122389},"Beds":{"Resuscitation":184,"IntensiveCare":276,"Total":460},"Deaths":1631,"Recovered":8377,"Severe":732,"Critical":101,"Emergencies":{"Suspected":8,"Total":824,"Severe":2,"Suspected/Accumulated":7282,"Total/Accumulated":229717,"Severe/Accumulated":2427},"PCRTests":{"Total":8670,"Confirmed":468,"Total/Accumulated":994556,"Confirmed/Accumulated":73334},"Confirmed":59,"MedicalTests":{"Total/Accumulated":11950,"Confirmed/Accumulated":2683}},"geometry":{"type":"Point","coordinates":[2.2538900000000006,48.84266823529411]}},{"type":"Feature","properties":{"Country/Region":"France","Province/State":"Seine-Saint-Denis","Code":"93","Population":{"Total":1670149,"Under19":485032,"Under39":478299,"Under59":428192,"Under74":194935,"Over75":83691},"Beds":{"Resuscitation":100,"IntensiveCare":218,"Total":318},"Deaths":1544,"Recovered":7593,"Severe":674,"Critical":60,"Emergencies":{"Suspected":16,"Total":829,"Severe":6,"Suspected/Accumulated":12678,"Total/Accumulated":256261,"Severe/Accumulated":2954},"PCRTests":{"Total":6678,"Confirmed":477,"Total/Accumulated":766656,"Confirmed/Accumulated":78375},"Confirmed":45,"MedicalTests":{"Total/Accumulated":8715,"Confirmed/Accumulated":2518}},"geometry":{"type":"Point","coordinates":[2.474763409090909,48.91863045454546]}},{"type":"Feature","properties":{"Country/Region":"France","Province/State":"Val-de-Marne","Code":"94","Population":{"Total":1406041,"Under19":359600,"Under39":390124,"Under59":368199,"Under74":187814,"Over75":100304},"Beds":{"Resuscitation":156,"IntensiveCare":338,"Total":494},"Deaths":1895,"Recovered":8214,"Severe":528,"Critical":52,"Emergencies":{"Suspected":13,"Total":821,"Severe":7,"Suspected/Accumulated":12811,"Total/Accumulated":256651,"Severe/Accumulated":4626},"PCRTests":{"Total":6955,"Confirmed":444,"Total/Accumulated":750748,"Confirmed/Accumulated":67594},"Confirmed":48,"MedicalTests":{"Total/Accumulated":8850,"Confirmed/Accumulated":1817}},"geometry":{"type":"Point","coordinates":[2.47453725,48.775524499999996]}},{"type":"Feature","properties":{"Country/Region":"France","Province/State":"Val-d'Oise","Code":"95","Population":{"Total":1248354,"Under19":357525,"Under39":326622,"Under59":322949,"Under74":166265,"Over75":74993},"Beds":{"Resuscitation":60,"IntensiveCare":130,"Total":190},"Deaths":1230,"Recovered":5094,"Severe":451,"Critical":33,"Emergencies":{"Suspected":22,"Total":769,"Severe":13,"Suspected/Accumulated":14164,"Total/Accumulated":229200,"Severe/Accumulated":4858},"MedicalActs":{"Suspected":6,"Total":280,"Suspected/Accumulated":4804,"Total/Accumulated":73415},"PCRTests":{"Total":5257,"Confirmed":407,"Total/Accumulated":591229,"Confirmed/Accumulated":58859},"Confirmed":60,"MedicalTests":{"Total/Accumulated":7014,"Confirmed/Accumulated":1871}},"geometry":{"type":"Point","coordinates":[2.092522396694214,49.08765355371902]}},{"type":"Feature","properties":{"Country/Region":"France","Province/State":"La Réunion","Code":"974","Population":{"Total":859959,"Under19":256143,"Under39":202783,"Under59":239212,"Under74":117045,"Over75":44776},"Beds":{"Resuscitation":52,"IntensiveCare":154,"Total":206},"Deaths":52,"Recovered":722,"Severe":45,"Critical":3,"Emergencies":{"Suspected":1,"Total":387,"Severe":1,"Suspected/Accumulated":887,"Total/Accumulated":117897,"Severe/Accumulated":521},"PCRTests":{"Total":2161,"Confirmed":48,"Total/Accumulated":319659,"Confirmed/Accumulated":9313},"MedicalTests":{"Total/Accumulated":19,"Confirmed/Accumulated":1}},"geometry":{"type":"Point","coordinates":[55.52943947368424,-21.1374047368421]}}]}