{"type":"FeatureCollection","features":[{"type":"Feature","properties":{"Country/Region":"France","Province/State":"Guadeloupe","Code":"971","Population":{"Total":376879,"Under19":90617,"Under39":71707,"Under59":109452,"Under74":70936,"Over75":34167},"Beds":{"Resuscitation":27,"IntensiveCare":68,"Total":95},"Deaths":10,"Recovered":46,"Severe":44,"Critical":18,"Emergencies":{"Suspected":9,"Total":138,"Severe":4,"Suspected/Accumulated":101,"Total/Accumulated":6958,"Severe/Accumulated":46},"MedicalTests":{"Total":1,"Total/Accumulated":24,"Confirmed/Accumulated":12},"Confirmed":106},"geometry":{"type":"Point","coordinates":[-61.493846272189366,16.20469674556213]}},{"type":"Feature","properties":{"Country/Region":"France","Province/State":"Martinique","Code":"972","Population":{"Total":358749,"Under19":77005,"Under39":65776,"Under59":105638,"Under74":72163,"Over75":38167},"Beds":{"Resuscitation":26,"IntensiveCare":58,"Total":84},"Deaths":4,"Recovered":43,"Severe":64,"Critical":21,"MedicalActs":{"Suspected":2,"Total":105,"Suspected/Accumulated":52,"Total/Accumulated":4475},"Confirmed":16,"MedicalTests":{"Total/Accumulated":10,"Confirmed/Accumulated":4}},"geometry":{"type":"Point","coordinates":[-60.98265692913386,14.6217557480315]}},{"type":"Feature","properties":{"Country/Region":"France","Province/State":"Guyane","Code":"973","Population":{"Total":290691,"Under19":120681,"Under39":80023,"Under59":61783,"Under74":22111,"Over75":6093},"Beds":{"Resuscitation":13,"IntensiveCare":12,"Total":25},"Recovered":15,"Severe":9,"Critical":1,"Emergencies":{"Suspected":1,"Total":150,"Suspected/Accumulated":34,"Total/Accumulated":7732,"Severe/Accumulated":7},"MedicalTests":{"Total":2,"Confirmed":1,"Total/Accumulated":18,"Confirmed/Accumulated":3},"Confirmed":43},"geometry":{"type":"Point","coordinates":[-53.41731165390502,3.588901056661561]}},{"type":"Feature","properties":{"Country/Region":"France","Province/State":"Mayotte","Code":"976","Population":{"Total":279471,"Under19":150257,"Under39":74348,"Under59":42900,"Under74":9521,"Over75":2445},"Beds":{"Resuscitation":6,"IntensiveCare":0,"Total":6},"Deaths":2,"Recovered":25,"Severe":18,"Critical":4,"Emergencies":{"Suspected":9,"Total":90,"Severe":1,"Suspected/Accumulated":163,"Total/Accumulated":3754,"Severe/Accumulated":36},"Confirmed":128,"MedicalTests":{"Total/Accumulated":2,"Confirmed/Accumulated":1}},"geometry":{"type":"Point","coordinates":[45.14160071428572,-12.835344166666673]}},{"type":"Feature","properties":{"Country/Region":"France","Province/State":"Ain","Code":"01","Population":{"Total":656955,"Under19":167666,"Under39":151084,"Under59":179469,"Under74":104453,"Over75":54283},"Beds":{"Resuscitation":22,"IntensiveCare":20,"Total":42},"Deaths":31,"Recovered":105,"Severe":124,"Critical":34,"Emergencies":{"Suspected":20,"Total":166,"Severe":10,"Suspected/Accumulated":622,"Total/Accumulated":8040,"Severe/Accumulated":265},"MedicalTests":{"Total":64,"Confirmed":10,"Total/Accumulated":1104,"Confirmed/Accumulated":222},"Confirmed":118},"geometry":{"type":"Point","coordinates":[5.430359734513273,46.106026415929215]}},{"type":"Feature","properties":{"Country/Region":"France","Province/State":"Aisne","Code":"02","Population":{"Total":526050,"Under19":129852,"Under39":114042,"Under59":135164,"Under74":98046,"Over75":48946},"Beds":{"Resuscitation":34,"IntensiveCare":110,"Total":144},"Deaths":119,"Recovered":230,"Severe":260,"Critical":40,"Emergencies":{"Suspected":58,"Total":222,"Severe":11,"Suspected/Accumulated":1442,"Total/Accumulated":11179,"Severe/Accumulated":468},"MedicalActs":{"Suspected":11,"Total":140,"Suspected/Accumulated":517,"Total/Accumulated":9488},"MedicalTests":{"Total":77,"Confirmed":18,"Total/Accumulated":765,"Confirmed/Accumulated":265},"Confirmed":59},"geometry":{"type":"Point","coordinates":[3.5153965625000003,49.457888298611124]}},{"type":"Feature","properties":{"Country/Region":"France","Province/State":"Allier","Code":"03","Population":{"Total":331315,"Under19":66659,"Under39":61490,"Under59":85304,"Under74":72079,"Over75":45783},"Beds":{"Resuscitation":24,"IntensiveCare":56,"Total":80},"Deaths":10,"Recovered":67,"Severe":53,"Critical":21,"Emergencies":{"Suspected":15,"Total":94,"Severe":8,"Suspected/Accumulated":549,"Total/Accumulated":4983,"Severe/Accumulated":311},"MedicalTests":{"Total":5,"Confirmed":1,"Total/Accumulated":56,"Confirmed/Accumulated":5},"Confirmed":38},"geometry":{"type":"Point","coordinates":[3.1778756690140857,46.39097419014088]}},{"type":"Feature","properties":{"Country/Region":"France","Province/State":"Alpes-de-Haute-Provence","Code":"04","Population":{"Total":165197,"Under19":34281,"Under39":30814,"Under59":43423,"Under74":35681,"Over75":20998},"Beds":{"Resuscitation":6,"IntensiveCare":0,"Total":6},"Deaths":4,"Recovered":58,"Severe":35,"Critical":7,"Emergencies":{"Suspected":1,"Total":112,"Suspected/Accumulated":136,"Total/Accumulated":4766,"Severe/Accumulated":68},"MedicalTests":{"Total":25,"Total/Accumulated":402,"Confirmed/Accumulated":32},"Confirmed":22},"geometry":{"type":"Point","coordinates":[6.294359440298507,44.152788992537346]}},{"type":"Feature","properties":{"Country/Region":"France","Province/State":"Hautes-Alpes","Code":"05","Population":{"Total":141756,"Under19":30280,"Under39":27715,"Under59":37829,"Under74":29047,"Over75":16885},"Beds":{"Resuscitation":8,"IntensiveCare":0,"Total":8},"Deaths":2,"Recovered":53,"Severe":64,"Critical":17,"Emergencies":{"Suspected":9,"Total":70,"Severe":2,"Suspected/Accumulated":615,"Total/Accumulated":4761,"Severe/Accumulated":143},"MedicalTests":{"Total":4,"Total/Accumulated":69,"Confirmed/Accumulated":2},"Confirmed":42},"geometry":{"type":"Point","coordinates":[6.205986298932386,44.64177099644131]}},{"type":"Feature","properties":{"Country/Region":"France","Province/State":"Alpes-Maritimes","Code":"06","Population":{"Total":1079396,"Under19":226862,"Under39":232814,"Under59":282249,"Under74":198428,"Over75":139043},"Beds":{"Resuscitation":89,"IntensiveCare":182,"Total":271},"Deaths":56,"Recovered":208,"Severe":258,"Critical":87,"Emergencies":{"Suspected":50,"Total":455,"Severe":28,"Suspected/Accumulated":1984,"Total/Accumulated":23794,"Severe/Accumulated":1132},"MedicalActs":{"Suspected":22,"Total":148,"Suspected/Accumulated":676,"Total/Accumulated":6305},"MedicalTests":{"Total":222,"Confirmed":3,"Total/Accumulated":2587,"Confirmed/Accumulated":207},"Confirmed":194},"geometry":{"type":"Point","coordinates":[7.093963618090453,43.90811477386935]}},{"type":"Feature","properties":{"Country/Region":"France","Province/State":"Corse-du-Sud","Code":"2A","Population":{"Total":162421,"Under19":31630,"Under39":34910,"Under59":45312,"Under74":31004,"Over75":19565},"Beds":{"Resuscitation":10,"IntensiveCare":30,"Total":40},"Deaths":29,"Recovered":48,"Severe":101,"Critical":24,"Emergencies":{"Total":43,"Suspected/Accumulated":86,"Total/Accumulated":2207,"Severe/Accumulated":67},"MedicalActs":{"Suspected":1,"Total":19,"Suspected/Accumulated":346,"Total/Accumulated":1870},"Confirmed":207},"geometry":{"type":"Point","coordinates":[8.933891598360661,41.87995627049185]}},{"type":"Feature","properties":{"Country/Region":"France","Province/State":"Haute-Corse","Code":"2B","Population":{"Total":182258,"Under19":36925,"Under39":42075,"Under59":47863,"Under74":34671,"Over75":20724},"Beds":{"Resuscitation":8,"IntensiveCare":12,"Total":20},"Deaths":3,"Recovered":70,"Severe":19,"Critical":3,"Emergencies":{"Suspected":14,"Total":77,"Severe":14,"Suspected/Accumulated":1189,"Total/Accumulated":3900,"Severe/Accumulated":1162},"Confirmed":56},"geometry":{"type":"Point","coordinates":[9.12993101604278,42.44040566844919]}},{"type":"Feature","properties":{"Country/Region":"France","Province/State":"Ardèche","Code":"07","Population":{"Total":326875,"Under19":70594,"Under39":61093,"Under59":88160,"Under74":68490,"Over75":38538},"Beds":{"Resuscitation":8,"IntensiveCare":0,"Total":8},"Deaths":35,"Recovered":156,"Severe":107,"Critical":20,"Emergencies":{"Suspected":14,"Total":94,"Severe":6,"Suspected/Accumulated":382,"Total/Accumulated":4398,"Severe/Accumulated":77},"MedicalTests":{"Total":15,"Confirmed":4,"Total/Accumulated":388,"Confirmed/Accumulated":99},"Confirmed":128},"geometry":{"type":"Point","coordinates":[4.425911157407411,44.77470101851853]}},{"type":"Feature","properties":{"Country/Region":"France","Province/State":"Ardennes","Code":"08","Population":{"Total":265531,"Under19":60337,"Under39":55870,"Under59":70459,"Under74":52021,"Over75":26844},"Beds":{"Resuscitation":12,"IntensiveCare":42,"Total":54},"Deaths":7,"Recovered":39,"Severe":80,"Critical":18,"Emergencies":{"Suspected":2,"Total":125,"Severe":2,"Suspected/Accumulated":34,"Total/Accumulated":6196,"Severe/Accumulated":22},"MedicalTests":{"Total":46,"Confirmed":3,"Total/Accumulated":304,"Confirmed/Accumulated":39},"Confirmed":3},"geometry":{"type":"Point","coordinates":[4.717836481481479,49.63503592592596]}},{"type":"Feature","properties":{"Country/Region":"France","Province/State":"Ariège","Code":"09","Population":{"Total":152398,"Under19":30718,"Under39":28780,"Under59":40432,"Under74":32667,"Over75":19801},"Beds":{"Resuscitation":8,"IntensiveCare":16,"Total":24},"Deaths":1,"Recovered":12,"Severe":20,"Critical":6,"Emergencies":{"Suspected":4,"Total":54,"Severe":3,"Suspected/Accumulated":97,"Total/Accumulated":3127,"Severe/Accumulated":36},"Confirmed":3,"MedicalTests":{"Total/Accumulated":87,"Confirmed/Accumulated":5}},"geometry":{"type":"Point","coordinates":[1.5308575113122171,42.951783619909506]}},{"type":"Feature","properties":{"Country/Region":"France","Province/State":"Aube","Code":"10","Population":{"Total":309907,"Under19":74513,"Under39":69749,"Under59":77945,"Under74":56336,"Over75":31364},"Beds":{"Resuscitation":12,"IntensiveCare":36,"Total":48},"Deaths":47,"Recovered":54,"Severe":157,"Critical":25,"Emergencies":{"Suspected":21,"Total":117,"Severe":10,"Suspected/Accumulated":357,"Total/Accumulated":5519,"Severe/Accumulated":179},"MedicalActs":{"Suspected":12,"Total":77,"Suspected/Accumulated":274,"Total/Accumulated":4309},"MedicalTests":{"Total":109,"Confirmed":27,"Total/Accumulated":920,"Confirmed/Accumulated":194},"Confirmed":14},"geometry":{"type":"Point","coordinates":[4.115386826086957,48.290927782608684]}},{"type":"Feature","properties":{"Country/Region":"France","Province/State":"Aude","Code":"11","Population":{"Total":372705,"Under19":78644,"Under39":70170,"Under59":96929,"Under74":80039,"Over75":46923},"Beds":{"Resuscitation":16,"IntensiveCare":44,"Total":60},"Deaths":34,"Recovered":79,"Severe":102,"Critical":20,"Emergencies":{"Suspected":7,"Total":165,"Severe":4,"Suspected/Accumulated":369,"Total/Accumulated":7643,"Severe/Accumulated":150},"MedicalTests":{"Total":18,"Confirmed":3,"Total/Accumulated":545,"Confirmed/Accumulated":80},"Confirmed":44},"geometry":{"type":"Point","coordinates":[2.3518425641025638,43.13299722222223]}},{"type":"Feature","properties":{"Country/Region":"France","Province/State":"Aveyron","Code":"12","Population":{"Total":278360,"Under19":55940,"Under39":51027,"Under59":73060,"Under74":59454,"Over75":38879},"Beds":{"Resuscitation":11,"IntensiveCare":32,"Total":43},"Deaths":14,"Recovered":47,"Severe":60,"Critical":11,"Emergencies":{"Total":51,"Suspected/Accumulated":7,"Total/Accumulated":3254},"Confirmed":29,"MedicalTests":{"Total/Accumulated":18,"Confirmed/Accumulated":3}},"geometry":{"type":"Point","coordinates":[2.66545315960912,44.28474130293157]}},{"type":"Feature","properties":{"Country/Region":"France","Province/State":"Bouches-du-Rhône","Code":"13","Population":{"Total":2034469,"Under19":480915,"Under39":483747,"Under59":522289,"Under74":342385,"Over75":205133},"Beds":{"Resuscitation":281,"IntensiveCare":476,"Total":757},"Deaths":144,"Recovered":991,"Severe":1169,"Critical":254,"Emergencies":{"Suspected":63,"Total":740,"Severe":29,"Suspected/Accumulated":1878,"Total/Accumulated":38985,"Severe/Accumulated":985},"MedicalActs":{"Suspected":22,"Total":187,"Suspected/Accumulated":671,"Total/Accumulated":8212},"MedicalTests":{"Total":749,"Confirmed":68,"Total/Accumulated":9862,"Confirmed/Accumulated":1368},"Confirmed":827},"geometry":{"type":"Point","coordinates":[5.098567400881058,43.49901925110133]}},{"type":"Feature","properties":{"Country/Region":"France","Province/State":"Calvados","Code":"14","Population":{"Total":691453,"Under19":160392,"Under39":155359,"Under59":174249,"Under74":130972,"Over75":70481},"Beds":{"Resuscitation":91,"IntensiveCare":128,"Total":219},"Deaths":29,"Recovered":68,"Severe":156,"Critical":59,"Emergencies":{"Suspected":27,"Total":265,"Severe":10,"Suspected/Accumulated":980,"Total/Accumulated":11835,"Severe/Accumulated":262},"MedicalActs":{"Suspected":14,"Total":145,"Suspected/Accumulated":1200,"Total/Accumulated":10512},"MedicalTests":{"Total":47,"Confirmed":4,"Total/Accumulated":780,"Confirmed/Accumulated":116},"Confirmed":147},"geometry":{"type":"Point","coordinates":[-0.4028230593607306,49.05443785388125]}},{"type":"Feature","properties":{"Country/Region":"France","Province/State":"Cantal","Code":"15","Population":{"Total":142811,"Under19":26571,"Under39":24954,"Under59":38397,"Under74":32697,"Over75":20192},"Beds":{"Resuscitation":8,"IntensiveCare":30,"Total":38},"Recovered":8,"Severe":28,"Critical":9,"Emergencies":{"Suspected":1,"Total":40,"Severe":1,"Suspected/Accumulated":121,"Total/Accumulated":2144,"Severe/Accumulated":60},"Confirmed":33,"MedicalTests":{"Total/Accumulated":36,"Confirmed/Accumulated":4}},"geometry":{"type":"Point","coordinates":[2.7066918215613374,45.02447219330856]}},{"type":"Feature","properties":{"Country/Region":"France","Province/State":"Charente","Code":"16","Population":{"Total":348180,"Under19":71324,"Under39":69355,"Under59":91186,"Under74":72860,"Over75":43455},"Beds":{"Resuscitation":12,"IntensiveCare":36,"Total":48},"Deaths":9,"Recovered":28,"Severe":35,"Critical":8,"Emergencies":{"Suspected":16,"Total":109,"Severe":3,"Suspected/Accumulated":322,"Total/Accumulated":6141,"Severe/Accumulated":97},"MedicalTests":{"Total":24,"Confirmed":2,"Total/Accumulated":153,"Confirmed/Accumulated":15},"Confirmed":10},"geometry":{"type":"Point","coordinates":[0.2054574390243902,45.733938821138196]}},{"type":"Feature","properties":{"Country/Region":"France","Province/State":"Charente-Maritime","Code":"17","Population":{"Total":647080,"Under19":130618,"Under39":119836,"Under59":164314,"Under74":146996,"Over75":85316},"Beds":{"Resuscitation":30,"IntensiveCare":72,"Total":102},"Deaths":21,"Recovered":50,"Severe":91,"Critical":26,"Emergencies":{"Suspected":21,"Total":266,"Severe":6,"Suspected/Accumulated":660,"Total/Accumulated":11923,"Severe/Accumulated":207},"MedicalActs":{"Suspected":1,"Total":23,"Suspected/Accumulated":93,"Total/Accumulated":1688},"MedicalTests":{"Total":159,"Confirmed":1,"Total/Accumulated":1054,"Confirmed/Accumulated":69},"Confirmed":49},"geometry":{"type":"Point","coordinates":[-0.734802142857143,45.8164405357143]}},{"type":"Feature","properties":{"Country/Region":"France","Province/State":"Cher","Code":"18","Population":{"Total":296404,"Under19":61933,"Under39":57193,"Under59":76912,"Under74":62985,"Over75":37381},"Beds":{"Resuscitation":12,"IntensiveCare":32,"Total":44},"Deaths":26,"Recovered":25,"Severe":55,"Critical":17,"Emergencies":{"Suspected":29,"Total":108,"Suspected/Accumulated":430,"Total/Accumulated":3897,"Severe/Accumulated":11},"MedicalActs":{"Suspected":1,"Total":57,"Suspected/Accumulated":126,"Total/Accumulated":5324},"MedicalTests":{"Total":57,"Confirmed":31,"Total/Accumulated":536,"Confirmed/Accumulated":156},"Confirmed":25},"geometry":{"type":"Point","coordinates":[2.420866293436294,47.03802115830117]}},{"type":"Feature","properties":{"Country/Region":"France","Province/State":"Corrèze","Code":"19","Population":{"Total":240336,"Under19":48146,"Under39":45056,"Under59":62186,"Under74":52206,"Over75":32742},"Beds":{"Resuscitation":15,"IntensiveCare":42,"Total":57},"Deaths":11,"Recovered":26,"Severe":44,"Critical":9,"Emergencies":{"Suspected":7,"Total":87,"Severe":3,"Suspected/Accumulated":339,"Total/Accumulated":4436,"Severe/Accumulated":307},"MedicalTests":{"Total":7,"Confirmed":3,"Total/Accumulated":104,"Confirmed/Accumulated":12},"Confirmed":23},"geometry":{"type":"Point","coordinates":[1.8952178059071727,45.37689915611812]}},{"type":"Feature","properties":{"Country/Region":"France","Province/State":"Côte-d'Or","Code":"21","Population":{"Total":532886,"Under19":121633,"Under39":128314,"Under59":134514,"Under74":95451,"Over75":52974},"Beds":{"Resuscitation":57,"IntensiveCare":190,"Total":247},"Deaths":94,"Recovered":336,"Severe":310,"Critical":79,"Emergencies":{"Suspected":36,"Total":161,"Severe":12,"Suspected/Accumulated":636,"Total/Accumulated":7763,"Severe/Accumulated":267},"MedicalActs":{"Suspected":7,"Total":45,"Suspected/Accumulated":528,"Total/Accumulated":3412},"MedicalTests":{"Total":8,"Confirmed":2,"Total/Accumulated":314,"Confirmed/Accumulated":65},"Confirmed":1},"geometry":{"type":"Point","coordinates":[4.781845107913668,47.44940406474819]}},{"type":"Feature","properties":{"Country/Region":"France","Province/State":"Côtes-d'Armor","Code":"22","Population":{"Total":596186,"Under19":131217,"Under39":108675,"Under59":153257,"Under74":128481,"Over75":74556},"Beds":{"Resuscitation":14,"IntensiveCare":32,"Total":46},"Deaths":14,"Recovered":45,"Severe":75,"Critical":17,"Emergencies":{"Suspected":19,"Total":150,"Severe":11,"Suspected/Accumulated":246,"Total/Accumulated":7243,"Severe/Accumulated":152},"MedicalTests":{"Total":2,"Total/Accumulated":27},"Confirmed":107},"geometry":{"type":"Point","coordinates":[-2.8283123411371243,48.47540434782613]}},{"type":"Feature","properties":{"Country/Region":"France","Province/State":"Creuse","Code":"23","Population":{"Total":116270,"Under19":20766,"Under39":19388,"Under59":30402,"Under74":28640,"Over75":17074},"Beds":{"Resuscitation":8,"IntensiveCare":16,"Total":24},"Deaths":4,"Recovered":5,"Severe":28,"Critical":9,"Emergencies":{"Suspected":5,"Total":53,"Severe":4,"Suspected/Accumulated":335,"Total/Accumulated":2205,"Severe/Accumulated":37},"MedicalTests":{"Total":1,"Confirmed":1,"Total/Accumulated":9,"Confirmed/Accumulated":5},"Confirmed":12},"geometry":{"type":"Point","coordinates":[1.9795267256637192,46.07153353982301]}},{"type":"Feature","properties":{"Country/Region":"France","Province/State":"Dordogne","Code":"24","Population":{"Total":408393,"Under19":76430,"Under39":70201,"Under59":107402,"Under74":96538,"Over75":57822},"Beds":{"Resuscitation":19,"IntensiveCare":36,"Total":55},"Deaths":1,"Recovered":23,"Severe":41,"Critical":6,"Emergencies":{"Suspected":21,"Total":140,"Severe":10,"Suspected/Accumulated":438,"Total/Accumulated":5314,"Severe/Accumulated":177},"MedicalTests":{"Total":3,"Total/Accumulated":310,"Confirmed/Accumulated":23},"Confirmed":13},"geometry":{"type":"Point","coordinates":[0.7502005172413793,45.100126827586195]}},{"type":"Feature","properties":{"Country/Region":"France","Province/State":"Doubs","Code":"25","Population":{"Total":539449,"Under19":132582,"Under39":130504,"Under59":135120,"Under74":90502,"Over75":50741},"Beds":{"Resuscitation":40,"IntensiveCare":262,"Total":302},"Deaths":59,"Recovered":205,"Severe":199,"Critical":81,"Emergencies":{"Suspected":27,"Total":152,"Severe":8,"Suspected/Accumulated":1018,"Total/Accumulated":6555,"Severe/Accumulated":374},"MedicalActs":{"Suspected":2,"Total":70,"Suspected/Accumulated":293,"Total/Accumulated":4385},"MedicalTests":{"Total":44,"Confirmed":11,"Total/Accumulated":445,"Confirmed/Accumulated":124}},"geometry":{"type":"Point","coordinates":[6.359828136363636,47.17302813636364]}},{"type":"Feature","properties":{"Country/Region":"France","Province/State":"Drôme","Code":"26","Population":{"Total":520560,"Under19":125073,"Under39":110455,"Under59":134338,"Under74":95865,"Over75":54829},"Beds":{"Resuscitation":24,"IntensiveCare":68,"Total":92},"Deaths":69,"Recovered":168,"Severe":260,"Critical":71,"Emergencies":{"Suspected":24,"Total":166,"Severe":6,"Suspected/Accumulated":763,"Total/Accumulated":8428,"Severe/Accumulated":301},"MedicalTests":{"Total":7,"Total/Accumulated":468,"Confirmed/Accumulated":92},"Confirmed":119},"geometry":{"type":"Point","coordinates":[5.213618019801983,44.63170462046205]}},{"type":"Feature","properties":{"Country/Region":"France","Province/State":"Eure","Code":"27","Population":{"Total":600687,"Under19":151745,"Under39":128858,"Under59":160781,"Under74":106586,"Over75":52717},"Beds":{"Resuscitation":12,"IntensiveCare":44,"Total":56},"Deaths":28,"Recovered":40,"Severe":69,"Critical":15,"Emergencies":{"Suspected":7,"Total":78,"Severe":2,"Suspected/Accumulated":132,"Total/Accumulated":5122,"Severe/Accumulated":18},"MedicalTests":{"Total":195,"Confirmed":26,"Total/Accumulated":1199,"Confirmed/Accumulated":242},"Confirmed":71},"geometry":{"type":"Point","coordinates":[0.9927279220779222,49.13064012987015]}},{"type":"Feature","properties":{"Country/Region":"France","Province/State":"Eure-et-Loir","Code":"28","Population":{"Total":429425,"Under19":106266,"Under39":90617,"Under59":113525,"Under74":76422,"Over75":42595},"Beds":{"Resuscitation":20,"IntensiveCare":44,"Total":64},"Deaths":36,"Recovered":124,"Severe":177,"Critical":31,"Emergencies":{"Suspected":9,"Total":180,"Severe":5,"Suspected/Accumulated":286,"Total/Accumulated":9005,"Severe/Accumulated":87},"MedicalTests":{"Total":152,"Confirmed":32,"Total/Accumulated":1108,"Confirmed/Accumulated":363},"Confirmed":104},"geometry":{"type":"Point","coordinates":[1.3718229302325597,48.39856558139533]}},{"type":"Feature","properties":{"Country/Region":"France","Province/State":"Finistère","Code":"29","Population":{"Total":906554,"Under19":201332,"Under39":189857,"Under59":237308,"Under74":178715,"Over75":99342},"Beds":{"Resuscitation":66,"IntensiveCare":142,"Total":208},"Deaths":11,"Recovered":66,"Severe":102,"Critical":43,"Emergencies":{"Suspected":6,"Total":404,"Severe":2,"Suspected/Accumulated":239,"Total/Accumulated":17711,"Severe/Accumulated":50},"MedicalActs":{"Suspected":2,"Total":79,"Suspected/Accumulated":216,"Total/Accumulated":5673},"MedicalTests":{"Total":1,"Total/Accumulated":19,"Confirmed/Accumulated":7},"Confirmed":230},"geometry":{"type":"Point","coordinates":[-4.16814140056023,48.26300924369748]}},{"type":"Feature","properties":{"Country/Region":"France","Province/State":"Gard","Code":"30","Population":{"Total":748468,"Under19":170615,"Under39":154480,"Under59":195429,"Under74":147114,"Over75":80830},"Beds":{"Resuscitation":49,"IntensiveCare":108,"Total":157},"Deaths":21,"Recovered":66,"Severe":110,"Critical":43,"Emergencies":{"Suspected":10,"Total":283,"Severe":2,"Suspected/Accumulated":268,"Total/Accumulated":13066,"Severe/Accumulated":78},"MedicalActs":{"Suspected":5,"Total":43,"Suspected/Accumulated":259,"Total/Accumulated":2958},"MedicalTests":{"Total":3,"Total/Accumulated":87,"Confirmed/Accumulated":5},"Confirmed":44},"geometry":{"type":"Point","coordinates":[4.0572744791666695,44.00851614583332]}},{"type":"Feature","properties":{"Country/Region":"France","Province/State":"Haute-Garonne","Code":"31","Population":{"Total":1400935,"Under19":335750,"Under39":398589,"Under59":358515,"Under74":197921,"Over75":110160},"Beds":{"Resuscitation":161,"IntensiveCare":430,"Total":591},"Deaths":21,"Recovered":191,"Severe":235,"Critical":108,"Emergencies":{"Suspected":58,"Total":418,"Severe":34,"Suspected/Accumulated":1456,"Total/Accumulated":21139,"Severe/Accumulated":773},"MedicalActs":{"Suspected":6,"Total":73,"Suspected/Accumulated":670,"Total/Accumulated":5333},"MedicalTests":{"Total":2,"Confirmed":1,"Total/Accumulated":44,"Confirmed/Accumulated":5},"Confirmed":72},"geometry":{"type":"Point","coordinates":[1.1686918356164382,43.33252969863011]}},{"type":"Feature","properties":{"Country/Region":"France","Province/State":"Gers","Code":"32","Population":{"Total":190040,"Under19":37581,"Under39":32714,"Under59":51231,"Under74":41871,"Over75":26643},"Beds":{"Resuscitation":8,"IntensiveCare":8,"Total":16},"Deaths":8,"Recovered":14,"Severe":29,"Critical":5,"Emergencies":{"Suspected":15,"Total":62,"Severe":13,"Suspected/Accumulated":240,"Total/Accumulated":2320,"Severe/Accumulated":153},"MedicalTests":{"Total":18,"Confirmed":4,"Total/Accumulated":426,"Confirmed/Accumulated":58},"Confirmed":14},"geometry":{"type":"Point","coordinates":[0.447782880658436,43.70601049382714]}},{"type":"Feature","properties":{"Country/Region":"France","Province/State":"Gironde","Code":"33","Population":{"Total":1633440,"Under19":380317,"Under39":415128,"Under59":425319,"Under74":267580,"Over75":145096},"Beds":{"Resuscitation":183,"IntensiveCare":262,"Total":445},"Deaths":58,"Recovered":392,"Severe":315,"Critical":92,"Emergencies":{"Suspected":78,"Total":541,"Severe":27,"Suspected/Accumulated":1745,"Total/Accumulated":24692,"Severe/Accumulated":676},"MedicalActs":{"Suspected":62,"Total":491,"Suspected/Accumulated":3049,"Total/Accumulated":29201},"MedicalTests":{"Total":146,"Confirmed":11,"Total/Accumulated":2806,"Confirmed/Accumulated":269},"Confirmed":106},"geometry":{"type":"Point","coordinates":[-0.41644369747899174,44.756299705882356]}},{"type":"Feature","properties":{"Country/Region":"France","Province/State":"Hérault","Code":"34","Population":{"Total":1176145,"Under19":268258,"Under39":286299,"Under59":292794,"Under74":208723,"Over75":120071},"Beds":{"Resuscitation":124,"IntensiveCare":342,"Total":466},"Deaths":60,"Recovered":299,"Severe":265,"Critical":80,"Emergencies":{"Suspected":25,"Total":444,"Severe":8,"Suspected/Accumulated":850,"Total/Accumulated":22612,"Severe/Accumulated":394},"MedicalActs":{"Suspected":10,"Total":53,"Suspected/Accumulated":393,"Total/Accumulated":3778},"MedicalTests":{"Total":19,"Confirmed":1,"Total/Accumulated":324,"Confirmed/Accumulated":26},"Confirmed":171},"geometry":{"type":"Point","coordinates":[3.2725271495327104,43.601788971962634]}},{"type":"Feature","properties":{"Country/Region":"France","Province/State":"Ille-et-Vilaine","Code":"35","Population":{"Total":1082073,"Under19":274429,"Under39":270693,"Under59":278610,"Under74":165623,"Over75":92718},"Beds":{"Resuscitation":60,"IntensiveCare":224,"Total":284},"Deaths":27,"Recovered":113,"Severe":162,"Critical":49,"Emergencies":{"Suspected":41,"Total":394,"Severe":26,"Suspected/Accumulated":1061,"Total/Accumulated":16772,"Severe/Accumulated":486},"MedicalActs":{"Suspected":11,"Total":103,"Suspected/Accumulated":413,"Total/Accumulated":5995},"MedicalTests":{"Total":1,"Total/Accumulated":53,"Confirmed/Accumulated":7},"Confirmed":208},"geometry":{"type":"Point","coordinates":[-1.7401927338129495,48.18315345323742]}},{"type":"Feature","properties":{"Country/Region":"France","Province/State":"Indre","Code":"36","Population":{"Total":217139,"Under19":42951,"Under39":38506,"Under59":56292,"Under74":48986,"Over75":30404},"Beds":{"Resuscitation":10,"IntensiveCare":18,"Total":28},"Deaths":25,"Recovered":16,"Severe":65,"Critical":11,"Emergencies":{"Suspected":2,"Total":51,"Suspected/Accumulated":45,"Total/Accumulated":3005,"Severe/Accumulated":25},"MedicalTests":{"Total":65,"Confirmed":15,"Total/Accumulated":598,"Confirmed/Accumulated":166},"Confirmed":80},"geometry":{"type":"Point","coordinates":[1.576445147679325,46.764304345991526]}},{"type":"Feature","properties":{"Country/Region":"France","Province/State":"Indre-et-Loire","Code":"37","Population":{"Total":605380,"Under19":142122,"Under39":136574,"Under59":153731,"Under74":108623,"Over75":64330},"Beds":{"Resuscitation":79,"IntensiveCare":116,"Total":195},"Deaths":23,"Recovered":82,"Severe":192,"Critical":61,"Emergencies":{"Suspected":26,"Total":181,"Severe":11,"Suspected/Accumulated":483,"Total/Accumulated":9113,"Severe/Accumulated":193},"MedicalActs":{"Suspected":9,"Total":81,"Suspected/Accumulated":239,"Total/Accumulated":5433},"MedicalTests":{"Total":45,"Confirmed":5,"Total/Accumulated":523,"Confirmed/Accumulated":73},"Confirmed":123},"geometry":{"type":"Point","coordinates":[0.6915947413793099,47.23521443965518]}},{"type":"Feature","properties":{"Country/Region":"France","Province/State":"Isère","Code":"38","Population":{"Total":1264979,"Under19":319977,"Under39":298730,"Under59":332378,"Under74":201842,"Over75":112052},"Beds":{"Resuscitation":74,"IntensiveCare":178,"Total":252},"Deaths":35,"Recovered":172,"Severe":248,"Critical":66,"Emergencies":{"Suspected":39,"Total":491,"Severe":17,"Suspected/Accumulated":971,"Total/Accumulated":22274,"Severe/Accumulated":340},"MedicalActs":{"Suspected":10,"Total":109,"Suspected/Accumulated":767,"Total/Accumulated":6467},"MedicalTests":{"Total":30,"Confirmed":4,"Total/Accumulated":1187,"Confirmed/Accumulated":111},"Confirmed":190},"geometry":{"type":"Point","coordinates":[5.557470704225359,45.27668616197182]}},{"type":"Feature","properties":{"Country/Region":"France","Province/State":"Jura","Code":"39","Population":{"Total":257849,"Under19":57639,"Under39":51064,"Under59":68521,"Under74":50575,"Over75":30050},"Beds":{"Resuscitation":8,"IntensiveCare":18,"Total":26},"Deaths":19,"Recovered":50,"Severe":100,"Critical":12,"Emergencies":{"Suspected":10,"Total":114,"Severe":6,"Suspected/Accumulated":406,"Total/Accumulated":5421,"Severe/Accumulated":163},"MedicalTests":{"Total":11,"Total/Accumulated":196,"Confirmed/Accumulated":45}},"geometry":{"type":"Point","coordinates":[5.6395758823529425,46.756161447963784]}},{"type":"Feature","properties":{"Country/Region":"France","Province/State":"Landes","Code":"40","Population":{"Total":411979,"Under19":85144,"Under39":78495,"Under59":112191,"Under74":86896,"Over75":49253},"Beds":{"Resuscitation":14,"IntensiveCare":32,"Total":46},"Deaths":6,"Recovered":25,"Severe":29,"Critical":14,"Emergencies":{"Suspected":13,"Total":121,"Severe":12,"Suspected/Accumulated":275,"Total/Accumulated":5029,"Severe/Accumulated":155},"MedicalTests":{"Total":8,"Confirmed":1,"Total/Accumulated":246,"Confirmed/Accumulated":17},"Confirmed":20},"geometry":{"type":"Point","coordinates":[-0.5772234449760769,43.8801859808612]}},{"type":"Feature","properties":{"Country/Region":"France","Province/State":"Loir-et-Cher","Code":"41","Population":{"Total":327835,"Under19":72953,"Under39":62903,"Under59":86073,"Under74":65923,"Over75":39983},"Beds":{"Resuscitation":12,"IntensiveCare":16,"Total":28},"Deaths":16,"Recovered":47,"Severe":91,"Critical":16,"Emergencies":{"Suspected":6,"Total":143,"Suspected/Accumulated":274,"Total/Accumulated":6336,"Severe/Accumulated":26},"MedicalTests":{"Total":13,"Confirmed":1,"Total/Accumulated":174,"Confirmed/Accumulated":34},"Confirmed":55},"geometry":{"type":"Point","coordinates":[1.3938662132352944,47.653275698529406]}},{"type":"Feature","properties":{"Country/Region":"France","Province/State":"Loire","Code":"42","Population":{"Total":764737,"Under19":186049,"Under39":167975,"Under59":190702,"Under74":136240,"Over75":83771},"Beds":{"Resuscitation":70,"IntensiveCare":120,"Total":190},"Deaths":90,"Recovered":243,"Severe":487,"Critical":107,"Emergencies":{"Suspected":58,"Total":399,"Severe":28,"Suspected/Accumulated":925,"Total/Accumulated":17824,"Severe/Accumulated":583},"MedicalActs":{"Suspected":9,"Total":70,"Suspected/Accumulated":284,"Total/Accumulated":4440},"MedicalTests":{"Total":4,"Total/Accumulated":71,"Confirmed/Accumulated":11},"Confirmed":363},"geometry":{"type":"Point","coordinates":[4.189998267716536,45.74292366141733]}},{"type":"Feature","properties":{"Country/Region":"France","Province/State":"Haute-Loire","Code":"43","Population":{"Total":226901,"Under19":49659,"Under39":43248,"Under59":60903,"Under74":46857,"Over75":26234},"Beds":{"Resuscitation":8,"IntensiveCare":20,"Total":28},"Deaths":4,"Recovered":39,"Severe":30,"Critical":7,"Emergencies":{"Suspected":1,"Total":22,"Suspected/Accumulated":9,"Total/Accumulated":758,"Severe/Accumulated":3},"MedicalTests":{"Total":8,"Total/Accumulated":121,"Confirmed/Accumulated":9},"Confirmed":23},"geometry":{"type":"Point","coordinates":[3.7869054017857136,45.15054486607143]}},{"type":"Feature","properties":{"Country/Region":"France","Province/State":"Loire-Atlantique","Code":"44","Population":{"Total":1437137,"Under19":363681,"Under39":357664,"Under59":368059,"Under74":227458,"Over75":120275},"Beds":{"Resuscitation":77,"IntensiveCare":262,"Total":339},"Confirmed":633,"Deaths":54,"Recovered":179,"Severe":264,"Critical":69,"Emergencies":{"Suspected":50,"Total":323,"Severe":31,"Suspected/Accumulated":1313,"Total/Accumulated":14563,"Severe/Accumulated":598},"MedicalActs":{"Suspected":40,"Total":322,"Suspected/Accumulated":1865,"Total/Accumulated":18254},"MedicalTests":{"Total/Accumulated":304,"Confirmed/Accumulated":38}},"geometry":{"type":"Point","coordinates":[-1.6902253409090902,47.33230598484852]}},{"type":"Feature","properties":{"Country/Region":"France","Province/State":"Loiret","Code":"45","Population":{"Total":682890,"Under19":172345,"Under39":155348,"Under59":174617,"Under74":115984,"Over75":64596},"Beds":{"Resuscitation":47,"IntensiveCare":120,"Total":167},"Deaths":28,"Recovered":141,"Severe":263,"Critical":80,"Emergencies":{"Suspected":20,"Total":210,"Severe":13,"Suspected/Accumulated":432,"Total/Accumulated":10757,"Severe/Accumulated":250},"MedicalActs":{"Total":29,"Suspected/Accumulated":127,"Total/Accumulated":1682},"MedicalTests":{"Total":114,"Confirmed":21,"Total/Accumulated":1489,"Confirmed/Accumulated":261},"Confirmed":258},"geometry":{"type":"Point","coordinates":[2.383405222672066,47.91302979757084]}},{"type":"Feature","properties":{"Country/Region":"France","Province/State":"Lot","Code":"46","Population":{"Total":173166,"Under19":31861,"Under39":29365,"Under59":44533,"Under74":41623,"Over75":25784},"Beds":{"Resuscitation":8,"IntensiveCare":8,"Total":16},"Deaths":1,"Recovered":39,"Severe":19,"Critical":9,"Emergencies":{"Suspected":6,"Total":84,"Severe":2,"Suspected/Accumulated":57,"Total/Accumulated":3259,"Severe/Accumulated":28},"Confirmed":4,"MedicalTests":{"Total/Accumulated":58,"Confirmed/Accumulated":10}},"geometry":{"type":"Point","coordinates":[1.5901290212765966,44.59231876595746]}},{"type":"Feature","properties":{"Country/Region":"France","Province/State":"Lot-et-Garonne","Code":"47","Population":{"Total":330336,"Under19":69990,"Under39":64149,"Under59":84272,"Under74":68912,"Over75":43013},"Beds":{"Resuscitation":11,"IntensiveCare":36,"Total":47},"Deaths":3,"Recovered":16,"Severe":31,"Critical":8,"Emergencies":{"Suspected":15,"Total":125,"Severe":5,"Suspected/Accumulated":671,"Total/Accumulated":6625,"Severe/Accumulated":138},"MedicalTests":{"Total":13,"Total/Accumulated":229,"Confirmed/Accumulated":9},"Confirmed":65},"geometry":{"type":"Point","coordinates":[0.4871552444444442,44.39576413333333]}},{"type":"Feature","properties":{"Country/Region":"France","Province/State":"Lozère","Code":"48","Population":{"Total":76286,"Under19":15582,"Under39":14895,"Under59":20255,"Under74":15962,"Over75":9592},"Beds":{"Resuscitation":3,"IntensiveCare":0,"Total":3},"Recovered":11,"Severe":9,"Critical":2,"Emergencies":{"Suspected":2,"Total":44,"Suspected/Accumulated":33,"Total/Accumulated":960,"Severe/Accumulated":6},"Confirmed":8,"MedicalTests":{"Total/Accumulated":1,"Confirmed/Accumulated":1}},"geometry":{"type":"Point","coordinates":[3.494722131979694,44.51333609137059]}},{"type":"Feature","properties":{"Country/Region":"France","Province/State":"Maine-et-Loire","Code":"49","Population":{"Total":815881,"Under19":204162,"Under39":184600,"Under59":204421,"Under74":138603,"Over75":84095},"Beds":{"Resuscitation":61,"IntensiveCare":196,"Total":257},"Confirmed":222,"Deaths":47,"Recovered":206,"Severe":182,"Critical":55,"Emergencies":{"Suspected":19,"Total":232,"Severe":9,"Suspected/Accumulated":892,"Total/Accumulated":11082,"Severe/Accumulated":316},"MedicalTests":{"Total":1,"Total/Accumulated":55,"Confirmed/Accumulated":6}},"geometry":{"type":"Point","coordinates":[-0.6000336862745095,47.406434431372546]}},{"type":"Feature","properties":{"Country/Region":"France","Province/State":"Manche","Code":"50","Population":{"Total":490669,"Under19":105402,"Under39":96439,"Under59":126734,"Under74":101121,"Over75":60973},"Beds":{"Resuscitation":28,"IntensiveCare":52,"Total":80},"Deaths":17,"Recovered":43,"Severe":75,"Critical":24,"Emergencies":{"Suspected":7,"Total":213,"Severe":5,"Suspected/Accumulated":244,"Total/Accumulated":9734,"Severe/Accumulated":181},"MedicalActs":{"Suspected":7,"Total":47,"Suspected/Accumulated":312,"Total/Accumulated":4211},"MedicalTests":{"Total":54,"Confirmed":4,"Total/Accumulated":600,"Confirmed/Accumulated":66},"Confirmed":107},"geometry":{"type":"Point","coordinates":[-1.3097769083969464,49.05127938931302]}},{"type":"Feature","properties":{"Country/Region":"France","Province/State":"Marne","Code":"51","Population":{"Total":563823,"Under19":136695,"Under39":137533,"Under59":142415,"Under74":97015,"Over75":50165},"Beds":{"Resuscitation":54,"IntensiveCare":78,"Total":132},"Deaths":104,"Recovered":347,"Severe":391,"Critical":71,"Emergencies":{"Suspected":12,"Total":194,"Severe":4,"Suspected/Accumulated":468,"Total/Accumulated":8745,"Severe/Accumulated":210},"MedicalActs":{"Suspected":2,"Total":30,"Suspected/Accumulated":127,"Total/Accumulated":1381},"MedicalTests":{"Total":78,"Confirmed":16,"Total/Accumulated":879,"Confirmed/Accumulated":227},"Confirmed":37},"geometry":{"type":"Point","coordinates":[4.209888097014927,48.936171417910444]}},{"type":"Feature","properties":{"Country/Region":"France","Province/State":"Haute-Marne","Code":"52","Population":{"Total":169250,"Under19":34865,"Under39":34065,"Under59":44268,"Under74":35981,"Over75":20071},"Beds":{"Resuscitation":8,"IntensiveCare":12,"Total":20},"Deaths":37,"Recovered":58,"Severe":115,"Critical":18,"Emergencies":{"Suspected":11,"Total":82,"Severe":1,"Suspected/Accumulated":413,"Total/Accumulated":3528,"Severe/Accumulated":116},"MedicalTests":{"Total":2,"Confirmed":1,"Total/Accumulated":95,"Confirmed/Accumulated":26},"Confirmed":7},"geometry":{"type":"Point","coordinates":[5.203108577075099,48.126414822134386]}},{"type":"Feature","properties":{"Country/Region":"France","Province/State":"Mayenne","Code":"53","Population":{"Total":305365,"Under19":74868,"Under39":61839,"Under59":78619,"Under74":55705,"Over75":34334},"Beds":{"Resuscitation":8,"IntensiveCare":16,"Total":24},"Confirmed":182,"Deaths":13,"Recovered":25,"Severe":76,"Critical":15,"Emergencies":{"Suspected":5,"Total":47,"Severe":3,"Suspected/Accumulated":220,"Total/Accumulated":2143,"Severe/Accumulated":81},"MedicalTests":{"Total":4,"Confirmed":1,"Total/Accumulated":14,"Confirmed/Accumulated":2}},"geometry":{"type":"Point","coordinates":[-0.6361607305936071,48.153668493150704]}},{"type":"Feature","properties":{"Country/Region":"France","Province/State":"Meurthe-et-Moselle","Code":"54","Population":{"Total":730398,"Under19":170693,"Under39":185629,"Under59":182526,"Under74":124808,"Over75":66742},"Beds":{"Resuscitation":83,"IntensiveCare":172,"Total":255},"Deaths":136,"Recovered":334,"Severe":512,"Critical":180,"Emergencies":{"Suspected":32,"Total":234,"Severe":13,"Suspected/Accumulated":823,"Total/Accumulated":11279,"Severe/Accumulated":389},"MedicalActs":{"Suspected":16,"Total":79,"Suspected/Accumulated":573,"Total/Accumulated":5569},"MedicalTests":{"Total":108,"Confirmed":9,"Total/Accumulated":753,"Confirmed/Accumulated":113},"Confirmed":85},"geometry":{"type":"Point","coordinates":[6.092894571428565,48.892416158730185]}},{"type":"Feature","properties":{"Country/Region":"France","Province/State":"Meuse","Code":"55","Population":{"Total":181641,"Under19":40375,"Under39":37641,"Under59":47696,"Under74":36898,"Over75":19031},"Beds":{"Resuscitation":8,"IntensiveCare":20,"Total":28},"Deaths":39,"Recovered":147,"Severe":169,"Critical":23,"Emergencies":{"Suspected":5,"Total":56,"Severe":4,"Suspected/Accumulated":255,"Total/Accumulated":2940,"Severe/Accumulated":124},"MedicalTests":{"Total":31,"Confirmed":5,"Total/Accumulated":166,"Confirmed/Accumulated":36},"Confirmed":18},"geometry":{"type":"Point","coordinates":[5.380316626506025,49.03635373493975]}},{"type":"Feature","properties":{"Country/Region":"France","Province/State":"Morbihan","Code":"56","Population":{"Total":755566,"Under19":166653,"Under39":145287,"Under59":197813,"Under74":159285,"Over75":86528},"Beds":{"Resuscitation":22,"IntensiveCare":64,"Total":86},"Deaths":55,"Recovered":149,"Severe":154,"Critical":35,"Emergencies":{"Suspected":20,"Total":268,"Severe":4,"Suspected/Accumulated":1548,"Total/Accumulated":11868,"Severe/Accumulated":159},"MedicalActs":{"Suspected":2,"Total":40,"Suspected/Accumulated":74,"Total/Accumulated":2789},"MedicalTests":{"Total":1,"Total/Accumulated":17,"Confirmed/Accumulated":2},"Confirmed":313},"geometry":{"type":"Point","coordinates":[-2.8780210594315263,47.764317932816574]}},{"type":"Feature","properties":{"Country/Region":"France","Province/State":"Moselle","Code":"57","Population":{"Total":1035866,"Under19":229681,"Under39":243525,"Under59":278966,"Under74":186864,"Over75":96830},"Beds":{"Resuscitation":88,"IntensiveCare":112,"Total":200},"Deaths":414,"Recovered":692,"Severe":1030,"Critical":181,"Emergencies":{"Suspected":84,"Total":393,"Severe":40,"Suspected/Accumulated":2830,"Total/Accumulated":21051,"Severe/Accumulated":1252},"MedicalTests":{"Total":343,"Confirmed":89,"Total/Accumulated":1378,"Confirmed/Accumulated":385},"Confirmed":295},"geometry":{"type":"Point","coordinates":[6.73973678343949,49.04168831210189]}},{"type":"Feature","properties":{"Country/Region":"France","Province/State":"Nièvre","Code":"58","Population":{"Total":199596,"Under19":38191,"Under39":34484,"Under59":50426,"Under74":47745,"Over75":28750},"Beds":{"Resuscitation":12,"IntensiveCare":32,"Total":44},"Deaths":7,"Recovered":11,"Severe":36,"Critical":11,"Emergencies":{"Suspected":16,"Total":110,"Severe":5,"Suspected/Accumulated":422,"Total/Accumulated":5177,"Severe/Accumulated":193},"MedicalTests":{"Total":32,"Confirmed":8,"Total/Accumulated":455,"Confirmed/Accumulated":60},"Confirmed":2},"geometry":{"type":"Point","coordinates":[3.547376999999999,47.143300999999994]}},{"type":"Feature","properties":{"Country/Region":"France","Province/State":"Nord","Code":"59","Population":{"Total":2588988,"Under19":675470,"Under39":665053,"Under59":646791,"Under74":405380,"Over75":196294},"Beds":{"Resuscitation":225,"IntensiveCare":698,"Total":923},"Deaths":197,"Recovered":526,"Severe":895,"Critical":279,"Emergencies":{"Suspected":120,"Total":1105,"Severe":49,"Suspected/Accumulated":3295,"Total/Accumulated":50712,"Severe/Accumulated":1123},"MedicalActs":{"Suspected":14,"Total":185,"Suspected/Accumulated":1031,"Total/Accumulated":18395},"MedicalTests":{"Total":103,"Confirmed":18,"Total/Accumulated":990,"Confirmed/Accumulated":202},"Confirmed":39},"geometry":{"type":"Point","coordinates":[3.1893953197674403,50.453616308139516]}},{"type":"Feature","properties":{"Country/Region":"France","Province/State":"Oise","Code":"60","Population":{"Total":825077,"Under19":214776,"Under39":193026,"Under59":221783,"Under74":134365,"Over75":61127},"Beds":{"Resuscitation":36,"IntensiveCare":92,"Total":128},"Deaths":188,"Recovered":360,"Severe":424,"Critical":73,"Emergencies":{"Suspected":18,"Total":135,"Severe":7,"Suspected/Accumulated":302,"Total/Accumulated":5475,"Severe/Accumulated":131},"MedicalTests":{"Total":158,"Confirmed":51,"Total/Accumulated":1952,"Confirmed/Accumulated":738},"Confirmed":210},"geometry":{"type":"Point","coordinates":[2.463008007117438,49.41459999999999]}},{"type":"Feature","properties":{"Country/Region":"France","Province/State":"Orne","Code":"61","Population":{"Total":276903,"Under19":59830,"Under39":51781,"Under59":70741,"Under74":58679,"Over75":35872},"Beds":{"Resuscitation":16,"IntensiveCare":24,"Total":40},"Deaths":12,"Recovered":78,"Severe":68,"Critical":15,"Emergencies":{"Suspected":13,"Total":136,"Severe":1,"Suspected/Accumulated":180,"Total/Accumulated":6176,"Severe/Accumulated":23},"MedicalTests":{"Total":35,"Confirmed":4,"Total/Accumulated":417,"Confirmed/Accumulated":43},"Confirmed":28},"geometry":{"type":"Point","coordinates":[0.01997467181467186,48.611762664092666]}},{"type":"Feature","properties":{"Country/Region":"France","Province/State":"Pas-de-Calais","Code":"62","Population":{"Total":1452778,"Under19":367229,"Under39":336274,"Under59":374200,"Under74":255788,"Over75":119287},"Beds":{"Resuscitation":85,"IntensiveCare":274,"Total":359},"Deaths":74,"Recovered":258,"Severe":434,"Critical":123,"Emergencies":{"Suspected":18,"Total":287,"Severe":3,"Suspected/Accumulated":503,"Total/Accumulated":11532,"Severe/Accumulated":117},"MedicalTests":{"Total":105,"Confirmed":17,"Total/Accumulated":897,"Confirmed/Accumulated":185},"Confirmed":8},"geometry":{"type":"Point","coordinates":[2.4712310954063605,50.40984130742051]}},{"type":"Feature","properties":{"Country/Region":"France","Province/State":"Puy-de-Dôme","Code":"63","Population":{"Total":660240,"Under19":147680,"Under39":153022,"Under59":169492,"Under74":122442,"Over75":67604},"Beds":{"Resuscitation":77,"IntensiveCare":104,"Total":181},"Deaths":14,"Recovered":66,"Severe":84,"Critical":41,"Emergencies":{"Suspected":24,"Total":123,"Severe":12,"Suspected/Accumulated":306,"Total/Accumulated":4571,"Severe/Accumulated":141},"MedicalActs":{"Suspected":11,"Total":74,"Suspected/Accumulated":165,"Total/Accumulated":3550},"MedicalTests":{"Total":4,"Total/Accumulated":21,"Confirmed/Accumulated":1},"Confirmed":105},"geometry":{"type":"Point","coordinates":[3.143235039370079,45.73685830708661]}},{"type":"Feature","properties":{"Country/Region":"France","Province/State":"Pyrénées-Atlantiques","Code":"64","Population":{"Total":683169,"Under19":144945,"Under39":141910,"Under59":182850,"Under74":130868,"Over75":82596},"Beds":{"Resuscitation":35,"IntensiveCare":110,"Total":145},"Deaths":15,"Recovered":79,"Severe":88,"Critical":30,"Emergencies":{"Suspected":17,"Total":232,"Severe":13,"Suspected/Accumulated":501,"Total/Accumulated":11591,"Severe/Accumulated":167},"MedicalActs":{"Suspected":11,"Total":144,"Suspected/Accumulated":1061,"Total/Accumulated":10721},"MedicalTests":{"Total":25,"Confirmed":1,"Total/Accumulated":417,"Confirmed/Accumulated":55},"Confirmed":41},"geometry":{"type":"Point","coordinates":[-0.7610906397306391,43.26238828282827]}},{"type":"Feature","properties":{"Country/Region":"France","Province/State":"Hautes-Pyrénées","Code":"65","Population":{"Total":226839,"Under19":44839,"Under39":42373,"Under59":59329,"Under74":49523,"Over75":30775},"Beds":{"Resuscitation":12,"IntensiveCare":44,"Total":56},"Deaths":7,"Recovered":33,"Severe":62,"Critical":7,"Emergencies":{"Suspected":1,"Total":50,"Suspected/Accumulated":10,"Total/Accumulated":2844,"Severe/Accumulated":2},"Confirmed":11,"MedicalTests":{"Total/Accumulated":174,"Confirmed/Accumulated":28}},"geometry":{"type":"Point","coordinates":[0.15248105932203385,43.134416483050856]}},{"type":"Feature","properties":{"Country/Region":"France","Province/State":"Pyrénées-Orientales","Code":"66","Population":{"Total":479000,"Under19":102236,"Under39":93899,"Under59":121501,"Under74":99671,"Over75":61693},"Beds":{"Resuscitation":32,"IntensiveCare":64,"Total":96},"Deaths":19,"Recovered":162,"Severe":129,"Critical":37,"Emergencies":{"Suspected":7,"Total":189,"Severe":1,"Suspected/Accumulated":253,"Total/Accumulated":9411,"Severe/Accumulated":120},"MedicalActs":{"Suspected":8,"Total":62,"Suspected/Accumulated":341,"Total/Accumulated":4212},"MedicalTests":{"Total":5,"Confirmed":1,"Total/Accumulated":54,"Confirmed/Accumulated":5},"Confirmed":35},"geometry":{"type":"Point","coordinates":[2.4354706043956034,42.554231208791215]}},{"type":"Feature","properties":{"Country/Region":"France","Province/State":"Bas-Rhin","Code":"67","Population":{"Total":1132607,"Under19":258105,"Under39":285390,"Under59":300661,"Under74":188150,"Over75":100301},"Beds":{"Resuscitation":122,"IntensiveCare":208,"Total":330},"Deaths":318,"Recovered":782,"Severe":1083,"Critical":283,"Emergencies":{"Suspected":29,"Total":243,"Severe":18,"Suspected/Accumulated":1725,"Total/Accumulated":13617,"Severe/Accumulated":1099},"MedicalActs":{"Suspected":47,"Total":198,"Suspected/Accumulated":1777,"Total/Accumulated":12695},"MedicalTests":{"Total":76,"Confirmed":19,"Total/Accumulated":1059,"Confirmed/Accumulated":300},"Confirmed":376},"geometry":{"type":"Point","coordinates":[7.447409099526063,48.70509469194314]}},{"type":"Feature","properties":{"Country/Region":"France","Province/State":"Haut-Rhin","Code":"68","Population":{"Total":763204,"Under19":175817,"Under39":172286,"Under59":209152,"Under74":134185,"Over75":71764},"Beds":{"Resuscitation":70,"IntensiveCare":136,"Total":206},"Deaths":548,"Recovered":1106,"Severe":1105,"Critical":163,"Emergencies":{"Suspected":41,"Total":257,"Severe":25,"Suspected/Accumulated":2398,"Total/Accumulated":12431,"Severe/Accumulated":1538},"MedicalActs":{"Suspected":24,"Total":103,"Suspected/Accumulated":1236,"Total/Accumulated":4764},"MedicalTests":{"Total":198,"Confirmed":55,"Total/Accumulated":2115,"Confirmed/Accumulated":724},"Confirmed":700},"geometry":{"type":"Point","coordinates":[7.263731571428571,47.83921192857142]}},{"type":"Feature","properties":{"Country/Region":"France","Province/State":"Rhône","Code":"69","Population":{"Total":1876051,"Under19":478142,"Under39":523161,"Under59":455898,"Under74":259877,"Over75":158973},"Beds":{"Resuscitation":192,"IntensiveCare":422,"Total":614},"Deaths":273,"Recovered":834,"Severe":1250,"Critical":304,"Emergencies":{"Suspected":110,"Total":635,"Severe":44,"Suspected/Accumulated":3402,"Total/Accumulated":32590,"Severe/Accumulated":1569},"MedicalActs":{"Suspected":39,"Total":273,"Suspected/Accumulated":1892,"Total/Accumulated":12802},"MedicalTests":{"Total":2,"Total/Accumulated":801,"Confirmed/Accumulated":173},"Confirmed":532},"geometry":{"type":"Point","coordinates":[4.660707512690354,45.8811785786802]}},{"type":"Feature","properties":{"Country/Region":"France","Province/State":"Haute-Saône","Code":"70","Population":{"Total":233194,"Under19":52426,"Under39":45311,"Under59":62843,"Under74":47643,"Over75":24971},"Beds":{"Resuscitation":12,"IntensiveCare":24,"Total":36},"Deaths":45,"Recovered":85,"Severe":87,"Critical":23,"Emergencies":{"Suspected":21,"Total":81,"Severe":9,"Suspected/Accumulated":597,"Total/Accumulated":3815,"Severe/Accumulated":333},"MedicalTests":{"Total":32,"Confirmed":8,"Total/Accumulated":567,"Confirmed/Accumulated":154}},"geometry":{"type":"Point","coordinates":[6.0410172972972935,47.62793234234234]}},{"type":"Feature","properties":{"Country/Region":"France","Province/State":"Saône-et-Loire","Code":"71","Population":{"Total":547824,"Under19":117389,"Under39":104206,"Under59":141715,"Under74":114530,"Over75":69984},"Beds":{"Resuscitation":26,"IntensiveCare":44,"Total":70},"Deaths":75,"Recovered":211,"Severe":193,"Critical":38,"Emergencies":{"Suspected":41,"Total":252,"Severe":23,"Suspected/Accumulated":1724,"Total/Accumulated":11354,"Severe/Accumulated":702},"MedicalTests":{"Total":71,"Confirmed":13,"Total/Accumulated":938,"Confirmed/Accumulated":130}},"geometry":{"type":"Point","coordinates":[4.528318691588785,46.63876112149533]}},{"type":"Feature","properties":{"Country/Region":"France","Province/State":"Sarthe","Code":"72","Population":{"Total":560227,"Under19":135636,"Under39":116946,"Under59":143032,"Under74":103587,"Over75":61026},"Beds":{"Resuscitation":17,"IntensiveCare":54,"Total":71},"Confirmed":422,"Deaths":22,"Recovered":105,"Severe":116,"Critical":25,"Emergencies":{"Suspected":40,"Total":222,"Severe":23,"Suspected/Accumulated":1051,"Total/Accumulated":10226,"Severe/Accumulated":512},"MedicalTests":{"Total/Accumulated":9,"Confirmed/Accumulated":2}},"geometry":{"type":"Point","coordinates":[0.1986467741935485,47.9763005529954]}},{"type":"Feature","properties":{"Country/Region":"France","Province/State":"Savoie","Code":"73","Population":{"Total":432548,"Under19":98346,"Under39":96013,"Under59":117417,"Under74":76722,"Over75":44050},"Beds":{"Resuscitation":18,"IntensiveCare":36,"Total":54},"Deaths":20,"Recovered":149,"Severe":123,"Critical":36,"Emergencies":{"Suspected":11,"Total":103,"Severe":3,"Suspected/Accumulated":274,"Total/Accumulated":5926,"Severe/Accumulated":136},"MedicalActs":{"Suspected":13,"Total":52,"Suspected/Accumulated":377,"Total/Accumulated":3557},"MedicalTests":{"Total":13,"Confirmed":4,"Total/Accumulated":172,"Confirmed/Accumulated":32},"Confirmed":114},"geometry":{"type":"Point","coordinates":[6.4038603585657325,45.50301760956176]}},{"type":"Feature","properties":{"Country/Region":"France","Province/State":"Haute-Savoie","Code":"74","Population":{"Total":828405,"Under19":203837,"Under39":209477,"Under59":227355,"Under74":122439,"Over75":65297},"Beds":{"Resuscitation":34,"IntensiveCare":82,"Total":116},"Deaths":73,"Recovered":323,"Severe":294,"Critical":95,"Emergencies":{"Suspected":35,"Total":339,"Severe":10,"Suspected/Accumulated":1302,"Total/Accumulated":19175,"Severe/Accumulated":473},"MedicalActs":{"Suspected":10,"Total":79,"Suspected/Accumulated":533,"Total/Accumulated":4851},"MedicalTests":{"Total":75,"Confirmed":14,"Total/Accumulated":1546,"Confirmed/Accumulated":405},"Confirmed":310},"geometry":{"type":"Point","coordinates":[6.452374226804124,46.01403216494844]}},{"type":"Feature","properties":{"Country/Region":"France","Province/State":"Paris","Code":"75","Population":{"Total":2148271,"Under19":406652,"Under39":718825,"Under59":536676,"Under74":311978,"Over75":174140},"Beds":{"Resuscitation":389,"IntensiveCare":1082,"Total":1471},"Deaths":732,"Recovered":1654,"Severe":3169,"Critical":855,"Emergencies":{"Suspected":266,"Total":826,"Severe":80,"Suspected/Accumulated":10021,"Total/Accumulated":43831,"Severe/Accumulated":2865},"MedicalActs":{"Suspected":105,"Total":493,"Suspected/Accumulated":4514,"Total/Accumulated":32263},"MedicalTests":{"Total":374,"Confirmed":113,"Total/Accumulated":7300,"Confirmed/Accumulated":2702},"Confirmed":126},"geometry":{"type":"Point","coordinates":[2.3550152173913044,48.8535647826087]}},{"type":"Feature","properties":{"Country/Region":"France","Province/State":"Seine-Maritime","Code":"76","Population":{"Total":1243788,"Under19":303968,"Under39":294607,"Under59":310458,"Under74":218116,"Over75":116639},"Beds":{"Resuscitation":93,"IntensiveCare":300,"Total":393},"Deaths":79,"Recovered":224,"Severe":364,"Critical":116,"Emergencies":{"Suspected":31,"Total":515,"Severe":17,"Suspected/Accumulated":878,"Total/Accumulated":25737,"Severe/Accumulated":270},"MedicalActs":{"Suspected":7,"Total":45,"Suspected/Accumulated":265,"Total/Accumulated":3263},"MedicalTests":{"Total":113,"Confirmed":11,"Total/Accumulated":1235,"Confirmed/Accumulated":238},"Confirmed":233},"geometry":{"type":"Point","coordinates":[1.114674462365592,49.5942889784946]}},{"type":"Feature","properties":{"Country/Region":"France","Province/State":"Seine-et-Marne","Code":"77","Population":{"Total":1423607,"Under19":392025,"Under39":357752,"Under59":382068,"Under74":199768,"Over75":91994},"Beds":{"Resuscitation":77,"IntensiveCare":100,"Total":177},"Deaths":178,"Recovered":631,"Severe":740,"Critical":198,"Emergencies":{"Suspected":66,"Total":305,"Severe":32,"Suspected/Accumulated":2091,"Total/Accumulated":17111,"Severe/Accumulated":906},"MedicalActs":{"Suspected":23,"Total":115,"Suspected/Accumulated":1018,"Total/Accumulated":9194},"MedicalTests":{"Total":210,"Confirmed":82,"Total/Accumulated":2290,"Confirmed/Accumulated":834},"Confirmed":42},"geometry":{"type":"Point","coordinates":[2.9385241532258073,48.61862185483869]}},{"type":"Feature","properties":{"Country/Region":"France","Province/State":"Yvelines","Code":"78","Population":{"Total":1448625,"Under19":385814,"Under39":341694,"Under59":394186,"Under74":209492,"Over75":117439},"Beds":{"Resuscitation":84,"IntensiveCare":204,"Total":288},"Deaths":219,"Recovered":598,"Severe":1040,"Critical":193,"Emergencies":{"Suspected":69,"Total":472,"Severe":22,"Suspected/Accumulated":1757,"Total/Accumulated":23573,"Severe/Accumulated":659},"MedicalActs":{"Suspected":21,"Total":95,"Suspected/Accumulated":910,"Total/Accumulated":6321},"MedicalTests":{"Total":118,"Confirmed":46,"Total/Accumulated":1849,"Confirmed/Accumulated":668},"Confirmed":70},"geometry":{"type":"Point","coordinates":[1.8294258823529415,48.80823257352944]}},{"type":"Feature","properties":{"Country/Region":"France","Province/State":"Deux-Sèvres","Code":"79","Population":{"Total":372627,"Under19":85106,"Under39":73604,"Under59":98839,"Under74":72067,"Over75":43011},"Beds":{"Resuscitation":8,"IntensiveCare":36,"Total":44},"Deaths":9,"Recovered":27,"Severe":33,"Critical":9,"Emergencies":{"Suspected":10,"Total":157,"Severe":6,"Suspected/Accumulated":217,"Total/Accumulated":6364,"Severe/Accumulated":73},"MedicalTests":{"Total":1,"Confirmed":1,"Total/Accumulated":17,"Confirmed/Accumulated":2},"Confirmed":11},"geometry":{"type":"Point","coordinates":[-0.29978133828996273,46.53994301115242]}},{"type":"Feature","properties":{"Country/Region":"France","Province/State":"Somme","Code":"80","Population":{"Total":569769,"Under19":138211,"Under39":134953,"Under59":144752,"Under74":100734,"Over75":51119},"Beds":{"Resuscitation":58,"IntensiveCare":164,"Total":222},"Deaths":101,"Recovered":201,"Severe":364,"Critical":75,"Emergencies":{"Suspected":36,"Total":252,"Severe":19,"Suspected/Accumulated":983,"Total/Accumulated":11007,"Severe/Accumulated":436},"MedicalActs":{"Suspected":32,"Total":143,"Suspected/Accumulated":1072,"Total/Accumulated":8647},"MedicalTests":{"Total":80,"Confirmed":19,"Total/Accumulated":785,"Confirmed/Accumulated":253},"Confirmed":54},"geometry":{"type":"Point","coordinates":[2.3486719850187256,49.97418277153558]}},{"type":"Feature","properties":{"Country/Region":"France","Province/State":"Tarn","Code":"81","Population":{"Total":387898,"Under19":84873,"Under39":74511,"Under59":102349,"Under74":77279,"Over75":48886},"Beds":{"Resuscitation":24,"IntensiveCare":70,"Total":94},"Deaths":6,"Recovered":36,"Severe":61,"Critical":27,"Emergencies":{"Suspected":21,"Total":148,"Severe":7,"Suspected/Accumulated":316,"Total/Accumulated":7360,"Severe/Accumulated":91},"MedicalTests":{"Total":9,"Confirmed":1,"Total/Accumulated":179,"Confirmed/Accumulated":11},"Confirmed":14},"geometry":{"type":"Point","coordinates":[2.1808796818181815,43.78627254545453]}},{"type":"Feature","properties":{"Country/Region":"France","Province/State":"Tarn-et-Garonne","Code":"82","Population":{"Total":262618,"Under19":63559,"Under39":53023,"Under59":70354,"Under74":48046,"Over75":27636},"Beds":{"Resuscitation":18,"IntensiveCare":40,"Total":58},"Deaths":3,"Recovered":6,"Severe":20,"Critical":11,"Emergencies":{"Suspected":12,"Total":103,"Severe":5,"Suspected/Accumulated":575,"Total/Accumulated":4390,"Severe/Accumulated":200},"MedicalTests":{"Total":2,"Total/Accumulated":71,"Confirmed/Accumulated":6},"Confirmed":11},"geometry":{"type":"Point","coordinates":[1.3350866094420606,44.1164032618026]}},{"type":"Feature","properties":{"Country/Region":"France","Province/State":"Var","Code":"83","Population":{"Total":1073836,"Under19":224216,"Under39":215361,"Under59":276842,"Under74":218239,"Over75":139178},"Beds":{"Resuscitation":60,"IntensiveCare":84,"Total":144},"Deaths":46,"Recovered":278,"Severe":258,"Critical":62,"Emergencies":{"Suspected":43,"Total":361,"Severe":18,"Suspected/Accumulated":1081,"Total/Accumulated":18460,"Severe/Accumulated":595},"MedicalActs":{"Suspected":62,"Total":312,"Suspected/Accumulated":2118,"Total/Accumulated":16746},"MedicalTests":{"Total":230,"Confirmed":24,"Total/Accumulated":1931,"Confirmed/Accumulated":286},"Confirmed":186},"geometry":{"type":"Point","coordinates":[6.2341132170542615,43.37767961240309]}},{"type":"Feature","properties":{"Country/Region":"France","Province/State":"Vaucluse","Code":"84","Population":{"Total":560997,"Under19":132211,"Under39":118607,"Under59":147247,"Under74":103567,"Over75":59365},"Beds":{"Resuscitation":16,"IntensiveCare":60,"Total":76},"Deaths":19,"Recovered":96,"Severe":87,"Critical":24,"Emergencies":{"Suspected":10,"Total":263,"Severe":9,"Suspected/Accumulated":443,"Total/Accumulated":13235,"Severe/Accumulated":266},"MedicalActs":{"Suspected":1,"Total":13,"Suspected/Accumulated":46,"Total/Accumulated":1107},"MedicalTests":{"Total":170,"Confirmed":3,"Total/Accumulated":1103,"Confirmed/Accumulated":90},"Confirmed":45},"geometry":{"type":"Point","coordinates":[5.137687100591716,44.08826047337278]}},{"type":"Feature","properties":{"Country/Region":"France","Province/State":"Vendée","Code":"85","Population":{"Total":683187,"Under19":155162,"Under39":132680,"Under59":176377,"Under74":142178,"Over75":76790},"Beds":{"Resuscitation":18,"IntensiveCare":44,"Total":62},"Confirmed":147,"Deaths":17,"Recovered":55,"Severe":77,"Critical":22,"Emergencies":{"Suspected":14,"Total":216,"Severe":7,"Suspected/Accumulated":570,"Total/Accumulated":10101,"Severe/Accumulated":233},"MedicalTests":{"Total":1,"Total/Accumulated":78,"Confirmed/Accumulated":8}},"geometry":{"type":"Point","coordinates":[-1.3851340601503754,46.70726116541352]}},{"type":"Feature","properties":{"Country/Region":"France","Province/State":"Vienne","Code":"86","Population":{"Total":437398,"Under19":101362,"Under39":100176,"Under59":108284,"Under74":79480,"Over75":48096},"Beds":{"Resuscitation":53,"IntensiveCare":124,"Total":177},"Deaths":19,"Recovered":43,"Severe":61,"Critical":28,"Emergencies":{"Suspected":17,"Total":132,"Severe":9,"Suspected/Accumulated":230,"Total/Accumulated":6381,"Severe/Accumulated":115},"MedicalTests":{"Total":4,"Total/Accumulated":74,"Confirmed/Accumulated":14},"Confirmed":53},"geometry":{"type":"Point","coordinates":[0.42368070921985806,46.57872638297872]}},{"type":"Feature","properties":{"Country/Region":"France","Province/State":"Haute-Vienne","Code":"87","Population":{"Total":370774,"Under19":79173,"Under39":77448,"Under59":94509,"Under74":74186,"Over75":45458},"Beds":{"Resuscitation":24,"IntensiveCare":144,"Total":168},"Deaths":11,"Recovered":35,"Severe":72,"Critical":20,"Emergencies":{"Suspected":16,"Total":163,"Severe":9,"Suspected/Accumulated":197,"Total/Accumulated":7756,"Severe/Accumulated":138},"MedicalActs":{"Suspected":8,"Total":84,"Suspected/Accumulated":361,"Total/Accumulated":5572},"MedicalTests":{"Total":1,"Total/Accumulated":9,"Confirmed/Accumulated":2},"Confirmed":21},"geometry":{"type":"Point","coordinates":[1.2410431872509962,45.895894860557746]}},{"type":"Feature","properties":{"Country/Region":"France","Province/State":"Vosges","Code":"88","Population":{"Total":359520,"Under19":77042,"Under39":70274,"Under59":94740,"Under74":75920,"Over75":41544},"Beds":{"Resuscitation":8,"IntensiveCare":24,"Total":32},"Deaths":131,"Recovered":238,"Severe":269,"Critical":43,"Emergencies":{"Suspected":40,"Total":169,"Severe":18,"Suspected/Accumulated":1797,"Total/Accumulated":8665,"Severe/Accumulated":643},"MedicalTests":{"Total":53,"Confirmed":17,"Total/Accumulated":838,"Confirmed/Accumulated":312},"Confirmed":66},"geometry":{"type":"Point","coordinates":[6.2957204247104235,48.23006027027029]}},{"type":"Feature","properties":{"Country/Region":"France","Province/State":"Yonne","Code":"89","Population":{"Total":332096,"Under19":73991,"Under39":64975,"Under59":86159,"Under74":68966,"Over75":38005},"Beds":{"Resuscitation":18,"IntensiveCare":32,"Total":50},"Deaths":17,"Recovered":58,"Severe":103,"Critical":21,"Emergencies":{"Suspected":23,"Total":176,"Severe":8,"Suspected/Accumulated":817,"Total/Accumulated":9318,"Severe/Accumulated":181},"MedicalActs":{"Suspected":13,"Total":50,"Suspected/Accumulated":312,"Total/Accumulated":2626},"MedicalTests":{"Total":5,"Confirmed":1,"Total/Accumulated":184,"Confirmed/Accumulated":31}},"geometry":{"type":"Point","coordinates":[3.57333820338983,47.84307762711864]}},{"type":"Feature","properties":{"Country/Region":"France","Province/State":"Territoire de Belfort","Code":"90","Population":{"Total":140145,"Under19":33166,"Under39":32553,"Under59":36366,"Under74":24639,"Over75":13421},"Beds":{"Resuscitation":25,"IntensiveCare":40,"Total":65},"Deaths":96,"Recovered":204,"Severe":221,"Critical":46,"Emergencies":{"Suspected":14,"Total":93,"Severe":5,"Suspected/Accumulated":639,"Total/Accumulated":4357,"Severe/Accumulated":381},"MedicalTests":{"Total":25,"Confirmed":9,"Total/Accumulated":341,"Confirmed/Accumulated":77}},"geometry":{"type":"Point","coordinates":[6.93897388888889,47.60873597222223]}},{"type":"Feature","properties":{"Country/Region":"France","Province/State":"Essonne","Code":"91","Population":{"Total":1319401,"Under19":360333,"Under39":338878,"Under59":349395,"Under74":176919,"Over75":93876},"Beds":{"Resuscitation":97,"IntensiveCare":164,"Total":261},"Deaths":163,"Recovered":394,"Severe":1125,"Critical":222,"Emergencies":{"Suspected":66,"Total":386,"Severe":22,"Suspected/Accumulated":2515,"Total/Accumulated":18217,"Severe/Accumulated":750},"MedicalActs":{"Suspected":19,"Total":95,"Suspected/Accumulated":627,"Total/Accumulated":5462},"MedicalTests":{"Total":230,"Confirmed":98,"Total/Accumulated":2641,"Confirmed/Accumulated":1205},"Confirmed":30},"geometry":{"type":"Point","coordinates":[2.2519983333333338,48.50948216666667]}},{"type":"Feature","properties":{"Country/Region":"France","Province/State":"Hauts-de-Seine","Code":"92","Population":{"Total":1613762,"Under19":393984,"Under39":457571,"Under59":428782,"Under74":211036,"Over75":122389},"Beds":{"Resuscitation":184,"IntensiveCare":276,"Total":460},"Deaths":396,"Recovered":1172,"Severe":1987,"Critical":456,"Emergencies":{"Suspected":86,"Total":524,"Severe":20,"Suspected/Accumulated":2504,"Total/Accumulated":25318,"Severe/Accumulated":820},"MedicalTests":{"Total":303,"Confirmed":91,"Total/Accumulated":4954,"Confirmed/Accumulated":1893},"Confirmed":59},"geometry":{"type":"Point","coordinates":[2.2538900000000006,48.84266823529411]}},{"type":"Feature","properties":{"Country/Region":"France","Province/State":"Seine-Saint-Denis","Code":"93","Population":{"Total":1670149,"Under19":485032,"Under39":478299,"Under59":428192,"Under74":194935,"Over75":83691},"Beds":{"Resuscitation":100,"IntensiveCare":218,"Total":318},"Deaths":402,"Recovered":714,"Severe":1499,"Critical":242,"Emergencies":{"Suspected":132,"Total":524,"Severe":32,"Suspected/Accumulated":3367,"Total/Accumulated":29999,"Severe/Accumulated":949},"MedicalTests":{"Total":204,"Confirmed":64,"Total/Accumulated":3382,"Confirmed/Accumulated":1573},"Confirmed":45},"geometry":{"type":"Point","coordinates":[2.474763409090909,48.91863045454546]}},{"type":"Feature","properties":{"Country/Region":"France","Province/State":"Val-de-Marne","Code":"94","Population":{"Total":1406041,"Under19":359600,"Under39":390124,"Under59":368199,"Under74":187814,"Over75":100304},"Beds":{"Resuscitation":156,"IntensiveCare":338,"Total":494},"Deaths":453,"Recovered":873,"Severe":2046,"Critical":335,"Emergencies":{"Suspected":100,"Total":570,"Severe":38,"Suspected/Accumulated":5067,"Total/Accumulated":29498,"Severe/Accumulated":2056},"MedicalTests":{"Total":271,"Confirmed":87,"Total/Accumulated":2766,"Confirmed/Accumulated":1063},"Confirmed":48},"geometry":{"type":"Point","coordinates":[2.47453725,48.775524499999996]}},{"type":"Feature","properties":{"Country/Region":"France","Province/State":"Val-d'Oise","Code":"95","Population":{"Total":1248354,"Under19":357525,"Under39":326622,"Under59":322949,"Under74":166265,"Over75":74993},"Beds":{"Resuscitation":60,"IntensiveCare":130,"Total":190},"Deaths":307,"Recovered":821,"Severe":894,"Critical":173,"Emergencies":{"Suspected":145,"Total":485,"Severe":61,"Suspected/Accumulated":5078,"Total/Accumulated":26822,"Severe/Accumulated":1809},"MedicalActs":{"Suspected":31,"Total":152,"Suspected/Accumulated":1375,"Total/Accumulated":10503},"MedicalTests":{"Total":105,"Confirmed":34,"Total/Accumulated":3200,"Confirmed/Accumulated":1384},"Confirmed":60},"geometry":{"type":"Point","coordinates":[2.092522396694214,49.08765355371902]}},{"type":"Feature","properties":{"Country/Region":"France","Province/State":"La Réunion","Code":"974","Population":{"Total":859959,"Under19":256143,"Under39":202783,"Under59":239212,"Under74":117045,"Over75":44776},"Beds":{"Resuscitation":52,"IntensiveCare":154,"Total":206},"Recovered":55,"Severe":57,"Critical":6,"Emergencies":{"Suspected":8,"Total":262,"Severe":3,"Suspected/Accumulated":173,"Total/Accumulated":13922,"Severe/Accumulated":126},"MedicalTests":{"Total":1,"Total/Accumulated":4}},"geometry":{"type":"Point","coordinates":[55.52943947368424,-21.1374047368421]}}]}