{"type":"FeatureCollection","features":[{"type":"Feature","properties":{"Country/Region":"France","Province/State":"Guadeloupe","Code":"971","Population":{"Total":376879,"Under19":90617,"Under39":71707,"Under59":109452,"Under74":70936,"Over75":34167},"Beds":{"Resuscitation":27,"IntensiveCare":68,"Total":95},"Deaths":118,"Recovered":516,"Severe":158,"Critical":25,"Emergencies":{"Suspected":4,"Total":202,"Severe":1,"Suspected/Accumulated":1426,"Total/Accumulated":47291,"Severe/Accumulated":647},"PCRTests":{"Total":95,"Confirmed":10,"Total/Accumulated":57249,"Confirmed/Accumulated":7076},"Confirmed":106,"MedicalTests":{"Total/Accumulated":51,"Confirmed/Accumulated":17}},"geometry":{"type":"Point","coordinates":[-61.493846272189366,16.20469674556213]}},{"type":"Feature","properties":{"Country/Region":"France","Province/State":"Martinique","Code":"972","Population":{"Total":358749,"Under19":77005,"Under39":65776,"Under59":105638,"Under74":72163,"Over75":38167},"Beds":{"Resuscitation":26,"IntensiveCare":58,"Total":84},"Deaths":27,"Recovered":161,"Severe":60,"Critical":15,"MedicalActs":{"Suspected":8,"Total":128,"Suspected/Accumulated":452,"Total/Accumulated":24962},"PCRTests":{"Total":43,"Confirmed":6,"Total/Accumulated":59996,"Confirmed/Accumulated":2802},"Confirmed":16,"MedicalTests":{"Total/Accumulated":29,"Confirmed/Accumulated":6}},"geometry":{"type":"Point","coordinates":[-60.98265692913386,14.6217557480315]}},{"type":"Feature","properties":{"Country/Region":"France","Province/State":"Guyane","Code":"973","Population":{"Total":290691,"Under19":120681,"Under39":80023,"Under59":61783,"Under74":22111,"Over75":6093},"Beds":{"Resuscitation":13,"IntensiveCare":12,"Total":25},"Deaths":65,"Recovered":1762,"Severe":19,"Critical":5,"Emergencies":{"Suspected":1,"Total":202,"Suspected/Accumulated":1963,"Total/Accumulated":44256,"Severe/Accumulated":926},"PCRTests":{"Total":72,"Confirmed":12,"Total/Accumulated":64418,"Confirmed/Accumulated":8974},"Confirmed":43,"MedicalTests":{"Total/Accumulated":35,"Confirmed/Accumulated":4}},"geometry":{"type":"Point","coordinates":[-53.41731165390502,3.588901056661561]}},{"type":"Feature","properties":{"Country/Region":"France","Province/State":"Mayotte","Code":"976","Population":{"Total":279471,"Under19":150257,"Under39":74348,"Under59":42900,"Under74":9521,"Over75":2445},"Beds":{"Resuscitation":6,"IntensiveCare":0,"Total":6},"Deaths":30,"Recovered":466,"Severe":10,"Critical":3,"Emergencies":{"Total":77,"Suspected/Accumulated":1926,"Total/Accumulated":24197,"Severe/Accumulated":263},"PCRTests":{"Total":170,"Confirmed":5,"Total/Accumulated":24328,"Confirmed/Accumulated":2431},"Confirmed":128,"MedicalTests":{"Total/Accumulated":4,"Confirmed/Accumulated":1}},"geometry":{"type":"Point","coordinates":[45.14160071428572,-12.835344166666673]}},{"type":"Feature","properties":{"Country/Region":"France","Province/State":"Ain","Code":"01","Population":{"Total":656955,"Under19":167666,"Under39":151084,"Under59":179469,"Under74":104453,"Over75":54283},"Beds":{"Resuscitation":22,"IntensiveCare":20,"Total":42},"Deaths":119,"Recovered":543,"Severe":63,"Critical":7,"Emergencies":{"Suspected":11,"Total":254,"Severe":5,"Suspected/Accumulated":1475,"Total/Accumulated":57324,"Severe/Accumulated":579},"PCRTests":{"Total":109,"Confirmed":26,"Total/Accumulated":110894,"Confirmed/Accumulated":7578},"Confirmed":118,"MedicalTests":{"Total/Accumulated":3606,"Confirmed/Accumulated":382}},"geometry":{"type":"Point","coordinates":[5.430359734513273,46.106026415929215]}},{"type":"Feature","properties":{"Country/Region":"France","Province/State":"Aisne","Code":"02","Population":{"Total":526050,"Under19":129852,"Under39":114042,"Under59":135164,"Under74":98046,"Over75":48946},"Beds":{"Resuscitation":34,"IntensiveCare":110,"Total":144},"Deaths":296,"Recovered":1222,"Severe":80,"Critical":12,"Emergencies":{"Suspected":11,"Total":374,"Severe":1,"Suspected/Accumulated":3616,"Total/Accumulated":82203,"Severe/Accumulated":1118},"MedicalActs":{"Suspected":8,"Total":148,"Suspected/Accumulated":1731,"Total/Accumulated":53198},"PCRTests":{"Total":53,"Confirmed":6,"Total/Accumulated":67721,"Confirmed/Accumulated":3110},"Confirmed":59,"MedicalTests":{"Total/Accumulated":3072,"Confirmed/Accumulated":456}},"geometry":{"type":"Point","coordinates":[3.5153965625000003,49.457888298611124]}},{"type":"Feature","properties":{"Country/Region":"France","Province/State":"Allier","Code":"03","Population":{"Total":331315,"Under19":66659,"Under39":61490,"Under59":85304,"Under74":72079,"Over75":45783},"Beds":{"Resuscitation":24,"IntensiveCare":56,"Total":80},"Deaths":53,"Recovered":263,"Severe":81,"Critical":7,"Emergencies":{"Suspected":5,"Total":144,"Severe":3,"Suspected/Accumulated":1266,"Total/Accumulated":39664,"Severe/Accumulated":710},"PCRTests":{"Total":46,"Confirmed":13,"Total/Accumulated":51061,"Confirmed/Accumulated":1529},"Confirmed":38,"MedicalTests":{"Total/Accumulated":1177,"Confirmed/Accumulated":12}},"geometry":{"type":"Point","coordinates":[3.1778756690140857,46.39097419014088]}},{"type":"Feature","properties":{"Country/Region":"France","Province/State":"Alpes-de-Haute-Provence","Code":"04","Population":{"Total":165197,"Under19":34281,"Under39":30814,"Under59":43423,"Under74":35681,"Over75":20998},"Beds":{"Resuscitation":6,"IntensiveCare":0,"Total":6},"Deaths":17,"Recovered":172,"Severe":21,"Critical":5,"Emergencies":{"Suspected":3,"Total":169,"Severe":2,"Suspected/Accumulated":439,"Total/Accumulated":36652,"Severe/Accumulated":179},"PCRTests":{"Total":38,"Confirmed":6,"Total/Accumulated":30313,"Confirmed/Accumulated":1149},"Confirmed":22,"MedicalTests":{"Total/Accumulated":1722,"Confirmed/Accumulated":63}},"geometry":{"type":"Point","coordinates":[6.294359440298507,44.152788992537346]}},{"type":"Feature","properties":{"Country/Region":"France","Province/State":"Hautes-Alpes","Code":"05","Population":{"Total":141756,"Under19":30280,"Under39":27715,"Under59":37829,"Under74":29047,"Over75":16885},"Beds":{"Resuscitation":8,"IntensiveCare":0,"Total":8},"Deaths":25,"Recovered":171,"Severe":43,"Critical":9,"Emergencies":{"Suspected":12,"Total":166,"Severe":2,"Suspected/Accumulated":1206,"Total/Accumulated":34670,"Severe/Accumulated":228},"PCRTests":{"Total":216,"Confirmed":40,"Total/Accumulated":19429,"Confirmed/Accumulated":1167},"Confirmed":42,"MedicalTests":{"Total/Accumulated":658,"Confirmed/Accumulated":4}},"geometry":{"type":"Point","coordinates":[6.205986298932386,44.64177099644131]}},{"type":"Feature","properties":{"Country/Region":"France","Province/State":"Alpes-Maritimes","Code":"06","Population":{"Total":1079396,"Under19":226862,"Under39":232814,"Under59":282249,"Under74":198428,"Over75":139043},"Beds":{"Resuscitation":89,"IntensiveCare":182,"Total":271},"Deaths":233,"Recovered":1258,"Severe":183,"Critical":29,"Emergencies":{"Suspected":11,"Total":829,"Severe":6,"Suspected/Accumulated":4204,"Total/Accumulated":185877,"Severe/Accumulated":2225},"MedicalActs":{"Suspected":17,"Total":195,"Suspected/Accumulated":2660,"Total/Accumulated":36739},"PCRTests":{"Total":258,"Confirmed":13,"Total/Accumulated":260798,"Confirmed/Accumulated":13603},"Confirmed":194,"MedicalTests":{"Total/Accumulated":5759,"Confirmed/Accumulated":263}},"geometry":{"type":"Point","coordinates":[7.093963618090453,43.90811477386935]}},{"type":"Feature","properties":{"Country/Region":"France","Province/State":"Corse-du-Sud","Code":"2A","Population":{"Total":162421,"Under19":31630,"Under39":34910,"Under59":45312,"Under74":31004,"Over75":19565},"Beds":{"Resuscitation":10,"IntensiveCare":30,"Total":40},"Deaths":52,"Recovered":179,"Severe":14,"Critical":4,"Emergencies":{"Total":94,"Suspected/Accumulated":203,"Total/Accumulated":24526,"Severe/Accumulated":158},"MedicalActs":{"Suspected":13,"Total":116,"Suspected/Accumulated":1084,"Total/Accumulated":16532},"PCRTests":{"Total":94,"Confirmed":1,"Total/Accumulated":36631,"Confirmed/Accumulated":1283},"Confirmed":207},"geometry":{"type":"Point","coordinates":[8.933891598360661,41.87995627049185]}},{"type":"Feature","properties":{"Country/Region":"France","Province/State":"Haute-Corse","Code":"2B","Population":{"Total":182258,"Under19":36925,"Under39":42075,"Under59":47863,"Under74":34671,"Over75":20724},"Beds":{"Resuscitation":8,"IntensiveCare":12,"Total":20},"Deaths":16,"Recovered":140,"Severe":27,"Critical":5,"Emergencies":{"Suspected":5,"Total":117,"Severe":3,"Suspected/Accumulated":2195,"Total/Accumulated":29728,"Severe/Accumulated":2015},"PCRTests":{"Total":71,"Confirmed":9,"Total/Accumulated":38597,"Confirmed/Accumulated":1272},"Confirmed":56},"geometry":{"type":"Point","coordinates":[9.12993101604278,42.44040566844919]}},{"type":"Feature","properties":{"Country/Region":"France","Province/State":"Ardèche","Code":"07","Population":{"Total":326875,"Under19":70594,"Under39":61093,"Under59":88160,"Under74":68490,"Over75":38538},"Beds":{"Resuscitation":8,"IntensiveCare":0,"Total":8},"Deaths":123,"Recovered":480,"Severe":48,"Critical":6,"Emergencies":{"Suspected":15,"Total":169,"Severe":9,"Suspected/Accumulated":1000,"Total/Accumulated":43355,"Severe/Accumulated":245},"PCRTests":{"Total":87,"Confirmed":16,"Total/Accumulated":46941,"Confirmed/Accumulated":2618},"Confirmed":128,"MedicalTests":{"Total/Accumulated":1210,"Confirmed/Accumulated":123}},"geometry":{"type":"Point","coordinates":[4.425911157407411,44.77470101851853]}},{"type":"Feature","properties":{"Country/Region":"France","Province/State":"Ardennes","Code":"08","Population":{"Total":265531,"Under19":60337,"Under39":55870,"Under59":70459,"Under74":52021,"Over75":26844},"Beds":{"Resuscitation":12,"IntensiveCare":42,"Total":54},"Deaths":66,"Recovered":250,"Severe":18,"Critical":5,"Emergencies":{"Suspected":1,"Total":202,"Severe":1,"Suspected/Accumulated":289,"Total/Accumulated":45614,"Severe/Accumulated":81},"PCRTests":{"Total":94,"Confirmed":13,"Total/Accumulated":47690,"Confirmed/Accumulated":1437},"Confirmed":3,"MedicalTests":{"Total/Accumulated":1117,"Confirmed/Accumulated":101}},"geometry":{"type":"Point","coordinates":[4.717836481481479,49.63503592592596]}},{"type":"Feature","properties":{"Country/Region":"France","Province/State":"Ariège","Code":"09","Population":{"Total":152398,"Under19":30718,"Under39":28780,"Under59":40432,"Under74":32667,"Over75":19801},"Beds":{"Resuscitation":8,"IntensiveCare":16,"Total":24},"Deaths":5,"Recovered":47,"Severe":19,"Critical":8,"Emergencies":{"Suspected":3,"Total":105,"Severe":1,"Suspected/Accumulated":278,"Total/Accumulated":24388,"Severe/Accumulated":118},"PCRTests":{"Total":24,"Confirmed":5,"Total/Accumulated":26094,"Confirmed/Accumulated":1410},"Confirmed":3,"MedicalTests":{"Total/Accumulated":943,"Confirmed/Accumulated":7}},"geometry":{"type":"Point","coordinates":[1.5308575113122171,42.951783619909506]}},{"type":"Feature","properties":{"Country/Region":"France","Province/State":"Aube","Code":"10","Population":{"Total":309907,"Under19":74513,"Under39":69749,"Under59":77945,"Under74":56336,"Over75":31364},"Beds":{"Resuscitation":12,"IntensiveCare":36,"Total":48},"Deaths":140,"Recovered":693,"Severe":28,"Critical":2,"Emergencies":{"Suspected":5,"Total":153,"Severe":2,"Suspected/Accumulated":917,"Total/Accumulated":36818,"Severe/Accumulated":436},"MedicalActs":{"Suspected":7,"Total":99,"Suspected/Accumulated":864,"Total/Accumulated":24115},"PCRTests":{"Total":150,"Confirmed":27,"Total/Accumulated":49877,"Confirmed/Accumulated":2003},"Confirmed":14,"MedicalTests":{"Total/Accumulated":3836,"Confirmed/Accumulated":370}},"geometry":{"type":"Point","coordinates":[4.115386826086957,48.290927782608684]}},{"type":"Feature","properties":{"Country/Region":"France","Province/State":"Aude","Code":"11","Population":{"Total":372705,"Under19":78644,"Under39":70170,"Under59":96929,"Under74":80039,"Over75":46923},"Beds":{"Resuscitation":16,"IntensiveCare":44,"Total":60},"Deaths":64,"Recovered":270,"Severe":20,"Critical":4,"Emergencies":{"Suspected":3,"Total":270,"Severe":3,"Suspected/Accumulated":592,"Total/Accumulated":60394,"Severe/Accumulated":259},"PCRTests":{"Total":83,"Confirmed":8,"Total/Accumulated":63198,"Confirmed/Accumulated":2296},"Confirmed":44,"MedicalTests":{"Total/Accumulated":3464,"Confirmed/Accumulated":194}},"geometry":{"type":"Point","coordinates":[2.3518425641025638,43.13299722222223]}},{"type":"Feature","properties":{"Country/Region":"France","Province/State":"Aveyron","Code":"12","Population":{"Total":278360,"Under19":55940,"Under39":51027,"Under59":73060,"Under74":59454,"Over75":38879},"Beds":{"Resuscitation":11,"IntensiveCare":32,"Total":43},"Deaths":35,"Recovered":191,"Severe":31,"Critical":3,"Emergencies":{"Total":106,"Suspected/Accumulated":43,"Total/Accumulated":27547,"Severe/Accumulated":14},"PCRTests":{"Total":39,"Confirmed":6,"Total/Accumulated":51908,"Confirmed/Accumulated":2475},"Confirmed":29,"MedicalTests":{"Total/Accumulated":118,"Confirmed/Accumulated":5}},"geometry":{"type":"Point","coordinates":[2.66545315960912,44.28474130293157]}},{"type":"Feature","properties":{"Country/Region":"France","Province/State":"Bouches-du-Rhône","Code":"13","Population":{"Total":2034469,"Under19":480915,"Under39":483747,"Under59":522289,"Under74":342385,"Over75":205133},"Beds":{"Resuscitation":281,"IntensiveCare":476,"Total":757},"Deaths":761,"Recovered":5887,"Severe":677,"Critical":156,"Emergencies":{"Suspected":65,"Total":1160,"Severe":40,"Suspected/Accumulated":6529,"Total/Accumulated":280746,"Severe/Accumulated":3346},"MedicalActs":{"Suspected":17,"Total":268,"Suspected/Accumulated":2491,"Total/Accumulated":44605},"PCRTests":{"Total":638,"Confirmed":132,"Total/Accumulated":674148,"Confirmed/Accumulated":44847},"Confirmed":827,"MedicalTests":{"Total/Accumulated":53325,"Confirmed/Accumulated":3187}},"geometry":{"type":"Point","coordinates":[5.098567400881058,43.49901925110133]}},{"type":"Feature","properties":{"Country/Region":"France","Province/State":"Calvados","Code":"14","Population":{"Total":691453,"Under19":160392,"Under39":155359,"Under59":174249,"Under74":130972,"Over75":70481},"Beds":{"Resuscitation":91,"IntensiveCare":128,"Total":219},"Deaths":95,"Recovered":446,"Severe":78,"Critical":19,"Emergencies":{"Suspected":8,"Total":343,"Severe":5,"Suspected/Accumulated":1727,"Total/Accumulated":87669,"Severe/Accumulated":608},"MedicalActs":{"Suspected":30,"Total":365,"Suspected/Accumulated":3117,"Total/Accumulated":58288},"PCRTests":{"Total":434,"Confirmed":56,"Total/Accumulated":146587,"Confirmed/Accumulated":5155},"Confirmed":147,"MedicalTests":{"Total/Accumulated":1704,"Confirmed/Accumulated":157}},"geometry":{"type":"Point","coordinates":[-0.4028230593607306,49.05443785388125]}},{"type":"Feature","properties":{"Country/Region":"France","Province/State":"Cantal","Code":"15","Population":{"Total":142811,"Under19":26571,"Under39":24954,"Under59":38397,"Under74":32697,"Over75":20192},"Beds":{"Resuscitation":8,"IntensiveCare":30,"Total":38},"Deaths":20,"Recovered":81,"Severe":42,"Critical":4,"Emergencies":{"Suspected":1,"Total":63,"Suspected/Accumulated":243,"Total/Accumulated":17096,"Severe/Accumulated":124},"PCRTests":{"Total":19,"Confirmed":3,"Total/Accumulated":21153,"Confirmed/Accumulated":665},"Confirmed":33,"MedicalTests":{"Total/Accumulated":648,"Confirmed/Accumulated":44}},"geometry":{"type":"Point","coordinates":[2.7066918215613374,45.02447219330856]}},{"type":"Feature","properties":{"Country/Region":"France","Province/State":"Charente","Code":"16","Population":{"Total":348180,"Under19":71324,"Under39":69355,"Under59":91186,"Under74":72860,"Over75":43455},"Beds":{"Resuscitation":12,"IntensiveCare":36,"Total":48},"Deaths":18,"Recovered":74,"Severe":6,"Critical":2,"Emergencies":{"Suspected":1,"Total":205,"Suspected/Accumulated":726,"Total/Accumulated":50627,"Severe/Accumulated":243},"PCRTests":{"Total":44,"Confirmed":1,"Total/Accumulated":39690,"Confirmed/Accumulated":1266},"Confirmed":10,"MedicalTests":{"Total/Accumulated":899,"Confirmed/Accumulated":21}},"geometry":{"type":"Point","coordinates":[0.2054574390243902,45.733938821138196]}},{"type":"Feature","properties":{"Country/Region":"France","Province/State":"Charente-Maritime","Code":"17","Population":{"Total":647080,"Under19":130618,"Under39":119836,"Under59":164314,"Under74":146996,"Over75":85316},"Beds":{"Resuscitation":30,"IntensiveCare":72,"Total":102},"Deaths":59,"Recovered":187,"Severe":31,"Critical":4,"Emergencies":{"Suspected":2,"Total":390,"Severe":1,"Suspected/Accumulated":1427,"Total/Accumulated":99307,"Severe/Accumulated":531},"MedicalActs":{"Suspected":4,"Total":72,"Suspected/Accumulated":490,"Total/Accumulated":10462},"PCRTests":{"Total":251,"Confirmed":18,"Total/Accumulated":70766,"Confirmed/Accumulated":1562},"Confirmed":49,"MedicalTests":{"Total/Accumulated":8110,"Confirmed/Accumulated":167}},"geometry":{"type":"Point","coordinates":[-0.734802142857143,45.8164405357143]}},{"type":"Feature","properties":{"Country/Region":"France","Province/State":"Cher","Code":"18","Population":{"Total":296404,"Under19":61933,"Under39":57193,"Under59":76912,"Under74":62985,"Over75":37381},"Beds":{"Resuscitation":12,"IntensiveCare":32,"Total":44},"Deaths":102,"Recovered":238,"Severe":38,"Critical":4,"Emergencies":{"Suspected":3,"Total":117,"Suspected/Accumulated":1818,"Total/Accumulated":28155,"Severe/Accumulated":29},"MedicalActs":{"Suspected":11,"Total":127,"Suspected/Accumulated":1093,"Total/Accumulated":35599},"PCRTests":{"Total":92,"Confirmed":16,"Total/Accumulated":39634,"Confirmed/Accumulated":1404},"Confirmed":25,"MedicalTests":{"Total/Accumulated":3157,"Confirmed/Accumulated":334}},"geometry":{"type":"Point","coordinates":[2.420866293436294,47.03802115830117]}},{"type":"Feature","properties":{"Country/Region":"France","Province/State":"Corrèze","Code":"19","Population":{"Total":240336,"Under19":48146,"Under39":45056,"Under59":62186,"Under74":52206,"Over75":32742},"Beds":{"Resuscitation":15,"IntensiveCare":42,"Total":57},"Deaths":44,"Recovered":186,"Severe":18,"Critical":3,"Emergencies":{"Suspected":3,"Total":165,"Severe":1,"Suspected/Accumulated":633,"Total/Accumulated":37964,"Severe/Accumulated":477},"PCRTests":{"Total":38,"Confirmed":3,"Total/Accumulated":37346,"Confirmed/Accumulated":955},"Confirmed":23,"MedicalTests":{"Total/Accumulated":315,"Confirmed/Accumulated":17}},"geometry":{"type":"Point","coordinates":[1.8952178059071727,45.37689915611812]}},{"type":"Feature","properties":{"Country/Region":"France","Province/State":"Côte-d'Or","Code":"21","Population":{"Total":532886,"Under19":121633,"Under39":128314,"Under59":134514,"Under74":95451,"Over75":52974},"Beds":{"Resuscitation":57,"IntensiveCare":190,"Total":247},"Deaths":267,"Recovered":1034,"Severe":58,"Critical":16,"Emergencies":{"Suspected":10,"Total":264,"Severe":4,"Suspected/Accumulated":2082,"Total/Accumulated":60025,"Severe/Accumulated":802},"MedicalActs":{"Suspected":10,"Total":94,"Suspected/Accumulated":1368,"Total/Accumulated":18460},"PCRTests":{"Total":315,"Confirmed":53,"Total/Accumulated":113104,"Confirmed/Accumulated":5407},"Confirmed":1,"MedicalTests":{"Total/Accumulated":1228,"Confirmed/Accumulated":98}},"geometry":{"type":"Point","coordinates":[4.781845107913668,47.44940406474819]}},{"type":"Feature","properties":{"Country/Region":"France","Province/State":"Côtes-d'Armor","Code":"22","Population":{"Total":596186,"Under19":131217,"Under39":108675,"Under59":153257,"Under74":128481,"Over75":74556},"Beds":{"Resuscitation":14,"IntensiveCare":32,"Total":46},"Deaths":43,"Recovered":269,"Severe":26,"Critical":2,"Emergencies":{"Suspected":3,"Total":297,"Severe":3,"Suspected/Accumulated":1058,"Total/Accumulated":65848,"Severe/Accumulated":814},"PCRTests":{"Total":298,"Confirmed":21,"Total/Accumulated":98229,"Confirmed/Accumulated":2402},"Confirmed":107,"MedicalTests":{"Total/Accumulated":177,"Confirmed/Accumulated":3}},"geometry":{"type":"Point","coordinates":[-2.8283123411371243,48.47540434782613]}},{"type":"Feature","properties":{"Country/Region":"France","Province/State":"Creuse","Code":"23","Population":{"Total":116270,"Under19":20766,"Under39":19388,"Under59":30402,"Under74":28640,"Over75":17074},"Beds":{"Resuscitation":8,"IntensiveCare":16,"Total":24},"Deaths":17,"Recovered":94,"Severe":13,"Critical":3,"Emergencies":{"Total":55,"Suspected/Accumulated":395,"Total/Accumulated":14763,"Severe/Accumulated":88},"PCRTests":{"Total":17,"Confirmed":1,"Total/Accumulated":18239,"Confirmed/Accumulated":421},"Confirmed":12,"MedicalTests":{"Total/Accumulated":1152,"Confirmed/Accumulated":11}},"geometry":{"type":"Point","coordinates":[1.9795267256637192,46.07153353982301]}},{"type":"Feature","properties":{"Country/Region":"France","Province/State":"Dordogne","Code":"24","Population":{"Total":408393,"Under19":76430,"Under39":70201,"Under59":107402,"Under74":96538,"Over75":57822},"Beds":{"Resuscitation":19,"IntensiveCare":36,"Total":55},"Deaths":14,"Recovered":121,"Severe":21,"Critical":1,"Emergencies":{"Suspected":2,"Total":124,"Severe":2,"Suspected/Accumulated":994,"Total/Accumulated":41352,"Severe/Accumulated":522},"PCRTests":{"Total":45,"Total/Accumulated":57217,"Confirmed/Accumulated":1669},"Confirmed":13,"MedicalTests":{"Total/Accumulated":586,"Confirmed/Accumulated":26}},"geometry":{"type":"Point","coordinates":[0.7502005172413793,45.100126827586195]}},{"type":"Feature","properties":{"Country/Region":"France","Province/State":"Doubs","Code":"25","Population":{"Total":539449,"Under19":132582,"Under39":130504,"Under59":135120,"Under74":90502,"Over75":50741},"Beds":{"Resuscitation":40,"IntensiveCare":262,"Total":302},"Deaths":155,"Recovered":676,"Severe":26,"Critical":9,"Emergencies":{"Suspected":8,"Total":229,"Severe":2,"Suspected/Accumulated":1715,"Total/Accumulated":49084,"Severe/Accumulated":654},"MedicalActs":{"Suspected":7,"Total":139,"Suspected/Accumulated":900,"Total/Accumulated":23210},"PCRTests":{"Total":178,"Confirmed":17,"Total/Accumulated":100182,"Confirmed/Accumulated":3502},"MedicalTests":{"Total/Accumulated":2111,"Confirmed/Accumulated":213}},"geometry":{"type":"Point","coordinates":[6.359828136363636,47.17302813636364]}},{"type":"Feature","properties":{"Country/Region":"France","Province/State":"Drôme","Code":"26","Population":{"Total":520560,"Under19":125073,"Under39":110455,"Under59":134338,"Under74":95865,"Over75":54829},"Beds":{"Resuscitation":24,"IntensiveCare":68,"Total":92},"Deaths":140,"Recovered":602,"Severe":91,"Critical":12,"Emergencies":{"Suspected":25,"Total":336,"Severe":15,"Suspected/Accumulated":1788,"Total/Accumulated":65351,"Severe/Accumulated":715},"PCRTests":{"Total":142,"Confirmed":28,"Total/Accumulated":77052,"Confirmed/Accumulated":4265},"Confirmed":119,"MedicalTests":{"Total/Accumulated":2066,"Confirmed/Accumulated":135}},"geometry":{"type":"Point","coordinates":[5.213618019801983,44.63170462046205]}},{"type":"Feature","properties":{"Country/Region":"France","Province/State":"Eure","Code":"27","Population":{"Total":600687,"Under19":151745,"Under39":128858,"Under59":160781,"Under74":106586,"Over75":52717},"Beds":{"Resuscitation":12,"IntensiveCare":44,"Total":56},"Deaths":101,"Recovered":353,"Severe":96,"Critical":9,"Emergencies":{"Suspected":2,"Total":186,"Severe":1,"Suspected/Accumulated":829,"Total/Accumulated":39793,"Severe/Accumulated":163},"PCRTests":{"Total":280,"Confirmed":46,"Total/Accumulated":74332,"Confirmed/Accumulated":4307},"Confirmed":71,"MedicalTests":{"Total/Accumulated":5764,"Confirmed/Accumulated":580}},"geometry":{"type":"Point","coordinates":[0.9927279220779222,49.13064012987015]}},{"type":"Feature","properties":{"Country/Region":"France","Province/State":"Eure-et-Loir","Code":"28","Population":{"Total":429425,"Under19":106266,"Under39":90617,"Under59":113525,"Under74":76422,"Over75":42595},"Beds":{"Resuscitation":20,"IntensiveCare":44,"Total":64},"Deaths":151,"Recovered":672,"Severe":54,"Critical":10,"Emergencies":{"Suspected":6,"Total":232,"Severe":2,"Suspected/Accumulated":852,"Total/Accumulated":66455,"Severe/Accumulated":269},"PCRTests":{"Total":226,"Confirmed":24,"Total/Accumulated":61495,"Confirmed/Accumulated":2555},"Confirmed":104,"MedicalTests":{"Total/Accumulated":4351,"Confirmed/Accumulated":653}},"geometry":{"type":"Point","coordinates":[1.3718229302325597,48.39856558139533]}},{"type":"Feature","properties":{"Country/Region":"France","Province/State":"Finistère","Code":"29","Population":{"Total":906554,"Under19":201332,"Under39":189857,"Under59":237308,"Under74":178715,"Over75":99342},"Beds":{"Resuscitation":66,"IntensiveCare":142,"Total":208},"Deaths":48,"Recovered":246,"Severe":34,"Critical":6,"Emergencies":{"Suspected":2,"Total":603,"Suspected/Accumulated":570,"Total/Accumulated":132204,"Severe/Accumulated":158},"MedicalActs":{"Suspected":4,"Total":141,"Suspected/Accumulated":1153,"Total/Accumulated":29161},"PCRTests":{"Total":354,"Confirmed":40,"Total/Accumulated":147105,"Confirmed/Accumulated":3398},"Confirmed":230,"MedicalTests":{"Total/Accumulated":44,"Confirmed/Accumulated":9}},"geometry":{"type":"Point","coordinates":[-4.16814140056023,48.26300924369748]}},{"type":"Feature","properties":{"Country/Region":"France","Province/State":"Gard","Code":"30","Population":{"Total":748468,"Under19":170615,"Under39":154480,"Under59":195429,"Under74":147114,"Over75":80830},"Beds":{"Resuscitation":49,"IntensiveCare":108,"Total":157},"Deaths":125,"Recovered":520,"Severe":118,"Critical":28,"Emergencies":{"Suspected":10,"Total":418,"Severe":3,"Suspected/Accumulated":1115,"Total/Accumulated":97406,"Severe/Accumulated":379},"MedicalActs":{"Suspected":10,"Total":98,"Suspected/Accumulated":1036,"Total/Accumulated":16314},"PCRTests":{"Total":295,"Confirmed":53,"Total/Accumulated":136063,"Confirmed/Accumulated":8563},"Confirmed":44,"MedicalTests":{"Total/Accumulated":11845,"Confirmed/Accumulated":327}},"geometry":{"type":"Point","coordinates":[4.0572744791666695,44.00851614583332]}},{"type":"Feature","properties":{"Country/Region":"France","Province/State":"Haute-Garonne","Code":"31","Population":{"Total":1400935,"Under19":335750,"Under39":398589,"Under59":358515,"Under74":197921,"Over75":110160},"Beds":{"Resuscitation":161,"IntensiveCare":430,"Total":591},"Deaths":126,"Recovered":1214,"Severe":185,"Critical":50,"Emergencies":{"Suspected":28,"Total":711,"Severe":17,"Suspected/Accumulated":4079,"Total/Accumulated":157877,"Severe/Accumulated":2262},"MedicalActs":{"Suspected":31,"Total":207,"Suspected/Accumulated":2330,"Total/Accumulated":29698},"PCRTests":{"Total":1094,"Confirmed":209,"Total/Accumulated":336902,"Confirmed/Accumulated":23347},"Confirmed":72,"MedicalTests":{"Total/Accumulated":11810,"Confirmed/Accumulated":341}},"geometry":{"type":"Point","coordinates":[1.1686918356164382,43.33252969863011]}},{"type":"Feature","properties":{"Country/Region":"France","Province/State":"Gers","Code":"32","Population":{"Total":190040,"Under19":37581,"Under39":32714,"Under59":51231,"Under74":41871,"Over75":26643},"Beds":{"Resuscitation":8,"IntensiveCare":8,"Total":16},"Deaths":33,"Recovered":106,"Severe":17,"Critical":2,"Emergencies":{"Suspected":2,"Total":80,"Suspected/Accumulated":558,"Total/Accumulated":16533,"Severe/Accumulated":391},"PCRTests":{"Total":23,"Total/Accumulated":30249,"Confirmed/Accumulated":1456},"Confirmed":14,"MedicalTests":{"Total/Accumulated":2554,"Confirmed/Accumulated":185}},"geometry":{"type":"Point","coordinates":[0.447782880658436,43.70601049382714]}},{"type":"Feature","properties":{"Country/Region":"France","Province/State":"Gironde","Code":"33","Population":{"Total":1633440,"Under19":380317,"Under39":415128,"Under59":425319,"Under74":267580,"Over75":145096},"Beds":{"Resuscitation":183,"IntensiveCare":262,"Total":445},"Deaths":232,"Recovered":1441,"Severe":193,"Critical":31,"Emergencies":{"Suspected":12,"Total":786,"Severe":6,"Suspected/Accumulated":4541,"Total/Accumulated":187546,"Severe/Accumulated":1824},"MedicalActs":{"Suspected":48,"Total":777,"Suspected/Accumulated":8071,"Total/Accumulated":156621},"PCRTests":{"Total":596,"Confirmed":74,"Total/Accumulated":331776,"Confirmed/Accumulated":18480},"Confirmed":106,"MedicalTests":{"Total/Accumulated":8091,"Confirmed/Accumulated":348}},"geometry":{"type":"Point","coordinates":[-0.41644369747899174,44.756299705882356]}},{"type":"Feature","properties":{"Country/Region":"France","Province/State":"Hérault","Code":"34","Population":{"Total":1176145,"Under19":268258,"Under39":286299,"Under59":292794,"Under74":208723,"Over75":120071},"Beds":{"Resuscitation":124,"IntensiveCare":342,"Total":466},"Deaths":179,"Recovered":1090,"Severe":187,"Critical":54,"Emergencies":{"Suspected":21,"Total":701,"Severe":9,"Suspected/Accumulated":2659,"Total/Accumulated":179603,"Severe/Accumulated":892},"MedicalActs":{"Suspected":9,"Total":160,"Suspected/Accumulated":1215,"Total/Accumulated":22321},"PCRTests":{"Total":779,"Confirmed":107,"Total/Accumulated":270385,"Confirmed/Accumulated":14829},"Confirmed":171,"MedicalTests":{"Total/Accumulated":38656,"Confirmed/Accumulated":1264}},"geometry":{"type":"Point","coordinates":[3.2725271495327104,43.601788971962634]}},{"type":"Feature","properties":{"Country/Region":"France","Province/State":"Ille-et-Vilaine","Code":"35","Population":{"Total":1082073,"Under19":274429,"Under39":270693,"Under59":278610,"Under74":165623,"Over75":92718},"Beds":{"Resuscitation":60,"IntensiveCare":224,"Total":284},"Deaths":110,"Recovered":653,"Severe":95,"Critical":16,"Emergencies":{"Suspected":12,"Total":515,"Severe":8,"Suspected/Accumulated":2179,"Total/Accumulated":121712,"Severe/Accumulated":1195},"MedicalActs":{"Suspected":12,"Total":206,"Suspected/Accumulated":1849,"Total/Accumulated":35448},"PCRTests":{"Total":387,"Confirmed":49,"Total/Accumulated":197016,"Confirmed/Accumulated":10148},"Confirmed":208,"MedicalTests":{"Total/Accumulated":429,"Confirmed/Accumulated":10}},"geometry":{"type":"Point","coordinates":[-1.7401927338129495,48.18315345323742]}},{"type":"Feature","properties":{"Country/Region":"France","Province/State":"Indre","Code":"36","Population":{"Total":217139,"Under19":42951,"Under39":38506,"Under59":56292,"Under74":48986,"Over75":30404},"Beds":{"Resuscitation":10,"IntensiveCare":18,"Total":28},"Deaths":82,"Recovered":211,"Severe":17,"Critical":5,"Emergencies":{"Suspected":1,"Total":79,"Severe":1,"Suspected/Accumulated":146,"Total/Accumulated":21042,"Severe/Accumulated":71},"PCRTests":{"Total":16,"Confirmed":3,"Total/Accumulated":24100,"Confirmed/Accumulated":758},"Confirmed":80,"MedicalTests":{"Total/Accumulated":3671,"Confirmed/Accumulated":373}},"geometry":{"type":"Point","coordinates":[1.576445147679325,46.764304345991526]}},{"type":"Feature","properties":{"Country/Region":"France","Province/State":"Indre-et-Loire","Code":"37","Population":{"Total":605380,"Under19":142122,"Under39":136574,"Under59":153731,"Under74":108623,"Over75":64330},"Beds":{"Resuscitation":79,"IntensiveCare":116,"Total":195},"Deaths":104,"Recovered":484,"Severe":43,"Critical":13,"Emergencies":{"Suspected":1,"Total":239,"Suspected/Accumulated":1239,"Total/Accumulated":67831,"Severe/Accumulated":437},"MedicalActs":{"Suspected":7,"Total":163,"Suspected/Accumulated":1356,"Total/Accumulated":33910},"PCRTests":{"Total":138,"Confirmed":31,"Total/Accumulated":119140,"Confirmed/Accumulated":4905},"Confirmed":123,"MedicalTests":{"Total/Accumulated":4143,"Confirmed/Accumulated":118}},"geometry":{"type":"Point","coordinates":[0.6915947413793099,47.23521443965518]}},{"type":"Feature","properties":{"Country/Region":"France","Province/State":"Isère","Code":"38","Population":{"Total":1264979,"Under19":319977,"Under39":298730,"Under59":332378,"Under74":201842,"Over75":112052},"Beds":{"Resuscitation":74,"IntensiveCare":178,"Total":252},"Deaths":206,"Recovered":1097,"Severe":264,"Critical":43,"Emergencies":{"Suspected":37,"Total":645,"Severe":20,"Suspected/Accumulated":2683,"Total/Accumulated":161349,"Severe/Accumulated":1015},"MedicalActs":{"Suspected":45,"Total":200,"Suspected/Accumulated":3600,"Total/Accumulated":39506},"PCRTests":{"Total":345,"Confirmed":104,"Total/Accumulated":210425,"Confirmed/Accumulated":19322},"Confirmed":190,"MedicalTests":{"Total/Accumulated":1901,"Confirmed/Accumulated":138}},"geometry":{"type":"Point","coordinates":[5.557470704225359,45.27668616197182]}},{"type":"Feature","properties":{"Country/Region":"France","Province/State":"Jura","Code":"39","Population":{"Total":257849,"Under19":57639,"Under39":51064,"Under59":68521,"Under74":50575,"Over75":30050},"Beds":{"Resuscitation":8,"IntensiveCare":18,"Total":26},"Deaths":62,"Recovered":356,"Severe":35,"Critical":2,"Emergencies":{"Suspected":11,"Total":171,"Severe":5,"Suspected/Accumulated":1006,"Total/Accumulated":41133,"Severe/Accumulated":372},"PCRTests":{"Total":93,"Confirmed":14,"Total/Accumulated":42564,"Confirmed/Accumulated":1564},"MedicalTests":{"Total/Accumulated":1465,"Confirmed/Accumulated":150}},"geometry":{"type":"Point","coordinates":[5.6395758823529425,46.756161447963784]}},{"type":"Feature","properties":{"Country/Region":"France","Province/State":"Landes","Code":"40","Population":{"Total":411979,"Under19":85144,"Under39":78495,"Under59":112191,"Under74":86896,"Over75":49253},"Beds":{"Resuscitation":14,"IntensiveCare":32,"Total":46},"Deaths":19,"Recovered":107,"Severe":46,"Critical":4,"Emergencies":{"Total":166,"Suspected/Accumulated":728,"Total/Accumulated":42449,"Severe/Accumulated":437},"PCRTests":{"Total":56,"Confirmed":7,"Total/Accumulated":67101,"Confirmed/Accumulated":2828},"Confirmed":20,"MedicalTests":{"Total/Accumulated":870,"Confirmed/Accumulated":24}},"geometry":{"type":"Point","coordinates":[-0.5772234449760769,43.8801859808612]}},{"type":"Feature","properties":{"Country/Region":"France","Province/State":"Loir-et-Cher","Code":"41","Population":{"Total":327835,"Under19":72953,"Under39":62903,"Under59":86073,"Under74":65923,"Over75":39983},"Beds":{"Resuscitation":12,"IntensiveCare":16,"Total":28},"Deaths":72,"Recovered":373,"Severe":17,"Emergencies":{"Suspected":3,"Total":189,"Suspected/Accumulated":1006,"Total/Accumulated":47431,"Severe/Accumulated":129},"PCRTests":{"Total":57,"Confirmed":10,"Total/Accumulated":39393,"Confirmed/Accumulated":1505},"Confirmed":55,"MedicalTests":{"Total/Accumulated":1428,"Confirmed/Accumulated":55}},"geometry":{"type":"Point","coordinates":[1.3938662132352944,47.653275698529406]}},{"type":"Feature","properties":{"Country/Region":"France","Province/State":"Loire","Code":"42","Population":{"Total":764737,"Under19":186049,"Under39":167975,"Under59":190702,"Under74":136240,"Over75":83771},"Beds":{"Resuscitation":70,"IntensiveCare":120,"Total":190},"Deaths":316,"Recovered":1317,"Severe":367,"Critical":53,"Emergencies":{"Suspected":33,"Total":563,"Severe":25,"Suspected/Accumulated":2623,"Total/Accumulated":136701,"Severe/Accumulated":1415},"MedicalActs":{"Suspected":38,"Total":160,"Suspected/Accumulated":1352,"Total/Accumulated":25266},"PCRTests":{"Total":435,"Confirmed":154,"Total/Accumulated":159102,"Confirmed/Accumulated":14805},"Confirmed":363,"MedicalTests":{"Total/Accumulated":719,"Confirmed/Accumulated":46}},"geometry":{"type":"Point","coordinates":[4.189998267716536,45.74292366141733]}},{"type":"Feature","properties":{"Country/Region":"France","Province/State":"Haute-Loire","Code":"43","Population":{"Total":226901,"Under19":49659,"Under39":43248,"Under59":60903,"Under74":46857,"Over75":26234},"Beds":{"Resuscitation":8,"IntensiveCare":20,"Total":28},"Deaths":22,"Recovered":149,"Severe":26,"Critical":3,"Emergencies":{"Suspected":2,"Total":32,"Severe":2,"Suspected/Accumulated":31,"Total/Accumulated":6062,"Severe/Accumulated":16},"PCRTests":{"Total":52,"Confirmed":12,"Total/Accumulated":36058,"Confirmed/Accumulated":2507},"Confirmed":23,"MedicalTests":{"Total/Accumulated":1400,"Confirmed/Accumulated":50}},"geometry":{"type":"Point","coordinates":[3.7869054017857136,45.15054486607143]}},{"type":"Feature","properties":{"Country/Region":"France","Province/State":"Loire-Atlantique","Code":"44","Population":{"Total":1437137,"Under19":363681,"Under39":357664,"Under59":368059,"Under74":227458,"Over75":120275},"Beds":{"Resuscitation":77,"IntensiveCare":262,"Total":339},"Deaths":194,"Recovered":932,"Severe":117,"Critical":20,"Emergencies":{"Suspected":12,"Total":481,"Severe":6,"Suspected/Accumulated":3109,"Total/Accumulated":108995,"Severe/Accumulated":1747},"MedicalActs":{"Suspected":33,"Total":582,"Suspected/Accumulated":6424,"Total/Accumulated":111722},"PCRTests":{"Total":617,"Confirmed":78,"Total/Accumulated":249805,"Confirmed/Accumulated":10666},"Confirmed":633,"MedicalTests":{"Total/Accumulated":844,"Confirmed/Accumulated":39}},"geometry":{"type":"Point","coordinates":[-1.6902253409090902,47.33230598484852]}},{"type":"Feature","properties":{"Country/Region":"France","Province/State":"Loiret","Code":"45","Population":{"Total":682890,"Under19":172345,"Under39":155348,"Under59":174617,"Under74":115984,"Over75":64596},"Beds":{"Resuscitation":47,"IntensiveCare":120,"Total":167},"Deaths":114,"Recovered":774,"Severe":78,"Critical":22,"Emergencies":{"Suspected":10,"Total":340,"Severe":5,"Suspected/Accumulated":1596,"Total/Accumulated":78460,"Severe/Accumulated":796},"MedicalActs":{"Suspected":8,"Total":73,"Suspected/Accumulated":699,"Total/Accumulated":11295},"PCRTests":{"Total":964,"Confirmed":143,"Total/Accumulated":146120,"Confirmed/Accumulated":6849},"Confirmed":258,"MedicalTests":{"Total/Accumulated":3447,"Confirmed/Accumulated":325}},"geometry":{"type":"Point","coordinates":[2.383405222672066,47.91302979757084]}},{"type":"Feature","properties":{"Country/Region":"France","Province/State":"Lot","Code":"46","Population":{"Total":173166,"Under19":31861,"Under39":29365,"Under59":44533,"Under74":41623,"Over75":25784},"Beds":{"Resuscitation":8,"IntensiveCare":8,"Total":16},"Deaths":22,"Recovered":132,"Severe":6,"Critical":2,"Emergencies":{"Total":107,"Suspected/Accumulated":351,"Total/Accumulated":27102,"Severe/Accumulated":85},"PCRTests":{"Total":12,"Confirmed":3,"Total/Accumulated":23034,"Confirmed/Accumulated":670},"Confirmed":4,"MedicalTests":{"Total/Accumulated":612,"Confirmed/Accumulated":19}},"geometry":{"type":"Point","coordinates":[1.5901290212765966,44.59231876595746]}},{"type":"Feature","properties":{"Country/Region":"France","Province/State":"Lot-et-Garonne","Code":"47","Population":{"Total":330336,"Under19":69990,"Under39":64149,"Under59":84272,"Under74":68912,"Over75":43013},"Beds":{"Resuscitation":11,"IntensiveCare":36,"Total":47},"Deaths":19,"Recovered":134,"Severe":22,"Critical":4,"Emergencies":{"Total":190,"Suspected/Accumulated":1134,"Total/Accumulated":48295,"Severe/Accumulated":358},"PCRTests":{"Total":51,"Confirmed":4,"Total/Accumulated":40089,"Confirmed/Accumulated":2009},"Confirmed":65,"MedicalTests":{"Total/Accumulated":1173,"Confirmed/Accumulated":16}},"geometry":{"type":"Point","coordinates":[0.4871552444444442,44.39576413333333]}},{"type":"Feature","properties":{"Country/Region":"France","Province/State":"Lozère","Code":"48","Population":{"Total":76286,"Under19":15582,"Under39":14895,"Under59":20255,"Under74":15962,"Over75":9592},"Beds":{"Resuscitation":3,"IntensiveCare":0,"Total":3},"Deaths":6,"Recovered":36,"Severe":18,"Emergencies":{"Total":33,"Suspected/Accumulated":61,"Total/Accumulated":6478,"Severe/Accumulated":16},"PCRTests":{"Total":14,"Confirmed":2,"Total/Accumulated":10907,"Confirmed/Accumulated":489},"Confirmed":8,"MedicalTests":{"Total/Accumulated":657,"Confirmed/Accumulated":4}},"geometry":{"type":"Point","coordinates":[3.494722131979694,44.51333609137059]}},{"type":"Feature","properties":{"Country/Region":"France","Province/State":"Maine-et-Loire","Code":"49","Population":{"Total":815881,"Under19":204162,"Under39":184600,"Under59":204421,"Under74":138603,"Over75":84095},"Beds":{"Resuscitation":61,"IntensiveCare":196,"Total":257},"Deaths":158,"Recovered":824,"Severe":84,"Critical":15,"Emergencies":{"Suspected":2,"Total":331,"Severe":2,"Suspected/Accumulated":1843,"Total/Accumulated":77672,"Severe/Accumulated":822},"PCRTests":{"Total":131,"Confirmed":7,"Total/Accumulated":141475,"Confirmed/Accumulated":6388},"Confirmed":222,"MedicalTests":{"Total/Accumulated":145,"Confirmed/Accumulated":13}},"geometry":{"type":"Point","coordinates":[-0.6000336862745095,47.406434431372546]}},{"type":"Feature","properties":{"Country/Region":"France","Province/State":"Manche","Code":"50","Population":{"Total":490669,"Under19":105402,"Under39":96439,"Under59":126734,"Under74":101121,"Over75":60973},"Beds":{"Resuscitation":28,"IntensiveCare":52,"Total":80},"Deaths":57,"Recovered":213,"Severe":34,"Critical":6,"Emergencies":{"Suspected":5,"Total":309,"Severe":4,"Suspected/Accumulated":920,"Total/Accumulated":76807,"Severe/Accumulated":779},"MedicalActs":{"Suspected":5,"Total":117,"Suspected/Accumulated":1998,"Total/Accumulated":24380},"PCRTests":{"Total":128,"Confirmed":19,"Total/Accumulated":65540,"Confirmed/Accumulated":1654},"Confirmed":107,"MedicalTests":{"Total/Accumulated":1735,"Confirmed/Accumulated":120}},"geometry":{"type":"Point","coordinates":[-1.3097769083969464,49.05127938931302]}},{"type":"Feature","properties":{"Country/Region":"France","Province/State":"Marne","Code":"51","Population":{"Total":563823,"Under19":136695,"Under39":137533,"Under59":142415,"Under74":97015,"Over75":50165},"Beds":{"Resuscitation":54,"IntensiveCare":78,"Total":132},"Deaths":292,"Recovered":1156,"Severe":62,"Critical":14,"Emergencies":{"Suspected":6,"Total":279,"Severe":2,"Suspected/Accumulated":1068,"Total/Accumulated":63758,"Severe/Accumulated":501},"MedicalActs":{"Suspected":7,"Total":54,"Suspected/Accumulated":408,"Total/Accumulated":7958},"PCRTests":{"Total":167,"Confirmed":20,"Total/Accumulated":107113,"Confirmed/Accumulated":4485},"Confirmed":37,"MedicalTests":{"Total/Accumulated":1760,"Confirmed/Accumulated":353}},"geometry":{"type":"Point","coordinates":[4.209888097014927,48.936171417910444]}},{"type":"Feature","properties":{"Country/Region":"France","Province/State":"Haute-Marne","Code":"52","Population":{"Total":169250,"Under19":34865,"Under39":34065,"Under59":44268,"Under74":35981,"Over75":20071},"Beds":{"Resuscitation":8,"IntensiveCare":12,"Total":20},"Deaths":95,"Recovered":286,"Severe":27,"Critical":2,"Emergencies":{"Total":83,"Suspected/Accumulated":833,"Total/Accumulated":23933,"Severe/Accumulated":203},"PCRTests":{"Total":23,"Confirmed":1,"Total/Accumulated":24527,"Confirmed/Accumulated":816},"Confirmed":7,"MedicalTests":{"Total/Accumulated":223,"Confirmed/Accumulated":37}},"geometry":{"type":"Point","coordinates":[5.203108577075099,48.126414822134386]}},{"type":"Feature","properties":{"Country/Region":"France","Province/State":"Mayenne","Code":"53","Population":{"Total":305365,"Under19":74868,"Under39":61839,"Under59":78619,"Under74":55705,"Over75":34334},"Beds":{"Resuscitation":8,"IntensiveCare":16,"Total":24},"Deaths":50,"Recovered":281,"Severe":18,"Critical":3,"Emergencies":{"Suspected":5,"Total":194,"Severe":1,"Suspected/Accumulated":1074,"Total/Accumulated":32400,"Severe/Accumulated":315},"PCRTests":{"Total":237,"Confirmed":19,"Total/Accumulated":87772,"Confirmed/Accumulated":2953},"Confirmed":182,"MedicalTests":{"Total/Accumulated":521,"Confirmed/Accumulated":14}},"geometry":{"type":"Point","coordinates":[-0.6361607305936071,48.153668493150704]}},{"type":"Feature","properties":{"Country/Region":"France","Province/State":"Meurthe-et-Moselle","Code":"54","Population":{"Total":730398,"Under19":170693,"Under39":185629,"Under59":182526,"Under74":124808,"Over75":66742},"Beds":{"Resuscitation":83,"IntensiveCare":172,"Total":255},"Deaths":375,"Recovered":1399,"Severe":70,"Critical":8,"Emergencies":{"Suspected":12,"Total":375,"Severe":3,"Suspected/Accumulated":1694,"Total/Accumulated":82393,"Severe/Accumulated":818},"MedicalActs":{"Suspected":14,"Total":175,"Suspected/Accumulated":1998,"Total/Accumulated":28185},"PCRTests":{"Total":185,"Confirmed":18,"Total/Accumulated":177797,"Confirmed/Accumulated":5568},"Confirmed":85,"MedicalTests":{"Total/Accumulated":2356,"Confirmed/Accumulated":186}},"geometry":{"type":"Point","coordinates":[6.092894571428565,48.892416158730185]}},{"type":"Feature","properties":{"Country/Region":"France","Province/State":"Meuse","Code":"55","Population":{"Total":181641,"Under19":40375,"Under39":37641,"Under59":47696,"Under74":36898,"Over75":19031},"Beds":{"Resuscitation":8,"IntensiveCare":20,"Total":28},"Deaths":106,"Recovered":528,"Severe":17,"Critical":1,"Emergencies":{"Suspected":2,"Total":85,"Severe":2,"Suspected/Accumulated":468,"Total/Accumulated":21315,"Severe/Accumulated":223},"PCRTests":{"Total":27,"Confirmed":2,"Total/Accumulated":33399,"Confirmed/Accumulated":817},"Confirmed":18,"MedicalTests":{"Total/Accumulated":808,"Confirmed/Accumulated":77}},"geometry":{"type":"Point","coordinates":[5.380316626506025,49.03635373493975]}},{"type":"Feature","properties":{"Country/Region":"France","Province/State":"Morbihan","Code":"56","Population":{"Total":755566,"Under19":166653,"Under39":145287,"Under59":197813,"Under74":159285,"Over75":86528},"Beds":{"Resuscitation":22,"IntensiveCare":64,"Total":86},"Deaths":104,"Recovered":519,"Severe":59,"Critical":6,"Emergencies":{"Suspected":1,"Total":350,"Severe":1,"Suspected/Accumulated":3679,"Total/Accumulated":82421,"Severe/Accumulated":575},"MedicalActs":{"Suspected":2,"Total":103,"Suspected/Accumulated":767,"Total/Accumulated":18722},"PCRTests":{"Total":282,"Confirmed":25,"Total/Accumulated":105815,"Confirmed/Accumulated":3113},"Confirmed":313,"MedicalTests":{"Total/Accumulated":48,"Confirmed/Accumulated":3}},"geometry":{"type":"Point","coordinates":[-2.8780210594315263,47.764317932816574]}},{"type":"Feature","properties":{"Country/Region":"France","Province/State":"Moselle","Code":"57","Population":{"Total":1035866,"Under19":229681,"Under39":243525,"Under59":278966,"Under74":186864,"Over75":96830},"Beds":{"Resuscitation":88,"IntensiveCare":112,"Total":200},"Deaths":877,"Recovered":2753,"Severe":65,"Critical":13,"Emergencies":{"Suspected":16,"Total":654,"Severe":8,"Suspected/Accumulated":5377,"Total/Accumulated":141892,"Severe/Accumulated":2407},"PCRTests":{"Total":242,"Confirmed":25,"Total/Accumulated":199689,"Confirmed/Accumulated":5507},"Confirmed":295,"MedicalTests":{"Total/Accumulated":3848,"Confirmed/Accumulated":665}},"geometry":{"type":"Point","coordinates":[6.73973678343949,49.04168831210189]}},{"type":"Feature","properties":{"Country/Region":"France","Province/State":"Nièvre","Code":"58","Population":{"Total":199596,"Under19":38191,"Under39":34484,"Under59":50426,"Under74":47745,"Over75":28750},"Beds":{"Resuscitation":12,"IntensiveCare":32,"Total":44},"Deaths":29,"Recovered":125,"Severe":14,"Critical":4,"Emergencies":{"Suspected":1,"Total":152,"Severe":1,"Suspected/Accumulated":1108,"Total/Accumulated":38073,"Severe/Accumulated":437},"PCRTests":{"Total":48,"Confirmed":1,"Total/Accumulated":32798,"Confirmed/Accumulated":919},"Confirmed":2,"MedicalTests":{"Total/Accumulated":2556,"Confirmed/Accumulated":167}},"geometry":{"type":"Point","coordinates":[3.547376999999999,47.143300999999994]}},{"type":"Feature","properties":{"Country/Region":"France","Province/State":"Nord","Code":"59","Population":{"Total":2588988,"Under19":675470,"Under39":665053,"Under59":646791,"Under74":405380,"Over75":196294},"Beds":{"Resuscitation":225,"IntensiveCare":698,"Total":923},"Deaths":788,"Recovered":3489,"Severe":661,"Critical":120,"Emergencies":{"Suspected":45,"Total":1410,"Severe":28,"Suspected/Accumulated":8385,"Total/Accumulated":365871,"Severe/Accumulated":3152},"MedicalActs":{"Suspected":46,"Total":490,"Suspected/Accumulated":4978,"Total/Accumulated":99725},"PCRTests":{"Total":4719,"Confirmed":893,"Total/Accumulated":691071,"Confirmed/Accumulated":52257},"Confirmed":39,"MedicalTests":{"Total/Accumulated":5598,"Confirmed/Accumulated":535}},"geometry":{"type":"Point","coordinates":[3.1893953197674403,50.453616308139516]}},{"type":"Feature","properties":{"Country/Region":"France","Province/State":"Oise","Code":"60","Population":{"Total":825077,"Under19":214776,"Under39":193026,"Under59":221783,"Under74":134365,"Over75":61127},"Beds":{"Resuscitation":36,"IntensiveCare":92,"Total":128},"Deaths":446,"Recovered":1369,"Severe":137,"Critical":22,"Emergencies":{"Suspected":5,"Total":111,"Severe":2,"Suspected/Accumulated":865,"Total/Accumulated":36586,"Severe/Accumulated":458},"PCRTests":{"Total":302,"Confirmed":42,"Total/Accumulated":127254,"Confirmed/Accumulated":7659},"Confirmed":210,"MedicalTests":{"Total/Accumulated":10089,"Confirmed/Accumulated":1313}},"geometry":{"type":"Point","coordinates":[2.463008007117438,49.41459999999999]}},{"type":"Feature","properties":{"Country/Region":"France","Province/State":"Orne","Code":"61","Population":{"Total":276903,"Under19":59830,"Under39":51781,"Under59":70741,"Under74":58679,"Over75":35872},"Beds":{"Resuscitation":16,"IntensiveCare":24,"Total":40},"Deaths":50,"Recovered":292,"Severe":22,"Critical":5,"Emergencies":{"Suspected":4,"Total":223,"Severe":2,"Suspected/Accumulated":395,"Total/Accumulated":41156,"Severe/Accumulated":56},"PCRTests":{"Total":74,"Confirmed":8,"Total/Accumulated":46142,"Confirmed/Accumulated":1307},"Confirmed":28,"MedicalTests":{"Total/Accumulated":1414,"Confirmed/Accumulated":96}},"geometry":{"type":"Point","coordinates":[0.01997467181467186,48.611762664092666]}},{"type":"Feature","properties":{"Country/Region":"France","Province/State":"Pas-de-Calais","Code":"62","Population":{"Total":1452778,"Under19":367229,"Under39":336274,"Under59":374200,"Under74":255788,"Over75":119287},"Beds":{"Resuscitation":85,"IntensiveCare":274,"Total":359},"Deaths":369,"Recovered":1780,"Severe":217,"Critical":30,"Emergencies":{"Suspected":9,"Total":379,"Severe":1,"Suspected/Accumulated":1247,"Total/Accumulated":99948,"Severe/Accumulated":254},"PCRTests":{"Total":456,"Confirmed":68,"Total/Accumulated":278985,"Confirmed/Accumulated":15163},"Confirmed":8,"MedicalTests":{"Total/Accumulated":6968,"Confirmed/Accumulated":567}},"geometry":{"type":"Point","coordinates":[2.4712310954063605,50.40984130742051]}},{"type":"Feature","properties":{"Country/Region":"France","Province/State":"Puy-de-Dôme","Code":"63","Population":{"Total":660240,"Under19":147680,"Under39":153022,"Under59":169492,"Under74":122442,"Over75":67604},"Beds":{"Resuscitation":77,"IntensiveCare":104,"Total":181},"Deaths":71,"Recovered":318,"Severe":131,"Critical":11,"Emergencies":{"Suspected":8,"Total":164,"Severe":1,"Suspected/Accumulated":666,"Total/Accumulated":34716,"Severe/Accumulated":311},"MedicalActs":{"Suspected":25,"Total":104,"Suspected/Accumulated":1119,"Total/Accumulated":19655},"PCRTests":{"Total":415,"Confirmed":77,"Total/Accumulated":125845,"Confirmed/Accumulated":6093},"Confirmed":105,"MedicalTests":{"Total/Accumulated":8601,"Confirmed/Accumulated":234}},"geometry":{"type":"Point","coordinates":[3.143235039370079,45.73685830708661]}},{"type":"Feature","properties":{"Country/Region":"France","Province/State":"Pyrénées-Atlantiques","Code":"64","Population":{"Total":683169,"Under19":144945,"Under39":141910,"Under59":182850,"Under74":130868,"Over75":82596},"Beds":{"Resuscitation":35,"IntensiveCare":110,"Total":145},"Deaths":45,"Recovered":342,"Severe":55,"Critical":8,"Emergencies":{"Suspected":7,"Total":477,"Severe":4,"Suspected/Accumulated":995,"Total/Accumulated":102691,"Severe/Accumulated":470},"MedicalActs":{"Suspected":29,"Total":335,"Suspected/Accumulated":4950,"Total/Accumulated":66847},"PCRTests":{"Total":100,"Confirmed":6,"Total/Accumulated":141120,"Confirmed/Accumulated":6038},"Confirmed":41,"MedicalTests":{"Total/Accumulated":9041,"Confirmed/Accumulated":231}},"geometry":{"type":"Point","coordinates":[-0.7610906397306391,43.26238828282827]}},{"type":"Feature","properties":{"Country/Region":"France","Province/State":"Hautes-Pyrénées","Code":"65","Population":{"Total":226839,"Under19":44839,"Under39":42373,"Under59":59329,"Under74":49523,"Over75":30775},"Beds":{"Resuscitation":12,"IntensiveCare":44,"Total":56},"Deaths":27,"Recovered":185,"Severe":21,"Critical":3,"Emergencies":{"Total":102,"Suspected/Accumulated":48,"Total/Accumulated":24536,"Severe/Accumulated":21},"PCRTests":{"Total":43,"Confirmed":4,"Total/Accumulated":39255,"Confirmed/Accumulated":1620},"Confirmed":11,"MedicalTests":{"Total/Accumulated":2990,"Confirmed/Accumulated":182}},"geometry":{"type":"Point","coordinates":[0.15248105932203385,43.134416483050856]}},{"type":"Feature","properties":{"Country/Region":"France","Province/State":"Pyrénées-Orientales","Code":"66","Population":{"Total":479000,"Under19":102236,"Under39":93899,"Under59":121501,"Under74":99671,"Over75":61693},"Beds":{"Resuscitation":32,"IntensiveCare":64,"Total":96},"Deaths":42,"Recovered":345,"Severe":43,"Critical":11,"Emergencies":{"Suspected":6,"Total":275,"Severe":2,"Suspected/Accumulated":578,"Total/Accumulated":75586,"Severe/Accumulated":238},"MedicalActs":{"Suspected":5,"Total":125,"Suspected/Accumulated":929,"Total/Accumulated":24330},"PCRTests":{"Total":41,"Confirmed":9,"Total/Accumulated":87943,"Confirmed/Accumulated":4438},"Confirmed":35,"MedicalTests":{"Total/Accumulated":5770,"Confirmed/Accumulated":35}},"geometry":{"type":"Point","coordinates":[2.4354706043956034,42.554231208791215]}},{"type":"Feature","properties":{"Country/Region":"France","Province/State":"Bas-Rhin","Code":"67","Population":{"Total":1132607,"Under19":258105,"Under39":285390,"Under59":300661,"Under74":188150,"Over75":100301},"Beds":{"Resuscitation":122,"IntensiveCare":208,"Total":330},"Deaths":714,"Recovered":2948,"Severe":80,"Critical":12,"Emergencies":{"Suspected":9,"Total":449,"Severe":4,"Suspected/Accumulated":2855,"Total/Accumulated":93468,"Severe/Accumulated":1751},"MedicalActs":{"Suspected":21,"Total":396,"Suspected/Accumulated":4022,"Total/Accumulated":63085},"PCRTests":{"Total":246,"Confirmed":22,"Total/Accumulated":270343,"Confirmed/Accumulated":7675},"Confirmed":376,"MedicalTests":{"Total/Accumulated":3888,"Confirmed/Accumulated":553}},"geometry":{"type":"Point","coordinates":[7.447409099526063,48.70509469194314]}},{"type":"Feature","properties":{"Country/Region":"France","Province/State":"Haut-Rhin","Code":"68","Population":{"Total":763204,"Under19":175817,"Under39":172286,"Under59":209152,"Under74":134185,"Over75":71764},"Beds":{"Resuscitation":70,"IntensiveCare":136,"Total":206},"Deaths":844,"Recovered":3270,"Severe":38,"Critical":6,"Emergencies":{"Suspected":10,"Total":407,"Severe":4,"Suspected/Accumulated":3388,"Total/Accumulated":88517,"Severe/Accumulated":2112},"MedicalActs":{"Suspected":11,"Total":133,"Suspected/Accumulated":2629,"Total/Accumulated":24687},"PCRTests":{"Total":102,"Confirmed":6,"Total/Accumulated":146469,"Confirmed/Accumulated":3799},"Confirmed":700,"MedicalTests":{"Total/Accumulated":4045,"Confirmed/Accumulated":960}},"geometry":{"type":"Point","coordinates":[7.263731571428571,47.83921192857142]}},{"type":"Feature","properties":{"Country/Region":"France","Province/State":"Rhône","Code":"69","Population":{"Total":1876051,"Under19":478142,"Under39":523161,"Under59":455898,"Under74":259877,"Over75":158973},"Beds":{"Resuscitation":192,"IntensiveCare":422,"Total":614},"Deaths":812,"Recovered":4243,"Severe":651,"Critical":126,"Emergencies":{"Suspected":91,"Total":1087,"Severe":41,"Suspected/Accumulated":7865,"Total/Accumulated":237308,"Severe/Accumulated":3272},"MedicalActs":{"Suspected":49,"Total":308,"Suspected/Accumulated":6583,"Total/Accumulated":71725},"PCRTests":{"Total":512,"Confirmed":134,"Total/Accumulated":455931,"Confirmed/Accumulated":40605},"Confirmed":532,"MedicalTests":{"Total/Accumulated":2582,"Confirmed/Accumulated":345}},"geometry":{"type":"Point","coordinates":[4.660707512690354,45.8811785786802]}},{"type":"Feature","properties":{"Country/Region":"France","Province/State":"Haute-Saône","Code":"70","Population":{"Total":233194,"Under19":52426,"Under39":45311,"Under59":62843,"Under74":47643,"Over75":24971},"Beds":{"Resuscitation":12,"IntensiveCare":24,"Total":36},"Deaths":79,"Recovered":320,"Severe":22,"Critical":1,"Emergencies":{"Suspected":2,"Total":120,"Severe":1,"Suspected/Accumulated":985,"Total/Accumulated":27092,"Severe/Accumulated":560},"PCRTests":{"Total":64,"Confirmed":1,"Total/Accumulated":38620,"Confirmed/Accumulated":794},"MedicalTests":{"Total/Accumulated":3094,"Confirmed/Accumulated":278}},"geometry":{"type":"Point","coordinates":[6.0410172972972935,47.62793234234234]}},{"type":"Feature","properties":{"Country/Region":"France","Province/State":"Saône-et-Loire","Code":"71","Population":{"Total":547824,"Under19":117389,"Under39":104206,"Under59":141715,"Under74":114530,"Over75":69984},"Beds":{"Resuscitation":26,"IntensiveCare":44,"Total":70},"Deaths":229,"Recovered":918,"Severe":107,"Critical":9,"Emergencies":{"Suspected":17,"Total":410,"Severe":11,"Suspected/Accumulated":3792,"Total/Accumulated":87786,"Severe/Accumulated":1654},"PCRTests":{"Total":155,"Confirmed":22,"Total/Accumulated":93723,"Confirmed/Accumulated":5145},"MedicalTests":{"Total/Accumulated":3733,"Confirmed/Accumulated":254}},"geometry":{"type":"Point","coordinates":[4.528318691588785,46.63876112149533]}},{"type":"Feature","properties":{"Country/Region":"France","Province/State":"Sarthe","Code":"72","Population":{"Total":560227,"Under19":135636,"Under39":116946,"Under59":143032,"Under74":103587,"Over75":61026},"Beds":{"Resuscitation":17,"IntensiveCare":54,"Total":71},"Deaths":100,"Recovered":554,"Severe":64,"Critical":4,"Emergencies":{"Suspected":7,"Total":318,"Severe":6,"Suspected/Accumulated":3683,"Total/Accumulated":74054,"Severe/Accumulated":2235},"PCRTests":{"Total":214,"Confirmed":23,"Total/Accumulated":108258,"Confirmed/Accumulated":4541},"Confirmed":422,"MedicalTests":{"Total/Accumulated":84,"Confirmed/Accumulated":3}},"geometry":{"type":"Point","coordinates":[0.1986467741935485,47.9763005529954]}},{"type":"Feature","properties":{"Country/Region":"France","Province/State":"Savoie","Code":"73","Population":{"Total":432548,"Under19":98346,"Under39":96013,"Under59":117417,"Under74":76722,"Over75":44050},"Beds":{"Resuscitation":18,"IntensiveCare":36,"Total":54},"Deaths":90,"Recovered":510,"Severe":96,"Critical":9,"Emergencies":{"Suspected":8,"Total":172,"Severe":1,"Suspected/Accumulated":933,"Total/Accumulated":43571,"Severe/Accumulated":296},"MedicalActs":{"Suspected":33,"Total":122,"Suspected/Accumulated":1478,"Total/Accumulated":20368},"PCRTests":{"Total":314,"Confirmed":82,"Total/Accumulated":68476,"Confirmed/Accumulated":4097},"Confirmed":114,"MedicalTests":{"Total/Accumulated":373,"Confirmed/Accumulated":39}},"geometry":{"type":"Point","coordinates":[6.4038603585657325,45.50301760956176]}},{"type":"Feature","properties":{"Country/Region":"France","Province/State":"Haute-Savoie","Code":"74","Population":{"Total":828405,"Under19":203837,"Under39":209477,"Under59":227355,"Under74":122439,"Over75":65297},"Beds":{"Resuscitation":34,"IntensiveCare":82,"Total":116},"Deaths":179,"Recovered":1054,"Severe":69,"Critical":8,"Emergencies":{"Suspected":22,"Total":576,"Severe":3,"Suspected/Accumulated":3574,"Total/Accumulated":143209,"Severe/Accumulated":1009},"MedicalActs":{"Suspected":21,"Total":185,"Suspected/Accumulated":2075,"Total/Accumulated":30522},"PCRTests":{"Total":180,"Confirmed":52,"Total/Accumulated":126470,"Confirmed/Accumulated":6388},"Confirmed":310,"MedicalTests":{"Total/Accumulated":3391,"Confirmed/Accumulated":605}},"geometry":{"type":"Point","coordinates":[6.452374226804124,46.01403216494844]}},{"type":"Feature","properties":{"Country/Region":"France","Province/State":"Paris","Code":"75","Population":{"Total":2148271,"Under19":406652,"Under39":718825,"Under59":536676,"Under74":311978,"Over75":174140},"Beds":{"Resuscitation":389,"IntensiveCare":1082,"Total":1471},"Deaths":1963,"Recovered":7774,"Severe":649,"Critical":146,"Emergencies":{"Suspected":51,"Total":1012,"Severe":19,"Suspected/Accumulated":20442,"Total/Accumulated":272372,"Severe/Accumulated":4942},"MedicalActs":{"Suspected":93,"Total":776,"Suspected/Accumulated":12971,"Total/Accumulated":150928},"PCRTests":{"Total":1696,"Confirmed":291,"Total/Accumulated":687714,"Confirmed/Accumulated":57130},"Confirmed":126,"MedicalTests":{"Total/Accumulated":17676,"Confirmed/Accumulated":4072}},"geometry":{"type":"Point","coordinates":[2.3550152173913044,48.8535647826087]}},{"type":"Feature","properties":{"Country/Region":"France","Province/State":"Seine-Maritime","Code":"76","Population":{"Total":1243788,"Under19":303968,"Under39":294607,"Under59":310458,"Under74":218116,"Over75":116639},"Beds":{"Resuscitation":93,"IntensiveCare":300,"Total":393},"Deaths":221,"Recovered":1121,"Severe":256,"Critical":31,"Emergencies":{"Suspected":18,"Total":720,"Severe":9,"Suspected/Accumulated":2845,"Total/Accumulated":188136,"Severe/Accumulated":1370},"MedicalActs":{"Suspected":18,"Total":94,"Suspected/Accumulated":1978,"Total/Accumulated":19499},"PCRTests":{"Total":693,"Confirmed":130,"Total/Accumulated":226414,"Confirmed/Accumulated":14120},"Confirmed":233,"MedicalTests":{"Total/Accumulated":6636,"Confirmed/Accumulated":432}},"geometry":{"type":"Point","coordinates":[1.114674462365592,49.5942889784946]}},{"type":"Feature","properties":{"Country/Region":"France","Province/State":"Seine-et-Marne","Code":"77","Population":{"Total":1423607,"Under19":392025,"Under39":357752,"Under59":382068,"Under74":199768,"Over75":91994},"Beds":{"Resuscitation":77,"IntensiveCare":100,"Total":177},"Deaths":770,"Recovered":3307,"Severe":192,"Critical":52,"Emergencies":{"Suspected":27,"Total":480,"Severe":8,"Suspected/Accumulated":4187,"Total/Accumulated":113175,"Severe/Accumulated":1861},"MedicalActs":{"Suspected":37,"Total":323,"Suspected/Accumulated":3528,"Total/Accumulated":47281},"PCRTests":{"Total":373,"Confirmed":48,"Total/Accumulated":258898,"Confirmed/Accumulated":17643},"Confirmed":42,"MedicalTests":{"Total/Accumulated":9452,"Confirmed/Accumulated":1736}},"geometry":{"type":"Point","coordinates":[2.9385241532258073,48.61862185483869]}},{"type":"Feature","properties":{"Country/Region":"France","Province/State":"Yvelines","Code":"78","Population":{"Total":1448625,"Under19":385814,"Under39":341694,"Under59":394186,"Under74":209492,"Over75":117439},"Beds":{"Resuscitation":84,"IntensiveCare":204,"Total":288},"Deaths":593,"Recovered":2983,"Severe":311,"Critical":38,"Emergencies":{"Suspected":23,"Total":703,"Severe":10,"Suspected/Accumulated":4851,"Total/Accumulated":162236,"Severe/Accumulated":1526},"MedicalActs":{"Suspected":33,"Total":194,"Suspected/Accumulated":3430,"Total/Accumulated":30962},"PCRTests":{"Total":475,"Confirmed":68,"Total/Accumulated":271225,"Confirmed/Accumulated":19734},"Confirmed":70,"MedicalTests":{"Total/Accumulated":8274,"Confirmed/Accumulated":1214}},"geometry":{"type":"Point","coordinates":[1.8294258823529415,48.80823257352944]}},{"type":"Feature","properties":{"Country/Region":"France","Province/State":"Deux-Sèvres","Code":"79","Population":{"Total":372627,"Under19":85106,"Under39":73604,"Under59":98839,"Under74":72067,"Over75":43011},"Beds":{"Resuscitation":8,"IntensiveCare":36,"Total":44},"Deaths":26,"Recovered":87,"Severe":6,"Critical":1,"Emergencies":{"Suspected":1,"Total":208,"Suspected/Accumulated":594,"Total/Accumulated":47259,"Severe/Accumulated":192},"PCRTests":{"Total":55,"Confirmed":2,"Total/Accumulated":55859,"Confirmed/Accumulated":1516},"Confirmed":11,"MedicalTests":{"Total/Accumulated":81,"Confirmed/Accumulated":5}},"geometry":{"type":"Point","coordinates":[-0.29978133828996273,46.53994301115242]}},{"type":"Feature","properties":{"Country/Region":"France","Province/State":"Somme","Code":"80","Population":{"Total":569769,"Under19":138211,"Under39":134953,"Under59":144752,"Under74":100734,"Over75":51119},"Beds":{"Resuscitation":58,"IntensiveCare":164,"Total":222},"Deaths":249,"Recovered":830,"Severe":87,"Critical":17,"Emergencies":{"Suspected":5,"Total":307,"Severe":1,"Suspected/Accumulated":1924,"Total/Accumulated":76343,"Severe/Accumulated":783},"MedicalActs":{"Suspected":13,"Total":154,"Suspected/Accumulated":3071,"Total/Accumulated":47976},"PCRTests":{"Total":132,"Confirmed":18,"Total/Accumulated":92818,"Confirmed/Accumulated":3772},"Confirmed":54,"MedicalTests":{"Total/Accumulated":6063,"Confirmed/Accumulated":539}},"geometry":{"type":"Point","coordinates":[2.3486719850187256,49.97418277153558]}},{"type":"Feature","properties":{"Country/Region":"France","Province/State":"Tarn","Code":"81","Population":{"Total":387898,"Under19":84873,"Under39":74511,"Under59":102349,"Under74":77279,"Over75":48886},"Beds":{"Resuscitation":24,"IntensiveCare":70,"Total":94},"Deaths":31,"Recovered":192,"Severe":73,"Critical":12,"Emergencies":{"Suspected":1,"Total":231,"Suspected/Accumulated":988,"Total/Accumulated":59531,"Severe/Accumulated":275},"PCRTests":{"Total":43,"Confirmed":7,"Total/Accumulated":67216,"Confirmed/Accumulated":4005},"Confirmed":14,"MedicalTests":{"Total/Accumulated":2180,"Confirmed/Accumulated":44}},"geometry":{"type":"Point","coordinates":[2.1808796818181815,43.78627254545453]}},{"type":"Feature","properties":{"Country/Region":"France","Province/State":"Tarn-et-Garonne","Code":"82","Population":{"Total":262618,"Under19":63559,"Under39":53023,"Under59":70354,"Under74":48046,"Over75":27636},"Beds":{"Resuscitation":18,"IntensiveCare":40,"Total":58},"Deaths":14,"Recovered":94,"Severe":55,"Critical":10,"Emergencies":{"Suspected":24,"Total":170,"Severe":8,"Suspected/Accumulated":1369,"Total/Accumulated":37215,"Severe/Accumulated":538},"PCRTests":{"Total":52,"Confirmed":8,"Total/Accumulated":49604,"Confirmed/Accumulated":2813},"Confirmed":11,"MedicalTests":{"Total/Accumulated":2144,"Confirmed/Accumulated":73}},"geometry":{"type":"Point","coordinates":[1.3350866094420606,44.1164032618026]}},{"type":"Feature","properties":{"Country/Region":"France","Province/State":"Var","Code":"83","Population":{"Total":1073836,"Under19":224216,"Under39":215361,"Under59":276842,"Under74":218239,"Over75":139178},"Beds":{"Resuscitation":60,"IntensiveCare":84,"Total":144},"Deaths":169,"Recovered":1261,"Severe":94,"Critical":18,"Emergencies":{"Suspected":19,"Total":724,"Severe":8,"Suspected/Accumulated":2918,"Total/Accumulated":153345,"Severe/Accumulated":1594},"MedicalActs":{"Suspected":23,"Total":456,"Suspected/Accumulated":6700,"Total/Accumulated":98160},"PCRTests":{"Total":278,"Confirmed":29,"Total/Accumulated":227880,"Confirmed/Accumulated":9470},"Confirmed":186,"MedicalTests":{"Total/Accumulated":11196,"Confirmed/Accumulated":470}},"geometry":{"type":"Point","coordinates":[6.2341132170542615,43.37767961240309]}},{"type":"Feature","properties":{"Country/Region":"France","Province/State":"Vaucluse","Code":"84","Population":{"Total":560997,"Under19":132211,"Under39":118607,"Under59":147247,"Under74":103567,"Over75":59365},"Beds":{"Resuscitation":16,"IntensiveCare":60,"Total":76},"Deaths":74,"Recovered":471,"Severe":141,"Critical":11,"Emergencies":{"Suspected":13,"Total":394,"Severe":10,"Suspected/Accumulated":1348,"Total/Accumulated":100299,"Severe/Accumulated":766},"MedicalActs":{"Suspected":5,"Total":45,"Suspected/Accumulated":240,"Total/Accumulated":7798},"PCRTests":{"Total":116,"Confirmed":19,"Total/Accumulated":97034,"Confirmed/Accumulated":5723},"Confirmed":45,"MedicalTests":{"Total/Accumulated":8198,"Confirmed/Accumulated":217}},"geometry":{"type":"Point","coordinates":[5.137687100591716,44.08826047337278]}},{"type":"Feature","properties":{"Country/Region":"France","Province/State":"Vendée","Code":"85","Population":{"Total":683187,"Under19":155162,"Under39":132680,"Under59":176377,"Under74":142178,"Over75":76790},"Beds":{"Resuscitation":18,"IntensiveCare":44,"Total":62},"Deaths":46,"Recovered":327,"Severe":28,"Critical":8,"Emergencies":{"Suspected":2,"Total":322,"Severe":2,"Suspected/Accumulated":1340,"Total/Accumulated":84873,"Severe/Accumulated":636},"PCRTests":{"Total":91,"Confirmed":8,"Total/Accumulated":101447,"Confirmed/Accumulated":2663},"Confirmed":147,"MedicalTests":{"Total/Accumulated":347,"Confirmed/Accumulated":9}},"geometry":{"type":"Point","coordinates":[-1.3851340601503754,46.70726116541352]}},{"type":"Feature","properties":{"Country/Region":"France","Province/State":"Vienne","Code":"86","Population":{"Total":437398,"Under19":101362,"Under39":100176,"Under59":108284,"Under74":79480,"Over75":48096},"Beds":{"Resuscitation":53,"IntensiveCare":124,"Total":177},"Deaths":44,"Recovered":184,"Severe":7,"Critical":1,"Emergencies":{"Suspected":2,"Total":213,"Suspected/Accumulated":647,"Total/Accumulated":50080,"Severe/Accumulated":304},"PCRTests":{"Total":84,"Confirmed":7,"Total/Accumulated":70353,"Confirmed/Accumulated":2510},"Confirmed":53,"MedicalTests":{"Total/Accumulated":1102,"Confirmed/Accumulated":28}},"geometry":{"type":"Point","coordinates":[0.42368070921985806,46.57872638297872]}},{"type":"Feature","properties":{"Country/Region":"France","Province/State":"Haute-Vienne","Code":"87","Population":{"Total":370774,"Under19":79173,"Under39":77448,"Under59":94509,"Under74":74186,"Over75":45458},"Beds":{"Resuscitation":24,"IntensiveCare":144,"Total":168},"Deaths":46,"Recovered":189,"Severe":45,"Critical":4,"Emergencies":{"Suspected":5,"Total":208,"Severe":4,"Suspected/Accumulated":588,"Total/Accumulated":56111,"Severe/Accumulated":313},"MedicalActs":{"Suspected":15,"Total":169,"Suspected/Accumulated":1325,"Total/Accumulated":32715},"PCRTests":{"Total":55,"Confirmed":21,"Total/Accumulated":54320,"Confirmed/Accumulated":2568},"Confirmed":21,"MedicalTests":{"Total/Accumulated":1623,"Confirmed/Accumulated":67}},"geometry":{"type":"Point","coordinates":[1.2410431872509962,45.895894860557746]}},{"type":"Feature","properties":{"Country/Region":"France","Province/State":"Vosges","Code":"88","Population":{"Total":359520,"Under19":77042,"Under39":70274,"Under59":94740,"Under74":75920,"Over75":41544},"Beds":{"Resuscitation":8,"IntensiveCare":24,"Total":32},"Deaths":269,"Recovered":778,"Severe":12,"Critical":2,"Emergencies":{"Total":246,"Suspected/Accumulated":2919,"Total/Accumulated":58421,"Severe/Accumulated":1017},"PCRTests":{"Total":53,"Confirmed":2,"Total/Accumulated":62207,"Confirmed/Accumulated":1496},"Confirmed":66,"MedicalTests":{"Total/Accumulated":3101,"Confirmed/Accumulated":400}},"geometry":{"type":"Point","coordinates":[6.2957204247104235,48.23006027027029]}},{"type":"Feature","properties":{"Country/Region":"France","Province/State":"Yonne","Code":"89","Population":{"Total":332096,"Under19":73991,"Under39":64975,"Under59":86159,"Under74":68966,"Over75":38005},"Beds":{"Resuscitation":18,"IntensiveCare":32,"Total":50},"Deaths":95,"Recovered":477,"Severe":24,"Critical":6,"Emergencies":{"Suspected":6,"Total":281,"Severe":1,"Suspected/Accumulated":2367,"Total/Accumulated":67592,"Severe/Accumulated":646},"MedicalActs":{"Suspected":14,"Total":101,"Suspected/Accumulated":1630,"Total/Accumulated":16522},"PCRTests":{"Total":101,"Confirmed":16,"Total/Accumulated":60385,"Confirmed/Accumulated":2283},"MedicalTests":{"Total/Accumulated":633,"Confirmed/Accumulated":62}},"geometry":{"type":"Point","coordinates":[3.57333820338983,47.84307762711864]}},{"type":"Feature","properties":{"Country/Region":"France","Province/State":"Territoire de Belfort","Code":"90","Population":{"Total":140145,"Under19":33166,"Under39":32553,"Under59":36366,"Under74":24639,"Over75":13421},"Beds":{"Resuscitation":25,"IntensiveCare":40,"Total":65},"Deaths":202,"Recovered":590,"Severe":16,"Critical":4,"Emergencies":{"Suspected":6,"Total":160,"Severe":4,"Suspected/Accumulated":1066,"Total/Accumulated":34489,"Severe/Accumulated":601},"PCRTests":{"Total":48,"Confirmed":3,"Total/Accumulated":25179,"Confirmed/Accumulated":594},"MedicalTests":{"Total/Accumulated":853,"Confirmed/Accumulated":108}},"geometry":{"type":"Point","coordinates":[6.93897388888889,47.60873597222223]}},{"type":"Feature","properties":{"Country/Region":"France","Province/State":"Essonne","Code":"91","Population":{"Total":1319401,"Under19":360333,"Under39":338878,"Under59":349395,"Under74":176919,"Over75":93876},"Beds":{"Resuscitation":97,"IntensiveCare":164,"Total":261},"Deaths":672,"Recovered":3290,"Severe":266,"Critical":60,"Emergencies":{"Suspected":28,"Total":481,"Severe":11,"Suspected/Accumulated":5505,"Total/Accumulated":119639,"Severe/Accumulated":1551},"MedicalActs":{"Suspected":19,"Total":166,"Suspected/Accumulated":2015,"Total/Accumulated":28024},"PCRTests":{"Total":368,"Confirmed":72,"Total/Accumulated":255807,"Confirmed/Accumulated":19075},"Confirmed":30,"MedicalTests":{"Total/Accumulated":13409,"Confirmed/Accumulated":2366}},"geometry":{"type":"Point","coordinates":[2.2519983333333338,48.50948216666667]}},{"type":"Feature","properties":{"Country/Region":"France","Province/State":"Hauts-de-Seine","Code":"92","Population":{"Total":1613762,"Under19":393984,"Under39":457571,"Under59":428782,"Under74":211036,"Over75":122389},"Beds":{"Resuscitation":184,"IntensiveCare":276,"Total":460},"Deaths":1192,"Recovered":5897,"Severe":460,"Critical":88,"Emergencies":{"Suspected":21,"Total":696,"Severe":10,"Suspected/Accumulated":5535,"Total/Accumulated":167805,"Severe/Accumulated":1638},"PCRTests":{"Total":851,"Confirmed":143,"Total/Accumulated":438362,"Confirmed/Accumulated":32980},"Confirmed":59,"MedicalTests":{"Total/Accumulated":11950,"Confirmed/Accumulated":2683}},"geometry":{"type":"Point","coordinates":[2.2538900000000006,48.84266823529411]}},{"type":"Feature","properties":{"Country/Region":"France","Province/State":"Seine-Saint-Denis","Code":"93","Population":{"Total":1670149,"Under19":485032,"Under39":478299,"Under59":428192,"Under74":194935,"Over75":83691},"Beds":{"Resuscitation":100,"IntensiveCare":218,"Total":318},"Deaths":1120,"Recovered":5185,"Severe":499,"Critical":79,"Emergencies":{"Suspected":56,"Total":782,"Severe":12,"Suspected/Accumulated":9107,"Total/Accumulated":190553,"Severe/Accumulated":1935},"PCRTests":{"Total":811,"Confirmed":144,"Total/Accumulated":354651,"Confirmed/Accumulated":31848},"Confirmed":45,"MedicalTests":{"Total/Accumulated":8715,"Confirmed/Accumulated":2518}},"geometry":{"type":"Point","coordinates":[2.474763409090909,48.91863045454546]}},{"type":"Feature","properties":{"Country/Region":"France","Province/State":"Val-de-Marne","Code":"94","Population":{"Total":1406041,"Under19":359600,"Under39":390124,"Under59":368199,"Under74":187814,"Over75":100304},"Beds":{"Resuscitation":156,"IntensiveCare":338,"Total":494},"Deaths":1317,"Recovered":5460,"Severe":456,"Critical":82,"Emergencies":{"Suspected":32,"Total":803,"Severe":11,"Suspected/Accumulated":10359,"Total/Accumulated":191249,"Severe/Accumulated":3584},"PCRTests":{"Total":876,"Confirmed":102,"Total/Accumulated":334556,"Confirmed/Accumulated":27802},"Confirmed":48,"MedicalTests":{"Total/Accumulated":8850,"Confirmed/Accumulated":1817}},"geometry":{"type":"Point","coordinates":[2.47453725,48.775524499999996]}},{"type":"Feature","properties":{"Country/Region":"France","Province/State":"Val-d'Oise","Code":"95","Population":{"Total":1248354,"Under19":357525,"Under39":326622,"Under59":322949,"Under74":166265,"Over75":74993},"Beds":{"Resuscitation":60,"IntensiveCare":130,"Total":190},"Deaths":814,"Recovered":3418,"Severe":221,"Critical":35,"Emergencies":{"Suspected":49,"Total":728,"Severe":14,"Suspected/Accumulated":11057,"Total/Accumulated":169209,"Severe/Accumulated":3554},"MedicalActs":{"Suspected":38,"Total":295,"Suspected/Accumulated":3695,"Total/Accumulated":52063},"PCRTests":{"Total":500,"Confirmed":109,"Total/Accumulated":263952,"Confirmed/Accumulated":22231},"Confirmed":60,"MedicalTests":{"Total/Accumulated":7014,"Confirmed/Accumulated":1871}},"geometry":{"type":"Point","coordinates":[2.092522396694214,49.08765355371902]}},{"type":"Feature","properties":{"Country/Region":"France","Province/State":"La Réunion","Code":"974","Population":{"Total":859959,"Under19":256143,"Under39":202783,"Under59":239212,"Under74":117045,"Over75":44776},"Beds":{"Resuscitation":52,"IntensiveCare":154,"Total":206},"Deaths":24,"Recovered":446,"Severe":52,"Critical":11,"Emergencies":{"Suspected":4,"Total":337,"Severe":2,"Suspected/Accumulated":553,"Total/Accumulated":87805,"Severe/Accumulated":335},"PCRTests":{"Total":265,"Confirmed":21,"Total/Accumulated":184292,"Confirmed/Accumulated":4720},"MedicalTests":{"Total/Accumulated":19,"Confirmed/Accumulated":1}},"geometry":{"type":"Point","coordinates":[55.52943947368424,-21.1374047368421]}}]}