{"type":"FeatureCollection","features":[{"type":"Feature","properties":{"Country/Region":"France","Province/State":"Guadeloupe","Code":"971","Population":{"Total":376879,"Under19":90617,"Under39":71707,"Under59":109452,"Under74":70936,"Over75":34167},"Beds":{"Resuscitation":27,"IntensiveCare":68,"Total":95},"Emergencies":{"Total":284,"Total/Accumulated":2573}},"geometry":{"type":"Point","coordinates":[-61.493846272189366,16.20469674556213]}},{"type":"Feature","properties":{"Country/Region":"France","Province/State":"Martinique","Code":"972","Population":{"Total":358749,"Under19":77005,"Under39":65776,"Under59":105638,"Under74":72163,"Over75":38167},"Beds":{"Resuscitation":26,"IntensiveCare":58,"Total":84},"MedicalActs":{"Total":143,"Total/Accumulated":1484}},"geometry":{"type":"Point","coordinates":[-60.98265692913386,14.6217557480315]}},{"type":"Feature","properties":{"Country/Region":"France","Province/State":"Guyane","Code":"973","Population":{"Total":290691,"Under19":120681,"Under39":80023,"Under59":61783,"Under74":22111,"Over75":6093},"Beds":{"Resuscitation":13,"IntensiveCare":12,"Total":25},"Confirmed":6,"Emergencies":{"Total":297,"Suspected/Accumulated":1,"Total/Accumulated":2907}},"geometry":{"type":"Point","coordinates":[-53.41731165390502,3.588901056661561]}},{"type":"Feature","properties":{"Country/Region":"France","Province/State":"Mayotte","Code":"976","Population":{"Total":279471,"Under19":150257,"Under39":74348,"Under59":42900,"Under74":9521,"Over75":2445},"Beds":{"Resuscitation":6,"IntensiveCare":0,"Total":6},"Emergencies":{"Total":110,"Total/Accumulated":1264}},"geometry":{"type":"Point","coordinates":[45.14160071428572,-12.835344166666673]}},{"type":"Feature","properties":{"Country/Region":"France","Province/State":"Ain","Code":"01","Population":{"Total":656955,"Under19":167666,"Under39":151084,"Under59":179469,"Under74":104453,"Over75":54283},"Beds":{"Resuscitation":22,"IntensiveCare":20,"Total":42},"Confirmed":26,"Emergencies":{"Suspected":1,"Total":299,"Severe":1,"Suspected/Accumulated":7,"Total/Accumulated":2813,"Severe/Accumulated":1}},"geometry":{"type":"Point","coordinates":[5.430359734513273,46.106026415929215]}},{"type":"Feature","properties":{"Country/Region":"France","Province/State":"Aisne","Code":"02","Population":{"Total":526050,"Under19":129852,"Under39":114042,"Under59":135164,"Under74":98046,"Over75":48946},"Beds":{"Resuscitation":34,"IntensiveCare":110,"Total":144},"Emergencies":{"Suspected":22,"Total":378,"Severe":10,"Suspected/Accumulated":109,"Total/Accumulated":4209,"Severe/Accumulated":29},"MedicalActs":{"Suspected":1,"Total":405,"Suspected/Accumulated":8,"Total/Accumulated":3590},"Confirmed":30,"Deaths":2},"geometry":{"type":"Point","coordinates":[3.5153965625000003,49.457888298611124]}},{"type":"Feature","properties":{"Country/Region":"France","Province/State":"Allier","Code":"03","Population":{"Total":331315,"Under19":66659,"Under39":61490,"Under59":85304,"Under74":72079,"Over75":45783},"Beds":{"Resuscitation":24,"IntensiveCare":56,"Total":80},"Emergencies":{"Suspected":6,"Total":205,"Severe":6,"Suspected/Accumulated":25,"Total/Accumulated":1835,"Severe/Accumulated":25}},"geometry":{"type":"Point","coordinates":[3.1778756690140857,46.39097419014088]}},{"type":"Feature","properties":{"Country/Region":"France","Province/State":"Alpes-de-Haute-Provence","Code":"04","Population":{"Total":165197,"Under19":34281,"Under39":30814,"Under59":43423,"Under74":35681,"Over75":20998},"Beds":{"Resuscitation":6,"IntensiveCare":0,"Total":6},"Confirmed":3,"Emergencies":{"Total":168,"Suspected/Accumulated":2,"Total/Accumulated":1757,"Severe/Accumulated":2}},"geometry":{"type":"Point","coordinates":[6.294359440298507,44.152788992537346]}},{"type":"Feature","properties":{"Country/Region":"France","Province/State":"Hautes-Alpes","Code":"05","Population":{"Total":141756,"Under19":30280,"Under39":27715,"Under59":37829,"Under74":29047,"Over75":16885},"Beds":{"Resuscitation":8,"IntensiveCare":0,"Total":8},"Confirmed":14,"Emergencies":{"Suspected":4,"Total":165,"Severe":2,"Suspected/Accumulated":65,"Total/Accumulated":1660,"Severe/Accumulated":14}},"geometry":{"type":"Point","coordinates":[6.205986298932386,44.64177099644131]}},{"type":"Feature","properties":{"Country/Region":"France","Province/State":"Alpes-Maritimes","Code":"06","Population":{"Total":1079396,"Under19":226862,"Under39":232814,"Under59":282249,"Under74":198428,"Over75":139043},"Beds":{"Resuscitation":89,"IntensiveCare":182,"Total":271},"Confirmed":32,"Emergencies":{"Suspected":46,"Total":863,"Severe":40,"Suspected/Accumulated":190,"Total/Accumulated":8840,"Severe/Accumulated":141},"MedicalActs":{"Total":132,"Total/Accumulated":1743},"MedicalTests":{"Total":10,"Total/Accumulated":12}},"geometry":{"type":"Point","coordinates":[7.093963618090453,43.90811477386935]}},{"type":"Feature","properties":{"Country/Region":"France","Province/State":"Corse-du-Sud","Code":"2A","Population":{"Total":162421,"Under19":31630,"Under39":34910,"Under59":45312,"Under74":31004,"Over75":19565},"Beds":{"Resuscitation":10,"IntensiveCare":30,"Total":40},"Confirmed":44,"Deaths":3,"Critical":2,"Emergencies":{"Suspected":1,"Total":77,"Severe":1,"Suspected/Accumulated":42,"Total/Accumulated":924,"Severe/Accumulated":34},"MedicalActs":{"Total":86,"Suspected/Accumulated":3,"Total/Accumulated":654}},"geometry":{"type":"Point","coordinates":[8.933891598360661,41.87995627049185]}},{"type":"Feature","properties":{"Country/Region":"France","Province/State":"Haute-Corse","Code":"2B","Population":{"Total":182258,"Under19":36925,"Under39":42075,"Under59":47863,"Under74":34671,"Over75":20724},"Beds":{"Resuscitation":8,"IntensiveCare":12,"Total":20},"Confirmed":7,"Emergencies":{"Suspected":18,"Total":122,"Severe":18,"Suspected/Accumulated":104,"Total/Accumulated":1226,"Severe/Accumulated":103}},"geometry":{"type":"Point","coordinates":[9.12993101604278,42.44040566844919]}},{"type":"Feature","properties":{"Country/Region":"France","Province/State":"Ardèche","Code":"07","Population":{"Total":326875,"Under19":70594,"Under39":61093,"Under59":88160,"Under74":68490,"Over75":38538},"Beds":{"Resuscitation":8,"IntensiveCare":0,"Total":8},"Confirmed":6,"Emergencies":{"Suspected":2,"Total":159,"Suspected/Accumulated":4,"Total/Accumulated":1443}},"geometry":{"type":"Point","coordinates":[4.425911157407411,44.77470101851853]}},{"type":"Feature","properties":{"Country/Region":"France","Province/State":"Ardennes","Code":"08","Population":{"Total":265531,"Under19":60337,"Under39":55870,"Under59":70459,"Under74":52021,"Over75":26844},"Beds":{"Resuscitation":12,"IntensiveCare":42,"Total":54},"Confirmed":1,"Emergencies":{"Total":235,"Suspected/Accumulated":1,"Total/Accumulated":2354}},"geometry":{"type":"Point","coordinates":[4.717836481481479,49.63503592592596]}},{"type":"Feature","properties":{"Country/Region":"France","Province/State":"Ariège","Code":"09","Population":{"Total":152398,"Under19":30718,"Under39":28780,"Under59":40432,"Under74":32667,"Over75":19801},"Beds":{"Resuscitation":8,"IntensiveCare":16,"Total":24},"Emergencies":{"Suspected":2,"Total":132,"Suspected/Accumulated":2,"Total/Accumulated":1263}},"geometry":{"type":"Point","coordinates":[1.5308575113122171,42.951783619909506]}},{"type":"Feature","properties":{"Country/Region":"France","Province/State":"Aube","Code":"10","Population":{"Total":309907,"Under19":74513,"Under39":69749,"Under59":77945,"Under74":56336,"Over75":31364},"Beds":{"Resuscitation":12,"IntensiveCare":36,"Total":48},"Confirmed":1,"Emergencies":{"Total":168,"Total/Accumulated":1961},"MedicalActs":{"Total":142,"Suspected/Accumulated":1,"Total/Accumulated":1414},"MedicalTests":{"Total/Accumulated":1}},"geometry":{"type":"Point","coordinates":[4.115386826086957,48.290927782608684]}},{"type":"Feature","properties":{"Country/Region":"France","Province/State":"Aude","Code":"11","Population":{"Total":372705,"Under19":78644,"Under39":70170,"Under59":96929,"Under74":80039,"Over75":46923},"Beds":{"Resuscitation":16,"IntensiveCare":44,"Total":60},"Confirmed":22,"Emergencies":{"Suspected":17,"Total":287,"Suspected/Accumulated":17,"Total/Accumulated":2964}},"geometry":{"type":"Point","coordinates":[2.3518425641025638,43.13299722222223]}},{"type":"Feature","properties":{"Country/Region":"France","Province/State":"Aveyron","Code":"12","Population":{"Total":278360,"Under19":55940,"Under39":51027,"Under59":73060,"Under74":59454,"Over75":38879},"Beds":{"Resuscitation":11,"IntensiveCare":32,"Total":43},"Confirmed":9,"Emergencies":{"Total":136,"Total/Accumulated":1345}},"geometry":{"type":"Point","coordinates":[2.66545315960912,44.28474130293157]}},{"type":"Feature","properties":{"Country/Region":"France","Province/State":"Bouches-du-Rhône","Code":"13","Population":{"Total":2034469,"Under19":480915,"Under39":483747,"Under59":522289,"Under74":342385,"Over75":205133},"Beds":{"Resuscitation":281,"IntensiveCare":476,"Total":757},"Confirmed":46,"Emergencies":{"Suspected":2,"Total":1327,"Severe":1,"Suspected/Accumulated":55,"Total/Accumulated":14000,"Severe/Accumulated":22},"MedicalActs":{"Suspected":5,"Total":223,"Suspected/Accumulated":18,"Total/Accumulated":2152}},"geometry":{"type":"Point","coordinates":[5.098567400881058,43.49901925110133]}},{"type":"Feature","properties":{"Country/Region":"France","Province/State":"Calvados","Code":"14","Population":{"Total":691453,"Under19":160392,"Under39":155359,"Under59":174249,"Under74":130972,"Over75":70481},"Beds":{"Resuscitation":91,"IntensiveCare":128,"Total":219},"Confirmed":15,"Emergencies":{"Suspected":18,"Total":406,"Severe":2,"Suspected/Accumulated":58,"Total/Accumulated":4412,"Severe/Accumulated":12},"MedicalActs":{"Suspected":5,"Total":351,"Suspected/Accumulated":18,"Total/Accumulated":3807},"MedicalTests":{"Total":1,"Total/Accumulated":1}},"geometry":{"type":"Point","coordinates":[-0.4028230593607306,49.05443785388125]}},{"type":"Feature","properties":{"Country/Region":"France","Province/State":"Cantal","Code":"15","Population":{"Total":142811,"Under19":26571,"Under39":24954,"Under59":38397,"Under74":32697,"Over75":20192},"Beds":{"Resuscitation":8,"IntensiveCare":30,"Total":38},"Emergencies":{"Total":98,"Total/Accumulated":818}},"geometry":{"type":"Point","coordinates":[2.7066918215613374,45.02447219330856]}},{"type":"Feature","properties":{"Country/Region":"France","Province/State":"Charente","Code":"16","Population":{"Total":348180,"Under19":71324,"Under39":69355,"Under59":91186,"Under74":72860,"Over75":43455},"Beds":{"Resuscitation":12,"IntensiveCare":36,"Total":48},"Confirmed":2,"Emergencies":{"Total":256,"Total/Accumulated":2376}},"geometry":{"type":"Point","coordinates":[0.2054574390243902,45.733938821138196]}},{"type":"Feature","properties":{"Country/Region":"France","Province/State":"Charente-Maritime","Code":"17","Population":{"Total":647080,"Under19":130618,"Under39":119836,"Under59":164314,"Under74":146996,"Over75":85316},"Beds":{"Resuscitation":30,"IntensiveCare":72,"Total":102},"Confirmed":20,"Recovered":1,"Emergencies":{"Suspected":10,"Total":402,"Suspected/Accumulated":40,"Total/Accumulated":4359,"Severe/Accumulated":10},"MedicalActs":{"Total":53,"Total/Accumulated":557},"MedicalTests":{"Total":1,"Total/Accumulated":2}},"geometry":{"type":"Point","coordinates":[-0.734802142857143,45.8164405357143]}},{"type":"Feature","properties":{"Country/Region":"France","Province/State":"Cher","Code":"18","Population":{"Total":296404,"Under19":61933,"Under39":57193,"Under59":76912,"Under74":62985,"Over75":37381},"Beds":{"Resuscitation":12,"IntensiveCare":32,"Total":44},"Emergencies":{"Total":119,"Suspected/Accumulated":4,"Total/Accumulated":1245},"MedicalActs":{"Total":219,"Total/Accumulated":2254}},"geometry":{"type":"Point","coordinates":[2.420866293436294,47.03802115830117]}},{"type":"Feature","properties":{"Country/Region":"France","Province/State":"Corrèze","Code":"19","Population":{"Total":240336,"Under19":48146,"Under39":45056,"Under59":62186,"Under74":52206,"Over75":32742},"Beds":{"Resuscitation":15,"IntensiveCare":42,"Total":57},"Confirmed":4,"Emergencies":{"Total":162,"Suspected/Accumulated":4,"Total/Accumulated":1762,"Severe/Accumulated":4}},"geometry":{"type":"Point","coordinates":[1.8952178059071727,45.37689915611812]}},{"type":"Feature","properties":{"Country/Region":"France","Province/State":"Côte-d'Or","Code":"21","Population":{"Total":532886,"Under19":121633,"Under39":128314,"Under59":134514,"Under74":95451,"Over75":52974},"Beds":{"Resuscitation":57,"IntensiveCare":190,"Total":247},"Emergencies":{"Suspected":10,"Total":280,"Severe":7,"Suspected/Accumulated":75,"Total/Accumulated":3067,"Severe/Accumulated":39},"MedicalActs":{"Suspected":2,"Total":116,"Suspected/Accumulated":11,"Total/Accumulated":1431},"Confirmed":1},"geometry":{"type":"Point","coordinates":[4.781845107913668,47.44940406474819]}},{"type":"Feature","properties":{"Country/Region":"France","Province/State":"Côtes-d'Armor","Code":"22","Population":{"Total":596186,"Under19":131217,"Under39":108675,"Under59":153257,"Under74":128481,"Over75":74556},"Beds":{"Resuscitation":14,"IntensiveCare":32,"Total":46},"Emergencies":{"Suspected":1,"Total":281,"Suspected/Accumulated":4,"Total/Accumulated":2790}},"geometry":{"type":"Point","coordinates":[-2.8283123411371243,48.47540434782613]}},{"type":"Feature","properties":{"Country/Region":"France","Province/State":"Creuse","Code":"23","Population":{"Total":116270,"Under19":20766,"Under39":19388,"Under59":30402,"Under74":28640,"Over75":17074},"Beds":{"Resuscitation":8,"IntensiveCare":16,"Total":24},"Emergencies":{"Total":59,"Total/Accumulated":645}},"geometry":{"type":"Point","coordinates":[1.9795267256637192,46.07153353982301]}},{"type":"Feature","properties":{"Country/Region":"France","Province/State":"Dordogne","Code":"24","Population":{"Total":408393,"Under19":76430,"Under39":70201,"Under59":107402,"Under74":96538,"Over75":57822},"Beds":{"Resuscitation":19,"IntensiveCare":36,"Total":55},"Confirmed":3,"Emergencies":{"Total":175,"Suspected/Accumulated":1,"Total/Accumulated":1920},"MedicalTests":{"Total":1,"Total/Accumulated":3}},"geometry":{"type":"Point","coordinates":[0.7502005172413793,45.100126827586195]}},{"type":"Feature","properties":{"Country/Region":"France","Province/State":"Doubs","Code":"25","Population":{"Total":539449,"Under19":132582,"Under39":130504,"Under59":135120,"Under74":90502,"Over75":50741},"Beds":{"Resuscitation":40,"IntensiveCare":262,"Total":302},"Deaths":1,"Emergencies":{"Suspected":6,"Total":209,"Severe":2,"Suspected/Accumulated":22,"Total/Accumulated":2248,"Severe/Accumulated":8},"MedicalActs":{"Suspected":2,"Total":139,"Suspected/Accumulated":6,"Total/Accumulated":1486}},"geometry":{"type":"Point","coordinates":[6.359828136363636,47.17302813636364]}},{"type":"Feature","properties":{"Country/Region":"France","Province/State":"Drôme","Code":"26","Population":{"Total":520560,"Under19":125073,"Under39":110455,"Under59":134338,"Under74":95865,"Over75":54829},"Beds":{"Resuscitation":24,"IntensiveCare":68,"Total":92},"Confirmed":24,"Deaths":1,"Emergencies":{"Total":312,"Suspected/Accumulated":13,"Total/Accumulated":3347}},"geometry":{"type":"Point","coordinates":[5.213618019801983,44.63170462046205]}},{"type":"Feature","properties":{"Country/Region":"France","Province/State":"Eure","Code":"27","Population":{"Total":600687,"Under19":151745,"Under39":128858,"Under59":160781,"Under74":106586,"Over75":52717},"Beds":{"Resuscitation":12,"IntensiveCare":44,"Total":56},"Confirmed":14,"Emergencies":{"Total":205,"Total/Accumulated":1899}},"geometry":{"type":"Point","coordinates":[0.9927279220779222,49.13064012987015]}},{"type":"Feature","properties":{"Country/Region":"France","Province/State":"Eure-et-Loir","Code":"28","Population":{"Total":429425,"Under19":106266,"Under39":90617,"Under59":113525,"Under74":76422,"Over75":42595},"Beds":{"Resuscitation":20,"IntensiveCare":44,"Total":64},"Confirmed":5,"Emergencies":{"Suspected":1,"Total":341,"Suspected/Accumulated":5,"Total/Accumulated":3419,"Severe/Accumulated":1},"MedicalTests":{"Total":1,"Total/Accumulated":2}},"geometry":{"type":"Point","coordinates":[1.3718229302325597,48.39856558139533]}},{"type":"Feature","properties":{"Country/Region":"France","Province/State":"Finistère","Code":"29","Population":{"Total":906554,"Under19":201332,"Under39":189857,"Under59":237308,"Under74":178715,"Over75":99342},"Beds":{"Resuscitation":66,"IntensiveCare":142,"Total":208},"Confirmed":7,"Emergencies":{"Total":627,"Suspected/Accumulated":5,"Total/Accumulated":6347,"Severe/Accumulated":2},"MedicalActs":{"Total":195,"Total/Accumulated":2045},"MedicalTests":{"Total":2,"Confirmed":1,"Total/Accumulated":2,"Confirmed/Accumulated":1}},"geometry":{"type":"Point","coordinates":[-4.16814140056023,48.26300924369748]}},{"type":"Feature","properties":{"Country/Region":"France","Province/State":"Gard","Code":"30","Population":{"Total":748468,"Under19":170615,"Under39":154480,"Under59":195429,"Under74":147114,"Over75":80830},"Beds":{"Resuscitation":49,"IntensiveCare":108,"Total":157},"Confirmed":6,"Emergencies":{"Total":511,"Total/Accumulated":5086},"MedicalActs":{"Total":75,"Total/Accumulated":994},"MedicalTests":{"Total/Accumulated":1}},"geometry":{"type":"Point","coordinates":[4.0572744791666695,44.00851614583332]}},{"type":"Feature","properties":{"Country/Region":"France","Province/State":"Haute-Garonne","Code":"31","Population":{"Total":1400935,"Under19":335750,"Under39":398589,"Under59":358515,"Under74":197921,"Over75":110160},"Beds":{"Resuscitation":161,"IntensiveCare":430,"Total":591},"Confirmed":7,"Emergencies":{"Suspected":6,"Total":784,"Severe":5,"Suspected/Accumulated":38,"Total/Accumulated":8218,"Severe/Accumulated":30},"MedicalActs":{"Total":128,"Suspected/Accumulated":2,"Total/Accumulated":1582},"MedicalTests":{"Total":1,"Total/Accumulated":1}},"geometry":{"type":"Point","coordinates":[1.1686918356164382,43.33252969863011]}},{"type":"Feature","properties":{"Country/Region":"France","Province/State":"Gers","Code":"32","Population":{"Total":190040,"Under19":37581,"Under39":32714,"Under59":51231,"Under74":41871,"Over75":26643},"Beds":{"Resuscitation":8,"IntensiveCare":8,"Total":16},"Confirmed":3,"Emergencies":{"Suspected":1,"Total":59,"Severe":1,"Suspected/Accumulated":3,"Total/Accumulated":755,"Severe/Accumulated":3}},"geometry":{"type":"Point","coordinates":[0.447782880658436,43.70601049382714]}},{"type":"Feature","properties":{"Country/Region":"France","Province/State":"Gironde","Code":"33","Population":{"Total":1633440,"Under19":380317,"Under39":415128,"Under59":425319,"Under74":267580,"Over75":145096},"Beds":{"Resuscitation":183,"IntensiveCare":262,"Total":445},"Confirmed":7,"Emergencies":{"Suspected":2,"Total":830,"Suspected/Accumulated":8,"Total/Accumulated":8540,"Severe/Accumulated":2},"MedicalActs":{"Suspected":32,"Total":892,"Suspected/Accumulated":93,"Total/Accumulated":9440},"MedicalTests":{"Total":7,"Total/Accumulated":7}},"geometry":{"type":"Point","coordinates":[-0.41644369747899174,44.756299705882356]}},{"type":"Feature","properties":{"Country/Region":"France","Province/State":"Hérault","Code":"34","Population":{"Total":1176145,"Under19":268258,"Under39":286299,"Under59":292794,"Under74":208723,"Over75":120071},"Beds":{"Resuscitation":124,"IntensiveCare":342,"Total":466},"Confirmed":59,"Emergencies":{"Suspected":4,"Total":809,"Severe":2,"Suspected/Accumulated":19,"Total/Accumulated":8729,"Severe/Accumulated":13},"MedicalActs":{"Suspected":1,"Total":117,"Suspected/Accumulated":1,"Total/Accumulated":1352}},"geometry":{"type":"Point","coordinates":[3.2725271495327104,43.601788971962634]}},{"type":"Feature","properties":{"Country/Region":"France","Province/State":"Ille-et-Vilaine","Code":"35","Population":{"Total":1082073,"Under19":274429,"Under39":270693,"Under59":278610,"Under74":165623,"Over75":92718},"Beds":{"Resuscitation":60,"IntensiveCare":224,"Total":284},"Confirmed":13,"Emergencies":{"Suspected":1,"Total":579,"Suspected/Accumulated":2,"Total/Accumulated":6056,"Severe/Accumulated":1},"MedicalActs":{"Total":154,"Suspected/Accumulated":2,"Total/Accumulated":1775}},"geometry":{"type":"Point","coordinates":[-1.7401927338129495,48.18315345323742]}},{"type":"Feature","properties":{"Country/Region":"France","Province/State":"Indre","Code":"36","Population":{"Total":217139,"Under19":42951,"Under39":38506,"Under59":56292,"Under74":48986,"Over75":30404},"Beds":{"Resuscitation":10,"IntensiveCare":18,"Total":28},"Emergencies":{"Total":107,"Total/Accumulated":1161}},"geometry":{"type":"Point","coordinates":[1.576445147679325,46.764304345991526]}},{"type":"Feature","properties":{"Country/Region":"France","Province/State":"Indre-et-Loire","Code":"37","Population":{"Total":605380,"Under19":142122,"Under39":136574,"Under59":153731,"Under74":108623,"Over75":64330},"Beds":{"Resuscitation":79,"IntensiveCare":116,"Total":195},"Confirmed":6,"Emergencies":{"Suspected":1,"Total":314,"Suspected/Accumulated":2,"Total/Accumulated":3427,"Severe/Accumulated":1},"MedicalActs":{"Suspected":1,"Total":199,"Suspected/Accumulated":3,"Total/Accumulated":2025}},"geometry":{"type":"Point","coordinates":[0.6915947413793099,47.23521443965518]}},{"type":"Feature","properties":{"Country/Region":"France","Province/State":"Isère","Code":"38","Population":{"Total":1264979,"Under19":319977,"Under39":298730,"Under59":332378,"Under74":201842,"Over75":112052},"Beds":{"Resuscitation":74,"IntensiveCare":178,"Total":252},"Confirmed":13,"Emergencies":{"Total":827,"Total/Accumulated":8542},"MedicalActs":{"Suspected":3,"Total":231,"Suspected/Accumulated":3,"Total/Accumulated":2155}},"geometry":{"type":"Point","coordinates":[5.557470704225359,45.27668616197182]}},{"type":"Feature","properties":{"Country/Region":"France","Province/State":"Jura","Code":"39","Population":{"Total":257849,"Under19":57639,"Under39":51064,"Under59":68521,"Under74":50575,"Over75":30050},"Beds":{"Resuscitation":8,"IntensiveCare":18,"Total":26},"Deaths":1,"Emergencies":{"Suspected":4,"Total":167,"Suspected/Accumulated":18,"Total/Accumulated":2006,"Severe/Accumulated":6}},"geometry":{"type":"Point","coordinates":[5.6395758823529425,46.756161447963784]}},{"type":"Feature","properties":{"Country/Region":"France","Province/State":"Landes","Code":"40","Population":{"Total":411979,"Under19":85144,"Under39":78495,"Under59":112191,"Under74":86896,"Over75":49253},"Beds":{"Resuscitation":14,"IntensiveCare":32,"Total":46},"Confirmed":1,"Emergencies":{"Suspected":3,"Total":199,"Suspected/Accumulated":16,"Total/Accumulated":1869,"Severe/Accumulated":1}},"geometry":{"type":"Point","coordinates":[-0.5772234449760769,43.8801859808612]}},{"type":"Feature","properties":{"Country/Region":"France","Province/State":"Loir-et-Cher","Code":"41","Population":{"Total":327835,"Under19":72953,"Under39":62903,"Under59":86073,"Under74":65923,"Over75":39983},"Beds":{"Resuscitation":12,"IntensiveCare":16,"Total":28},"Emergencies":{"Suspected":1,"Total":210,"Suspected/Accumulated":1,"Total/Accumulated":2370}},"geometry":{"type":"Point","coordinates":[1.3938662132352944,47.653275698529406]}},{"type":"Feature","properties":{"Country/Region":"France","Province/State":"Loire","Code":"42","Population":{"Total":764737,"Under19":186049,"Under39":167975,"Under59":190702,"Under74":136240,"Over75":83771},"Beds":{"Resuscitation":70,"IntensiveCare":120,"Total":190},"Confirmed":34,"Critical":5,"Emergencies":{"Suspected":5,"Total":710,"Suspected/Accumulated":5,"Total/Accumulated":6952},"MedicalActs":{"Total":155,"Total/Accumulated":1543}},"geometry":{"type":"Point","coordinates":[4.189998267716536,45.74292366141733]}},{"type":"Feature","properties":{"Country/Region":"France","Province/State":"Haute-Loire","Code":"43","Population":{"Total":226901,"Under19":49659,"Under39":43248,"Under59":60903,"Under74":46857,"Over75":26234},"Beds":{"Resuscitation":8,"IntensiveCare":20,"Total":28},"Confirmed":4,"Emergencies":{"Total":27,"Total/Accumulated":272}},"geometry":{"type":"Point","coordinates":[3.7869054017857136,45.15054486607143]}},{"type":"Feature","properties":{"Country/Region":"France","Province/State":"Loire-Atlantique","Code":"44","Population":{"Total":1437137,"Under19":363681,"Under39":357664,"Under59":368059,"Under74":227458,"Over75":120275},"Beds":{"Resuscitation":77,"IntensiveCare":262,"Total":339},"Emergencies":{"Suspected":29,"Total":561,"Severe":1,"Suspected/Accumulated":151,"Total/Accumulated":5304,"Severe/Accumulated":2},"MedicalActs":{"Suspected":2,"Total":599,"Suspected/Accumulated":8,"Total/Accumulated":5932},"Confirmed":9},"geometry":{"type":"Point","coordinates":[-1.6902253409090902,47.33230598484852]}},{"type":"Feature","properties":{"Country/Region":"France","Province/State":"Loiret","Code":"45","Population":{"Total":682890,"Under19":172345,"Under39":155348,"Under59":174617,"Under74":115984,"Over75":64596},"Beds":{"Resuscitation":47,"IntensiveCare":120,"Total":167},"Confirmed":9,"Emergencies":{"Suspected":1,"Total":400,"Suspected/Accumulated":2,"Total/Accumulated":4129,"Severe/Accumulated":1},"MedicalActs":{"Total":60,"Suspected/Accumulated":2,"Total/Accumulated":597},"MedicalTests":{"Total/Accumulated":2,"Confirmed/Accumulated":1}},"geometry":{"type":"Point","coordinates":[2.383405222672066,47.91302979757084]}},{"type":"Feature","properties":{"Country/Region":"France","Province/State":"Lot","Code":"46","Population":{"Total":173166,"Under19":31861,"Under39":29365,"Under59":44533,"Under74":41623,"Over75":25784},"Beds":{"Resuscitation":8,"IntensiveCare":8,"Total":16},"Confirmed":3,"Emergencies":{"Total":125,"Total/Accumulated":1120}},"geometry":{"type":"Point","coordinates":[1.5901290212765966,44.59231876595746]}},{"type":"Feature","properties":{"Country/Region":"France","Province/State":"Lot-et-Garonne","Code":"47","Population":{"Total":330336,"Under19":69990,"Under39":64149,"Under59":84272,"Under74":68912,"Over75":43013},"Beds":{"Resuscitation":11,"IntensiveCare":36,"Total":47},"Confirmed":24,"Emergencies":{"Suspected":105,"Total":324,"Severe":2,"Suspected/Accumulated":173,"Total/Accumulated":2389,"Severe/Accumulated":6},"MedicalTests":{"Total":1,"Total/Accumulated":7}},"geometry":{"type":"Point","coordinates":[0.4871552444444442,44.39576413333333]}},{"type":"Feature","properties":{"Country/Region":"France","Province/State":"Lozère","Code":"48","Population":{"Total":76286,"Under19":15582,"Under39":14895,"Under59":20255,"Under74":15962,"Over75":9592},"Beds":{"Resuscitation":3,"IntensiveCare":0,"Total":3},"Emergencies":{"Total":26,"Total/Accumulated":347}},"geometry":{"type":"Point","coordinates":[3.494722131979694,44.51333609137059]}},{"type":"Feature","properties":{"Country/Region":"France","Province/State":"Maine-et-Loire","Code":"49","Population":{"Total":815881,"Under19":204162,"Under39":184600,"Under59":204421,"Under74":138603,"Over75":84095},"Beds":{"Resuscitation":61,"IntensiveCare":196,"Total":257},"Emergencies":{"Suspected":3,"Total":382,"Severe":1,"Suspected/Accumulated":38,"Total/Accumulated":4012,"Severe/Accumulated":16},"Confirmed":7},"geometry":{"type":"Point","coordinates":[-0.6000336862745095,47.406434431372546]}},{"type":"Feature","properties":{"Country/Region":"France","Province/State":"Manche","Code":"50","Population":{"Total":490669,"Under19":105402,"Under39":96439,"Under59":126734,"Under74":101121,"Over75":60973},"Beds":{"Resuscitation":28,"IntensiveCare":52,"Total":80},"Confirmed":10,"Emergencies":{"Total":375,"Total/Accumulated":3794},"MedicalActs":{"Suspected":1,"Total":159,"Suspected/Accumulated":1,"Total/Accumulated":1700}},"geometry":{"type":"Point","coordinates":[-1.3097769083969464,49.05127938931302]}},{"type":"Feature","properties":{"Country/Region":"France","Province/State":"Marne","Code":"51","Population":{"Total":563823,"Under19":136695,"Under39":137533,"Under59":142415,"Under74":97015,"Over75":50165},"Beds":{"Resuscitation":54,"IntensiveCare":78,"Total":132},"Confirmed":7,"Deaths":1,"Emergencies":{"Total":366,"Suspected/Accumulated":15,"Total/Accumulated":3489,"Severe/Accumulated":7},"MedicalActs":{"Total":40,"Total/Accumulated":458}},"geometry":{"type":"Point","coordinates":[4.209888097014927,48.936171417910444]}},{"type":"Feature","properties":{"Country/Region":"France","Province/State":"Haute-Marne","Code":"52","Population":{"Total":169250,"Under19":34865,"Under39":34065,"Under59":44268,"Under74":35981,"Over75":20071},"Beds":{"Resuscitation":8,"IntensiveCare":12,"Total":20},"Confirmed":1,"Emergencies":{"Total":81,"Total/Accumulated":1211}},"geometry":{"type":"Point","coordinates":[5.203108577075099,48.126414822134386]}},{"type":"Feature","properties":{"Country/Region":"France","Province/State":"Mayenne","Code":"53","Population":{"Total":305365,"Under19":74868,"Under39":61839,"Under59":78619,"Under74":55705,"Over75":34334},"Beds":{"Resuscitation":8,"IntensiveCare":16,"Total":24},"Emergencies":{"Total":58,"Suspected/Accumulated":2,"Total/Accumulated":729},"Confirmed":1},"geometry":{"type":"Point","coordinates":[-0.6361607305936071,48.153668493150704]}},{"type":"Feature","properties":{"Country/Region":"France","Province/State":"Meurthe-et-Moselle","Code":"54","Population":{"Total":730398,"Under19":170693,"Under39":185629,"Under59":182526,"Under74":124808,"Over75":66742},"Beds":{"Resuscitation":83,"IntensiveCare":172,"Total":255},"Confirmed":14,"Emergencies":{"Suspected":4,"Total":389,"Severe":2,"Suspected/Accumulated":8,"Total/Accumulated":4074,"Severe/Accumulated":2},"MedicalActs":{"Total":125,"Suspected/Accumulated":2,"Total/Accumulated":1553}},"geometry":{"type":"Point","coordinates":[6.092894571428565,48.892416158730185]}},{"type":"Feature","properties":{"Country/Region":"France","Province/State":"Meuse","Code":"55","Population":{"Total":181641,"Under19":40375,"Under39":37641,"Under59":47696,"Under74":36898,"Over75":19031},"Beds":{"Resuscitation":8,"IntensiveCare":20,"Total":28},"Confirmed":3,"Emergencies":{"Suspected":1,"Total":97,"Severe":1,"Suspected/Accumulated":1,"Total/Accumulated":1110,"Severe/Accumulated":1}},"geometry":{"type":"Point","coordinates":[5.380316626506025,49.03635373493975]}},{"type":"Feature","properties":{"Country/Region":"France","Province/State":"Morbihan","Code":"56","Population":{"Total":755566,"Under19":166653,"Under39":145287,"Under59":197813,"Under74":159285,"Over75":86528},"Beds":{"Resuscitation":22,"IntensiveCare":64,"Total":86},"Confirmed":73,"Deaths":1,"Emergencies":{"Suspected":51,"Total":439,"Suspected/Accumulated":441,"Total/Accumulated":4027,"Severe/Accumulated":1},"MedicalActs":{"Suspected":1,"Total":38,"Suspected/Accumulated":3,"Total/Accumulated":897}},"geometry":{"type":"Point","coordinates":[-2.8780210594315263,47.764317932816574]}},{"type":"Feature","properties":{"Country/Region":"France","Province/State":"Moselle","Code":"57","Population":{"Total":1035866,"Under19":229681,"Under39":243525,"Under59":278966,"Under74":186864,"Over75":96830},"Beds":{"Resuscitation":88,"IntensiveCare":112,"Total":200},"Confirmed":59,"Deaths":1,"Emergencies":{"Suspected":1,"Total":677,"Severe":1,"Suspected/Accumulated":9,"Total/Accumulated":7254,"Severe/Accumulated":5},"MedicalTests":{"Total":9,"Confirmed":1,"Total/Accumulated":12,"Confirmed/Accumulated":1}},"geometry":{"type":"Point","coordinates":[6.73973678343949,49.04168831210189]}},{"type":"Feature","properties":{"Country/Region":"France","Province/State":"Nièvre","Code":"58","Population":{"Total":199596,"Under19":38191,"Under39":34484,"Under59":50426,"Under74":47745,"Over75":28750},"Beds":{"Resuscitation":12,"IntensiveCare":32,"Total":44},"Confirmed":2,"Emergencies":{"Total":159,"Suspected/Accumulated":19,"Total/Accumulated":1796,"Severe/Accumulated":15},"MedicalTests":{"Total/Accumulated":1}},"geometry":{"type":"Point","coordinates":[3.547376999999999,47.143300999999994]}},{"type":"Feature","properties":{"Country/Region":"France","Province/State":"Nord","Code":"59","Population":{"Total":2588988,"Under19":675470,"Under39":665053,"Under59":646791,"Under74":405380,"Over75":196294},"Beds":{"Resuscitation":225,"IntensiveCare":698,"Total":923},"Emergencies":{"Suspected":18,"Total":2028,"Severe":2,"Suspected/Accumulated":149,"Total/Accumulated":19787,"Severe/Accumulated":16},"MedicalActs":{"Suspected":3,"Total":759,"Suspected/Accumulated":6,"Total/Accumulated":7601},"Confirmed":21},"geometry":{"type":"Point","coordinates":[3.1893953197674403,50.453616308139516]}},{"type":"Feature","properties":{"Country/Region":"France","Province/State":"Oise","Code":"60","Population":{"Total":825077,"Under19":214776,"Under39":193026,"Under59":221783,"Under74":134365,"Over75":61127},"Beds":{"Resuscitation":36,"IntensiveCare":92,"Total":128},"Emergencies":{"Total":148,"Total/Accumulated":1664},"Confirmed":152,"Deaths":11,"MedicalTests":{"Total/Accumulated":1}},"geometry":{"type":"Point","coordinates":[2.463008007117438,49.41459999999999]}},{"type":"Feature","properties":{"Country/Region":"France","Province/State":"Orne","Code":"61","Population":{"Total":276903,"Under19":59830,"Under39":51781,"Under59":70741,"Under74":58679,"Over75":35872},"Beds":{"Resuscitation":16,"IntensiveCare":24,"Total":40},"Confirmed":2,"Emergencies":{"Total":222,"Total/Accumulated":2270},"MedicalTests":{"Total":2,"Total/Accumulated":3}},"geometry":{"type":"Point","coordinates":[0.01997467181467186,48.611762664092666]}},{"type":"Feature","properties":{"Country/Region":"France","Province/State":"Pas-de-Calais","Code":"62","Population":{"Total":1452778,"Under19":367229,"Under39":336274,"Under59":374200,"Under74":255788,"Over75":119287},"Beds":{"Resuscitation":85,"IntensiveCare":274,"Total":359},"Emergencies":{"Total":372,"Suspected/Accumulated":3,"Total/Accumulated":4718},"Confirmed":7,"Deaths":1},"geometry":{"type":"Point","coordinates":[2.4712310954063605,50.40984130742051]}},{"type":"Feature","properties":{"Country/Region":"France","Province/State":"Puy-de-Dôme","Code":"63","Population":{"Total":660240,"Under19":147680,"Under39":153022,"Under59":169492,"Under74":122442,"Over75":67604},"Beds":{"Resuscitation":77,"IntensiveCare":104,"Total":181},"Confirmed":11,"Emergencies":{"Total":159,"Total/Accumulated":1716},"MedicalActs":{"Total":112,"Total/Accumulated":1321}},"geometry":{"type":"Point","coordinates":[3.143235039370079,45.73685830708661]}},{"type":"Feature","properties":{"Country/Region":"France","Province/State":"Pyrénées-Atlantiques","Code":"64","Population":{"Total":683169,"Under19":144945,"Under39":141910,"Under59":182850,"Under74":130868,"Over75":82596},"Beds":{"Resuscitation":35,"IntensiveCare":110,"Total":145},"Confirmed":2,"Recovered":1,"Emergencies":{"Suspected":15,"Total":497,"Severe":2,"Suspected/Accumulated":87,"Total/Accumulated":4753,"Severe/Accumulated":8},"MedicalActs":{"Total":321,"Suspected/Accumulated":6,"Total/Accumulated":3466},"MedicalTests":{"Total":4,"Total/Accumulated":11}},"geometry":{"type":"Point","coordinates":[-0.7610906397306391,43.26238828282827]}},{"type":"Feature","properties":{"Country/Region":"France","Province/State":"Hautes-Pyrénées","Code":"65","Population":{"Total":226839,"Under19":44839,"Under39":42373,"Under59":59329,"Under74":49523,"Over75":30775},"Beds":{"Resuscitation":12,"IntensiveCare":44,"Total":56},"Confirmed":1,"Emergencies":{"Total":119,"Total/Accumulated":1211},"MedicalTests":{"Total":1,"Total/Accumulated":1}},"geometry":{"type":"Point","coordinates":[0.15248105932203385,43.134416483050856]}},{"type":"Feature","properties":{"Country/Region":"France","Province/State":"Pyrénées-Orientales","Code":"66","Population":{"Total":479000,"Under19":102236,"Under39":93899,"Under59":121501,"Under74":99671,"Over75":61693},"Beds":{"Resuscitation":32,"IntensiveCare":64,"Total":96},"Emergencies":{"Total":430,"Suspected/Accumulated":9,"Total/Accumulated":4016},"MedicalActs":{"Total":126,"Total/Accumulated":1324}},"geometry":{"type":"Point","coordinates":[2.4354706043956034,42.554231208791215]}},{"type":"Feature","properties":{"Country/Region":"France","Province/State":"Bas-Rhin","Code":"67","Population":{"Total":1132607,"Under19":258105,"Under39":285390,"Under59":300661,"Under74":188150,"Over75":100301},"Beds":{"Resuscitation":122,"IntensiveCare":208,"Total":330},"Confirmed":108,"Deaths":3,"Emergencies":{"Suspected":17,"Total":459,"Severe":6,"Suspected/Accumulated":61,"Total/Accumulated":5160,"Severe/Accumulated":15},"MedicalActs":{"Suspected":10,"Total":322,"Suspected/Accumulated":48,"Total/Accumulated":3392},"MedicalTests":{"Total/Accumulated":1,"Confirmed/Accumulated":1}},"geometry":{"type":"Point","coordinates":[7.447409099526063,48.70509469194314]}},{"type":"Feature","properties":{"Country/Region":"France","Province/State":"Haut-Rhin","Code":"68","Population":{"Total":763204,"Under19":175817,"Under39":172286,"Under59":209152,"Under74":134185,"Over75":71764},"Beds":{"Resuscitation":70,"IntensiveCare":136,"Total":206},"Confirmed":359,"Deaths":3,"Emergencies":{"Suspected":37,"Total":375,"Severe":19,"Suspected/Accumulated":142,"Total/Accumulated":4224,"Severe/Accumulated":97},"MedicalActs":{"Suspected":20,"Total":103,"Suspected/Accumulated":108,"Total/Accumulated":1268},"MedicalTests":{"Total":6,"Confirmed":3,"Total/Accumulated":11,"Confirmed/Accumulated":5}},"geometry":{"type":"Point","coordinates":[7.263731571428571,47.83921192857142]}},{"type":"Feature","properties":{"Country/Region":"France","Province/State":"Rhône","Code":"69","Population":{"Total":1876051,"Under19":478142,"Under39":523161,"Under59":455898,"Under74":259877,"Over75":158973},"Beds":{"Resuscitation":192,"IntensiveCare":422,"Total":614},"Confirmed":72,"Deaths":1,"Emergencies":{"Suspected":21,"Total":1266,"Severe":5,"Suspected/Accumulated":69,"Total/Accumulated":12270,"Severe/Accumulated":37},"MedicalActs":{"Suspected":11,"Total":406,"Suspected/Accumulated":21,"Total/Accumulated":3535}},"geometry":{"type":"Point","coordinates":[4.660707512690354,45.8811785786802]}},{"type":"Feature","properties":{"Country/Region":"France","Province/State":"Haute-Saône","Code":"70","Population":{"Total":233194,"Under19":52426,"Under39":45311,"Under59":62843,"Under74":47643,"Over75":24971},"Beds":{"Resuscitation":12,"IntensiveCare":24,"Total":36},"Emergencies":{"Suspected":21,"Total":155,"Severe":2,"Suspected/Accumulated":21,"Total/Accumulated":1452,"Severe/Accumulated":2}},"geometry":{"type":"Point","coordinates":[6.0410172972972935,47.62793234234234]}},{"type":"Feature","properties":{"Country/Region":"France","Province/State":"Saône-et-Loire","Code":"71","Population":{"Total":547824,"Under19":117389,"Under39":104206,"Under59":141715,"Under74":114530,"Over75":69984},"Beds":{"Resuscitation":26,"IntensiveCare":44,"Total":70},"Emergencies":{"Suspected":8,"Total":339,"Severe":5,"Suspected/Accumulated":162,"Total/Accumulated":4012,"Severe/Accumulated":72}},"geometry":{"type":"Point","coordinates":[4.528318691588785,46.63876112149533]}},{"type":"Feature","properties":{"Country/Region":"France","Province/State":"Sarthe","Code":"72","Population":{"Total":560227,"Under19":135636,"Under39":116946,"Under59":143032,"Under74":103587,"Over75":61026},"Beds":{"Resuscitation":17,"IntensiveCare":54,"Total":71},"Emergencies":{"Suspected":12,"Total":350,"Severe":5,"Suspected/Accumulated":91,"Total/Accumulated":3544,"Severe/Accumulated":66},"Confirmed":6},"geometry":{"type":"Point","coordinates":[0.1986467741935485,47.9763005529954]}},{"type":"Feature","properties":{"Country/Region":"France","Province/State":"Savoie","Code":"73","Population":{"Total":432548,"Under19":98346,"Under39":96013,"Under59":117417,"Under74":76722,"Over75":44050},"Beds":{"Resuscitation":18,"IntensiveCare":36,"Total":54},"Confirmed":4,"Deaths":1,"Emergencies":{"Total":242,"Total/Accumulated":2466},"MedicalActs":{"Suspected":2,"Total":144,"Suspected/Accumulated":6,"Total/Accumulated":1493}},"geometry":{"type":"Point","coordinates":[6.4038603585657325,45.50301760956176]}},{"type":"Feature","properties":{"Country/Region":"France","Province/State":"Haute-Savoie","Code":"74","Population":{"Total":828405,"Under19":203837,"Under39":209477,"Under59":227355,"Under74":122439,"Over75":65297},"Beds":{"Resuscitation":34,"IntensiveCare":82,"Total":116},"Confirmed":72,"Recovered":8,"Emergencies":{"Suspected":5,"Total":767,"Severe":1,"Suspected/Accumulated":12,"Total/Accumulated":7320,"Severe/Accumulated":2},"MedicalActs":{"Suspected":7,"Total":152,"Suspected/Accumulated":11,"Total/Accumulated":1620},"MedicalTests":{"Total":5,"Total/Accumulated":5}},"geometry":{"type":"Point","coordinates":[6.452374226804124,46.01403216494844]}},{"type":"Feature","properties":{"Country/Region":"France","Province/State":"Paris","Code":"75","Population":{"Total":2148271,"Under19":406652,"Under39":718825,"Under59":536676,"Under74":311978,"Over75":174140},"Beds":{"Resuscitation":389,"IntensiveCare":1082,"Total":1471},"Confirmed":80,"Emergencies":{"Suspected":40,"Total":1438,"Severe":13,"Suspected/Accumulated":133,"Total/Accumulated":14112,"Severe/Accumulated":64},"MedicalActs":{"Suspected":43,"Total":1173,"Suspected/Accumulated":113,"Total/Accumulated":11764},"MedicalTests":{"Total":11,"Confirmed":2,"Total/Accumulated":12,"Confirmed/Accumulated":3}},"geometry":{"type":"Point","coordinates":[2.3550152173913044,48.8535647826087]}},{"type":"Feature","properties":{"Country/Region":"France","Province/State":"Seine-Maritime","Code":"76","Population":{"Total":1243788,"Under19":303968,"Under39":294607,"Under59":310458,"Under74":218116,"Over75":116639},"Beds":{"Resuscitation":93,"IntensiveCare":300,"Total":393},"Confirmed":16,"Deaths":1,"Emergencies":{"Total":1013,"Suspected/Accumulated":6,"Total/Accumulated":10191,"Severe/Accumulated":1},"MedicalActs":{"Suspected":1,"Total":123,"Suspected/Accumulated":1,"Total/Accumulated":1187},"MedicalTests":{"Total":1,"Total/Accumulated":2}},"geometry":{"type":"Point","coordinates":[1.114674462365592,49.5942889784946]}},{"type":"Feature","properties":{"Country/Region":"France","Province/State":"Seine-et-Marne","Code":"77","Population":{"Total":1423607,"Under19":392025,"Under39":357752,"Under59":382068,"Under74":199768,"Over75":91994},"Beds":{"Resuscitation":77,"IntensiveCare":100,"Total":177},"Confirmed":30,"Emergencies":{"Suspected":12,"Total":649,"Severe":2,"Suspected/Accumulated":151,"Total/Accumulated":6130,"Severe/Accumulated":16},"MedicalActs":{"Total":296,"Suspected/Accumulated":6,"Total/Accumulated":3066}},"geometry":{"type":"Point","coordinates":[2.9385241532258073,48.61862185483869]}},{"type":"Feature","properties":{"Country/Region":"France","Province/State":"Yvelines","Code":"78","Population":{"Total":1448625,"Under19":385814,"Under39":341694,"Under59":394186,"Under74":209492,"Over75":117439},"Beds":{"Resuscitation":84,"IntensiveCare":204,"Total":288},"Confirmed":56,"Emergencies":{"Suspected":32,"Total":841,"Severe":1,"Suspected/Accumulated":88,"Total/Accumulated":8790,"Severe/Accumulated":16},"MedicalActs":{"Suspected":6,"Total":184,"Suspected/Accumulated":12,"Total/Accumulated":2037},"MedicalTests":{"Total/Accumulated":4}},"geometry":{"type":"Point","coordinates":[1.8294258823529415,48.80823257352944]}},{"type":"Feature","properties":{"Country/Region":"France","Province/State":"Deux-Sèvres","Code":"79","Population":{"Total":372627,"Under19":85106,"Under39":73604,"Under59":98839,"Under74":72067,"Over75":43011},"Beds":{"Resuscitation":8,"IntensiveCare":36,"Total":44},"Confirmed":1,"Emergencies":{"Suspected":4,"Total":241,"Suspected/Accumulated":5,"Total/Accumulated":2337}},"geometry":{"type":"Point","coordinates":[-0.29978133828996273,46.53994301115242]}},{"type":"Feature","properties":{"Country/Region":"France","Province/State":"Somme","Code":"80","Population":{"Total":569769,"Under19":138211,"Under39":134953,"Under59":144752,"Under74":100734,"Over75":51119},"Beds":{"Resuscitation":58,"IntensiveCare":164,"Total":222},"Emergencies":{"Suspected":2,"Total":370,"Severe":1,"Suspected/Accumulated":8,"Total/Accumulated":4109,"Severe/Accumulated":2},"MedicalActs":{"Suspected":7,"Total":324,"Suspected/Accumulated":8,"Total/Accumulated":3156},"Confirmed":12,"Deaths":2},"geometry":{"type":"Point","coordinates":[2.3486719850187256,49.97418277153558]}},{"type":"Feature","properties":{"Country/Region":"France","Province/State":"Tarn","Code":"81","Population":{"Total":387898,"Under19":84873,"Under39":74511,"Under59":102349,"Under74":77279,"Over75":48886},"Beds":{"Resuscitation":24,"IntensiveCare":70,"Total":94},"Confirmed":3,"Emergencies":{"Total":269,"Suspected/Accumulated":3,"Total/Accumulated":2998}},"geometry":{"type":"Point","coordinates":[2.1808796818181815,43.78627254545453]}},{"type":"Feature","properties":{"Country/Region":"France","Province/State":"Tarn-et-Garonne","Code":"82","Population":{"Total":262618,"Under19":63559,"Under39":53023,"Under59":70354,"Under74":48046,"Over75":27636},"Beds":{"Resuscitation":18,"IntensiveCare":40,"Total":58},"Confirmed":5,"Emergencies":{"Suspected":2,"Total":145,"Severe":1,"Suspected/Accumulated":17,"Total/Accumulated":1540,"Severe/Accumulated":2},"MedicalTests":{"Total":2,"Total/Accumulated":2}},"geometry":{"type":"Point","coordinates":[1.3350866094420606,44.1164032618026]}},{"type":"Feature","properties":{"Country/Region":"France","Province/State":"Var","Code":"83","Population":{"Total":1073836,"Under19":224216,"Under39":215361,"Under59":276842,"Under74":218239,"Over75":139178},"Beds":{"Resuscitation":60,"IntensiveCare":84,"Total":144},"Confirmed":13,"Emergencies":{"Total":586,"Suspected/Accumulated":5,"Total/Accumulated":6689,"Severe/Accumulated":5},"MedicalActs":{"Suspected":3,"Total":520,"Suspected/Accumulated":19,"Total/Accumulated":5691},"MedicalTests":{"Total":1,"Total/Accumulated":1}},"geometry":{"type":"Point","coordinates":[6.2341132170542615,43.37767961240309]}},{"type":"Feature","properties":{"Country/Region":"France","Province/State":"Vaucluse","Code":"84","Population":{"Total":560997,"Under19":132211,"Under39":118607,"Under59":147247,"Under74":103567,"Over75":59365},"Beds":{"Resuscitation":16,"IntensiveCare":60,"Total":76},"Confirmed":4,"Emergencies":{"Total":493,"Suspected/Accumulated":8,"Total/Accumulated":5073,"Severe/Accumulated":8},"MedicalActs":{"Total":18,"Total/Accumulated":410}},"geometry":{"type":"Point","coordinates":[5.137687100591716,44.08826047337278]}},{"type":"Feature","properties":{"Country/Region":"France","Province/State":"Vendée","Code":"85","Population":{"Total":683187,"Under19":155162,"Under39":132680,"Under59":176377,"Under74":142178,"Over75":76790},"Beds":{"Resuscitation":18,"IntensiveCare":44,"Total":62},"Emergencies":{"Suspected":5,"Total":397,"Severe":2,"Suspected/Accumulated":47,"Total/Accumulated":3759,"Severe/Accumulated":5},"Confirmed":4},"geometry":{"type":"Point","coordinates":[-1.3851340601503754,46.70726116541352]}},{"type":"Feature","properties":{"Country/Region":"France","Province/State":"Vienne","Code":"86","Population":{"Total":437398,"Under19":101362,"Under39":100176,"Under59":108284,"Under74":79480,"Over75":48096},"Beds":{"Resuscitation":53,"IntensiveCare":124,"Total":177},"Confirmed":6,"Emergencies":{"Total":221,"Suspected/Accumulated":1,"Total/Accumulated":2320,"Severe/Accumulated":1}},"geometry":{"type":"Point","coordinates":[0.42368070921985806,46.57872638297872]}},{"type":"Feature","properties":{"Country/Region":"France","Province/State":"Haute-Vienne","Code":"87","Population":{"Total":370774,"Under19":79173,"Under39":77448,"Under59":94509,"Under74":74186,"Over75":45458},"Beds":{"Resuscitation":24,"IntensiveCare":144,"Total":168},"Confirmed":1,"Emergencies":{"Total":298,"Suspected/Accumulated":3,"Total/Accumulated":2932,"Severe/Accumulated":1},"MedicalActs":{"Total":228,"Total/Accumulated":2172}},"geometry":{"type":"Point","coordinates":[1.2410431872509962,45.895894860557746]}},{"type":"Feature","properties":{"Country/Region":"France","Province/State":"Vosges","Code":"88","Population":{"Total":359520,"Under19":77042,"Under39":70274,"Under59":94740,"Under74":75920,"Over75":41544},"Beds":{"Resuscitation":8,"IntensiveCare":24,"Total":32},"Confirmed":31,"Deaths":1,"Emergencies":{"Suspected":16,"Total":290,"Severe":7,"Suspected/Accumulated":85,"Total/Accumulated":2920,"Severe/Accumulated":24}},"geometry":{"type":"Point","coordinates":[6.2957204247104235,48.23006027027029]}},{"type":"Feature","properties":{"Country/Region":"France","Province/State":"Yonne","Code":"89","Population":{"Total":332096,"Under19":73991,"Under39":64975,"Under59":86159,"Under74":68966,"Over75":38005},"Beds":{"Resuscitation":18,"IntensiveCare":32,"Total":50},"Deaths":1,"Emergencies":{"Suspected":9,"Total":295,"Suspected/Accumulated":32,"Total/Accumulated":3470,"Severe/Accumulated":5},"MedicalActs":{"Suspected":1,"Total":86,"Suspected/Accumulated":6,"Total/Accumulated":938}},"geometry":{"type":"Point","coordinates":[3.57333820338983,47.84307762711864]}},{"type":"Feature","properties":{"Country/Region":"France","Province/State":"Territoire de Belfort","Code":"90","Population":{"Total":140145,"Under19":33166,"Under39":32553,"Under59":36366,"Under74":24639,"Over75":13421},"Beds":{"Resuscitation":25,"IntensiveCare":40,"Total":65},"Emergencies":{"Total":145,"Suspected/Accumulated":11,"Total/Accumulated":1477,"Severe/Accumulated":3}},"geometry":{"type":"Point","coordinates":[6.93897388888889,47.60873597222223]}},{"type":"Feature","properties":{"Country/Region":"France","Province/State":"Essonne","Code":"91","Population":{"Total":1319401,"Under19":360333,"Under39":338878,"Under59":349395,"Under74":176919,"Over75":93876},"Beds":{"Resuscitation":97,"IntensiveCare":164,"Total":261},"Confirmed":20,"Emergencies":{"Suspected":7,"Total":629,"Severe":5,"Suspected/Accumulated":41,"Total/Accumulated":6311,"Severe/Accumulated":11},"MedicalActs":{"Total":144,"Suspected/Accumulated":2,"Total/Accumulated":1658},"MedicalTests":{"Total":2,"Confirmed":1,"Total/Accumulated":4,"Confirmed/Accumulated":1}},"geometry":{"type":"Point","coordinates":[2.2519983333333338,48.50948216666667]}},{"type":"Feature","properties":{"Country/Region":"France","Province/State":"Hauts-de-Seine","Code":"92","Population":{"Total":1613762,"Under19":393984,"Under39":457571,"Under59":428782,"Under74":211036,"Over75":122389},"Beds":{"Resuscitation":184,"IntensiveCare":276,"Total":460},"Confirmed":47,"Emergencies":{"Suspected":24,"Total":891,"Severe":8,"Suspected/Accumulated":77,"Total/Accumulated":9402,"Severe/Accumulated":32},"MedicalTests":{"Total":5,"Confirmed":1,"Total/Accumulated":15,"Confirmed/Accumulated":3}},"geometry":{"type":"Point","coordinates":[2.2538900000000006,48.84266823529411]}},{"type":"Feature","properties":{"Country/Region":"France","Province/State":"Seine-Saint-Denis","Code":"93","Population":{"Total":1670149,"Under19":485032,"Under39":478299,"Under59":428192,"Under74":194935,"Over75":83691},"Beds":{"Resuscitation":100,"IntensiveCare":218,"Total":318},"Confirmed":29,"Emergencies":{"Suspected":3,"Total":991,"Severe":2,"Suspected/Accumulated":19,"Total/Accumulated":10076,"Severe/Accumulated":8},"MedicalTests":{"Total":1,"Confirmed":1,"Total/Accumulated":2,"Confirmed/Accumulated":1}},"geometry":{"type":"Point","coordinates":[2.474763409090909,48.91863045454546]}},{"type":"Feature","properties":{"Country/Region":"France","Province/State":"Val-de-Marne","Code":"94","Population":{"Total":1406041,"Under19":359600,"Under39":390124,"Under59":368199,"Under74":187814,"Over75":100304},"Beds":{"Resuscitation":156,"IntensiveCare":338,"Total":494},"Confirmed":36,"Emergencies":{"Suspected":32,"Total":1017,"Severe":7,"Suspected/Accumulated":151,"Total/Accumulated":10258,"Severe/Accumulated":60},"MedicalTests":{"Total/Accumulated":3}},"geometry":{"type":"Point","coordinates":[2.47453725,48.775524499999996]}},{"type":"Feature","properties":{"Country/Region":"France","Province/State":"Val-d'Oise","Code":"95","Population":{"Total":1248354,"Under19":357525,"Under39":326622,"Under59":322949,"Under74":166265,"Over75":74993},"Beds":{"Resuscitation":60,"IntensiveCare":130,"Total":190},"Confirmed":59,"Deaths":1,"Emergencies":{"Suspected":44,"Total":985,"Severe":17,"Suspected/Accumulated":104,"Total/Accumulated":8937,"Severe/Accumulated":42},"MedicalActs":{"Suspected":8,"Total":309,"Suspected/Accumulated":30,"Total/Accumulated":3527},"MedicalTests":{"Total":33,"Confirmed":6,"Total/Accumulated":55,"Confirmed/Accumulated":7}},"geometry":{"type":"Point","coordinates":[2.092522396694214,49.08765355371902]}},{"type":"Feature","properties":{"Country/Region":"France","Province/State":"La Réunion","Code":"974","Population":{"Total":859959,"Under19":256143,"Under39":202783,"Under59":239212,"Under74":117045,"Over75":44776},"Beds":{"Resuscitation":52,"IntensiveCare":154,"Total":206},"Emergencies":{"Suspected":12,"Total":481,"Severe":11,"Suspected/Accumulated":26,"Total/Accumulated":5170,"Severe/Accumulated":24}},"geometry":{"type":"Point","coordinates":[55.52943947368424,-21.1374047368421]}}]}