{"type":"FeatureCollection","features":[{"type":"Feature","properties":{"Country/Region":"France","Province/State":"Guadeloupe","Code":"971","Population":{"Total":376879,"Under19":90617,"Under39":71707,"Under59":109452,"Under74":70936,"Over75":34167},"Beds":{"Resuscitation":27,"IntensiveCare":68,"Total":95},"Deaths":19,"Recovered":72,"Severe":14,"Critical":4,"Emergencies":{"Total":150,"Suspected/Accumulated":213,"Total/Accumulated":12072,"Severe/Accumulated":97},"Confirmed":106,"MedicalTests":{"Total/Accumulated":46,"Confirmed/Accumulated":16}},"geometry":{"type":"Point","coordinates":[-61.493846272189366,16.20469674556213]}},{"type":"Feature","properties":{"Country/Region":"France","Province/State":"Martinique","Code":"972","Population":{"Total":358749,"Under19":77005,"Under39":65776,"Under59":105638,"Under74":72163,"Over75":38167},"Beds":{"Resuscitation":26,"IntensiveCare":58,"Total":84},"Deaths":14,"Recovered":79,"Severe":19,"Critical":5,"MedicalActs":{"Suspected":1,"Total":68,"Suspected/Accumulated":130,"Total/Accumulated":7317},"Confirmed":16,"MedicalTests":{"Total/Accumulated":25,"Confirmed/Accumulated":5}},"geometry":{"type":"Point","coordinates":[-60.98265692913386,14.6217557480315]}},{"type":"Feature","properties":{"Country/Region":"France","Province/State":"Guyane","Code":"973","Population":{"Total":290691,"Under19":120681,"Under39":80023,"Under59":61783,"Under74":22111,"Over75":6093},"Beds":{"Resuscitation":13,"IntensiveCare":12,"Total":25},"Deaths":1,"Recovered":38,"Severe":6,"Emergencies":{"Suspected":2,"Total":149,"Severe":1,"Suspected/Accumulated":86,"Total/Accumulated":12454,"Severe/Accumulated":26},"Confirmed":43,"MedicalTests":{"Total/Accumulated":34,"Confirmed/Accumulated":4}},"geometry":{"type":"Point","coordinates":[-53.41731165390502,3.588901056661561]}},{"type":"Feature","properties":{"Country/Region":"France","Province/State":"Mayotte","Code":"976","Population":{"Total":279471,"Under19":150257,"Under39":74348,"Under59":42900,"Under74":9521,"Over75":2445},"Beds":{"Resuscitation":6,"IntensiveCare":0,"Total":6},"Deaths":12,"Recovered":123,"Severe":59,"Critical":11,"Emergencies":{"Suspected":24,"Total":88,"Severe":4,"Suspected/Accumulated":779,"Total/Accumulated":7119,"Severe/Accumulated":140},"Confirmed":128,"MedicalTests":{"Total/Accumulated":2,"Confirmed/Accumulated":1}},"geometry":{"type":"Point","coordinates":[45.14160071428572,-12.835344166666673]}},{"type":"Feature","properties":{"Country/Region":"France","Province/State":"Ain","Code":"01","Population":{"Total":656955,"Under19":167666,"Under39":151084,"Under59":179469,"Under74":104453,"Over75":54283},"Beds":{"Resuscitation":22,"IntensiveCare":20,"Total":42},"Deaths":86,"Recovered":303,"Severe":134,"Critical":6,"Emergencies":{"Suspected":12,"Total":217,"Severe":5,"Suspected/Accumulated":937,"Total/Accumulated":13641,"Severe/Accumulated":405},"Confirmed":118,"MedicalTests":{"Total/Accumulated":2911,"Confirmed/Accumulated":367}},"geometry":{"type":"Point","coordinates":[5.430359734513273,46.106026415929215]}},{"type":"Feature","properties":{"Country/Region":"France","Province/State":"Aisne","Code":"02","Population":{"Total":526050,"Under19":129852,"Under39":114042,"Under59":135164,"Under74":98046,"Over75":48946},"Beds":{"Resuscitation":34,"IntensiveCare":110,"Total":144},"Deaths":231,"Recovered":758,"Severe":242,"Critical":28,"Emergencies":{"Suspected":12,"Total":225,"Severe":7,"Suspected/Accumulated":2485,"Total/Accumulated":19504,"Severe/Accumulated":857},"MedicalActs":{"Suspected":3,"Total":90,"Suspected/Accumulated":706,"Total/Accumulated":13789},"Confirmed":59,"MedicalTests":{"Total/Accumulated":2366,"Confirmed/Accumulated":433}},"geometry":{"type":"Point","coordinates":[3.5153965625000003,49.457888298611124]}},{"type":"Feature","properties":{"Country/Region":"France","Province/State":"Allier","Code":"03","Population":{"Total":331315,"Under19":66659,"Under39":61490,"Under59":85304,"Under74":72079,"Over75":45783},"Beds":{"Resuscitation":24,"IntensiveCare":56,"Total":80},"Deaths":30,"Recovered":137,"Severe":36,"Critical":10,"Emergencies":{"Suspected":5,"Total":103,"Severe":4,"Suspected/Accumulated":813,"Total/Accumulated":8525,"Severe/Accumulated":445},"Confirmed":38,"MedicalTests":{"Total/Accumulated":366,"Confirmed/Accumulated":6}},"geometry":{"type":"Point","coordinates":[3.1778756690140857,46.39097419014088]}},{"type":"Feature","properties":{"Country/Region":"France","Province/State":"Alpes-de-Haute-Provence","Code":"04","Population":{"Total":165197,"Under19":34281,"Under39":30814,"Under59":43423,"Under74":35681,"Over75":20998},"Beds":{"Resuscitation":6,"IntensiveCare":0,"Total":6},"Deaths":9,"Recovered":113,"Severe":17,"Critical":1,"Emergencies":{"Suspected":3,"Total":106,"Severe":1,"Suspected/Accumulated":228,"Total/Accumulated":8406,"Severe/Accumulated":108},"Confirmed":22,"MedicalTests":{"Total/Accumulated":1308,"Confirmed/Accumulated":59}},"geometry":{"type":"Point","coordinates":[6.294359440298507,44.152788992537346]}},{"type":"Feature","properties":{"Country/Region":"France","Province/State":"Hautes-Alpes","Code":"05","Population":{"Total":141756,"Under19":30280,"Under39":27715,"Under59":37829,"Under74":29047,"Over75":16885},"Beds":{"Resuscitation":8,"IntensiveCare":0,"Total":8},"Deaths":11,"Recovered":103,"Severe":35,"Critical":5,"Emergencies":{"Suspected":1,"Total":102,"Suspected/Accumulated":1001,"Total/Accumulated":8199,"Severe/Accumulated":172},"Confirmed":42,"MedicalTests":{"Total/Accumulated":470,"Confirmed/Accumulated":4}},"geometry":{"type":"Point","coordinates":[6.205986298932386,44.64177099644131]}},{"type":"Feature","properties":{"Country/Region":"France","Province/State":"Alpes-Maritimes","Code":"06","Population":{"Total":1079396,"Under19":226862,"Under39":232814,"Under59":282249,"Under74":198428,"Over75":139043},"Beds":{"Resuscitation":89,"IntensiveCare":182,"Total":271},"Deaths":158,"Recovered":518,"Severe":209,"Critical":22,"Emergencies":{"Suspected":7,"Total":566,"Severe":5,"Suspected/Accumulated":3054,"Total/Accumulated":41884,"Severe/Accumulated":1699},"MedicalActs":{"Suspected":8,"Total":154,"Suspected/Accumulated":1125,"Total/Accumulated":11018},"Confirmed":194,"MedicalTests":{"Total/Accumulated":4678,"Confirmed/Accumulated":262}},"geometry":{"type":"Point","coordinates":[7.093963618090453,43.90811477386935]}},{"type":"Feature","properties":{"Country/Region":"France","Province/State":"Corse-du-Sud","Code":"2A","Population":{"Total":162421,"Under19":31630,"Under39":34910,"Under59":45312,"Under74":31004,"Over75":19565},"Beds":{"Resuscitation":10,"IntensiveCare":30,"Total":40},"Deaths":44,"Recovered":101,"Severe":46,"Critical":4,"Emergencies":{"Total":56,"Suspected/Accumulated":118,"Total/Accumulated":4033,"Severe/Accumulated":91},"MedicalActs":{"Suspected":2,"Total":47,"Suspected/Accumulated":444,"Total/Accumulated":2906},"Confirmed":207},"geometry":{"type":"Point","coordinates":[8.933891598360661,41.87995627049185]}},{"type":"Feature","properties":{"Country/Region":"France","Province/State":"Haute-Corse","Code":"2B","Population":{"Total":182258,"Under19":36925,"Under39":42075,"Under59":47863,"Under74":34671,"Over75":20724},"Beds":{"Resuscitation":8,"IntensiveCare":12,"Total":20},"Deaths":8,"Recovered":98,"Severe":5,"Critical":2,"Emergencies":{"Total":61,"Suspected/Accumulated":1841,"Total/Accumulated":6754,"Severe/Accumulated":1798},"Confirmed":56},"geometry":{"type":"Point","coordinates":[9.12993101604278,42.44040566844919]}},{"type":"Feature","properties":{"Country/Region":"France","Province/State":"Ardèche","Code":"07","Population":{"Total":326875,"Under19":70594,"Under39":61093,"Under59":88160,"Under74":68490,"Over75":38538},"Beds":{"Resuscitation":8,"IntensiveCare":0,"Total":8},"Deaths":87,"Recovered":272,"Severe":134,"Critical":10,"Emergencies":{"Suspected":5,"Total":114,"Severe":1,"Suspected/Accumulated":668,"Total/Accumulated":7972,"Severe/Accumulated":154},"Confirmed":128,"MedicalTests":{"Total/Accumulated":1050,"Confirmed/Accumulated":121}},"geometry":{"type":"Point","coordinates":[4.425911157407411,44.77470101851853]}},{"type":"Feature","properties":{"Country/Region":"France","Province/State":"Ardennes","Code":"08","Population":{"Total":265531,"Under19":60337,"Under39":55870,"Under59":70459,"Under74":52021,"Over75":26844},"Beds":{"Resuscitation":12,"IntensiveCare":42,"Total":54},"Deaths":45,"Recovered":123,"Severe":53,"Critical":8,"Emergencies":{"Total":151,"Suspected/Accumulated":118,"Total/Accumulated":10792,"Severe/Accumulated":43},"Confirmed":3,"MedicalTests":{"Total/Accumulated":1072,"Confirmed/Accumulated":94}},"geometry":{"type":"Point","coordinates":[4.717836481481479,49.63503592592596]}},{"type":"Feature","properties":{"Country/Region":"France","Province/State":"Ariège","Code":"09","Population":{"Total":152398,"Under19":30718,"Under39":28780,"Under59":40432,"Under74":32667,"Over75":19801},"Beds":{"Resuscitation":8,"IntensiveCare":16,"Total":24},"Deaths":2,"Recovered":29,"Severe":3,"Critical":2,"Emergencies":{"Suspected":1,"Total":81,"Severe":1,"Suspected/Accumulated":157,"Total/Accumulated":5463,"Severe/Accumulated":69},"Confirmed":3,"MedicalTests":{"Total/Accumulated":612,"Confirmed/Accumulated":6}},"geometry":{"type":"Point","coordinates":[1.5308575113122171,42.951783619909506]}},{"type":"Feature","properties":{"Country/Region":"France","Province/State":"Aube","Code":"10","Population":{"Total":309907,"Under19":74513,"Under39":69749,"Under59":77945,"Under74":56336,"Over75":31364},"Beds":{"Resuscitation":12,"IntensiveCare":36,"Total":48},"Deaths":120,"Recovered":503,"Severe":115,"Critical":4,"Emergencies":{"Suspected":2,"Total":119,"Severe":1,"Suspected/Accumulated":585,"Total/Accumulated":9501,"Severe/Accumulated":307},"MedicalActs":{"Suspected":2,"Total":70,"Suspected/Accumulated":403,"Total/Accumulated":6703},"Confirmed":14,"MedicalTests":{"Total/Accumulated":3197,"Confirmed/Accumulated":361}},"geometry":{"type":"Point","coordinates":[4.115386826086957,48.290927782608684]}},{"type":"Feature","properties":{"Country/Region":"France","Province/State":"Aude","Code":"11","Population":{"Total":372705,"Under19":78644,"Under39":70170,"Under59":96929,"Under74":80039,"Over75":46923},"Beds":{"Resuscitation":16,"IntensiveCare":44,"Total":60},"Deaths":55,"Recovered":190,"Severe":20,"Critical":4,"Emergencies":{"Suspected":2,"Total":192,"Severe":2,"Suspected/Accumulated":462,"Total/Accumulated":13437,"Severe/Accumulated":199},"MedicalTests":{"Total":1,"Total/Accumulated":2349,"Confirmed/Accumulated":173},"Confirmed":44},"geometry":{"type":"Point","coordinates":[2.3518425641025638,43.13299722222223]}},{"type":"Feature","properties":{"Country/Region":"France","Province/State":"Aveyron","Code":"12","Population":{"Total":278360,"Under19":55940,"Under39":51027,"Under59":73060,"Under74":59454,"Over75":38879},"Beds":{"Resuscitation":11,"IntensiveCare":32,"Total":43},"Deaths":22,"Recovered":121,"Severe":23,"Critical":1,"Emergencies":{"Total":66,"Suspected/Accumulated":11,"Total/Accumulated":5804,"Severe/Accumulated":4},"Confirmed":29,"MedicalTests":{"Total/Accumulated":67,"Confirmed/Accumulated":5}},"geometry":{"type":"Point","coordinates":[2.66545315960912,44.28474130293157]}},{"type":"Feature","properties":{"Country/Region":"France","Province/State":"Bouches-du-Rhône","Code":"13","Population":{"Total":2034469,"Under19":480915,"Under39":483747,"Under59":522289,"Under74":342385,"Over75":205133},"Beds":{"Resuscitation":281,"IntensiveCare":476,"Total":757},"Deaths":451,"Recovered":2566,"Severe":786,"Critical":119,"Emergencies":{"Suspected":8,"Total":944,"Severe":7,"Suspected/Accumulated":2891,"Total/Accumulated":67057,"Severe/Accumulated":1512},"MedicalActs":{"Suspected":8,"Total":227,"Suspected/Accumulated":993,"Total/Accumulated":14216},"MedicalTests":{"Total":15,"Total/Accumulated":42455,"Confirmed/Accumulated":3087},"Confirmed":827},"geometry":{"type":"Point","coordinates":[5.098567400881058,43.49901925110133]}},{"type":"Feature","properties":{"Country/Region":"France","Province/State":"Calvados","Code":"14","Population":{"Total":691453,"Under19":160392,"Under39":155359,"Under59":174249,"Under74":130972,"Over75":70481},"Beds":{"Resuscitation":91,"IntensiveCare":128,"Total":219},"Deaths":66,"Recovered":196,"Severe":150,"Critical":18,"Emergencies":{"Suspected":2,"Total":246,"Severe":1,"Suspected/Accumulated":1381,"Total/Accumulated":20645,"Severe/Accumulated":455},"MedicalActs":{"Suspected":8,"Total":246,"Suspected/Accumulated":1546,"Total/Accumulated":16408},"Confirmed":147,"MedicalTests":{"Total/Accumulated":1507,"Confirmed/Accumulated":157}},"geometry":{"type":"Point","coordinates":[-0.4028230593607306,49.05443785388125]}},{"type":"Feature","properties":{"Country/Region":"France","Province/State":"Cantal","Code":"15","Population":{"Total":142811,"Under19":26571,"Under39":24954,"Under59":38397,"Under74":32697,"Over75":20192},"Beds":{"Resuscitation":8,"IntensiveCare":30,"Total":38},"Deaths":9,"Recovered":35,"Severe":20,"Critical":2,"Emergencies":{"Total":43,"Suspected/Accumulated":169,"Total/Accumulated":3769,"Severe/Accumulated":92},"MedicalTests":{"Total":1,"Confirmed":1,"Total/Accumulated":359,"Confirmed/Accumulated":41},"Confirmed":33},"geometry":{"type":"Point","coordinates":[2.7066918215613374,45.02447219330856]}},{"type":"Feature","properties":{"Country/Region":"France","Province/State":"Charente","Code":"16","Population":{"Total":348180,"Under19":71324,"Under39":69355,"Under59":91186,"Under74":72860,"Over75":43455},"Beds":{"Resuscitation":12,"IntensiveCare":36,"Total":48},"Deaths":12,"Recovered":43,"Severe":3,"Critical":1,"Emergencies":{"Suspected":8,"Total":171,"Severe":4,"Suspected/Accumulated":526,"Total/Accumulated":11072,"Severe/Accumulated":176},"Confirmed":10,"MedicalTests":{"Total/Accumulated":594,"Confirmed/Accumulated":20}},"geometry":{"type":"Point","coordinates":[0.2054574390243902,45.733938821138196]}},{"type":"Feature","properties":{"Country/Region":"France","Province/State":"Charente-Maritime","Code":"17","Population":{"Total":647080,"Under19":130618,"Under39":119836,"Under59":164314,"Under74":146996,"Over75":85316},"Beds":{"Resuscitation":30,"IntensiveCare":72,"Total":102},"Deaths":44,"Recovered":106,"Severe":50,"Critical":8,"Emergencies":{"Suspected":2,"Total":286,"Suspected/Accumulated":979,"Total/Accumulated":21594,"Severe/Accumulated":346},"MedicalActs":{"Suspected":5,"Total":60,"Suspected/Accumulated":155,"Total/Accumulated":2918},"Confirmed":49,"MedicalTests":{"Total/Accumulated":6665,"Confirmed/Accumulated":157}},"geometry":{"type":"Point","coordinates":[-0.734802142857143,45.8164405357143]}},{"type":"Feature","properties":{"Country/Region":"France","Province/State":"Cher","Code":"18","Population":{"Total":296404,"Under19":61933,"Under39":57193,"Under59":76912,"Under74":62985,"Over75":37381},"Beds":{"Resuscitation":12,"IntensiveCare":32,"Total":44},"Deaths":67,"Recovered":114,"Severe":75,"Critical":3,"Emergencies":{"Suspected":12,"Total":94,"Suspected/Accumulated":1237,"Total/Accumulated":7651,"Severe/Accumulated":21},"MedicalActs":{"Suspected":2,"Total":74,"Suspected/Accumulated":286,"Total/Accumulated":7793},"MedicalTests":{"Total":3,"Total/Accumulated":2329,"Confirmed/Accumulated":320},"Confirmed":25},"geometry":{"type":"Point","coordinates":[2.420866293436294,47.03802115830117]}},{"type":"Feature","properties":{"Country/Region":"France","Province/State":"Corrèze","Code":"19","Population":{"Total":240336,"Under19":48146,"Under39":45056,"Under59":62186,"Under74":52206,"Over75":32742},"Beds":{"Resuscitation":15,"IntensiveCare":42,"Total":57},"Deaths":30,"Recovered":85,"Severe":67,"Critical":9,"Emergencies":{"Suspected":2,"Total":123,"Severe":2,"Suspected/Accumulated":484,"Total/Accumulated":8169,"Severe/Accumulated":412},"Confirmed":23,"MedicalTests":{"Total/Accumulated":211,"Confirmed/Accumulated":17}},"geometry":{"type":"Point","coordinates":[1.8952178059071727,45.37689915611812]}},{"type":"Feature","properties":{"Country/Region":"France","Province/State":"Côte-d'Or","Code":"21","Population":{"Total":532886,"Under19":121633,"Under39":128314,"Under59":134514,"Under74":95451,"Over75":52974},"Beds":{"Resuscitation":57,"IntensiveCare":190,"Total":247},"Deaths":230,"Recovered":742,"Severe":218,"Critical":24,"Emergencies":{"Suspected":3,"Total":159,"Severe":2,"Suspected/Accumulated":1174,"Total/Accumulated":13306,"Severe/Accumulated":391},"MedicalActs":{"Suspected":7,"Total":61,"Suspected/Accumulated":696,"Total/Accumulated":5077},"Confirmed":1,"MedicalTests":{"Total/Accumulated":1138,"Confirmed/Accumulated":98}},"geometry":{"type":"Point","coordinates":[4.781845107913668,47.44940406474819]}},{"type":"Feature","properties":{"Country/Region":"France","Province/State":"Côtes-d'Armor","Code":"22","Population":{"Total":596186,"Under19":131217,"Under39":108675,"Under59":153257,"Under74":128481,"Over75":74556},"Beds":{"Resuscitation":14,"IntensiveCare":32,"Total":46},"Deaths":29,"Recovered":149,"Severe":51,"Critical":4,"Emergencies":{"Suspected":3,"Total":170,"Severe":3,"Suspected/Accumulated":604,"Total/Accumulated":12913,"Severe/Accumulated":457},"Confirmed":107,"MedicalTests":{"Total/Accumulated":86,"Confirmed/Accumulated":1}},"geometry":{"type":"Point","coordinates":[-2.8283123411371243,48.47540434782613]}},{"type":"Feature","properties":{"Country/Region":"France","Province/State":"Creuse","Code":"23","Population":{"Total":116270,"Under19":20766,"Under39":19388,"Under59":30402,"Under74":28640,"Over75":17074},"Beds":{"Resuscitation":8,"IntensiveCare":16,"Total":24},"Deaths":5,"Recovered":41,"Severe":22,"Critical":8,"Emergencies":{"Suspected":1,"Total":55,"Severe":1,"Suspected/Accumulated":368,"Total/Accumulated":3874,"Severe/Accumulated":65},"Confirmed":12,"MedicalTests":{"Total/Accumulated":293,"Confirmed/Accumulated":9}},"geometry":{"type":"Point","coordinates":[1.9795267256637192,46.07153353982301]}},{"type":"Feature","properties":{"Country/Region":"France","Province/State":"Dordogne","Code":"24","Population":{"Total":408393,"Under19":76430,"Under39":70201,"Under59":107402,"Under74":96538,"Over75":57822},"Beds":{"Resuscitation":19,"IntensiveCare":36,"Total":55},"Deaths":11,"Recovered":65,"Severe":24,"Critical":1,"Emergencies":{"Suspected":5,"Total":125,"Severe":3,"Suspected/Accumulated":743,"Total/Accumulated":9796,"Severe/Accumulated":391},"Confirmed":13,"MedicalTests":{"Total/Accumulated":525,"Confirmed/Accumulated":25}},"geometry":{"type":"Point","coordinates":[0.7502005172413793,45.100126827586195]}},{"type":"Feature","properties":{"Country/Region":"France","Province/State":"Doubs","Code":"25","Population":{"Total":539449,"Under19":132582,"Under39":130504,"Under59":135120,"Under74":90502,"Over75":50741},"Beds":{"Resuscitation":40,"IntensiveCare":262,"Total":302},"Deaths":134,"Recovered":501,"Severe":124,"Critical":28,"Emergencies":{"Suspected":4,"Total":182,"Severe":2,"Suspected/Accumulated":1350,"Total/Accumulated":11557,"Severe/Accumulated":533},"MedicalActs":{"Suspected":1,"Total":93,"Suspected/Accumulated":383,"Total/Accumulated":6889},"MedicalTests":{"Total/Accumulated":1558,"Confirmed/Accumulated":210}},"geometry":{"type":"Point","coordinates":[6.359828136363636,47.17302813636364]}},{"type":"Feature","properties":{"Country/Region":"France","Province/State":"Drôme","Code":"26","Population":{"Total":520560,"Under19":125073,"Under39":110455,"Under59":134338,"Under74":95865,"Over75":54829},"Beds":{"Resuscitation":24,"IntensiveCare":68,"Total":92},"Deaths":127,"Recovered":433,"Severe":81,"Critical":13,"Emergencies":{"Suspected":6,"Total":208,"Severe":4,"Suspected/Accumulated":1137,"Total/Accumulated":14861,"Severe/Accumulated":467},"Confirmed":119,"MedicalTests":{"Total/Accumulated":1469,"Confirmed/Accumulated":135}},"geometry":{"type":"Point","coordinates":[5.213618019801983,44.63170462046205]}},{"type":"Feature","properties":{"Country/Region":"France","Province/State":"Eure","Code":"27","Population":{"Total":600687,"Under19":151745,"Under39":128858,"Under59":160781,"Under74":106586,"Over75":52717},"Beds":{"Resuscitation":12,"IntensiveCare":44,"Total":56},"Deaths":70,"Recovered":120,"Severe":104,"Critical":4,"Emergencies":{"Suspected":1,"Total":117,"Suspected/Accumulated":248,"Total/Accumulated":9504,"Severe/Accumulated":46},"Confirmed":71,"MedicalTests":{"Total/Accumulated":4248,"Confirmed/Accumulated":541}},"geometry":{"type":"Point","coordinates":[0.9927279220779222,49.13064012987015]}},{"type":"Feature","properties":{"Country/Region":"France","Province/State":"Eure-et-Loir","Code":"28","Population":{"Total":429425,"Under19":106266,"Under39":90617,"Under59":113525,"Under74":76422,"Over75":42595},"Beds":{"Resuscitation":20,"IntensiveCare":44,"Total":64},"Deaths":104,"Recovered":375,"Severe":210,"Critical":16,"Emergencies":{"Suspected":7,"Total":198,"Severe":6,"Suspected/Accumulated":469,"Total/Accumulated":15855,"Severe/Accumulated":153},"Confirmed":104,"MedicalTests":{"Total/Accumulated":3495,"Confirmed/Accumulated":628}},"geometry":{"type":"Point","coordinates":[1.3718229302325597,48.39856558139533]}},{"type":"Feature","properties":{"Country/Region":"France","Province/State":"Finistère","Code":"29","Population":{"Total":906554,"Under19":201332,"Under39":189857,"Under59":237308,"Under74":178715,"Over75":99342},"Beds":{"Resuscitation":66,"IntensiveCare":142,"Total":208},"Deaths":39,"Recovered":140,"Severe":56,"Critical":11,"Emergencies":{"Suspected":3,"Total":436,"Severe":3,"Suspected/Accumulated":361,"Total/Accumulated":31342,"Severe/Accumulated":109},"MedicalActs":{"Total":66,"Suspected/Accumulated":278,"Total/Accumulated":8382},"Confirmed":230,"MedicalTests":{"Total/Accumulated":33,"Confirmed/Accumulated":9}},"geometry":{"type":"Point","coordinates":[-4.16814140056023,48.26300924369748]}},{"type":"Feature","properties":{"Country/Region":"France","Province/State":"Gard","Code":"30","Population":{"Total":748468,"Under19":170615,"Under39":154480,"Under59":195429,"Under74":147114,"Over75":80830},"Beds":{"Resuscitation":49,"IntensiveCare":108,"Total":157},"Deaths":77,"Recovered":229,"Severe":96,"Critical":20,"Emergencies":{"Suspected":6,"Total":293,"Severe":4,"Suspected/Accumulated":574,"Total/Accumulated":23379,"Severe/Accumulated":196},"MedicalActs":{"Suspected":4,"Total":90,"Suspected/Accumulated":415,"Total/Accumulated":4823},"MedicalTests":{"Total":10,"Total/Accumulated":7175,"Confirmed/Accumulated":293},"Confirmed":44},"geometry":{"type":"Point","coordinates":[4.0572744791666695,44.00851614583332]}},{"type":"Feature","properties":{"Country/Region":"France","Province/State":"Haute-Garonne","Code":"31","Population":{"Total":1400935,"Under19":335750,"Under39":398589,"Under59":358515,"Under74":197921,"Over75":110160},"Beds":{"Resuscitation":161,"IntensiveCare":430,"Total":591},"Deaths":57,"Recovered":529,"Severe":112,"Critical":40,"Emergencies":{"Suspected":13,"Total":492,"Severe":5,"Suspected/Accumulated":2329,"Total/Accumulated":37172,"Severe/Accumulated":1295},"MedicalActs":{"Suspected":13,"Total":189,"Suspected/Accumulated":928,"Total/Accumulated":9112},"MedicalTests":{"Total":13,"Confirmed":5,"Total/Accumulated":7086,"Confirmed/Accumulated":294},"Confirmed":72},"geometry":{"type":"Point","coordinates":[1.1686918356164382,43.33252969863011]}},{"type":"Feature","properties":{"Country/Region":"France","Province/State":"Gers","Code":"32","Population":{"Total":190040,"Under19":37581,"Under39":32714,"Under59":51231,"Under74":41871,"Over75":26643},"Beds":{"Resuscitation":8,"IntensiveCare":8,"Total":16},"Deaths":22,"Recovered":64,"Severe":21,"Critical":3,"Emergencies":{"Suspected":3,"Total":58,"Severe":3,"Suspected/Accumulated":414,"Total/Accumulated":4171,"Severe/Accumulated":290},"MedicalTests":{"Total":1,"Total/Accumulated":1479,"Confirmed/Accumulated":149},"Confirmed":14},"geometry":{"type":"Point","coordinates":[0.447782880658436,43.70601049382714]}},{"type":"Feature","properties":{"Country/Region":"France","Province/State":"Gironde","Code":"33","Population":{"Total":1633440,"Under19":380317,"Under39":415128,"Under59":425319,"Under74":267580,"Over75":145096},"Beds":{"Resuscitation":183,"IntensiveCare":262,"Total":445},"Deaths":131,"Recovered":747,"Severe":174,"Critical":36,"Emergencies":{"Suspected":14,"Total":564,"Severe":6,"Suspected/Accumulated":2797,"Total/Accumulated":44129,"Severe/Accumulated":1184},"MedicalActs":{"Suspected":25,"Total":576,"Suspected/Accumulated":4025,"Total/Accumulated":46055},"MedicalTests":{"Total":3,"Total/Accumulated":6073,"Confirmed/Accumulated":344},"Confirmed":106},"geometry":{"type":"Point","coordinates":[-0.41644369747899174,44.756299705882356]}},{"type":"Feature","properties":{"Country/Region":"France","Province/State":"Hérault","Code":"34","Population":{"Total":1176145,"Under19":268258,"Under39":286299,"Under59":292794,"Under74":208723,"Over75":120071},"Beds":{"Resuscitation":124,"IntensiveCare":342,"Total":466},"Deaths":114,"Recovered":594,"Severe":65,"Critical":19,"Emergencies":{"Suspected":4,"Total":530,"Severe":2,"Suspected/Accumulated":1290,"Total/Accumulated":39736,"Severe/Accumulated":534},"MedicalActs":{"Suspected":3,"Total":71,"Suspected/Accumulated":501,"Total/Accumulated":6173},"MedicalTests":{"Total":73,"Confirmed":3,"Total/Accumulated":25175,"Confirmed/Accumulated":1200},"Confirmed":171},"geometry":{"type":"Point","coordinates":[3.2725271495327104,43.601788971962634]}},{"type":"Feature","properties":{"Country/Region":"France","Province/State":"Ille-et-Vilaine","Code":"35","Population":{"Total":1082073,"Under19":274429,"Under39":270693,"Under59":278610,"Under74":165623,"Over75":92718},"Beds":{"Resuscitation":60,"IntensiveCare":224,"Total":284},"Deaths":76,"Recovered":329,"Severe":112,"Critical":9,"Emergencies":{"Suspected":10,"Total":404,"Severe":8,"Suspected/Accumulated":1574,"Total/Accumulated":29434,"Severe/Accumulated":845},"MedicalActs":{"Suspected":12,"Total":158,"Suspected/Accumulated":598,"Total/Accumulated":10169},"Confirmed":208,"MedicalTests":{"Total/Accumulated":305,"Confirmed/Accumulated":9}},"geometry":{"type":"Point","coordinates":[-1.7401927338129495,48.18315345323742]}},{"type":"Feature","properties":{"Country/Region":"France","Province/State":"Indre","Code":"36","Population":{"Total":217139,"Under19":42951,"Under39":38506,"Under59":56292,"Under74":48986,"Over75":30404},"Beds":{"Resuscitation":10,"IntensiveCare":18,"Total":28},"Deaths":70,"Recovered":85,"Severe":107,"Critical":6,"Emergencies":{"Total":61,"Suspected/Accumulated":67,"Total/Accumulated":5088,"Severe/Accumulated":32},"Confirmed":80,"MedicalTests":{"Total/Accumulated":2659,"Confirmed/Accumulated":361}},"geometry":{"type":"Point","coordinates":[1.576445147679325,46.764304345991526]}},{"type":"Feature","properties":{"Country/Region":"France","Province/State":"Indre-et-Loire","Code":"37","Population":{"Total":605380,"Under19":142122,"Under39":136574,"Under59":153731,"Under74":108623,"Over75":64330},"Beds":{"Resuscitation":79,"IntensiveCare":116,"Total":195},"Deaths":68,"Recovered":237,"Severe":145,"Critical":19,"Emergencies":{"Suspected":8,"Total":211,"Severe":5,"Suspected/Accumulated":792,"Total/Accumulated":16190,"Severe/Accumulated":298},"MedicalActs":{"Total":119,"Suspected/Accumulated":418,"Total/Accumulated":8448},"Confirmed":123,"MedicalTests":{"Total/Accumulated":2731,"Confirmed/Accumulated":108}},"geometry":{"type":"Point","coordinates":[0.6915947413793099,47.23521443965518]}},{"type":"Feature","properties":{"Country/Region":"France","Province/State":"Isère","Code":"38","Population":{"Total":1264979,"Under19":319977,"Under39":298730,"Under59":332378,"Under74":201842,"Over75":112052},"Beds":{"Resuscitation":74,"IntensiveCare":178,"Total":252},"Deaths":118,"Recovered":494,"Severe":151,"Critical":22,"Emergencies":{"Suspected":7,"Total":500,"Severe":2,"Suspected/Accumulated":1483,"Total/Accumulated":38955,"Severe/Accumulated":546},"MedicalActs":{"Suspected":7,"Total":148,"Suspected/Accumulated":1053,"Total/Accumulated":10761},"Confirmed":190,"MedicalTests":{"Total/Accumulated":1606,"Confirmed/Accumulated":137}},"geometry":{"type":"Point","coordinates":[5.557470704225359,45.27668616197182]}},{"type":"Feature","properties":{"Country/Region":"France","Province/State":"Jura","Code":"39","Population":{"Total":257849,"Under19":57639,"Under39":51064,"Under59":68521,"Under74":50575,"Over75":30050},"Beds":{"Resuscitation":8,"IntensiveCare":18,"Total":26},"Deaths":52,"Recovered":198,"Severe":74,"Critical":3,"Emergencies":{"Suspected":1,"Total":122,"Suspected/Accumulated":628,"Total/Accumulated":9285,"Severe/Accumulated":265},"MedicalTests":{"Total/Accumulated":1235,"Confirmed/Accumulated":148}},"geometry":{"type":"Point","coordinates":[5.6395758823529425,46.756161447963784]}},{"type":"Feature","properties":{"Country/Region":"France","Province/State":"Landes","Code":"40","Population":{"Total":411979,"Under19":85144,"Under39":78495,"Under59":112191,"Under74":86896,"Over75":49253},"Beds":{"Resuscitation":14,"IntensiveCare":32,"Total":46},"Deaths":10,"Recovered":58,"Severe":17,"Critical":3,"Emergencies":{"Suspected":2,"Total":128,"Severe":1,"Suspected/Accumulated":468,"Total/Accumulated":9294,"Severe/Accumulated":293},"Confirmed":20,"MedicalTests":{"Total/Accumulated":487,"Confirmed/Accumulated":21}},"geometry":{"type":"Point","coordinates":[-0.5772234449760769,43.8801859808612]}},{"type":"Feature","properties":{"Country/Region":"France","Province/State":"Loir-et-Cher","Code":"41","Population":{"Total":327835,"Under19":72953,"Under39":62903,"Under59":86073,"Under74":65923,"Over75":39983},"Beds":{"Resuscitation":12,"IntensiveCare":16,"Total":28},"Deaths":54,"Recovered":159,"Severe":137,"Critical":6,"Emergencies":{"Suspected":3,"Total":175,"Severe":1,"Suspected/Accumulated":638,"Total/Accumulated":11147,"Severe/Accumulated":61},"Confirmed":55,"MedicalTests":{"Total/Accumulated":512,"Confirmed/Accumulated":41}},"geometry":{"type":"Point","coordinates":[1.3938662132352944,47.653275698529406]}},{"type":"Feature","properties":{"Country/Region":"France","Province/State":"Loire","Code":"42","Population":{"Total":764737,"Under19":186049,"Under39":167975,"Under59":190702,"Under74":136240,"Over75":83771},"Beds":{"Resuscitation":70,"IntensiveCare":120,"Total":190},"Deaths":202,"Recovered":683,"Severe":342,"Critical":53,"Emergencies":{"Suspected":10,"Total":375,"Severe":8,"Suspected/Accumulated":1515,"Total/Accumulated":30835,"Severe/Accumulated":886},"MedicalActs":{"Suspected":4,"Total":72,"Suspected/Accumulated":396,"Total/Accumulated":6816},"Confirmed":363,"MedicalTests":{"Total/Accumulated":650,"Confirmed/Accumulated":45}},"geometry":{"type":"Point","coordinates":[4.189998267716536,45.74292366141733]}},{"type":"Feature","properties":{"Country/Region":"France","Province/State":"Haute-Loire","Code":"43","Population":{"Total":226901,"Under19":49659,"Under39":43248,"Under59":60903,"Under74":46857,"Over75":26234},"Beds":{"Resuscitation":8,"IntensiveCare":20,"Total":28},"Deaths":13,"Recovered":82,"Severe":23,"Critical":3,"Emergencies":{"Suspected":1,"Total":25,"Severe":1,"Suspected/Accumulated":14,"Total/Accumulated":1356,"Severe/Accumulated":7},"MedicalTests":{"Total":1,"Total/Accumulated":662,"Confirmed/Accumulated":42},"Confirmed":23},"geometry":{"type":"Point","coordinates":[3.7869054017857136,45.15054486607143]}},{"type":"Feature","properties":{"Country/Region":"France","Province/State":"Loire-Atlantique","Code":"44","Population":{"Total":1437137,"Under19":363681,"Under39":357664,"Under59":368059,"Under74":227458,"Over75":120275},"Beds":{"Resuscitation":77,"IntensiveCare":262,"Total":339},"Deaths":136,"Recovered":468,"Severe":186,"Critical":16,"Emergencies":{"Suspected":9,"Total":299,"Severe":7,"Suspected/Accumulated":2122,"Total/Accumulated":25952,"Severe/Accumulated":1105},"MedicalActs":{"Suspected":21,"Total":446,"Suspected/Accumulated":2563,"Total/Accumulated":30456},"Confirmed":633,"MedicalTests":{"Total/Accumulated":504,"Confirmed/Accumulated":38}},"geometry":{"type":"Point","coordinates":[-1.6902253409090902,47.33230598484852]}},{"type":"Feature","properties":{"Country/Region":"France","Province/State":"Loiret","Code":"45","Population":{"Total":682890,"Under19":172345,"Under39":155348,"Under59":174617,"Under74":115984,"Over75":64596},"Beds":{"Resuscitation":47,"IntensiveCare":120,"Total":167},"Deaths":81,"Recovered":465,"Severe":197,"Critical":26,"Emergencies":{"Suspected":5,"Total":259,"Severe":3,"Suspected/Accumulated":858,"Total/Accumulated":19437,"Severe/Accumulated":509},"MedicalActs":{"Suspected":1,"Total":31,"Suspected/Accumulated":197,"Total/Accumulated":2893},"Confirmed":258,"MedicalTests":{"Total/Accumulated":2747,"Confirmed/Accumulated":314}},"geometry":{"type":"Point","coordinates":[2.383405222672066,47.91302979757084]}},{"type":"Feature","properties":{"Country/Region":"France","Province/State":"Lot","Code":"46","Population":{"Total":173166,"Under19":31861,"Under39":29365,"Under59":44533,"Under74":41623,"Over75":25784},"Beds":{"Resuscitation":8,"IntensiveCare":8,"Total":16},"Deaths":20,"Recovered":132,"Severe":13,"Emergencies":{"Total":92,"Suspected/Accumulated":300,"Total/Accumulated":5987,"Severe/Accumulated":66},"Confirmed":4,"MedicalTests":{"Total/Accumulated":342,"Confirmed/Accumulated":19}},"geometry":{"type":"Point","coordinates":[1.5901290212765966,44.59231876595746]}},{"type":"Feature","properties":{"Country/Region":"France","Province/State":"Lot-et-Garonne","Code":"47","Population":{"Total":330336,"Under19":69990,"Under39":64149,"Under59":84272,"Under74":68912,"Over75":43013},"Beds":{"Resuscitation":11,"IntensiveCare":36,"Total":47},"Deaths":8,"Recovered":56,"Severe":23,"Critical":2,"Emergencies":{"Suspected":4,"Total":151,"Severe":4,"Suspected/Accumulated":830,"Total/Accumulated":11924,"Severe/Accumulated":219},"Confirmed":65,"MedicalTests":{"Total/Accumulated":680,"Confirmed/Accumulated":15}},"geometry":{"type":"Point","coordinates":[0.4871552444444442,44.39576413333333]}},{"type":"Feature","properties":{"Country/Region":"France","Province/State":"Lozère","Code":"48","Population":{"Total":76286,"Under19":15582,"Under39":14895,"Under59":20255,"Under74":15962,"Over75":9592},"Beds":{"Resuscitation":3,"IntensiveCare":0,"Total":3},"Deaths":1,"Recovered":20,"Emergencies":{"Total":24,"Suspected/Accumulated":42,"Total/Accumulated":1686,"Severe/Accumulated":8},"MedicalTests":{"Total":1,"Total/Accumulated":381,"Confirmed/Accumulated":4},"Confirmed":8},"geometry":{"type":"Point","coordinates":[3.494722131979694,44.51333609137059]}},{"type":"Feature","properties":{"Country/Region":"France","Province/State":"Maine-et-Loire","Code":"49","Population":{"Total":815881,"Under19":204162,"Under39":184600,"Under59":204421,"Under74":138603,"Over75":84095},"Beds":{"Resuscitation":61,"IntensiveCare":196,"Total":257},"Deaths":112,"Recovered":431,"Severe":145,"Critical":17,"Emergencies":{"Suspected":6,"Total":268,"Severe":3,"Suspected/Accumulated":1332,"Total/Accumulated":19409,"Severe/Accumulated":558},"Confirmed":222,"MedicalTests":{"Total/Accumulated":130,"Confirmed/Accumulated":13}},"geometry":{"type":"Point","coordinates":[-0.6000336862745095,47.406434431372546]}},{"type":"Feature","properties":{"Country/Region":"France","Province/State":"Manche","Code":"50","Population":{"Total":490669,"Under19":105402,"Under39":96439,"Under59":126734,"Under74":101121,"Over75":60973},"Beds":{"Resuscitation":28,"IntensiveCare":52,"Total":80},"Deaths":42,"Recovered":108,"Severe":54,"Critical":4,"Emergencies":{"Suspected":1,"Total":213,"Severe":1,"Suspected/Accumulated":448,"Total/Accumulated":17059,"Severe/Accumulated":351},"MedicalActs":{"Suspected":2,"Total":63,"Suspected/Accumulated":405,"Total/Accumulated":6289},"Confirmed":107,"MedicalTests":{"Total/Accumulated":1686,"Confirmed/Accumulated":120}},"geometry":{"type":"Point","coordinates":[-1.3097769083969464,49.05127938931302]}},{"type":"Feature","properties":{"Country/Region":"France","Province/State":"Marne","Code":"51","Population":{"Total":563823,"Under19":136695,"Under39":137533,"Under59":142415,"Under74":97015,"Over75":50165},"Beds":{"Resuscitation":54,"IntensiveCare":78,"Total":132},"Deaths":230,"Recovered":759,"Severe":306,"Critical":29,"Emergencies":{"Suspected":1,"Total":198,"Suspected/Accumulated":725,"Total/Accumulated":14652,"Severe/Accumulated":333},"MedicalActs":{"Suspected":3,"Total":47,"Suspected/Accumulated":182,"Total/Accumulated":2303},"Confirmed":37,"MedicalTests":{"Total/Accumulated":1724,"Confirmed/Accumulated":351}},"geometry":{"type":"Point","coordinates":[4.209888097014927,48.936171417910444]}},{"type":"Feature","properties":{"Country/Region":"France","Province/State":"Haute-Marne","Code":"52","Population":{"Total":169250,"Under19":34865,"Under39":34065,"Under59":44268,"Under74":35981,"Over75":20071},"Beds":{"Resuscitation":8,"IntensiveCare":12,"Total":20},"Deaths":67,"Recovered":162,"Severe":95,"Critical":13,"Emergencies":{"Total":77,"Suspected/Accumulated":620,"Total/Accumulated":5999,"Severe/Accumulated":165},"Confirmed":7,"MedicalTests":{"Total/Accumulated":184,"Confirmed/Accumulated":37}},"geometry":{"type":"Point","coordinates":[5.203108577075099,48.126414822134386]}},{"type":"Feature","properties":{"Country/Region":"France","Province/State":"Mayenne","Code":"53","Population":{"Total":305365,"Under19":74868,"Under39":61839,"Under59":78619,"Under74":55705,"Over75":34334},"Beds":{"Resuscitation":8,"IntensiveCare":16,"Total":24},"Deaths":35,"Recovered":108,"Severe":68,"Critical":5,"Emergencies":{"Suspected":1,"Total":124,"Suspected/Accumulated":417,"Total/Accumulated":4369,"Severe/Accumulated":169},"Confirmed":182,"MedicalTests":{"Total/Accumulated":361,"Confirmed/Accumulated":13}},"geometry":{"type":"Point","coordinates":[-0.6361607305936071,48.153668493150704]}},{"type":"Feature","properties":{"Country/Region":"France","Province/State":"Meurthe-et-Moselle","Code":"54","Population":{"Total":730398,"Under19":170693,"Under39":185629,"Under59":182526,"Under74":124808,"Over75":66742},"Beds":{"Resuscitation":83,"IntensiveCare":172,"Total":255},"Deaths":310,"Recovered":824,"Severe":298,"Critical":42,"Emergencies":{"Suspected":3,"Total":285,"Severe":2,"Suspected/Accumulated":1212,"Total/Accumulated":19534,"Severe/Accumulated":582},"MedicalActs":{"Suspected":16,"Total":179,"Suspected/Accumulated":921,"Total/Accumulated":9026},"Confirmed":85,"MedicalTests":{"Total/Accumulated":2103,"Confirmed/Accumulated":184}},"geometry":{"type":"Point","coordinates":[6.092894571428565,48.892416158730185]}},{"type":"Feature","properties":{"Country/Region":"France","Province/State":"Meuse","Code":"55","Population":{"Total":181641,"Under19":40375,"Under39":37641,"Under59":47696,"Under74":36898,"Over75":19031},"Beds":{"Resuscitation":8,"IntensiveCare":20,"Total":28},"Deaths":92,"Recovered":293,"Severe":146,"Critical":11,"Emergencies":{"Suspected":4,"Total":78,"Severe":4,"Suspected/Accumulated":364,"Total/Accumulated":4972,"Severe/Accumulated":181},"Confirmed":18,"MedicalTests":{"Total/Accumulated":724,"Confirmed/Accumulated":73}},"geometry":{"type":"Point","coordinates":[5.380316626506025,49.03635373493975]}},{"type":"Feature","properties":{"Country/Region":"France","Province/State":"Morbihan","Code":"56","Population":{"Total":755566,"Under19":166653,"Under39":145287,"Under59":197813,"Under74":159285,"Over75":86528},"Beds":{"Resuscitation":22,"IntensiveCare":64,"Total":86},"Deaths":83,"Recovered":322,"Severe":108,"Critical":19,"Emergencies":{"Suspected":3,"Total":294,"Severe":1,"Suspected/Accumulated":1737,"Total/Accumulated":20777,"Severe/Accumulated":303},"MedicalActs":{"Suspected":2,"Total":82,"Suspected/Accumulated":141,"Total/Accumulated":4606},"Confirmed":313,"MedicalTests":{"Total/Accumulated":41,"Confirmed/Accumulated":3}},"geometry":{"type":"Point","coordinates":[-2.8780210594315263,47.764317932816574]}},{"type":"Feature","properties":{"Country/Region":"France","Province/State":"Moselle","Code":"57","Population":{"Total":1035866,"Under19":229681,"Under39":243525,"Under59":278966,"Under74":186864,"Over75":96830},"Beds":{"Resuscitation":88,"IntensiveCare":112,"Total":200},"Deaths":708,"Recovered":1859,"Severe":644,"Critical":74,"Emergencies":{"Suspected":10,"Total":453,"Severe":3,"Suspected/Accumulated":4058,"Total/Accumulated":34905,"Severe/Accumulated":1900},"Confirmed":295,"MedicalTests":{"Total/Accumulated":3607,"Confirmed/Accumulated":664}},"geometry":{"type":"Point","coordinates":[6.73973678343949,49.04168831210189]}},{"type":"Feature","properties":{"Country/Region":"France","Province/State":"Nièvre","Code":"58","Population":{"Total":199596,"Under19":38191,"Under39":34484,"Under59":50426,"Under74":47745,"Over75":28750},"Beds":{"Resuscitation":12,"IntensiveCare":32,"Total":44},"Deaths":25,"Recovered":54,"Severe":41,"Critical":1,"Emergencies":{"Total":107,"Suspected/Accumulated":892,"Total/Accumulated":9284,"Severe/Accumulated":324},"Confirmed":2,"MedicalTests":{"Total/Accumulated":1839,"Confirmed/Accumulated":155}},"geometry":{"type":"Point","coordinates":[3.547376999999999,47.143300999999994]}},{"type":"Feature","properties":{"Country/Region":"France","Province/State":"Nord","Code":"59","Population":{"Total":2588988,"Under19":675470,"Under39":665053,"Under59":646791,"Under74":405380,"Over75":196294},"Beds":{"Resuscitation":225,"IntensiveCare":698,"Total":923},"Deaths":494,"Recovered":1527,"Severe":756,"Critical":96,"Emergencies":{"Suspected":31,"Total":1237,"Severe":16,"Suspected/Accumulated":5409,"Total/Accumulated":89380,"Severe/Accumulated":1949},"MedicalActs":{"Suspected":11,"Total":324,"Suspected/Accumulated":1446,"Total/Accumulated":25892},"Confirmed":39,"MedicalTests":{"Total/Accumulated":3450,"Confirmed/Accumulated":457}},"geometry":{"type":"Point","coordinates":[3.1893953197674403,50.453616308139516]}},{"type":"Feature","properties":{"Country/Region":"France","Province/State":"Oise","Code":"60","Population":{"Total":825077,"Under19":214776,"Under39":193026,"Under59":221783,"Under74":134365,"Over75":61127},"Beds":{"Resuscitation":36,"IntensiveCare":92,"Total":128},"Deaths":357,"Recovered":827,"Severe":380,"Critical":19,"Emergencies":{"Suspected":2,"Total":152,"Severe":1,"Suspected/Accumulated":537,"Total/Accumulated":10301,"Severe/Accumulated":276},"Confirmed":210,"MedicalTests":{"Total/Accumulated":6389,"Confirmed/Accumulated":1229}},"geometry":{"type":"Point","coordinates":[2.463008007117438,49.41459999999999]}},{"type":"Feature","properties":{"Country/Region":"France","Province/State":"Orne","Code":"61","Population":{"Total":276903,"Under19":59830,"Under39":51781,"Under59":70741,"Under74":58679,"Over75":35872},"Beds":{"Resuscitation":16,"IntensiveCare":24,"Total":40},"Deaths":33,"Recovered":169,"Severe":61,"Critical":5,"Emergencies":{"Total":115,"Suspected/Accumulated":292,"Total/Accumulated":10430,"Severe/Accumulated":43},"Confirmed":28,"MedicalTests":{"Total/Accumulated":1093,"Confirmed/Accumulated":95}},"geometry":{"type":"Point","coordinates":[0.01997467181467186,48.611762664092666]}},{"type":"Feature","properties":{"Country/Region":"France","Province/State":"Pas-de-Calais","Code":"62","Population":{"Total":1452778,"Under19":367229,"Under39":336274,"Under59":374200,"Under74":255788,"Over75":119287},"Beds":{"Resuscitation":85,"IntensiveCare":274,"Total":359},"Deaths":243,"Recovered":982,"Severe":365,"Critical":55,"Emergencies":{"Suspected":2,"Total":218,"Severe":1,"Suspected/Accumulated":785,"Total/Accumulated":20981,"Severe/Accumulated":159},"Confirmed":8,"MedicalTests":{"Total/Accumulated":3917,"Confirmed/Accumulated":525}},"geometry":{"type":"Point","coordinates":[2.4712310954063605,50.40984130742051]}},{"type":"Feature","properties":{"Country/Region":"France","Province/State":"Puy-de-Dôme","Code":"63","Population":{"Total":660240,"Under19":147680,"Under39":153022,"Under59":169492,"Under74":122442,"Over75":67604},"Beds":{"Resuscitation":77,"IntensiveCare":104,"Total":181},"Deaths":38,"Recovered":145,"Severe":27,"Critical":6,"Emergencies":{"Total":116,"Suspected/Accumulated":457,"Total/Accumulated":8115,"Severe/Accumulated":212},"MedicalActs":{"Suspected":8,"Total":87,"Suspected/Accumulated":287,"Total/Accumulated":5727},"MedicalTests":{"Total":6,"Total/Accumulated":5383,"Confirmed/Accumulated":227},"Confirmed":105},"geometry":{"type":"Point","coordinates":[3.143235039370079,45.73685830708661]}},{"type":"Feature","properties":{"Country/Region":"France","Province/State":"Pyrénées-Atlantiques","Code":"64","Population":{"Total":683169,"Under19":144945,"Under39":141910,"Under59":182850,"Under74":130868,"Over75":82596},"Beds":{"Resuscitation":35,"IntensiveCare":110,"Total":145},"Deaths":25,"Recovered":183,"Severe":35,"Critical":3,"Emergencies":{"Suspected":4,"Total":296,"Severe":4,"Suspected/Accumulated":623,"Total/Accumulated":20530,"Severe/Accumulated":257},"MedicalActs":{"Suspected":12,"Total":258,"Suspected/Accumulated":1434,"Total/Accumulated":17165},"Confirmed":41,"MedicalTests":{"Total/Accumulated":5252,"Confirmed/Accumulated":185}},"geometry":{"type":"Point","coordinates":[-0.7610906397306391,43.26238828282827]}},{"type":"Feature","properties":{"Country/Region":"France","Province/State":"Hautes-Pyrénées","Code":"65","Population":{"Total":226839,"Under19":44839,"Under39":42373,"Under59":59329,"Under74":49523,"Over75":30775},"Beds":{"Resuscitation":12,"IntensiveCare":44,"Total":56},"Deaths":25,"Recovered":116,"Severe":44,"Critical":4,"Emergencies":{"Total":68,"Suspected/Accumulated":36,"Total/Accumulated":4934,"Severe/Accumulated":15},"Confirmed":11,"MedicalTests":{"Total/Accumulated":2110,"Confirmed/Accumulated":177}},"geometry":{"type":"Point","coordinates":[0.15248105932203385,43.134416483050856]}},{"type":"Feature","properties":{"Country/Region":"France","Province/State":"Pyrénées-Orientales","Code":"66","Population":{"Total":479000,"Under19":102236,"Under39":93899,"Under59":121501,"Under74":99671,"Over75":61693},"Beds":{"Resuscitation":32,"IntensiveCare":64,"Total":96},"Deaths":34,"Recovered":267,"Severe":9,"Emergencies":{"Suspected":2,"Total":221,"Severe":1,"Suspected/Accumulated":364,"Total/Accumulated":16426,"Severe/Accumulated":162},"MedicalActs":{"Suspected":5,"Total":106,"Suspected/Accumulated":519,"Total/Accumulated":6848},"Confirmed":35,"MedicalTests":{"Total/Accumulated":3075,"Confirmed/Accumulated":35}},"geometry":{"type":"Point","coordinates":[2.4354706043956034,42.554231208791215]}},{"type":"Feature","properties":{"Country/Region":"France","Province/State":"Bas-Rhin","Code":"67","Population":{"Total":1132607,"Under19":258105,"Under39":285390,"Under59":300661,"Under74":188150,"Over75":100301},"Beds":{"Resuscitation":122,"IntensiveCare":208,"Total":330},"Deaths":571,"Recovered":1880,"Severe":763,"Critical":95,"Emergencies":{"Suspected":4,"Total":300,"Severe":3,"Suspected/Accumulated":2226,"Total/Accumulated":22639,"Severe/Accumulated":1410},"MedicalActs":{"Suspected":18,"Total":306,"Suspected/Accumulated":2412,"Total/Accumulated":20415},"Confirmed":376,"MedicalTests":{"Total/Accumulated":2095,"Confirmed/Accumulated":485}},"geometry":{"type":"Point","coordinates":[7.447409099526063,48.70509469194314]}},{"type":"Feature","properties":{"Country/Region":"France","Province/State":"Haut-Rhin","Code":"68","Population":{"Total":763204,"Under19":175817,"Under39":172286,"Under59":209152,"Under74":134185,"Over75":71764},"Beds":{"Resuscitation":70,"IntensiveCare":136,"Total":206},"Deaths":722,"Recovered":2037,"Severe":763,"Critical":68,"Emergencies":{"Suspected":8,"Total":317,"Severe":5,"Suspected/Accumulated":2900,"Total/Accumulated":20934,"Severe/Accumulated":1850},"MedicalActs":{"Suspected":7,"Total":119,"Suspected/Accumulated":1602,"Total/Accumulated":8049},"Confirmed":700,"MedicalTests":{"Total/Accumulated":3521,"Confirmed/Accumulated":946}},"geometry":{"type":"Point","coordinates":[7.263731571428571,47.83921192857142]}},{"type":"Feature","properties":{"Country/Region":"France","Province/State":"Rhône","Code":"69","Population":{"Total":1876051,"Under19":478142,"Under39":523161,"Under59":455898,"Under74":259877,"Over75":158973},"Beds":{"Resuscitation":192,"IntensiveCare":422,"Total":614},"Deaths":565,"Recovered":2082,"Severe":928,"Critical":105,"Emergencies":{"Suspected":10,"Total":802,"Severe":2,"Suspected/Accumulated":4675,"Total/Accumulated":55406,"Severe/Accumulated":2143},"MedicalActs":{"Suspected":15,"Total":294,"Suspected/Accumulated":2647,"Total/Accumulated":21841},"Confirmed":532,"MedicalTests":{"Total/Accumulated":2424,"Confirmed/Accumulated":344}},"geometry":{"type":"Point","coordinates":[4.660707512690354,45.8811785786802]}},{"type":"Feature","properties":{"Country/Region":"France","Province/State":"Haute-Saône","Code":"70","Population":{"Total":233194,"Under19":52426,"Under39":45311,"Under59":62843,"Under74":47643,"Over75":24971},"Beds":{"Resuscitation":12,"IntensiveCare":24,"Total":36},"Deaths":74,"Recovered":209,"Severe":80,"Critical":5,"Emergencies":{"Suspected":4,"Total":108,"Severe":4,"Suspected/Accumulated":894,"Total/Accumulated":6544,"Severe/Accumulated":520},"MedicalTests":{"Total/Accumulated":1918,"Confirmed/Accumulated":275}},"geometry":{"type":"Point","coordinates":[6.0410172972972935,47.62793234234234]}},{"type":"Feature","properties":{"Country/Region":"France","Province/State":"Saône-et-Loire","Code":"71","Population":{"Total":547824,"Under19":117389,"Under39":104206,"Under59":141715,"Under74":114530,"Over75":69984},"Beds":{"Resuscitation":26,"IntensiveCare":44,"Total":70},"Deaths":175,"Recovered":503,"Severe":207,"Critical":13,"Emergencies":{"Suspected":6,"Total":266,"Severe":2,"Suspected/Accumulated":2683,"Total/Accumulated":19822,"Severe/Accumulated":1189},"MedicalTests":{"Total/Accumulated":2990,"Confirmed/Accumulated":248}},"geometry":{"type":"Point","coordinates":[4.528318691588785,46.63876112149533]}},{"type":"Feature","properties":{"Country/Region":"France","Province/State":"Sarthe","Code":"72","Population":{"Total":560227,"Under19":135636,"Under39":116946,"Under59":143032,"Under74":103587,"Over75":61026},"Beds":{"Resuscitation":17,"IntensiveCare":54,"Total":71},"Deaths":68,"Recovered":247,"Severe":131,"Critical":6,"Emergencies":{"Suspected":9,"Total":242,"Suspected/Accumulated":1765,"Total/Accumulated":18125,"Severe/Accumulated":919},"Confirmed":422,"MedicalTests":{"Total/Accumulated":44,"Confirmed/Accumulated":3}},"geometry":{"type":"Point","coordinates":[0.1986467741935485,47.9763005529954]}},{"type":"Feature","properties":{"Country/Region":"France","Province/State":"Savoie","Code":"73","Population":{"Total":432548,"Under19":98346,"Under39":96013,"Under59":117417,"Under74":76722,"Over75":44050},"Beds":{"Resuscitation":18,"IntensiveCare":36,"Total":54},"Deaths":56,"Recovered":344,"Severe":54,"Critical":6,"Emergencies":{"Suspected":3,"Total":141,"Severe":1,"Suspected/Accumulated":510,"Total/Accumulated":10046,"Severe/Accumulated":209},"MedicalActs":{"Suspected":4,"Total":82,"Suspected/Accumulated":554,"Total/Accumulated":5616},"Confirmed":114,"MedicalTests":{"Total/Accumulated":362,"Confirmed/Accumulated":39}},"geometry":{"type":"Point","coordinates":[6.4038603585657325,45.50301760956176]}},{"type":"Feature","properties":{"Country/Region":"France","Province/State":"Haute-Savoie","Code":"74","Population":{"Total":828405,"Under19":203837,"Under39":209477,"Under59":227355,"Under74":122439,"Over75":65297},"Beds":{"Resuscitation":34,"IntensiveCare":82,"Total":116},"Deaths":152,"Recovered":701,"Severe":186,"Critical":17,"Emergencies":{"Suspected":10,"Total":476,"Severe":3,"Suspected/Accumulated":1956,"Total/Accumulated":33226,"Severe/Accumulated":703},"MedicalActs":{"Suspected":9,"Total":105,"Suspected/Accumulated":775,"Total/Accumulated":7813},"Confirmed":310,"MedicalTests":{"Total/Accumulated":3355,"Confirmed/Accumulated":603}},"geometry":{"type":"Point","coordinates":[6.452374226804124,46.01403216494844]}},{"type":"Feature","properties":{"Country/Region":"France","Province/State":"Paris","Code":"75","Population":{"Total":2148271,"Under19":406652,"Under39":718825,"Under59":536676,"Under74":311978,"Over75":174140},"Beds":{"Resuscitation":389,"IntensiveCare":1082,"Total":1471},"Deaths":1579,"Recovered":4694,"Severe":1803,"Critical":322,"Emergencies":{"Suspected":33,"Total":800,"Severe":6,"Suspected/Accumulated":15577,"Total/Accumulated":72224,"Severe/Accumulated":3794},"MedicalActs":{"Suspected":21,"Total":591,"Suspected/Accumulated":5914,"Total/Accumulated":48447},"MedicalTests":{"Total":1,"Total/Accumulated":15240,"Confirmed/Accumulated":4010},"Confirmed":126},"geometry":{"type":"Point","coordinates":[2.3550152173913044,48.8535647826087]}},{"type":"Feature","properties":{"Country/Region":"France","Province/State":"Seine-Maritime","Code":"76","Population":{"Total":1243788,"Under19":303968,"Under39":294607,"Under59":310458,"Under74":218116,"Over75":116639},"Beds":{"Resuscitation":93,"IntensiveCare":300,"Total":393},"Deaths":160,"Recovered":614,"Severe":161,"Critical":27,"Emergencies":{"Suspected":18,"Total":591,"Severe":10,"Suspected/Accumulated":1502,"Total/Accumulated":44652,"Severe/Accumulated":602},"MedicalActs":{"Suspected":5,"Total":62,"Suspected/Accumulated":396,"Total/Accumulated":4936},"Confirmed":233,"MedicalTests":{"Total/Accumulated":3811,"Confirmed/Accumulated":399}},"geometry":{"type":"Point","coordinates":[1.114674462365592,49.5942889784946]}},{"type":"Feature","properties":{"Country/Region":"France","Province/State":"Seine-et-Marne","Code":"77","Population":{"Total":1423607,"Under19":392025,"Under39":357752,"Under59":382068,"Under74":199768,"Over75":91994},"Beds":{"Resuscitation":77,"IntensiveCare":100,"Total":177},"Deaths":552,"Recovered":1999,"Severe":562,"Critical":100,"Emergencies":{"Suspected":12,"Total":324,"Severe":9,"Suspected/Accumulated":2840,"Total/Accumulated":27523,"Severe/Accumulated":1401},"MedicalActs":{"Suspected":4,"Total":173,"Suspected/Accumulated":1355,"Total/Accumulated":13407},"Confirmed":42,"MedicalTests":{"Total/Accumulated":8408,"Confirmed/Accumulated":1685}},"geometry":{"type":"Point","coordinates":[2.9385241532258073,48.61862185483869]}},{"type":"Feature","properties":{"Country/Region":"France","Province/State":"Yvelines","Code":"78","Population":{"Total":1448625,"Under19":385814,"Under39":341694,"Under59":394186,"Under74":209492,"Over75":117439},"Beds":{"Resuscitation":84,"IntensiveCare":204,"Total":288},"Deaths":448,"Recovered":1581,"Severe":736,"Critical":68,"Emergencies":{"Suspected":10,"Total":487,"Severe":5,"Suspected/Accumulated":2601,"Total/Accumulated":38773,"Severe/Accumulated":989},"MedicalActs":{"Suspected":8,"Total":147,"Suspected/Accumulated":1213,"Total/Accumulated":9673},"Confirmed":70,"MedicalTests":{"Total/Accumulated":5665,"Confirmed/Accumulated":1132}},"geometry":{"type":"Point","coordinates":[1.8294258823529415,48.80823257352944]}},{"type":"Feature","properties":{"Country/Region":"France","Province/State":"Deux-Sèvres","Code":"79","Population":{"Total":372627,"Under19":85106,"Under39":73604,"Under59":98839,"Under74":72067,"Over75":43011},"Beds":{"Resuscitation":8,"IntensiveCare":36,"Total":44},"Deaths":19,"Recovered":50,"Severe":12,"Critical":2,"Emergencies":{"Suspected":2,"Total":152,"Severe":1,"Suspected/Accumulated":310,"Total/Accumulated":11252,"Severe/Accumulated":132},"Confirmed":11,"MedicalTests":{"Total/Accumulated":47,"Confirmed/Accumulated":5}},"geometry":{"type":"Point","coordinates":[-0.29978133828996273,46.53994301115242]}},{"type":"Feature","properties":{"Country/Region":"France","Province/State":"Somme","Code":"80","Population":{"Total":569769,"Under19":138211,"Under39":134953,"Under59":144752,"Under74":100734,"Over75":51119},"Beds":{"Resuscitation":58,"IntensiveCare":164,"Total":222},"Deaths":196,"Recovered":564,"Severe":228,"Critical":22,"Emergencies":{"Suspected":4,"Total":242,"Severe":3,"Suspected/Accumulated":1369,"Total/Accumulated":19169,"Severe/Accumulated":612},"MedicalActs":{"Suspected":7,"Total":118,"Suspected/Accumulated":1436,"Total/Accumulated":12749},"Confirmed":54,"MedicalTests":{"Total/Accumulated":4012,"Confirmed/Accumulated":497}},"geometry":{"type":"Point","coordinates":[2.3486719850187256,49.97418277153558]}},{"type":"Feature","properties":{"Country/Region":"France","Province/State":"Tarn","Code":"81","Population":{"Total":387898,"Under19":84873,"Under39":74511,"Under59":102349,"Under74":77279,"Over75":48886},"Beds":{"Resuscitation":24,"IntensiveCare":70,"Total":94},"Deaths":21,"Recovered":92,"Severe":26,"Critical":8,"Emergencies":{"Suspected":3,"Total":192,"Severe":1,"Suspected/Accumulated":622,"Total/Accumulated":13505,"Severe/Accumulated":168},"MedicalTests":{"Total":1,"Total/Accumulated":992,"Confirmed/Accumulated":42},"Confirmed":14},"geometry":{"type":"Point","coordinates":[2.1808796818181815,43.78627254545453]}},{"type":"Feature","properties":{"Country/Region":"France","Province/State":"Tarn-et-Garonne","Code":"82","Population":{"Total":262618,"Under19":63559,"Under39":53023,"Under59":70354,"Under74":48046,"Over75":27636},"Beds":{"Resuscitation":18,"IntensiveCare":40,"Total":58},"Deaths":4,"Recovered":36,"Severe":8,"Critical":7,"Emergencies":{"Total":130,"Suspected/Accumulated":579,"Total/Accumulated":8137,"Severe/Accumulated":202},"MedicalTests":{"Total":1,"Total/Accumulated":1285,"Confirmed/Accumulated":71},"Confirmed":11},"geometry":{"type":"Point","coordinates":[1.3350866094420606,44.1164032618026]}},{"type":"Feature","properties":{"Country/Region":"France","Province/State":"Var","Code":"83","Population":{"Total":1073836,"Under19":224216,"Under39":215361,"Under59":276842,"Under74":218239,"Over75":139178},"Beds":{"Resuscitation":60,"IntensiveCare":84,"Total":144},"Deaths":118,"Recovered":734,"Severe":224,"Critical":25,"Emergencies":{"Suspected":4,"Total":457,"Severe":2,"Suspected/Accumulated":1899,"Total/Accumulated":32949,"Severe/Accumulated":1087},"MedicalActs":{"Suspected":21,"Total":299,"Suspected/Accumulated":2937,"Total/Accumulated":26682},"MedicalTests":{"Total":2,"Total/Accumulated":8921,"Confirmed/Accumulated":442},"Confirmed":186},"geometry":{"type":"Point","coordinates":[6.2341132170542615,43.37767961240309]}},{"type":"Feature","properties":{"Country/Region":"France","Province/State":"Vaucluse","Code":"84","Population":{"Total":560997,"Under19":132211,"Under39":118607,"Under59":147247,"Under74":103567,"Over75":59365},"Beds":{"Resuscitation":16,"IntensiveCare":60,"Total":76},"Deaths":30,"Recovered":205,"Severe":50,"Critical":3,"Emergencies":{"Suspected":1,"Total":297,"Severe":1,"Suspected/Accumulated":688,"Total/Accumulated":22534,"Severe/Accumulated":422},"MedicalActs":{"Suspected":2,"Total":48,"Suspected/Accumulated":66,"Total/Accumulated":1883},"Confirmed":45,"MedicalTests":{"Total/Accumulated":6257,"Confirmed/Accumulated":207}},"geometry":{"type":"Point","coordinates":[5.137687100591716,44.08826047337278]}},{"type":"Feature","properties":{"Country/Region":"France","Province/State":"Vendée","Code":"85","Population":{"Total":683187,"Under19":155162,"Under39":132680,"Under59":176377,"Under74":142178,"Over75":76790},"Beds":{"Resuscitation":18,"IntensiveCare":44,"Total":62},"Deaths":32,"Recovered":153,"Severe":42,"Critical":9,"Emergencies":{"Suspected":6,"Total":244,"Severe":4,"Suspected/Accumulated":830,"Total/Accumulated":17882,"Severe/Accumulated":385},"Confirmed":147,"MedicalTests":{"Total/Accumulated":185,"Confirmed/Accumulated":9}},"geometry":{"type":"Point","coordinates":[-1.3851340601503754,46.70726116541352]}},{"type":"Feature","properties":{"Country/Region":"France","Province/State":"Vienne","Code":"86","Population":{"Total":437398,"Under19":101362,"Under39":100176,"Under59":108284,"Under74":79480,"Over75":48096},"Beds":{"Resuscitation":53,"IntensiveCare":124,"Total":177},"Deaths":34,"Recovered":111,"Severe":28,"Critical":5,"Emergencies":{"Suspected":3,"Total":173,"Severe":1,"Suspected/Accumulated":395,"Total/Accumulated":11575,"Severe/Accumulated":189},"Confirmed":53,"MedicalTests":{"Total/Accumulated":431,"Confirmed/Accumulated":26}},"geometry":{"type":"Point","coordinates":[0.42368070921985806,46.57872638297872]}},{"type":"Feature","properties":{"Country/Region":"France","Province/State":"Haute-Vienne","Code":"87","Population":{"Total":370774,"Under19":79173,"Under39":77448,"Under59":94509,"Under74":74186,"Over75":45458},"Beds":{"Resuscitation":24,"IntensiveCare":144,"Total":168},"Deaths":24,"Recovered":98,"Severe":38,"Critical":7,"Emergencies":{"Suspected":1,"Total":152,"Suspected/Accumulated":347,"Total/Accumulated":13841,"Severe/Accumulated":212},"MedicalActs":{"Suspected":2,"Total":124,"Suspected/Accumulated":512,"Total/Accumulated":8827},"Confirmed":21,"MedicalTests":{"Total/Accumulated":1117,"Confirmed/Accumulated":67}},"geometry":{"type":"Point","coordinates":[1.2410431872509962,45.895894860557746]}},{"type":"Feature","properties":{"Country/Region":"France","Province/State":"Vosges","Code":"88","Population":{"Total":359520,"Under19":77042,"Under39":70274,"Under59":94740,"Under74":75920,"Over75":41544},"Beds":{"Resuscitation":8,"IntensiveCare":24,"Total":32},"Deaths":248,"Recovered":563,"Severe":143,"Critical":6,"Emergencies":{"Suspected":9,"Total":212,"Severe":3,"Suspected/Accumulated":2432,"Total/Accumulated":14562,"Severe/Accumulated":861},"Confirmed":66,"MedicalTests":{"Total/Accumulated":1982,"Confirmed/Accumulated":380}},"geometry":{"type":"Point","coordinates":[6.2957204247104235,48.23006027027029]}},{"type":"Feature","properties":{"Country/Region":"France","Province/State":"Yonne","Code":"89","Population":{"Total":332096,"Under19":73991,"Under39":64975,"Under59":86159,"Under74":68966,"Over75":38005},"Beds":{"Resuscitation":18,"IntensiveCare":32,"Total":50},"Deaths":72,"Recovered":187,"Severe":113,"Critical":17,"Emergencies":{"Suspected":7,"Total":222,"Severe":1,"Suspected/Accumulated":1361,"Total/Accumulated":16080,"Severe/Accumulated":375},"MedicalActs":{"Suspected":7,"Total":54,"Suspected/Accumulated":548,"Total/Accumulated":4306},"MedicalTests":{"Total/Accumulated":560,"Confirmed/Accumulated":56}},"geometry":{"type":"Point","coordinates":[3.57333820338983,47.84307762711864]}},{"type":"Feature","properties":{"Country/Region":"France","Province/State":"Territoire de Belfort","Code":"90","Population":{"Total":140145,"Under19":33166,"Under39":32553,"Under59":36366,"Under74":24639,"Over75":13421},"Beds":{"Resuscitation":25,"IntensiveCare":40,"Total":65},"Deaths":164,"Recovered":393,"Severe":143,"Critical":15,"Emergencies":{"Suspected":6,"Total":125,"Severe":3,"Suspected/Accumulated":892,"Total/Accumulated":7785,"Severe/Accumulated":507},"MedicalTests":{"Total/Accumulated":581,"Confirmed/Accumulated":105}},"geometry":{"type":"Point","coordinates":[6.93897388888889,47.60873597222223]}},{"type":"Feature","properties":{"Country/Region":"France","Province/State":"Essonne","Code":"91","Population":{"Total":1319401,"Under19":360333,"Under39":338878,"Under59":349395,"Under74":176919,"Over75":93876},"Beds":{"Resuscitation":97,"IntensiveCare":164,"Total":261},"Deaths":450,"Recovered":1533,"Severe":965,"Critical":110,"Emergencies":{"Suspected":17,"Total":378,"Severe":2,"Suspected/Accumulated":3614,"Total/Accumulated":30262,"Severe/Accumulated":1090},"MedicalActs":{"Suspected":5,"Total":100,"Suspected/Accumulated":882,"Total/Accumulated":8621},"MedicalTests":{"Total":2,"Total/Accumulated":10249,"Confirmed/Accumulated":2257},"Confirmed":30},"geometry":{"type":"Point","coordinates":[2.2519983333333338,48.50948216666667]}},{"type":"Feature","properties":{"Country/Region":"France","Province/State":"Hauts-de-Seine","Code":"92","Population":{"Total":1613762,"Under19":393984,"Under39":457571,"Under59":428782,"Under74":211036,"Over75":122389},"Beds":{"Resuscitation":184,"IntensiveCare":276,"Total":460},"Deaths":939,"Recovered":3181,"Severe":1553,"Critical":190,"Emergencies":{"Suspected":15,"Total":483,"Severe":3,"Suspected/Accumulated":3589,"Total/Accumulated":40895,"Severe/Accumulated":1097},"MedicalTests":{"Total":8,"Total/Accumulated":9463,"Confirmed/Accumulated":2605},"Confirmed":59},"geometry":{"type":"Point","coordinates":[2.2538900000000006,48.84266823529411]}},{"type":"Feature","properties":{"Country/Region":"France","Province/State":"Seine-Saint-Denis","Code":"93","Population":{"Total":1670149,"Under19":485032,"Under39":478299,"Under59":428192,"Under74":194935,"Over75":83691},"Beds":{"Resuscitation":100,"IntensiveCare":218,"Total":318},"Deaths":887,"Recovered":2583,"Severe":1341,"Critical":139,"Emergencies":{"Suspected":14,"Total":468,"Severe":3,"Suspected/Accumulated":4863,"Total/Accumulated":46905,"Severe/Accumulated":1332},"MedicalTests":{"Total":5,"Confirmed":2,"Total/Accumulated":7373,"Confirmed/Accumulated":2472},"Confirmed":45},"geometry":{"type":"Point","coordinates":[2.474763409090909,48.91863045454546]}},{"type":"Feature","properties":{"Country/Region":"France","Province/State":"Val-de-Marne","Code":"94","Population":{"Total":1406041,"Under19":359600,"Under39":390124,"Under59":368199,"Under74":187814,"Over75":100304},"Beds":{"Resuscitation":156,"IntensiveCare":338,"Total":494},"Deaths":1002,"Recovered":2873,"Severe":1598,"Critical":184,"Emergencies":{"Suspected":22,"Total":618,"Severe":4,"Suspected/Accumulated":7098,"Total/Accumulated":50558,"Severe/Accumulated":2832},"Confirmed":48,"MedicalTests":{"Total/Accumulated":6868,"Confirmed/Accumulated":1747}},"geometry":{"type":"Point","coordinates":[2.47453725,48.775524499999996]}},{"type":"Feature","properties":{"Country/Region":"France","Province/State":"Val-d'Oise","Code":"95","Population":{"Total":1248354,"Under19":357525,"Under39":326622,"Under59":322949,"Under74":166265,"Over75":74993},"Beds":{"Resuscitation":60,"IntensiveCare":130,"Total":190},"Deaths":617,"Recovered":1876,"Severe":815,"Critical":58,"Emergencies":{"Suspected":21,"Total":500,"Severe":8,"Suspected/Accumulated":7275,"Total/Accumulated":42628,"Severe/Accumulated":2508},"MedicalActs":{"Suspected":17,"Total":165,"Suspected/Accumulated":1764,"Total/Accumulated":15573},"MedicalTests":{"Total":2,"Total/Accumulated":5875,"Confirmed/Accumulated":1828},"Confirmed":60},"geometry":{"type":"Point","coordinates":[2.092522396694214,49.08765355371902]}},{"type":"Feature","properties":{"Country/Region":"France","Province/State":"La Réunion","Code":"974","Population":{"Total":859959,"Under19":256143,"Under39":202783,"Under59":239212,"Under74":117045,"Over75":44776},"Beds":{"Resuscitation":52,"IntensiveCare":154,"Total":206},"Recovered":112,"Severe":13,"Critical":4,"Emergencies":{"Suspected":1,"Total":293,"Severe":1,"Suspected/Accumulated":256,"Total/Accumulated":24328,"Severe/Accumulated":179},"MedicalTests":{"Total/Accumulated":15,"Confirmed/Accumulated":1}},"geometry":{"type":"Point","coordinates":[55.52943947368424,-21.1374047368421]}}]}