{"type":"FeatureCollection","features":[{"type":"Feature","properties":{"Country/Region":"France","Province/State":"Guadeloupe","Code":"971","Population":{"Total":376879,"Under19":90617,"Under39":71707,"Under59":109452,"Under74":70936,"Over75":34167},"Beds":{"Resuscitation":27,"IntensiveCare":68,"Total":95},"Deaths":7,"Recovered":25,"Severe":44,"Critical":13,"Emergencies":{"Suspected":13,"Total":172,"Severe":6,"Suspected/Accumulated":54,"Total/Accumulated":5991,"Severe/Accumulated":23},"MedicalTests":{"Total":3,"Confirmed":1,"Total/Accumulated":16,"Confirmed/Accumulated":7},"Confirmed":106},"geometry":{"type":"Point","coordinates":[-61.493846272189366,16.20469674556213]}},{"type":"Feature","properties":{"Country/Region":"France","Province/State":"Martinique","Code":"972","Population":{"Total":358749,"Under19":77005,"Under39":65776,"Under59":105638,"Under74":72163,"Over75":38167},"Beds":{"Resuscitation":26,"IntensiveCare":58,"Total":84},"Deaths":3,"Recovered":25,"Severe":64,"Critical":19,"MedicalActs":{"Suspected":9,"Total":106,"Suspected/Accumulated":29,"Total/Accumulated":3845},"MedicalTests":{"Total":1,"Confirmed":1,"Total/Accumulated":7,"Confirmed/Accumulated":4},"Confirmed":16},"geometry":{"type":"Point","coordinates":[-60.98265692913386,14.6217557480315]}},{"type":"Feature","properties":{"Country/Region":"France","Province/State":"Guyane","Code":"973","Population":{"Total":290691,"Under19":120681,"Under39":80023,"Under59":61783,"Under74":22111,"Over75":6093},"Beds":{"Resuscitation":13,"IntensiveCare":12,"Total":25},"Recovered":15,"Severe":5,"Emergencies":{"Total":155,"Suspected/Accumulated":12,"Total/Accumulated":6726,"Severe/Accumulated":1},"Confirmed":43,"MedicalTests":{"Total/Accumulated":13,"Confirmed/Accumulated":2}},"geometry":{"type":"Point","coordinates":[-53.41731165390502,3.588901056661561]}},{"type":"Feature","properties":{"Country/Region":"France","Province/State":"Mayotte","Code":"976","Population":{"Total":279471,"Under19":150257,"Under39":74348,"Under59":42900,"Under74":9521,"Over75":2445},"Beds":{"Resuscitation":6,"IntensiveCare":0,"Total":6},"Confirmed":101,"Deaths":2,"Recovered":10,"Severe":11,"Critical":3,"Emergencies":{"Suspected":3,"Total":85,"Severe":2,"Suspected/Accumulated":109,"Total/Accumulated":3181,"Severe/Accumulated":16},"MedicalTests":{"Total/Accumulated":2,"Confirmed/Accumulated":1}},"geometry":{"type":"Point","coordinates":[45.14160071428572,-12.835344166666673]}},{"type":"Feature","properties":{"Country/Region":"France","Province/State":"Ain","Code":"01","Population":{"Total":656955,"Under19":167666,"Under39":151084,"Under59":179469,"Under74":104453,"Over75":54283},"Beds":{"Resuscitation":22,"IntensiveCare":20,"Total":42},"Deaths":12,"Recovered":43,"Severe":92,"Critical":28,"Emergencies":{"Suspected":31,"Total":176,"Severe":14,"Suspected/Accumulated":463,"Total/Accumulated":6831,"Severe/Accumulated":189},"MedicalTests":{"Total":55,"Confirmed":9,"Total/Accumulated":748,"Confirmed/Accumulated":148},"Confirmed":118},"geometry":{"type":"Point","coordinates":[5.430359734513273,46.106026415929215]}},{"type":"Feature","properties":{"Country/Region":"France","Province/State":"Aisne","Code":"02","Population":{"Total":526050,"Under19":129852,"Under39":114042,"Under59":135164,"Under74":98046,"Over75":48946},"Beds":{"Resuscitation":34,"IntensiveCare":110,"Total":144},"Deaths":59,"Recovered":121,"Severe":164,"Critical":40,"Emergencies":{"Suspected":63,"Total":199,"Severe":17,"Suspected/Accumulated":1004,"Total/Accumulated":9522,"Severe/Accumulated":339},"MedicalActs":{"Suspected":16,"Total":145,"Suspected/Accumulated":420,"Total/Accumulated":8481},"MedicalTests":{"Total":73,"Confirmed":22,"Total/Accumulated":358,"Confirmed/Accumulated":130},"Confirmed":59},"geometry":{"type":"Point","coordinates":[3.5153965625000003,49.457888298611124]}},{"type":"Feature","properties":{"Country/Region":"France","Province/State":"Allier","Code":"03","Population":{"Total":331315,"Under19":66659,"Under39":61490,"Under59":85304,"Under74":72079,"Over75":45783},"Beds":{"Resuscitation":24,"IntensiveCare":56,"Total":80},"Deaths":5,"Recovered":48,"Severe":38,"Critical":13,"Emergencies":{"Suspected":21,"Total":108,"Severe":5,"Suspected/Accumulated":480,"Total/Accumulated":4257,"Severe/Accumulated":274},"MedicalTests":{"Total":7,"Total/Accumulated":29,"Confirmed/Accumulated":2},"Confirmed":38},"geometry":{"type":"Point","coordinates":[3.1778756690140857,46.39097419014088]}},{"type":"Feature","properties":{"Country/Region":"France","Province/State":"Alpes-de-Haute-Provence","Code":"04","Population":{"Total":165197,"Under19":34281,"Under39":30814,"Under59":43423,"Under74":35681,"Over75":20998},"Beds":{"Resuscitation":6,"IntensiveCare":0,"Total":6},"Deaths":2,"Recovered":33,"Severe":22,"Critical":5,"Emergencies":{"Suspected":3,"Total":78,"Severe":1,"Suspected/Accumulated":110,"Total/Accumulated":4106,"Severe/Accumulated":52},"MedicalTests":{"Total":52,"Confirmed":5,"Total/Accumulated":226,"Confirmed/Accumulated":23},"Confirmed":22},"geometry":{"type":"Point","coordinates":[6.294359440298507,44.152788992537346]}},{"type":"Feature","properties":{"Country/Region":"France","Province/State":"Hautes-Alpes","Code":"05","Population":{"Total":141756,"Under19":30280,"Under39":27715,"Under59":37829,"Under74":29047,"Over75":16885},"Beds":{"Resuscitation":8,"IntensiveCare":0,"Total":8},"Deaths":1,"Recovered":36,"Severe":52,"Critical":11,"Emergencies":{"Suspected":17,"Total":75,"Severe":2,"Suspected/Accumulated":548,"Total/Accumulated":4134,"Severe/Accumulated":123},"MedicalTests":{"Total":8,"Total/Accumulated":28},"Confirmed":42},"geometry":{"type":"Point","coordinates":[6.205986298932386,44.64177099644131]}},{"type":"Feature","properties":{"Country/Region":"France","Province/State":"Alpes-Maritimes","Code":"06","Population":{"Total":1079396,"Under19":226862,"Under39":232814,"Under59":282249,"Under74":198428,"Over75":139043},"Beds":{"Resuscitation":89,"IntensiveCare":182,"Total":271},"Deaths":29,"Recovered":132,"Severe":149,"Critical":41,"Emergencies":{"Suspected":76,"Total":455,"Severe":40,"Suspected/Accumulated":1555,"Total/Accumulated":20385,"Severe/Accumulated":872},"MedicalActs":{"Suspected":29,"Total":162,"Suspected/Accumulated":498,"Total/Accumulated":5281},"MedicalTests":{"Total":245,"Confirmed":14,"Total/Accumulated":1728,"Confirmed/Accumulated":166},"Confirmed":194},"geometry":{"type":"Point","coordinates":[7.093963618090453,43.90811477386935]}},{"type":"Feature","properties":{"Country/Region":"France","Province/State":"Corse-du-Sud","Code":"2A","Population":{"Total":162421,"Under19":31630,"Under39":34910,"Under59":45312,"Under74":31004,"Over75":19565},"Beds":{"Resuscitation":10,"IntensiveCare":30,"Total":40},"Deaths":19,"Recovered":45,"Severe":101,"Critical":24,"Emergencies":{"Suspected":6,"Total":54,"Severe":4,"Suspected/Accumulated":73,"Total/Accumulated":1876,"Severe/Accumulated":58},"MedicalActs":{"Suspected":10,"Total":30,"Suspected/Accumulated":297,"Total/Accumulated":1641},"Confirmed":207},"geometry":{"type":"Point","coordinates":[8.933891598360661,41.87995627049185]}},{"type":"Feature","properties":{"Country/Region":"France","Province/State":"Haute-Corse","Code":"2B","Population":{"Total":182258,"Under19":36925,"Under39":42075,"Under59":47863,"Under74":34671,"Over75":20724},"Beds":{"Resuscitation":8,"IntensiveCare":12,"Total":20},"Deaths":2,"Recovered":57,"Severe":19,"Critical":1,"Emergencies":{"Suspected":45,"Total":94,"Severe":43,"Suspected/Accumulated":1039,"Total/Accumulated":3360,"Severe/Accumulated":1028},"Confirmed":56},"geometry":{"type":"Point","coordinates":[9.12993101604278,42.44040566844919]}},{"type":"Feature","properties":{"Country/Region":"France","Province/State":"Ardèche","Code":"07","Population":{"Total":326875,"Under19":70594,"Under39":61093,"Under59":88160,"Under74":68490,"Over75":38538},"Beds":{"Resuscitation":8,"IntensiveCare":0,"Total":8},"Deaths":17,"Recovered":110,"Severe":87,"Critical":11,"Emergencies":{"Suspected":19,"Total":105,"Severe":2,"Suspected/Accumulated":234,"Total/Accumulated":3727,"Severe/Accumulated":52},"MedicalTests":{"Total":9,"Confirmed":1,"Total/Accumulated":275,"Confirmed/Accumulated":75},"Confirmed":128},"geometry":{"type":"Point","coordinates":[4.425911157407411,44.77470101851853]}},{"type":"Feature","properties":{"Country/Region":"France","Province/State":"Ardennes","Code":"08","Population":{"Total":265531,"Under19":60337,"Under39":55870,"Under59":70459,"Under74":52021,"Over75":26844},"Beds":{"Resuscitation":12,"IntensiveCare":42,"Total":54},"Deaths":1,"Recovered":8,"Severe":54,"Critical":17,"Emergencies":{"Suspected":1,"Total":132,"Severe":1,"Suspected/Accumulated":21,"Total/Accumulated":5268,"Severe/Accumulated":10},"MedicalTests":{"Total":24,"Confirmed":2,"Total/Accumulated":155,"Confirmed/Accumulated":24},"Confirmed":3},"geometry":{"type":"Point","coordinates":[4.717836481481479,49.63503592592596]}},{"type":"Feature","properties":{"Country/Region":"France","Province/State":"Ariège","Code":"09","Population":{"Total":152398,"Under19":30718,"Under39":28780,"Under59":40432,"Under74":32667,"Over75":19801},"Beds":{"Resuscitation":8,"IntensiveCare":16,"Total":24},"Recovered":7,"Severe":16,"Critical":6,"Emergencies":{"Suspected":8,"Total":51,"Severe":3,"Suspected/Accumulated":58,"Total/Accumulated":2687,"Severe/Accumulated":19},"MedicalTests":{"Total":5,"Total/Accumulated":55,"Confirmed/Accumulated":4},"Confirmed":3},"geometry":{"type":"Point","coordinates":[1.5308575113122171,42.951783619909506]}},{"type":"Feature","properties":{"Country/Region":"France","Province/State":"Aube","Code":"10","Population":{"Total":309907,"Under19":74513,"Under39":69749,"Under59":77945,"Under74":56336,"Over75":31364},"Beds":{"Resuscitation":12,"IntensiveCare":36,"Total":48},"Deaths":18,"Recovered":21,"Severe":86,"Critical":15,"Emergencies":{"Suspected":15,"Total":121,"Severe":14,"Suspected/Accumulated":225,"Total/Accumulated":4693,"Severe/Accumulated":109},"MedicalActs":{"Suspected":13,"Total":73,"Suspected/Accumulated":203,"Total/Accumulated":3813},"MedicalTests":{"Total":80,"Confirmed":12,"Total/Accumulated":541,"Confirmed/Accumulated":105},"Confirmed":14},"geometry":{"type":"Point","coordinates":[4.115386826086957,48.290927782608684]}},{"type":"Feature","properties":{"Country/Region":"France","Province/State":"Aude","Code":"11","Population":{"Total":372705,"Under19":78644,"Under39":70170,"Under59":96929,"Under74":80039,"Over75":46923},"Beds":{"Resuscitation":16,"IntensiveCare":44,"Total":60},"Deaths":21,"Recovered":46,"Severe":80,"Critical":20,"Emergencies":{"Suspected":14,"Total":126,"Severe":6,"Suspected/Accumulated":305,"Total/Accumulated":6558,"Severe/Accumulated":127},"MedicalTests":{"Total":43,"Confirmed":7,"Total/Accumulated":406,"Confirmed/Accumulated":57},"Confirmed":44},"geometry":{"type":"Point","coordinates":[2.3518425641025638,43.13299722222223]}},{"type":"Feature","properties":{"Country/Region":"France","Province/State":"Aveyron","Code":"12","Population":{"Total":278360,"Under19":55940,"Under39":51027,"Under59":73060,"Under74":59454,"Over75":38879},"Beds":{"Resuscitation":11,"IntensiveCare":32,"Total":43},"Deaths":7,"Recovered":21,"Severe":46,"Critical":10,"Emergencies":{"Total":55,"Suspected/Accumulated":6,"Total/Accumulated":2878},"MedicalTests":{"Total":2,"Total/Accumulated":15,"Confirmed/Accumulated":2},"Confirmed":29},"geometry":{"type":"Point","coordinates":[2.66545315960912,44.28474130293157]}},{"type":"Feature","properties":{"Country/Region":"France","Province/State":"Bouches-du-Rhône","Code":"13","Population":{"Total":2034469,"Under19":480915,"Under39":483747,"Under59":522289,"Under74":342385,"Over75":205133},"Beds":{"Resuscitation":281,"IntensiveCare":476,"Total":757},"Deaths":55,"Recovered":575,"Severe":887,"Critical":209,"Emergencies":{"Suspected":106,"Total":850,"Severe":58,"Suspected/Accumulated":1393,"Total/Accumulated":33726,"Severe/Accumulated":719},"MedicalActs":{"Suspected":25,"Total":202,"Suspected/Accumulated":524,"Total/Accumulated":6791},"MedicalTests":{"Total":643,"Confirmed":72,"Total/Accumulated":6385,"Confirmed/Accumulated":1058},"Confirmed":827},"geometry":{"type":"Point","coordinates":[5.098567400881058,43.49901925110133]}},{"type":"Feature","properties":{"Country/Region":"France","Province/State":"Calvados","Code":"14","Population":{"Total":691453,"Under19":160392,"Under39":155359,"Under59":174249,"Under74":130972,"Over75":70481},"Beds":{"Resuscitation":91,"IntensiveCare":128,"Total":219},"Deaths":8,"Recovered":29,"Severe":111,"Critical":41,"Emergencies":{"Suspected":24,"Total":200,"Severe":9,"Suspected/Accumulated":791,"Total/Accumulated":10098,"Severe/Accumulated":174},"MedicalActs":{"Suspected":41,"Total":169,"Suspected/Accumulated":952,"Total/Accumulated":9252},"MedicalTests":{"Total":37,"Confirmed":6,"Total/Accumulated":500,"Confirmed/Accumulated":85},"Confirmed":147},"geometry":{"type":"Point","coordinates":[-0.4028230593607306,49.05443785388125]}},{"type":"Feature","properties":{"Country/Region":"France","Province/State":"Cantal","Code":"15","Population":{"Total":142811,"Under19":26571,"Under39":24954,"Under59":38397,"Under74":32697,"Over75":20192},"Beds":{"Resuscitation":8,"IntensiveCare":30,"Total":38},"Recovered":3,"Severe":12,"Critical":6,"Emergencies":{"Suspected":3,"Total":42,"Severe":2,"Suspected/Accumulated":95,"Total/Accumulated":1844,"Severe/Accumulated":47},"Confirmed":33,"MedicalTests":{"Total/Accumulated":34,"Confirmed/Accumulated":4}},"geometry":{"type":"Point","coordinates":[2.7066918215613374,45.02447219330856]}},{"type":"Feature","properties":{"Country/Region":"France","Province/State":"Charente","Code":"16","Population":{"Total":348180,"Under19":71324,"Under39":69355,"Under59":91186,"Under74":72860,"Over75":43455},"Beds":{"Resuscitation":12,"IntensiveCare":36,"Total":48},"Deaths":9,"Recovered":16,"Severe":35,"Critical":8,"Emergencies":{"Suspected":23,"Total":123,"Severe":11,"Suspected/Accumulated":224,"Total/Accumulated":5281,"Severe/Accumulated":66},"MedicalTests":{"Total":7,"Total/Accumulated":61,"Confirmed/Accumulated":8},"Confirmed":10},"geometry":{"type":"Point","coordinates":[0.2054574390243902,45.733938821138196]}},{"type":"Feature","properties":{"Country/Region":"France","Province/State":"Charente-Maritime","Code":"17","Population":{"Total":647080,"Under19":130618,"Under39":119836,"Under59":164314,"Under74":146996,"Over75":85316},"Beds":{"Resuscitation":30,"IntensiveCare":72,"Total":102},"Deaths":10,"Recovered":31,"Severe":65,"Critical":25,"Emergencies":{"Suspected":18,"Total":248,"Severe":8,"Suspected/Accumulated":527,"Total/Accumulated":10166,"Severe/Accumulated":145},"MedicalActs":{"Suspected":6,"Total":33,"Suspected/Accumulated":63,"Total/Accumulated":1476},"MedicalTests":{"Total":78,"Confirmed":3,"Total/Accumulated":535,"Confirmed/Accumulated":44},"Confirmed":49},"geometry":{"type":"Point","coordinates":[-0.734802142857143,45.8164405357143]}},{"type":"Feature","properties":{"Country/Region":"France","Province/State":"Cher","Code":"18","Population":{"Total":296404,"Under19":61933,"Under39":57193,"Under59":76912,"Under74":62985,"Over75":37381},"Beds":{"Resuscitation":12,"IntensiveCare":32,"Total":44},"Deaths":11,"Recovered":4,"Severe":40,"Critical":15,"Emergencies":{"Suspected":16,"Total":78,"Suspected/Accumulated":282,"Total/Accumulated":3259,"Severe/Accumulated":8},"MedicalActs":{"Suspected":19,"Total":78,"Suspected/Accumulated":81,"Total/Accumulated":4862},"MedicalTests":{"Total":34,"Confirmed":8,"Total/Accumulated":326,"Confirmed/Accumulated":86},"Confirmed":25},"geometry":{"type":"Point","coordinates":[2.420866293436294,47.03802115830117]}},{"type":"Feature","properties":{"Country/Region":"France","Province/State":"Corrèze","Code":"19","Population":{"Total":240336,"Under19":48146,"Under39":45056,"Under59":62186,"Under74":52206,"Over75":32742},"Beds":{"Resuscitation":15,"IntensiveCare":42,"Total":57},"Deaths":4,"Recovered":8,"Severe":39,"Critical":8,"Emergencies":{"Suspected":32,"Total":101,"Severe":26,"Suspected/Accumulated":237,"Total/Accumulated":3788,"Severe/Accumulated":218},"MedicalTests":{"Total":5,"Total/Accumulated":67,"Confirmed/Accumulated":5},"Confirmed":23},"geometry":{"type":"Point","coordinates":[1.8952178059071727,45.37689915611812]}},{"type":"Feature","properties":{"Country/Region":"France","Province/State":"Côte-d'Or","Code":"21","Population":{"Total":532886,"Under19":121633,"Under39":128314,"Under59":134514,"Under74":95451,"Over75":52974},"Beds":{"Resuscitation":57,"IntensiveCare":190,"Total":247},"Deaths":45,"Recovered":244,"Severe":218,"Critical":48,"Emergencies":{"Suspected":10,"Total":138,"Severe":6,"Suspected/Accumulated":466,"Total/Accumulated":6753,"Severe/Accumulated":215},"MedicalActs":{"Suspected":10,"Total":38,"Suspected/Accumulated":445,"Total/Accumulated":3036},"MedicalTests":{"Total":41,"Confirmed":8,"Total/Accumulated":178,"Confirmed/Accumulated":42},"Confirmed":1},"geometry":{"type":"Point","coordinates":[4.781845107913668,47.44940406474819]}},{"type":"Feature","properties":{"Country/Region":"France","Province/State":"Côtes-d'Armor","Code":"22","Population":{"Total":596186,"Under19":131217,"Under39":108675,"Under59":153257,"Under74":128481,"Over75":74556},"Beds":{"Resuscitation":14,"IntensiveCare":32,"Total":46},"Deaths":6,"Recovered":13,"Severe":47,"Critical":5,"Emergencies":{"Suspected":11,"Total":117,"Severe":8,"Suspected/Accumulated":144,"Total/Accumulated":6231,"Severe/Accumulated":86},"MedicalTests":{"Total":3,"Total/Accumulated":17},"Confirmed":107},"geometry":{"type":"Point","coordinates":[-2.8283123411371243,48.47540434782613]}},{"type":"Feature","properties":{"Country/Region":"France","Province/State":"Creuse","Code":"23","Population":{"Total":116270,"Under19":20766,"Under39":19388,"Under59":30402,"Under74":28640,"Over75":17074},"Beds":{"Resuscitation":8,"IntensiveCare":16,"Total":24},"Recovered":1,"Severe":11,"Critical":4,"Emergencies":{"Suspected":13,"Total":52,"Severe":2,"Suspected/Accumulated":273,"Total/Accumulated":1828,"Severe/Accumulated":17},"MedicalTests":{"Total":1,"Total/Accumulated":5,"Confirmed/Accumulated":1},"Confirmed":12},"geometry":{"type":"Point","coordinates":[1.9795267256637192,46.07153353982301]}},{"type":"Feature","properties":{"Country/Region":"France","Province/State":"Dordogne","Code":"24","Population":{"Total":408393,"Under19":76430,"Under39":70201,"Under59":107402,"Under74":96538,"Over75":57822},"Beds":{"Resuscitation":19,"IntensiveCare":36,"Total":55},"Deaths":1,"Recovered":16,"Severe":41,"Critical":5,"Emergencies":{"Suspected":30,"Total":99,"Severe":11,"Suspected/Accumulated":282,"Total/Accumulated":4414,"Severe/Accumulated":106},"MedicalTests":{"Total":28,"Confirmed":2,"Total/Accumulated":220,"Confirmed/Accumulated":18},"Confirmed":13},"geometry":{"type":"Point","coordinates":[0.7502005172413793,45.100126827586195]}},{"type":"Feature","properties":{"Country/Region":"France","Province/State":"Doubs","Code":"25","Population":{"Total":539449,"Under19":132582,"Under39":130504,"Under59":135120,"Under74":90502,"Over75":50741},"Beds":{"Resuscitation":40,"IntensiveCare":262,"Total":302},"Deaths":34,"Recovered":117,"Severe":161,"Critical":56,"Emergencies":{"Suspected":34,"Total":130,"Severe":15,"Suspected/Accumulated":828,"Total/Accumulated":5612,"Severe/Accumulated":286},"MedicalActs":{"Suspected":5,"Total":66,"Suspected/Accumulated":234,"Total/Accumulated":3815},"MedicalTests":{"Total":35,"Confirmed":10,"Total/Accumulated":259,"Confirmed/Accumulated":76}},"geometry":{"type":"Point","coordinates":[6.359828136363636,47.17302813636364]}},{"type":"Feature","properties":{"Country/Region":"France","Province/State":"Drôme","Code":"26","Population":{"Total":520560,"Under19":125073,"Under39":110455,"Under59":134338,"Under74":95865,"Over75":54829},"Beds":{"Resuscitation":24,"IntensiveCare":68,"Total":92},"Deaths":40,"Recovered":76,"Severe":240,"Critical":62,"Emergencies":{"Suspected":33,"Total":129,"Severe":11,"Suspected/Accumulated":581,"Total/Accumulated":7350,"Severe/Accumulated":247},"MedicalTests":{"Total":39,"Confirmed":9,"Total/Accumulated":324,"Confirmed/Accumulated":75},"Confirmed":119},"geometry":{"type":"Point","coordinates":[5.213618019801983,44.63170462046205]}},{"type":"Feature","properties":{"Country/Region":"France","Province/State":"Eure","Code":"27","Population":{"Total":600687,"Under19":151745,"Under39":128858,"Under59":160781,"Under74":106586,"Over75":52717},"Beds":{"Resuscitation":12,"IntensiveCare":44,"Total":56},"Deaths":8,"Recovered":21,"Severe":43,"Critical":15,"Emergencies":{"Suspected":17,"Total":94,"Severe":3,"Suspected/Accumulated":86,"Total/Accumulated":4349,"Severe/Accumulated":9},"MedicalTests":{"Total":63,"Confirmed":13,"Total/Accumulated":514,"Confirmed/Accumulated":92},"Confirmed":71},"geometry":{"type":"Point","coordinates":[0.9927279220779222,49.13064012987015]}},{"type":"Feature","properties":{"Country/Region":"France","Province/State":"Eure-et-Loir","Code":"28","Population":{"Total":429425,"Under19":106266,"Under39":90617,"Under59":113525,"Under74":76422,"Over75":42595},"Beds":{"Resuscitation":20,"IntensiveCare":44,"Total":64},"Deaths":17,"Recovered":34,"Severe":121,"Critical":29,"Emergencies":{"Suspected":9,"Total":152,"Severe":4,"Suspected/Accumulated":211,"Total/Accumulated":7702,"Severe/Accumulated":58},"MedicalTests":{"Total":83,"Confirmed":27,"Total/Accumulated":535,"Confirmed/Accumulated":182},"Confirmed":104},"geometry":{"type":"Point","coordinates":[1.3718229302325597,48.39856558139533]}},{"type":"Feature","properties":{"Country/Region":"France","Province/State":"Finistère","Code":"29","Population":{"Total":906554,"Under19":201332,"Under39":189857,"Under59":237308,"Under74":178715,"Over75":99342},"Beds":{"Resuscitation":66,"IntensiveCare":142,"Total":208},"Deaths":7,"Recovered":41,"Severe":56,"Critical":17,"Emergencies":{"Suspected":10,"Total":379,"Severe":3,"Suspected/Accumulated":178,"Total/Accumulated":15056,"Severe/Accumulated":27},"MedicalActs":{"Suspected":5,"Total":92,"Suspected/Accumulated":187,"Total/Accumulated":5089},"Confirmed":230,"MedicalTests":{"Total/Accumulated":12,"Confirmed/Accumulated":5}},"geometry":{"type":"Point","coordinates":[-4.16814140056023,48.26300924369748]}},{"type":"Feature","properties":{"Country/Region":"France","Province/State":"Gard","Code":"30","Population":{"Total":748468,"Under19":170615,"Under39":154480,"Under59":195429,"Under74":147114,"Over75":80830},"Beds":{"Resuscitation":49,"IntensiveCare":108,"Total":157},"Deaths":10,"Recovered":25,"Severe":74,"Critical":26,"Emergencies":{"Suspected":11,"Total":254,"Severe":3,"Suspected/Accumulated":179,"Total/Accumulated":11231,"Severe/Accumulated":47},"MedicalActs":{"Suspected":18,"Total":57,"Suspected/Accumulated":196,"Total/Accumulated":2611},"MedicalTests":{"Total":4,"Total/Accumulated":68,"Confirmed/Accumulated":3},"Confirmed":44},"geometry":{"type":"Point","coordinates":[4.0572744791666695,44.00851614583332]}},{"type":"Feature","properties":{"Country/Region":"France","Province/State":"Haute-Garonne","Code":"31","Population":{"Total":1400935,"Under19":335750,"Under39":398589,"Under59":358515,"Under74":197921,"Over75":110160},"Beds":{"Resuscitation":161,"IntensiveCare":430,"Total":591},"Deaths":11,"Recovered":108,"Severe":223,"Critical":91,"Emergencies":{"Suspected":81,"Total":409,"Severe":44,"Suspected/Accumulated":1027,"Total/Accumulated":18163,"Severe/Accumulated":527},"MedicalActs":{"Suspected":20,"Total":92,"Suspected/Accumulated":555,"Total/Accumulated":4609},"MedicalTests":{"Total":2,"Total/Accumulated":35,"Confirmed/Accumulated":4},"Confirmed":72},"geometry":{"type":"Point","coordinates":[1.1686918356164382,43.33252969863011]}},{"type":"Feature","properties":{"Country/Region":"France","Province/State":"Gers","Code":"32","Population":{"Total":190040,"Under19":37581,"Under39":32714,"Under59":51231,"Under74":41871,"Over75":26643},"Beds":{"Resuscitation":8,"IntensiveCare":8,"Total":16},"Deaths":3,"Recovered":4,"Severe":25,"Critical":4,"Emergencies":{"Suspected":11,"Total":47,"Severe":9,"Suspected/Accumulated":165,"Total/Accumulated":1920,"Severe/Accumulated":89},"MedicalTests":{"Total":35,"Confirmed":4,"Total/Accumulated":281,"Confirmed/Accumulated":39},"Confirmed":14},"geometry":{"type":"Point","coordinates":[0.447782880658436,43.70601049382714]}},{"type":"Feature","properties":{"Country/Region":"France","Province/State":"Gironde","Code":"33","Population":{"Total":1633440,"Under19":380317,"Under39":415128,"Under59":425319,"Under74":267580,"Over75":145096},"Beds":{"Resuscitation":183,"IntensiveCare":262,"Total":445},"Deaths":32,"Recovered":225,"Severe":300,"Critical":88,"Emergencies":{"Suspected":67,"Total":507,"Severe":30,"Suspected/Accumulated":1234,"Total/Accumulated":20911,"Severe/Accumulated":442},"MedicalActs":{"Suspected":96,"Total":538,"Suspected/Accumulated":2578,"Total/Accumulated":25495},"MedicalTests":{"Total":247,"Confirmed":19,"Total/Accumulated":1934,"Confirmed/Accumulated":186},"Confirmed":106},"geometry":{"type":"Point","coordinates":[-0.41644369747899174,44.756299705882356]}},{"type":"Feature","properties":{"Country/Region":"France","Province/State":"Hérault","Code":"34","Population":{"Total":1176145,"Under19":268258,"Under39":286299,"Under59":292794,"Under74":208723,"Over75":120071},"Beds":{"Resuscitation":124,"IntensiveCare":342,"Total":466},"Deaths":35,"Recovered":169,"Severe":244,"Critical":76,"Emergencies":{"Suspected":43,"Total":457,"Severe":17,"Suspected/Accumulated":663,"Total/Accumulated":19511,"Severe/Accumulated":321},"MedicalActs":{"Suspected":10,"Total":75,"Suspected/Accumulated":334,"Total/Accumulated":3326},"MedicalTests":{"Total":27,"Confirmed":3,"Total/Accumulated":183,"Confirmed/Accumulated":21},"Confirmed":171},"geometry":{"type":"Point","coordinates":[3.2725271495327104,43.601788971962634]}},{"type":"Feature","properties":{"Country/Region":"France","Province/State":"Ille-et-Vilaine","Code":"35","Population":{"Total":1082073,"Under19":274429,"Under39":270693,"Under59":278610,"Under74":165623,"Over75":92718},"Beds":{"Resuscitation":60,"IntensiveCare":224,"Total":284},"Deaths":10,"Recovered":62,"Severe":106,"Critical":25,"Emergencies":{"Suspected":56,"Total":330,"Severe":26,"Suspected/Accumulated":767,"Total/Accumulated":14263,"Severe/Accumulated":336},"MedicalActs":{"Suspected":13,"Total":106,"Suspected/Accumulated":315,"Total/Accumulated":5111},"MedicalTests":{"Total":5,"Total/Accumulated":36,"Confirmed/Accumulated":6},"Confirmed":208},"geometry":{"type":"Point","coordinates":[-1.7401927338129495,48.18315345323742]}},{"type":"Feature","properties":{"Country/Region":"France","Province/State":"Indre","Code":"36","Population":{"Total":217139,"Under19":42951,"Under39":38506,"Under59":56292,"Under74":48986,"Over75":30404},"Beds":{"Resuscitation":10,"IntensiveCare":18,"Total":28},"Deaths":17,"Recovered":4,"Severe":51,"Critical":9,"Emergencies":{"Suspected":2,"Total":54,"Severe":2,"Suspected/Accumulated":37,"Total/Accumulated":2646,"Severe/Accumulated":21},"MedicalTests":{"Total":51,"Confirmed":13,"Total/Accumulated":326,"Confirmed/Accumulated":90},"Confirmed":80},"geometry":{"type":"Point","coordinates":[1.576445147679325,46.764304345991526]}},{"type":"Feature","properties":{"Country/Region":"France","Province/State":"Indre-et-Loire","Code":"37","Population":{"Total":605380,"Under19":142122,"Under39":136574,"Under59":153731,"Under74":108623,"Over75":64330},"Beds":{"Resuscitation":79,"IntensiveCare":116,"Total":195},"Deaths":11,"Recovered":37,"Severe":113,"Critical":35,"Emergencies":{"Suspected":34,"Total":184,"Severe":10,"Suspected/Accumulated":336,"Total/Accumulated":7811,"Severe/Accumulated":140},"MedicalActs":{"Suspected":7,"Total":76,"Suspected/Accumulated":176,"Total/Accumulated":4811},"MedicalTests":{"Total":26,"Confirmed":4,"Total/Accumulated":323,"Confirmed/Accumulated":52},"Confirmed":123},"geometry":{"type":"Point","coordinates":[0.6915947413793099,47.23521443965518]}},{"type":"Feature","properties":{"Country/Region":"France","Province/State":"Isère","Code":"38","Population":{"Total":1264979,"Under19":319977,"Under39":298730,"Under59":332378,"Under74":201842,"Over75":112052},"Beds":{"Resuscitation":74,"IntensiveCare":178,"Total":252},"Deaths":15,"Recovered":91,"Severe":186,"Critical":58,"Emergencies":{"Suspected":46,"Total":400,"Severe":10,"Suspected/Accumulated":662,"Total/Accumulated":19065,"Severe/Accumulated":228},"MedicalActs":{"Suspected":16,"Total":122,"Suspected/Accumulated":625,"Total/Accumulated":5596},"MedicalTests":{"Total":26,"Confirmed":3,"Total/Accumulated":1030,"Confirmed/Accumulated":96},"Confirmed":190},"geometry":{"type":"Point","coordinates":[5.557470704225359,45.27668616197182]}},{"type":"Feature","properties":{"Country/Region":"France","Province/State":"Jura","Code":"39","Population":{"Total":257849,"Under19":57639,"Under39":51064,"Under59":68521,"Under74":50575,"Over75":30050},"Beds":{"Resuscitation":8,"IntensiveCare":18,"Total":26},"Deaths":4,"Recovered":25,"Severe":55,"Critical":12,"Emergencies":{"Suspected":5,"Total":105,"Severe":1,"Suspected/Accumulated":335,"Total/Accumulated":4646,"Severe/Accumulated":120},"MedicalTests":{"Total":26,"Confirmed":3,"Total/Accumulated":84,"Confirmed/Accumulated":20}},"geometry":{"type":"Point","coordinates":[5.6395758823529425,46.756161447963784]}},{"type":"Feature","properties":{"Country/Region":"France","Province/State":"Landes","Code":"40","Population":{"Total":411979,"Under19":85144,"Under39":78495,"Under59":112191,"Under74":86896,"Over75":49253},"Beds":{"Resuscitation":14,"IntensiveCare":32,"Total":46},"Deaths":1,"Recovered":7,"Severe":16,"Critical":6,"Emergencies":{"Suspected":9,"Total":104,"Severe":4,"Suspected/Accumulated":226,"Total/Accumulated":4264,"Severe/Accumulated":118},"MedicalTests":{"Total":35,"Confirmed":3,"Total/Accumulated":143,"Confirmed/Accumulated":11},"Confirmed":20},"geometry":{"type":"Point","coordinates":[-0.5772234449760769,43.8801859808612]}},{"type":"Feature","properties":{"Country/Region":"France","Province/State":"Loir-et-Cher","Code":"41","Population":{"Total":327835,"Under19":72953,"Under39":62903,"Under59":86073,"Under74":65923,"Over75":39983},"Beds":{"Resuscitation":12,"IntensiveCare":16,"Total":28},"Deaths":7,"Recovered":17,"Severe":58,"Critical":11,"Emergencies":{"Suspected":23,"Total":135,"Severe":2,"Suspected/Accumulated":174,"Total/Accumulated":5430,"Severe/Accumulated":20},"MedicalTests":{"Total":8,"Total/Accumulated":127,"Confirmed/Accumulated":26},"Confirmed":55},"geometry":{"type":"Point","coordinates":[1.3938662132352944,47.653275698529406]}},{"type":"Feature","properties":{"Country/Region":"France","Province/State":"Loire","Code":"42","Population":{"Total":764737,"Under19":186049,"Under39":167975,"Under59":190702,"Under74":136240,"Over75":83771},"Beds":{"Resuscitation":70,"IntensiveCare":120,"Total":190},"Deaths":57,"Recovered":106,"Severe":415,"Critical":87,"Emergencies":{"Suspected":47,"Total":348,"Severe":35,"Suspected/Accumulated":603,"Total/Accumulated":15433,"Severe/Accumulated":404},"MedicalActs":{"Suspected":10,"Total":74,"Suspected/Accumulated":213,"Total/Accumulated":3859},"MedicalTests":{"Total":5,"Confirmed":1,"Total/Accumulated":45,"Confirmed/Accumulated":7},"Confirmed":363},"geometry":{"type":"Point","coordinates":[4.189998267716536,45.74292366141733]}},{"type":"Feature","properties":{"Country/Region":"France","Province/State":"Haute-Loire","Code":"43","Population":{"Total":226901,"Under19":49659,"Under39":43248,"Under59":60903,"Under74":46857,"Over75":26234},"Beds":{"Resuscitation":8,"IntensiveCare":20,"Total":28},"Deaths":3,"Recovered":18,"Severe":17,"Critical":6,"Emergencies":{"Suspected":5,"Total":14,"Severe":1,"Suspected/Accumulated":6,"Total/Accumulated":632,"Severe/Accumulated":1},"MedicalTests":{"Total":8,"Confirmed":2,"Total/Accumulated":71,"Confirmed/Accumulated":7},"Confirmed":23},"geometry":{"type":"Point","coordinates":[3.7869054017857136,45.15054486607143]}},{"type":"Feature","properties":{"Country/Region":"France","Province/State":"Loire-Atlantique","Code":"44","Population":{"Total":1437137,"Under19":363681,"Under39":357664,"Under59":368059,"Under74":227458,"Over75":120275},"Beds":{"Resuscitation":77,"IntensiveCare":262,"Total":339},"Deaths":36,"Recovered":81,"Severe":188,"Critical":50,"Emergencies":{"Suspected":57,"Total":316,"Severe":32,"Suspected/Accumulated":943,"Total/Accumulated":12331,"Severe/Accumulated":399},"MedicalActs":{"Suspected":63,"Total":318,"Suspected/Accumulated":1502,"Total/Accumulated":15744},"MedicalTests":{"Total":18,"Confirmed":5,"Total/Accumulated":248,"Confirmed/Accumulated":33},"Confirmed":39},"geometry":{"type":"Point","coordinates":[-1.6902253409090902,47.33230598484852]}},{"type":"Feature","properties":{"Country/Region":"France","Province/State":"Loiret","Code":"45","Population":{"Total":682890,"Under19":172345,"Under39":155348,"Under59":174617,"Under74":115984,"Over75":64596},"Beds":{"Resuscitation":47,"IntensiveCare":120,"Total":167},"Deaths":14,"Recovered":42,"Severe":179,"Critical":57,"Emergencies":{"Suspected":31,"Total":219,"Severe":18,"Suspected/Accumulated":244,"Total/Accumulated":9146,"Severe/Accumulated":146},"MedicalActs":{"Suspected":4,"Total":33,"Suspected/Accumulated":90,"Total/Accumulated":1435},"MedicalTests":{"Total":140,"Confirmed":23,"Total/Accumulated":841,"Confirmed/Accumulated":160},"Confirmed":258},"geometry":{"type":"Point","coordinates":[2.383405222672066,47.91302979757084]}},{"type":"Feature","properties":{"Country/Region":"France","Province/State":"Lot","Code":"46","Population":{"Total":173166,"Under19":31861,"Under39":29365,"Under59":44533,"Under74":41623,"Over75":25784},"Beds":{"Resuscitation":8,"IntensiveCare":8,"Total":16},"Recovered":13,"Severe":8,"Critical":3,"Emergencies":{"Total":52,"Suspected/Accumulated":19,"Total/Accumulated":2746,"Severe/Accumulated":13},"MedicalTests":{"Total":1,"Confirmed":1,"Total/Accumulated":35,"Confirmed/Accumulated":5},"Confirmed":4},"geometry":{"type":"Point","coordinates":[1.5901290212765966,44.59231876595746]}},{"type":"Feature","properties":{"Country/Region":"France","Province/State":"Lot-et-Garonne","Code":"47","Population":{"Total":330336,"Under19":69990,"Under39":64149,"Under59":84272,"Under74":68912,"Over75":43013},"Beds":{"Resuscitation":11,"IntensiveCare":36,"Total":47},"Deaths":3,"Recovered":8,"Severe":29,"Critical":8,"Emergencies":{"Suspected":4,"Total":108,"Severe":2,"Suspected/Accumulated":582,"Total/Accumulated":5583,"Severe/Accumulated":103},"MedicalTests":{"Total":16,"Confirmed":1,"Total/Accumulated":158,"Confirmed/Accumulated":7},"Confirmed":65},"geometry":{"type":"Point","coordinates":[0.4871552444444442,44.39576413333333]}},{"type":"Feature","properties":{"Country/Region":"France","Province/State":"Lozère","Code":"48","Population":{"Total":76286,"Under19":15582,"Under39":14895,"Under59":20255,"Under74":15962,"Over75":9592},"Beds":{"Resuscitation":3,"IntensiveCare":0,"Total":3},"Recovered":7,"Severe":9,"Critical":2,"Emergencies":{"Total":9,"Suspected/Accumulated":28,"Total/Accumulated":774,"Severe/Accumulated":5},"Confirmed":8,"MedicalTests":{"Total/Accumulated":1,"Confirmed/Accumulated":1}},"geometry":{"type":"Point","coordinates":[3.494722131979694,44.51333609137059]}},{"type":"Feature","properties":{"Country/Region":"France","Province/State":"Maine-et-Loire","Code":"49","Population":{"Total":815881,"Under19":204162,"Under39":184600,"Under59":204421,"Under74":138603,"Over75":84095},"Beds":{"Resuscitation":61,"IntensiveCare":196,"Total":257},"Deaths":18,"Recovered":127,"Severe":150,"Critical":40,"Emergencies":{"Suspected":47,"Total":222,"Severe":17,"Suspected/Accumulated":678,"Total/Accumulated":9387,"Severe/Accumulated":222},"MedicalTests":{"Total":2,"Total/Accumulated":43,"Confirmed/Accumulated":5},"Confirmed":27},"geometry":{"type":"Point","coordinates":[-0.6000336862745095,47.406434431372546]}},{"type":"Feature","properties":{"Country/Region":"France","Province/State":"Manche","Code":"50","Population":{"Total":490669,"Under19":105402,"Under39":96439,"Under59":126734,"Under74":101121,"Over75":60973},"Beds":{"Resuscitation":28,"IntensiveCare":52,"Total":80},"Deaths":10,"Recovered":18,"Severe":54,"Critical":19,"Emergencies":{"Suspected":8,"Total":203,"Severe":6,"Suspected/Accumulated":173,"Total/Accumulated":8321,"Severe/Accumulated":131},"MedicalActs":{"Suspected":8,"Total":58,"Suspected/Accumulated":271,"Total/Accumulated":3816},"MedicalTests":{"Total":35,"Confirmed":2,"Total/Accumulated":341,"Confirmed/Accumulated":44},"Confirmed":107},"geometry":{"type":"Point","coordinates":[-1.3097769083969464,49.05127938931302]}},{"type":"Feature","properties":{"Country/Region":"France","Province/State":"Marne","Code":"51","Population":{"Total":563823,"Under19":136695,"Under39":137533,"Under59":142415,"Under74":97015,"Over75":50165},"Beds":{"Resuscitation":54,"IntensiveCare":78,"Total":132},"Deaths":53,"Recovered":196,"Severe":329,"Critical":62,"Emergencies":{"Suspected":12,"Total":138,"Severe":7,"Suspected/Accumulated":363,"Total/Accumulated":7548,"Severe/Accumulated":161},"MedicalActs":{"Suspected":4,"Total":25,"Suspected/Accumulated":106,"Total/Accumulated":1189},"MedicalTests":{"Total":71,"Confirmed":19,"Total/Accumulated":497,"Confirmed/Accumulated":140},"Confirmed":37},"geometry":{"type":"Point","coordinates":[4.209888097014927,48.936171417910444]}},{"type":"Feature","properties":{"Country/Region":"France","Province/State":"Haute-Marne","Code":"52","Population":{"Total":169250,"Under19":34865,"Under39":34065,"Under59":44268,"Under74":35981,"Over75":20071},"Beds":{"Resuscitation":8,"IntensiveCare":12,"Total":20},"Deaths":8,"Recovered":20,"Severe":66,"Critical":13,"Emergencies":{"Suspected":23,"Total":71,"Severe":6,"Suspected/Accumulated":323,"Total/Accumulated":3037,"Severe/Accumulated":81},"MedicalTests":{"Total":4,"Confirmed":1,"Total/Accumulated":76,"Confirmed/Accumulated":18},"Confirmed":7},"geometry":{"type":"Point","coordinates":[5.203108577075099,48.126414822134386]}},{"type":"Feature","properties":{"Country/Region":"France","Province/State":"Mayenne","Code":"53","Population":{"Total":305365,"Under19":74868,"Under39":61839,"Under59":78619,"Under74":55705,"Over75":34334},"Beds":{"Resuscitation":8,"IntensiveCare":16,"Total":24},"Deaths":8,"Recovered":11,"Severe":56,"Critical":9,"Emergencies":{"Suspected":13,"Total":58,"Severe":4,"Suspected/Accumulated":146,"Total/Accumulated":1755,"Severe/Accumulated":50},"Confirmed":5,"MedicalTests":{"Total/Accumulated":9,"Confirmed/Accumulated":1}},"geometry":{"type":"Point","coordinates":[-0.6361607305936071,48.153668493150704]}},{"type":"Feature","properties":{"Country/Region":"France","Province/State":"Meurthe-et-Moselle","Code":"54","Population":{"Total":730398,"Under19":170693,"Under39":185629,"Under59":182526,"Under74":124808,"Over75":66742},"Beds":{"Resuscitation":83,"IntensiveCare":172,"Total":255},"Deaths":75,"Recovered":132,"Severe":411,"Critical":156,"Emergencies":{"Suspected":44,"Total":212,"Severe":19,"Suspected/Accumulated":600,"Total/Accumulated":9658,"Severe/Accumulated":289},"MedicalActs":{"Suspected":18,"Total":104,"Suspected/Accumulated":386,"Total/Accumulated":4789},"MedicalTests":{"Total":59,"Confirmed":11,"Total/Accumulated":460,"Confirmed/Accumulated":85},"Confirmed":85},"geometry":{"type":"Point","coordinates":[6.092894571428565,48.892416158730185]}},{"type":"Feature","properties":{"Country/Region":"France","Province/State":"Meuse","Code":"55","Population":{"Total":181641,"Under19":40375,"Under39":37641,"Under59":47696,"Under74":36898,"Over75":19031},"Beds":{"Resuscitation":8,"IntensiveCare":20,"Total":28},"Deaths":22,"Recovered":78,"Severe":162,"Critical":19,"Emergencies":{"Suspected":15,"Total":42,"Severe":6,"Suspected/Accumulated":192,"Total/Accumulated":2586,"Severe/Accumulated":88},"MedicalTests":{"Total":8,"Confirmed":2,"Total/Accumulated":78,"Confirmed/Accumulated":17},"Confirmed":18},"geometry":{"type":"Point","coordinates":[5.380316626506025,49.03635373493975]}},{"type":"Feature","properties":{"Country/Region":"France","Province/State":"Morbihan","Code":"56","Population":{"Total":755566,"Under19":166653,"Under39":145287,"Under59":197813,"Under74":159285,"Over75":86528},"Beds":{"Resuscitation":22,"IntensiveCare":64,"Total":86},"Deaths":32,"Recovered":86,"Severe":133,"Critical":32,"Emergencies":{"Suspected":27,"Total":221,"Severe":3,"Suspected/Accumulated":1369,"Total/Accumulated":10205,"Severe/Accumulated":104},"MedicalActs":{"Suspected":1,"Total":36,"Suspected/Accumulated":65,"Total/Accumulated":2446},"MedicalTests":{"Total":1,"Total/Accumulated":14,"Confirmed/Accumulated":1},"Confirmed":313},"geometry":{"type":"Point","coordinates":[-2.8780210594315263,47.764317932816574]}},{"type":"Feature","properties":{"Country/Region":"France","Province/State":"Moselle","Code":"57","Population":{"Total":1035866,"Under19":229681,"Under39":243525,"Under59":278966,"Under74":186864,"Over75":96830},"Beds":{"Resuscitation":88,"IntensiveCare":112,"Total":200},"Deaths":212,"Recovered":305,"Severe":1021,"Critical":181,"Emergencies":{"Suspected":89,"Total":415,"Severe":54,"Suspected/Accumulated":2219,"Total/Accumulated":18211,"Severe/Accumulated":911},"MedicalTests":{"Total":116,"Confirmed":27,"Total/Accumulated":624,"Confirmed/Accumulated":183},"Confirmed":295},"geometry":{"type":"Point","coordinates":[6.73973678343949,49.04168831210189]}},{"type":"Feature","properties":{"Country/Region":"France","Province/State":"Nièvre","Code":"58","Population":{"Total":199596,"Under19":38191,"Under39":34484,"Under59":50426,"Under74":47745,"Over75":28750},"Beds":{"Resuscitation":12,"IntensiveCare":32,"Total":44},"Deaths":3,"Recovered":1,"Severe":12,"Critical":9,"Emergencies":{"Suspected":19,"Total":112,"Severe":8,"Suspected/Accumulated":304,"Total/Accumulated":4380,"Severe/Accumulated":136},"MedicalTests":{"Total":38,"Confirmed":4,"Total/Accumulated":232,"Confirmed/Accumulated":29},"Confirmed":2},"geometry":{"type":"Point","coordinates":[3.547376999999999,47.143300999999994]}},{"type":"Feature","properties":{"Country/Region":"France","Province/State":"Nord","Code":"59","Population":{"Total":2588988,"Under19":675470,"Under39":665053,"Under59":646791,"Under74":405380,"Over75":196294},"Beds":{"Resuscitation":225,"IntensiveCare":698,"Total":923},"Deaths":81,"Recovered":215,"Severe":613,"Critical":221,"Emergencies":{"Suspected":147,"Total":1031,"Severe":45,"Suspected/Accumulated":2322,"Total/Accumulated":43212,"Severe/Accumulated":750},"MedicalActs":{"Suspected":33,"Total":215,"Suspected/Accumulated":816,"Total/Accumulated":16794},"MedicalTests":{"Total":60,"Confirmed":11,"Total/Accumulated":471,"Confirmed/Accumulated":113},"Confirmed":39},"geometry":{"type":"Point","coordinates":[3.1893953197674403,50.453616308139516]}},{"type":"Feature","properties":{"Country/Region":"France","Province/State":"Oise","Code":"60","Population":{"Total":825077,"Under19":214776,"Under39":193026,"Under59":221783,"Under74":134365,"Over75":61127},"Beds":{"Resuscitation":36,"IntensiveCare":92,"Total":128},"Deaths":119,"Recovered":183,"Severe":293,"Critical":60,"Emergencies":{"Suspected":15,"Total":122,"Severe":9,"Suspected/Accumulated":174,"Total/Accumulated":4492,"Severe/Accumulated":70},"MedicalTests":{"Total":165,"Confirmed":51,"Total/Accumulated":1047,"Confirmed/Accumulated":433},"Confirmed":210},"geometry":{"type":"Point","coordinates":[2.463008007117438,49.41459999999999]}},{"type":"Feature","properties":{"Country/Region":"France","Province/State":"Orne","Code":"61","Population":{"Total":276903,"Under19":59830,"Under39":51781,"Under59":70741,"Under74":58679,"Over75":35872},"Beds":{"Resuscitation":16,"IntensiveCare":24,"Total":40},"Deaths":5,"Recovered":42,"Severe":49,"Critical":6,"Emergencies":{"Suspected":6,"Total":118,"Suspected/Accumulated":121,"Total/Accumulated":5263,"Severe/Accumulated":16},"MedicalTests":{"Total":28,"Total/Accumulated":312,"Confirmed/Accumulated":33},"Confirmed":28},"geometry":{"type":"Point","coordinates":[0.01997467181467186,48.611762664092666]}},{"type":"Feature","properties":{"Country/Region":"France","Province/State":"Pas-de-Calais","Code":"62","Population":{"Total":1452778,"Under19":367229,"Under39":336274,"Under59":374200,"Under74":255788,"Over75":119287},"Beds":{"Resuscitation":85,"IntensiveCare":274,"Total":359},"Deaths":23,"Recovered":104,"Severe":275,"Critical":93,"Emergencies":{"Suspected":24,"Total":268,"Severe":7,"Suspected/Accumulated":335,"Total/Accumulated":9630,"Severe/Accumulated":88},"MedicalTests":{"Total":56,"Confirmed":15,"Total/Accumulated":341,"Confirmed/Accumulated":75},"Confirmed":8},"geometry":{"type":"Point","coordinates":[2.4712310954063605,50.40984130742051]}},{"type":"Feature","properties":{"Country/Region":"France","Province/State":"Puy-de-Dôme","Code":"63","Population":{"Total":660240,"Under19":147680,"Under39":153022,"Under59":169492,"Under74":122442,"Over75":67604},"Beds":{"Resuscitation":77,"IntensiveCare":104,"Total":181},"Deaths":2,"Recovered":23,"Severe":77,"Critical":31,"Emergencies":{"Suspected":23,"Total":93,"Severe":8,"Suspected/Accumulated":190,"Total/Accumulated":3857,"Severe/Accumulated":85},"MedicalActs":{"Suspected":5,"Total":64,"Suspected/Accumulated":110,"Total/Accumulated":3060},"MedicalTests":{"Total":1,"Confirmed":1,"Total/Accumulated":10,"Confirmed/Accumulated":1},"Confirmed":105},"geometry":{"type":"Point","coordinates":[3.143235039370079,45.73685830708661]}},{"type":"Feature","properties":{"Country/Region":"France","Province/State":"Pyrénées-Atlantiques","Code":"64","Population":{"Total":683169,"Under19":144945,"Under39":141910,"Under59":182850,"Under74":130868,"Over75":82596},"Beds":{"Resuscitation":35,"IntensiveCare":110,"Total":145},"Deaths":10,"Recovered":46,"Severe":73,"Critical":27,"Emergencies":{"Suspected":16,"Total":237,"Severe":12,"Suspected/Accumulated":425,"Total/Accumulated":9989,"Severe/Accumulated":119},"MedicalActs":{"Suspected":33,"Total":193,"Suspected/Accumulated":877,"Total/Accumulated":9348},"MedicalTests":{"Total":30,"Confirmed":2,"Total/Accumulated":309,"Confirmed/Accumulated":43},"Confirmed":41},"geometry":{"type":"Point","coordinates":[-0.7610906397306391,43.26238828282827]}},{"type":"Feature","properties":{"Country/Region":"France","Province/State":"Hautes-Pyrénées","Code":"65","Population":{"Total":226839,"Under19":44839,"Under39":42373,"Under59":59329,"Under74":49523,"Over75":30775},"Beds":{"Resuscitation":12,"IntensiveCare":44,"Total":56},"Deaths":1,"Recovered":14,"Severe":39,"Critical":7,"Emergencies":{"Total":25,"Suspected/Accumulated":3,"Total/Accumulated":2516,"Severe/Accumulated":2},"MedicalTests":{"Total":27,"Confirmed":1,"Total/Accumulated":160,"Confirmed/Accumulated":27},"Confirmed":11},"geometry":{"type":"Point","coordinates":[0.15248105932203385,43.134416483050856]}},{"type":"Feature","properties":{"Country/Region":"France","Province/State":"Pyrénées-Orientales","Code":"66","Population":{"Total":479000,"Under19":102236,"Under39":93899,"Under59":121501,"Under74":99671,"Over75":61693},"Beds":{"Resuscitation":32,"IntensiveCare":64,"Total":96},"Deaths":15,"Recovered":95,"Severe":129,"Critical":37,"Emergencies":{"Suspected":17,"Total":122,"Severe":8,"Suspected/Accumulated":199,"Total/Accumulated":8133,"Severe/Accumulated":90},"MedicalActs":{"Suspected":13,"Total":71,"Suspected/Accumulated":269,"Total/Accumulated":3713},"MedicalTests":{"Total":4,"Confirmed":1,"Total/Accumulated":35,"Confirmed/Accumulated":4},"Confirmed":35},"geometry":{"type":"Point","coordinates":[2.4354706043956034,42.554231208791215]}},{"type":"Feature","properties":{"Country/Region":"France","Province/State":"Bas-Rhin","Code":"67","Population":{"Total":1132607,"Under19":258105,"Under39":285390,"Under59":300661,"Under74":188150,"Over75":100301},"Beds":{"Resuscitation":122,"IntensiveCare":208,"Total":330},"Deaths":206,"Recovered":408,"Severe":1005,"Critical":267,"Emergencies":{"Suspected":68,"Total":245,"Severe":45,"Suspected/Accumulated":1411,"Total/Accumulated":11859,"Severe/Accumulated":903},"MedicalActs":{"Suspected":68,"Total":239,"Suspected/Accumulated":1381,"Total/Accumulated":10963},"MedicalTests":{"Total":79,"Confirmed":20,"Total/Accumulated":603,"Confirmed/Accumulated":197},"Confirmed":376},"geometry":{"type":"Point","coordinates":[7.447409099526063,48.70509469194314]}},{"type":"Feature","properties":{"Country/Region":"France","Province/State":"Haut-Rhin","Code":"68","Population":{"Total":763204,"Under19":175817,"Under39":172286,"Under59":209152,"Under74":134185,"Over75":71764},"Beds":{"Resuscitation":70,"IntensiveCare":136,"Total":206},"Deaths":437,"Recovered":686,"Severe":1083,"Critical":157,"Emergencies":{"Suspected":74,"Total":240,"Severe":48,"Suspected/Accumulated":2020,"Total/Accumulated":10630,"Severe/Accumulated":1298},"MedicalActs":{"Suspected":30,"Total":98,"Suspected/Accumulated":1025,"Total/Accumulated":3963},"MedicalTests":{"Total":192,"Confirmed":84,"Total/Accumulated":1177,"Confirmed/Accumulated":498},"Confirmed":700},"geometry":{"type":"Point","coordinates":[7.263731571428571,47.83921192857142]}},{"type":"Feature","properties":{"Country/Region":"France","Province/State":"Rhône","Code":"69","Population":{"Total":1876051,"Under19":478142,"Under39":523161,"Under59":455898,"Under74":259877,"Over75":158973},"Beds":{"Resuscitation":192,"IntensiveCare":422,"Total":614},"Deaths":153,"Recovered":404,"Severe":1114,"Critical":264,"Emergencies":{"Suspected":125,"Total":572,"Severe":48,"Suspected/Accumulated":2564,"Total/Accumulated":28123,"Severe/Accumulated":1208},"MedicalActs":{"Suspected":55,"Total":279,"Suspected/Accumulated":1513,"Total/Accumulated":10753},"MedicalTests":{"Total":51,"Confirmed":5,"Total/Accumulated":532,"Confirmed/Accumulated":121},"Confirmed":532},"geometry":{"type":"Point","coordinates":[4.660707512690354,45.8811785786802]}},{"type":"Feature","properties":{"Country/Region":"France","Province/State":"Haute-Saône","Code":"70","Population":{"Total":233194,"Under19":52426,"Under39":45311,"Under59":62843,"Under74":47643,"Over75":24971},"Beds":{"Resuscitation":12,"IntensiveCare":24,"Total":36},"Deaths":22,"Recovered":55,"Severe":69,"Critical":23,"Emergencies":{"Suspected":24,"Total":73,"Severe":17,"Suspected/Accumulated":458,"Total/Accumulated":3298,"Severe/Accumulated":250},"MedicalTests":{"Total":33,"Confirmed":3,"Total/Accumulated":386,"Confirmed/Accumulated":112}},"geometry":{"type":"Point","coordinates":[6.0410172972972935,47.62793234234234]}},{"type":"Feature","properties":{"Country/Region":"France","Province/State":"Saône-et-Loire","Code":"71","Population":{"Total":547824,"Under19":117389,"Under39":104206,"Under59":141715,"Under74":114530,"Over75":69984},"Beds":{"Resuscitation":26,"IntensiveCare":44,"Total":70},"Deaths":50,"Recovered":181,"Severe":191,"Critical":34,"Emergencies":{"Suspected":66,"Total":225,"Severe":24,"Suspected/Accumulated":1337,"Total/Accumulated":9649,"Severe/Accumulated":524},"MedicalTests":{"Total":84,"Confirmed":9,"Total/Accumulated":524,"Confirmed/Accumulated":62}},"geometry":{"type":"Point","coordinates":[4.528318691588785,46.63876112149533]}},{"type":"Feature","properties":{"Country/Region":"France","Province/State":"Sarthe","Code":"72","Population":{"Total":560227,"Under19":135636,"Under39":116946,"Under59":143032,"Under74":103587,"Over75":61026},"Beds":{"Resuscitation":17,"IntensiveCare":54,"Total":71},"Deaths":13,"Recovered":50,"Severe":101,"Critical":24,"Emergencies":{"Suspected":45,"Total":222,"Severe":24,"Suspected/Accumulated":778,"Total/Accumulated":8650,"Severe/Accumulated":373},"MedicalTests":{"Total":1,"Total/Accumulated":8,"Confirmed/Accumulated":2},"Confirmed":19},"geometry":{"type":"Point","coordinates":[0.1986467741935485,47.9763005529954]}},{"type":"Feature","properties":{"Country/Region":"France","Province/State":"Savoie","Code":"73","Population":{"Total":432548,"Under19":98346,"Under39":96013,"Under59":117417,"Under74":76722,"Over75":44050},"Beds":{"Resuscitation":18,"IntensiveCare":36,"Total":54},"Deaths":6,"Recovered":87,"Severe":110,"Critical":32,"Emergencies":{"Suspected":14,"Total":97,"Severe":3,"Suspected/Accumulated":184,"Total/Accumulated":5204,"Severe/Accumulated":87},"MedicalActs":{"Suspected":12,"Total":57,"Suspected/Accumulated":307,"Total/Accumulated":3189},"MedicalTests":{"Total":1,"Total/Accumulated":113,"Confirmed/Accumulated":19},"Confirmed":114},"geometry":{"type":"Point","coordinates":[6.4038603585657325,45.50301760956176]}},{"type":"Feature","properties":{"Country/Region":"France","Province/State":"Haute-Savoie","Code":"74","Population":{"Total":828405,"Under19":203837,"Under39":209477,"Under59":227355,"Under74":122439,"Over75":65297},"Beds":{"Resuscitation":34,"IntensiveCare":82,"Total":116},"Deaths":39,"Recovered":184,"Severe":250,"Critical":75,"Emergencies":{"Suspected":62,"Total":365,"Severe":24,"Suspected/Accumulated":969,"Total/Accumulated":16575,"Severe/Accumulated":348},"MedicalActs":{"Suspected":23,"Total":76,"Suspected/Accumulated":432,"Total/Accumulated":4251},"MedicalTests":{"Total":95,"Confirmed":22,"Total/Accumulated":1141,"Confirmed/Accumulated":314},"Confirmed":310},"geometry":{"type":"Point","coordinates":[6.452374226804124,46.01403216494844]}},{"type":"Feature","properties":{"Country/Region":"France","Province/State":"Paris","Code":"75","Population":{"Total":2148271,"Under19":406652,"Under39":718825,"Under59":536676,"Under74":311978,"Over75":174140},"Beds":{"Resuscitation":389,"IntensiveCare":1082,"Total":1471},"Deaths":404,"Recovered":863,"Severe":2633,"Critical":720,"Emergencies":{"Suspected":384,"Total":897,"Severe":132,"Suspected/Accumulated":7779,"Total/Accumulated":37701,"Severe/Accumulated":2197},"MedicalActs":{"Suspected":189,"Total":655,"Suspected/Accumulated":3593,"Total/Accumulated":28279},"MedicalTests":{"Total":390,"Confirmed":121,"Total/Accumulated":4761,"Confirmed/Accumulated":1957},"Confirmed":126},"geometry":{"type":"Point","coordinates":[2.3550152173913044,48.8535647826087]}},{"type":"Feature","properties":{"Country/Region":"France","Province/State":"Seine-Maritime","Code":"76","Population":{"Total":1243788,"Under19":303968,"Under39":294607,"Under59":310458,"Under74":218116,"Over75":116639},"Beds":{"Resuscitation":93,"IntensiveCare":300,"Total":393},"Deaths":38,"Recovered":91,"Severe":313,"Critical":89,"Emergencies":{"Suspected":61,"Total":525,"Severe":25,"Suspected/Accumulated":631,"Total/Accumulated":22159,"Severe/Accumulated":192},"MedicalActs":{"Suspected":11,"Total":41,"Suspected/Accumulated":193,"Total/Accumulated":2882},"MedicalTests":{"Total":77,"Confirmed":16,"Total/Accumulated":638,"Confirmed/Accumulated":149},"Confirmed":233},"geometry":{"type":"Point","coordinates":[1.114674462365592,49.5942889784946]}},{"type":"Feature","properties":{"Country/Region":"France","Province/State":"Seine-et-Marne","Code":"77","Population":{"Total":1423607,"Under19":392025,"Under39":357752,"Under59":382068,"Under74":199768,"Over75":91994},"Beds":{"Resuscitation":77,"IntensiveCare":100,"Total":177},"Deaths":81,"Recovered":262,"Severe":565,"Critical":160,"Emergencies":{"Suspected":69,"Total":348,"Severe":28,"Suspected/Accumulated":1624,"Total/Accumulated":14869,"Severe/Accumulated":643},"MedicalActs":{"Suspected":44,"Total":168,"Suspected/Accumulated":776,"Total/Accumulated":8067},"MedicalTests":{"Total":187,"Confirmed":73,"Total/Accumulated":1209,"Confirmed/Accumulated":451},"Confirmed":42},"geometry":{"type":"Point","coordinates":[2.9385241532258073,48.61862185483869]}},{"type":"Feature","properties":{"Country/Region":"France","Province/State":"Yvelines","Code":"78","Population":{"Total":1448625,"Under19":385814,"Under39":341694,"Under59":394186,"Under74":209492,"Over75":117439},"Beds":{"Resuscitation":84,"IntensiveCare":204,"Total":288},"Deaths":119,"Recovered":347,"Severe":815,"Critical":178,"Emergencies":{"Suspected":71,"Total":401,"Severe":35,"Suspected/Accumulated":1256,"Total/Accumulated":20363,"Severe/Accumulated":471},"MedicalActs":{"Suspected":37,"Total":116,"Suspected/Accumulated":769,"Total/Accumulated":5554},"MedicalTests":{"Total":142,"Confirmed":48,"Total/Accumulated":1287,"Confirmed/Accumulated":469},"Confirmed":70},"geometry":{"type":"Point","coordinates":[1.8294258823529415,48.80823257352944]}},{"type":"Feature","properties":{"Country/Region":"France","Province/State":"Deux-Sèvres","Code":"79","Population":{"Total":372627,"Under19":85106,"Under39":73604,"Under59":98839,"Under74":72067,"Over75":43011},"Beds":{"Resuscitation":8,"IntensiveCare":36,"Total":44},"Deaths":2,"Recovered":22,"Severe":33,"Critical":6,"Emergencies":{"Suspected":10,"Total":135,"Severe":2,"Suspected/Accumulated":160,"Total/Accumulated":5415,"Severe/Accumulated":42},"Confirmed":11,"MedicalTests":{"Total/Accumulated":13,"Confirmed/Accumulated":1}},"geometry":{"type":"Point","coordinates":[-0.29978133828996273,46.53994301115242]}},{"type":"Feature","properties":{"Country/Region":"France","Province/State":"Somme","Code":"80","Population":{"Total":569769,"Under19":138211,"Under39":134953,"Under59":144752,"Under74":100734,"Over75":51119},"Beds":{"Resuscitation":58,"IntensiveCare":164,"Total":222},"Deaths":48,"Recovered":100,"Severe":270,"Critical":64,"Emergencies":{"Suspected":30,"Total":192,"Severe":13,"Suspected/Accumulated":776,"Total/Accumulated":9456,"Severe/Accumulated":341},"MedicalActs":{"Suspected":42,"Total":144,"Suspected/Accumulated":872,"Total/Accumulated":7694},"MedicalTests":{"Total":58,"Confirmed":13,"Total/Accumulated":376,"Confirmed/Accumulated":132},"Confirmed":54},"geometry":{"type":"Point","coordinates":[2.3486719850187256,49.97418277153558]}},{"type":"Feature","properties":{"Country/Region":"France","Province/State":"Tarn","Code":"81","Population":{"Total":387898,"Under19":84873,"Under39":74511,"Under59":102349,"Under74":77279,"Over75":48886},"Beds":{"Resuscitation":24,"IntensiveCare":70,"Total":94},"Deaths":3,"Recovered":12,"Severe":53,"Critical":19,"Emergencies":{"Suspected":20,"Total":114,"Severe":5,"Suspected/Accumulated":197,"Total/Accumulated":6348,"Severe/Accumulated":47},"MedicalTests":{"Total":17,"Total/Accumulated":126,"Confirmed/Accumulated":9},"Confirmed":14},"geometry":{"type":"Point","coordinates":[2.1808796818181815,43.78627254545453]}},{"type":"Feature","properties":{"Country/Region":"France","Province/State":"Tarn-et-Garonne","Code":"82","Population":{"Total":262618,"Under19":63559,"Under39":53023,"Under59":70354,"Under74":48046,"Over75":27636},"Beds":{"Resuscitation":18,"IntensiveCare":40,"Total":58},"Deaths":2,"Recovered":4,"Severe":11,"Critical":5,"Emergencies":{"Suspected":20,"Total":68,"Severe":8,"Suspected/Accumulated":453,"Total/Accumulated":3595,"Severe/Accumulated":137},"MedicalTests":{"Total":9,"Total/Accumulated":57,"Confirmed/Accumulated":5},"Confirmed":11},"geometry":{"type":"Point","coordinates":[1.3350866094420606,44.1164032618026]}},{"type":"Feature","properties":{"Country/Region":"France","Province/State":"Var","Code":"83","Population":{"Total":1073836,"Under19":224216,"Under39":215361,"Under59":276842,"Under74":218239,"Over75":139178},"Beds":{"Resuscitation":60,"IntensiveCare":84,"Total":144},"Deaths":27,"Recovered":192,"Severe":180,"Critical":52,"Emergencies":{"Suspected":53,"Total":369,"Severe":20,"Suspected/Accumulated":774,"Total/Accumulated":15820,"Severe/Accumulated":412},"MedicalActs":{"Suspected":53,"Total":312,"Suspected/Accumulated":1712,"Total/Accumulated":14565},"MedicalTests":{"Total":126,"Confirmed":15,"Total/Accumulated":1186,"Confirmed/Accumulated":184},"Confirmed":186},"geometry":{"type":"Point","coordinates":[6.2341132170542615,43.37767961240309]}},{"type":"Feature","properties":{"Country/Region":"France","Province/State":"Vaucluse","Code":"84","Population":{"Total":560997,"Under19":132211,"Under39":118607,"Under59":147247,"Under74":103567,"Over75":59365},"Beds":{"Resuscitation":16,"IntensiveCare":60,"Total":76},"Deaths":10,"Recovered":48,"Severe":70,"Critical":21,"Emergencies":{"Suspected":25,"Total":249,"Severe":18,"Suspected/Accumulated":351,"Total/Accumulated":11473,"Severe/Accumulated":197},"MedicalActs":{"Total":11,"Suspected/Accumulated":37,"Total/Accumulated":971},"MedicalTests":{"Total":87,"Confirmed":8,"Total/Accumulated":619,"Confirmed/Accumulated":76},"Confirmed":45},"geometry":{"type":"Point","coordinates":[5.137687100591716,44.08826047337278]}},{"type":"Feature","properties":{"Country/Region":"France","Province/State":"Vendée","Code":"85","Population":{"Total":683187,"Under19":155162,"Under39":132680,"Under59":176377,"Under74":142178,"Over75":76790},"Beds":{"Resuscitation":18,"IntensiveCare":44,"Total":62},"Deaths":7,"Recovered":27,"Severe":75,"Critical":16,"Emergencies":{"Suspected":33,"Total":244,"Severe":15,"Suspected/Accumulated":427,"Total/Accumulated":8638,"Severe/Accumulated":170},"MedicalTests":{"Total":8,"Confirmed":1,"Total/Accumulated":69,"Confirmed/Accumulated":7},"Confirmed":9},"geometry":{"type":"Point","coordinates":[-1.3851340601503754,46.70726116541352]}},{"type":"Feature","properties":{"Country/Region":"France","Province/State":"Vienne","Code":"86","Population":{"Total":437398,"Under19":101362,"Under39":100176,"Under59":108284,"Under74":79480,"Over75":48096},"Beds":{"Resuscitation":53,"IntensiveCare":124,"Total":177},"Deaths":12,"Recovered":27,"Severe":47,"Critical":21,"Emergencies":{"Suspected":12,"Total":100,"Severe":7,"Suspected/Accumulated":135,"Total/Accumulated":5457,"Severe/Accumulated":64},"MedicalTests":{"Total":1,"Confirmed":1,"Total/Accumulated":45,"Confirmed/Accumulated":8},"Confirmed":53},"geometry":{"type":"Point","coordinates":[0.42368070921985806,46.57872638297872]}},{"type":"Feature","properties":{"Country/Region":"France","Province/State":"Haute-Vienne","Code":"87","Population":{"Total":370774,"Under19":79173,"Under39":77448,"Under59":94509,"Under74":74186,"Over75":45458},"Beds":{"Resuscitation":24,"IntensiveCare":144,"Total":168},"Deaths":5,"Recovered":15,"Severe":61,"Critical":15,"Emergencies":{"Suspected":16,"Total":156,"Severe":13,"Suspected/Accumulated":118,"Total/Accumulated":6647,"Severe/Accumulated":88},"MedicalActs":{"Suspected":14,"Total":84,"Suspected/Accumulated":259,"Total/Accumulated":4869},"Confirmed":21,"MedicalTests":{"Total/Accumulated":7,"Confirmed/Accumulated":1}},"geometry":{"type":"Point","coordinates":[1.2410431872509962,45.895894860557746]}},{"type":"Feature","properties":{"Country/Region":"France","Province/State":"Vosges","Code":"88","Population":{"Total":359520,"Under19":77042,"Under39":70274,"Under59":94740,"Under74":75920,"Over75":41544},"Beds":{"Resuscitation":8,"IntensiveCare":24,"Total":32},"Deaths":94,"Recovered":121,"Severe":253,"Critical":34,"Emergencies":{"Suspected":53,"Total":171,"Severe":20,"Suspected/Accumulated":1450,"Total/Accumulated":7471,"Severe/Accumulated":515},"MedicalTests":{"Total":61,"Confirmed":28,"Total/Accumulated":496,"Confirmed/Accumulated":187},"Confirmed":66},"geometry":{"type":"Point","coordinates":[6.2957204247104235,48.23006027027029]}},{"type":"Feature","properties":{"Country/Region":"France","Province/State":"Yonne","Code":"89","Population":{"Total":332096,"Under19":73991,"Under39":64975,"Under59":86159,"Under74":68966,"Over75":38005},"Beds":{"Resuscitation":18,"IntensiveCare":32,"Total":50},"Deaths":8,"Recovered":13,"Severe":85,"Critical":21,"Emergencies":{"Suspected":36,"Total":156,"Severe":8,"Suspected/Accumulated":612,"Total/Accumulated":8057,"Severe/Accumulated":122},"MedicalActs":{"Suspected":13,"Total":45,"Suspected/Accumulated":235,"Total/Accumulated":2289},"MedicalTests":{"Total":6,"Total/Accumulated":139,"Confirmed/Accumulated":21}},"geometry":{"type":"Point","coordinates":[3.57333820338983,47.84307762711864]}},{"type":"Feature","properties":{"Country/Region":"France","Province/State":"Territoire de Belfort","Code":"90","Population":{"Total":140145,"Under19":33166,"Under39":32553,"Under59":36366,"Under74":24639,"Over75":13421},"Beds":{"Resuscitation":25,"IntensiveCare":40,"Total":65},"Deaths":64,"Recovered":91,"Severe":219,"Critical":44,"Emergencies":{"Suspected":25,"Total":94,"Severe":14,"Suspected/Accumulated":509,"Total/Accumulated":3681,"Severe/Accumulated":305},"MedicalTests":{"Total":39,"Confirmed":8,"Total/Accumulated":211,"Confirmed/Accumulated":46}},"geometry":{"type":"Point","coordinates":[6.93897388888889,47.60873597222223]}},{"type":"Feature","properties":{"Country/Region":"France","Province/State":"Essonne","Code":"91","Population":{"Total":1319401,"Under19":360333,"Under39":338878,"Under59":349395,"Under74":176919,"Over75":93876},"Beds":{"Resuscitation":97,"IntensiveCare":164,"Total":261},"Deaths":63,"Recovered":166,"Severe":687,"Critical":172,"Emergencies":{"Suspected":102,"Total":358,"Severe":31,"Suspected/Accumulated":1932,"Total/Accumulated":15606,"Severe/Accumulated":563},"MedicalActs":{"Suspected":34,"Total":138,"Suspected/Accumulated":464,"Total/Accumulated":4636},"MedicalTests":{"Total":145,"Confirmed":41,"Total/Accumulated":1726,"Confirmed/Accumulated":797},"Confirmed":30},"geometry":{"type":"Point","coordinates":[2.2519983333333338,48.50948216666667]}},{"type":"Feature","properties":{"Country/Region":"France","Province/State":"Hauts-de-Seine","Code":"92","Population":{"Total":1613762,"Under19":393984,"Under39":457571,"Under59":428782,"Under74":211036,"Over75":122389},"Beds":{"Resuscitation":184,"IntensiveCare":276,"Total":460},"Deaths":173,"Recovered":517,"Severe":1638,"Critical":355,"Emergencies":{"Suspected":109,"Total":451,"Severe":40,"Suspected/Accumulated":1857,"Total/Accumulated":21969,"Severe/Accumulated":604},"MedicalTests":{"Total":339,"Confirmed":115,"Total/Accumulated":3253,"Confirmed/Accumulated":1300},"Confirmed":59},"geometry":{"type":"Point","coordinates":[2.2538900000000006,48.84266823529411]}},{"type":"Feature","properties":{"Country/Region":"France","Province/State":"Seine-Saint-Denis","Code":"93","Population":{"Total":1670149,"Under19":485032,"Under39":478299,"Under59":428192,"Under74":194935,"Over75":83691},"Beds":{"Resuscitation":100,"IntensiveCare":218,"Total":318},"Deaths":187,"Recovered":358,"Severe":1173,"Critical":228,"Emergencies":{"Suspected":182,"Total":610,"Severe":59,"Suspected/Accumulated":2404,"Total/Accumulated":26227,"Severe/Accumulated":600},"MedicalTests":{"Total":240,"Confirmed":98,"Total/Accumulated":2057,"Confirmed/Accumulated":1031},"Confirmed":45},"geometry":{"type":"Point","coordinates":[2.474763409090909,48.91863045454546]}},{"type":"Feature","properties":{"Country/Region":"France","Province/State":"Val-de-Marne","Code":"94","Population":{"Total":1406041,"Under19":359600,"Under39":390124,"Under59":368199,"Under74":187814,"Over75":100304},"Beds":{"Resuscitation":156,"IntensiveCare":338,"Total":494},"Deaths":186,"Recovered":446,"Severe":1368,"Critical":241,"Emergencies":{"Suspected":196,"Total":627,"Severe":87,"Suspected/Accumulated":3895,"Total/Accumulated":25149,"Severe/Accumulated":1552},"MedicalTests":{"Total":213,"Confirmed":69,"Total/Accumulated":1480,"Confirmed/Accumulated":615},"Confirmed":48},"geometry":{"type":"Point","coordinates":[2.47453725,48.775524499999996]}},{"type":"Feature","properties":{"Country/Region":"France","Province/State":"Val-d'Oise","Code":"95","Population":{"Total":1248354,"Under19":357525,"Under39":326622,"Under59":322949,"Under74":166265,"Over75":74993},"Beds":{"Resuscitation":60,"IntensiveCare":130,"Total":190},"Deaths":156,"Recovered":473,"Severe":730,"Critical":150,"Emergencies":{"Suspected":227,"Total":566,"Severe":81,"Suspected/Accumulated":3842,"Total/Accumulated":23238,"Severe/Accumulated":1348},"MedicalActs":{"Suspected":38,"Total":165,"Suspected/Accumulated":1148,"Total/Accumulated":9222},"MedicalTests":{"Total":102,"Confirmed":43,"Total/Accumulated":2521,"Confirmed/Accumulated":1144},"Confirmed":60},"geometry":{"type":"Point","coordinates":[2.092522396694214,49.08765355371902]}},{"type":"Feature","properties":{"Country/Region":"France","Province/State":"La Réunion","Code":"974","Population":{"Total":859959,"Under19":256143,"Under39":202783,"Under59":239212,"Under74":117045,"Over75":44776},"Beds":{"Resuscitation":52,"IntensiveCare":154,"Total":206},"Recovered":20,"Severe":57,"Critical":6,"Emergencies":{"Suspected":6,"Total":230,"Severe":5,"Suspected/Accumulated":122,"Total/Accumulated":11986,"Severe/Accumulated":92},"MedicalTests":{"Total":1,"Total/Accumulated":2}},"geometry":{"type":"Point","coordinates":[55.52943947368424,-21.1374047368421]}}]}