{"type":"FeatureCollection","features":[{"type":"Feature","properties":{"Country/Region":"France","Province/State":"Guadeloupe","Code":"971","Population":{"Total":376879,"Under19":90617,"Under39":71707,"Under59":109452,"Under74":70936,"Over75":34167},"Beds":{"Resuscitation":27,"IntensiveCare":68,"Total":95},"Deaths":19,"Recovered":88,"Severe":3,"Critical":2,"Emergencies":{"Suspected":4,"Total":202,"Severe":2,"Suspected/Accumulated":347,"Total/Accumulated":32570,"Severe/Accumulated":106},"PCRTests":{"Total":86,"Confirmed":9,"Total/Accumulated":17449,"Confirmed/Accumulated":304},"Confirmed":106,"MedicalTests":{"Total/Accumulated":51,"Confirmed/Accumulated":17}},"geometry":{"type":"Point","coordinates":[-61.493846272189366,16.20469674556213]}},{"type":"Feature","properties":{"Country/Region":"France","Province/State":"Martinique","Code":"972","Population":{"Total":358749,"Under19":77005,"Under39":65776,"Under59":105638,"Under74":72163,"Over75":38167},"Beds":{"Resuscitation":26,"IntensiveCare":58,"Total":84},"Deaths":17,"Recovered":98,"Severe":4,"Critical":1,"MedicalActs":{"Suspected":2,"Total":104,"Suspected/Accumulated":186,"Total/Accumulated":16791},"PCRTests":{"Total":79,"Confirmed":2,"Total/Accumulated":22155,"Confirmed/Accumulated":300},"Confirmed":16,"MedicalTests":{"Total/Accumulated":29,"Confirmed/Accumulated":6}},"geometry":{"type":"Point","coordinates":[-60.98265692913386,14.6217557480315]}},{"type":"Feature","properties":{"Country/Region":"France","Province/State":"Guyane","Code":"973","Population":{"Total":290691,"Under19":120681,"Under39":80023,"Under59":61783,"Under74":22111,"Over75":6093},"Beds":{"Resuscitation":13,"IntensiveCare":12,"Total":25},"Deaths":49,"Recovered":1324,"Severe":92,"Critical":18,"Emergencies":{"Suspected":3,"Total":129,"Severe":3,"Suspected/Accumulated":1718,"Total/Accumulated":30284,"Severe/Accumulated":782},"PCRTests":{"Total":114,"Confirmed":9,"Total/Accumulated":37893,"Confirmed/Accumulated":7322},"Confirmed":43,"MedicalTests":{"Total/Accumulated":35,"Confirmed/Accumulated":4}},"geometry":{"type":"Point","coordinates":[-53.41731165390502,3.588901056661561]}},{"type":"Feature","properties":{"Country/Region":"France","Province/State":"Mayotte","Code":"976","Population":{"Total":279471,"Under19":150257,"Under39":74348,"Under59":42900,"Under74":9521,"Over75":2445},"Beds":{"Resuscitation":6,"IntensiveCare":0,"Total":6},"Deaths":28,"Recovered":434,"Severe":8,"Critical":1,"Emergencies":{"Total":89,"Suspected/Accumulated":1885,"Total/Accumulated":17550,"Severe/Accumulated":250},"PCRTests":{"Total":69,"Confirmed":7,"Total/Accumulated":11033,"Confirmed/Accumulated":1440},"Confirmed":128,"MedicalTests":{"Total/Accumulated":4,"Confirmed/Accumulated":1}},"geometry":{"type":"Point","coordinates":[45.14160071428572,-12.835344166666673]}},{"type":"Feature","properties":{"Country/Region":"France","Province/State":"Ain","Code":"01","Population":{"Total":656955,"Under19":167666,"Under39":151084,"Under59":179469,"Under74":104453,"Over75":54283},"Beds":{"Resuscitation":22,"IntensiveCare":20,"Total":42},"Deaths":105,"Recovered":455,"Severe":28,"Critical":1,"Emergencies":{"Total":234,"Suspected/Accumulated":1164,"Total/Accumulated":39956,"Severe/Accumulated":475},"PCRTests":{"Total":73,"Total/Accumulated":36230,"Confirmed/Accumulated":497},"Confirmed":118,"MedicalTests":{"Total/Accumulated":3606,"Confirmed/Accumulated":382}},"geometry":{"type":"Point","coordinates":[5.430359734513273,46.106026415929215]}},{"type":"Feature","properties":{"Country/Region":"France","Province/State":"Aisne","Code":"02","Population":{"Total":526050,"Under19":129852,"Under39":114042,"Under59":135164,"Under74":98046,"Over75":48946},"Beds":{"Resuscitation":34,"IntensiveCare":110,"Total":144},"Deaths":284,"Recovered":1102,"Severe":59,"Critical":7,"Emergencies":{"Suspected":1,"Total":390,"Suspected/Accumulated":3107,"Total/Accumulated":56090,"Severe/Accumulated":1039},"MedicalActs":{"Total":139,"Suspected/Accumulated":1067,"Total/Accumulated":34103},"PCRTests":{"Total":33,"Confirmed":1,"Total/Accumulated":23735,"Confirmed/Accumulated":413},"Confirmed":59,"MedicalTests":{"Total/Accumulated":3072,"Confirmed/Accumulated":456}},"geometry":{"type":"Point","coordinates":[3.5153965625000003,49.457888298611124]}},{"type":"Feature","properties":{"Country/Region":"France","Province/State":"Allier","Code":"03","Population":{"Total":331315,"Under19":66659,"Under39":61490,"Under59":85304,"Under74":72079,"Over75":45783},"Beds":{"Resuscitation":24,"IntensiveCare":56,"Total":80},"Deaths":41,"Recovered":207,"Severe":1,"Emergencies":{"Total":182,"Suspected/Accumulated":1154,"Total/Accumulated":28000,"Severe/Accumulated":649},"PCRTests":{"Total":36,"Total/Accumulated":16456,"Confirmed/Accumulated":122},"Confirmed":38,"MedicalTests":{"Total/Accumulated":1177,"Confirmed/Accumulated":12}},"geometry":{"type":"Point","coordinates":[3.1778756690140857,46.39097419014088]}},{"type":"Feature","properties":{"Country/Region":"France","Province/State":"Alpes-de-Haute-Provence","Code":"04","Population":{"Total":165197,"Under19":34281,"Under39":30814,"Under59":43423,"Under74":35681,"Over75":20998},"Beds":{"Resuscitation":6,"IntensiveCare":0,"Total":6},"Deaths":13,"Recovered":133,"Severe":3,"Emergencies":{"Suspected":1,"Total":220,"Suspected/Accumulated":314,"Total/Accumulated":25463,"Severe/Accumulated":136},"PCRTests":{"Total":15,"Total/Accumulated":10016,"Confirmed/Accumulated":101},"Confirmed":22,"MedicalTests":{"Total/Accumulated":1722,"Confirmed/Accumulated":63}},"geometry":{"type":"Point","coordinates":[6.294359440298507,44.152788992537346]}},{"type":"Feature","properties":{"Country/Region":"France","Province/State":"Hautes-Alpes","Code":"05","Population":{"Total":141756,"Under19":30280,"Under39":27715,"Under59":37829,"Under74":29047,"Over75":16885},"Beds":{"Resuscitation":8,"IntensiveCare":0,"Total":8},"Deaths":18,"Recovered":136,"Severe":6,"Emergencies":{"Total":271,"Suspected/Accumulated":1089,"Total/Accumulated":25214,"Severe/Accumulated":194},"PCRTests":{"Total":13,"Confirmed":3,"Total/Accumulated":6209,"Confirmed/Accumulated":61},"Confirmed":42,"MedicalTests":{"Total/Accumulated":658,"Confirmed/Accumulated":4}},"geometry":{"type":"Point","coordinates":[6.205986298932386,44.64177099644131]}},{"type":"Feature","properties":{"Country/Region":"France","Province/State":"Alpes-Maritimes","Code":"06","Population":{"Total":1079396,"Under19":226862,"Under39":232814,"Under59":282249,"Under74":198428,"Over75":139043},"Beds":{"Resuscitation":89,"IntensiveCare":182,"Total":271},"Deaths":190,"Recovered":809,"Severe":64,"Critical":2,"Emergencies":{"Suspected":6,"Total":1062,"Severe":2,"Suspected/Accumulated":3485,"Total/Accumulated":129782,"Severe/Accumulated":1894},"MedicalActs":{"Suspected":20,"Total":194,"Suspected/Accumulated":1698,"Total/Accumulated":26174},"PCRTests":{"Total":271,"Confirmed":3,"Total/Accumulated":99797,"Confirmed/Accumulated":1607},"Confirmed":194,"MedicalTests":{"Total/Accumulated":5759,"Confirmed/Accumulated":263}},"geometry":{"type":"Point","coordinates":[7.093963618090453,43.90811477386935]}},{"type":"Feature","properties":{"Country/Region":"France","Province/State":"Corse-du-Sud","Code":"2A","Population":{"Total":162421,"Under19":31630,"Under39":34910,"Under59":45312,"Under74":31004,"Over75":19565},"Beds":{"Resuscitation":10,"IntensiveCare":30,"Total":40},"Deaths":48,"Recovered":148,"Severe":4,"Emergencies":{"Total":204,"Suspected/Accumulated":148,"Total/Accumulated":16702,"Severe/Accumulated":112},"MedicalActs":{"Suspected":3,"Total":130,"Suspected/Accumulated":560,"Total/Accumulated":8441},"PCRTests":{"Total":36,"Total/Accumulated":13619,"Confirmed/Accumulated":63},"Confirmed":207},"geometry":{"type":"Point","coordinates":[8.933891598360661,41.87995627049185]}},{"type":"Feature","properties":{"Country/Region":"France","Province/State":"Haute-Corse","Code":"2B","Population":{"Total":182258,"Under19":36925,"Under39":42075,"Under59":47863,"Under74":34671,"Over75":20724},"Beds":{"Resuscitation":8,"IntensiveCare":12,"Total":20},"Deaths":11,"Recovered":108,"Emergencies":{"Total":204,"Suspected/Accumulated":2049,"Total/Accumulated":20776,"Severe/Accumulated":1942},"PCRTests":{"Total":15,"Total/Accumulated":10080,"Confirmed/Accumulated":58},"Confirmed":56},"geometry":{"type":"Point","coordinates":[9.12993101604278,42.44040566844919]}},{"type":"Feature","properties":{"Country/Region":"France","Province/State":"Ardèche","Code":"07","Population":{"Total":326875,"Under19":70594,"Under39":61093,"Under59":88160,"Under74":68490,"Over75":38538},"Beds":{"Resuscitation":8,"IntensiveCare":0,"Total":8},"Deaths":112,"Recovered":451,"Severe":9,"Critical":1,"Emergencies":{"Total":247,"Suspected/Accumulated":828,"Total/Accumulated":29912,"Severe/Accumulated":171},"PCRTests":{"Total":44,"Total/Accumulated":14955,"Confirmed/Accumulated":220},"Confirmed":128,"MedicalTests":{"Total/Accumulated":1210,"Confirmed/Accumulated":123}},"geometry":{"type":"Point","coordinates":[4.425911157407411,44.77470101851853]}},{"type":"Feature","properties":{"Country/Region":"France","Province/State":"Ardennes","Code":"08","Population":{"Total":265531,"Under19":60337,"Under39":55870,"Under59":70459,"Under74":52021,"Over75":26844},"Beds":{"Resuscitation":12,"IntensiveCare":42,"Total":54},"Deaths":60,"Recovered":220,"Severe":2,"Emergencies":{"Total":246,"Suspected/Accumulated":258,"Total/Accumulated":31851,"Severe/Accumulated":65},"PCRTests":{"Total":51,"Confirmed":1,"Total/Accumulated":16396,"Confirmed/Accumulated":123},"Confirmed":3,"MedicalTests":{"Total/Accumulated":1117,"Confirmed/Accumulated":101}},"geometry":{"type":"Point","coordinates":[4.717836481481479,49.63503592592596]}},{"type":"Feature","properties":{"Country/Region":"France","Province/State":"Ariège","Code":"09","Population":{"Total":152398,"Under19":30718,"Under39":28780,"Under59":40432,"Under74":32667,"Over75":19801},"Beds":{"Resuscitation":8,"IntensiveCare":16,"Total":24},"Deaths":2,"Recovered":33,"Emergencies":{"Total":129,"Suspected/Accumulated":204,"Total/Accumulated":17075,"Severe/Accumulated":88},"PCRTests":{"Total":17,"Total/Accumulated":6048,"Confirmed/Accumulated":26},"Confirmed":3,"MedicalTests":{"Total/Accumulated":943,"Confirmed/Accumulated":7}},"geometry":{"type":"Point","coordinates":[1.5308575113122171,42.951783619909506]}},{"type":"Feature","properties":{"Country/Region":"France","Province/State":"Aube","Code":"10","Population":{"Total":309907,"Under19":74513,"Under39":69749,"Under59":77945,"Under74":56336,"Over75":31364},"Beds":{"Resuscitation":12,"IntensiveCare":36,"Total":48},"Deaths":137,"Recovered":637,"Severe":22,"Emergencies":{"Suspected":1,"Total":178,"Severe":1,"Suspected/Accumulated":762,"Total/Accumulated":25667,"Severe/Accumulated":362},"MedicalActs":{"Suspected":3,"Total":121,"Suspected/Accumulated":609,"Total/Accumulated":16189},"PCRTests":{"Total":53,"Total/Accumulated":15722,"Confirmed/Accumulated":155},"Confirmed":14,"MedicalTests":{"Total/Accumulated":3836,"Confirmed/Accumulated":370}},"geometry":{"type":"Point","coordinates":[4.115386826086957,48.290927782608684]}},{"type":"Feature","properties":{"Country/Region":"France","Province/State":"Aude","Code":"11","Population":{"Total":372705,"Under19":78644,"Under39":70170,"Under59":96929,"Under74":80039,"Over75":46923},"Beds":{"Resuscitation":16,"IntensiveCare":44,"Total":60},"Deaths":59,"Recovered":237,"Severe":4,"Critical":1,"Emergencies":{"Total":279,"Suspected/Accumulated":524,"Total/Accumulated":41869,"Severe/Accumulated":219},"PCRTests":{"Total":37,"Total/Accumulated":18687,"Confirmed/Accumulated":156},"Confirmed":44,"MedicalTests":{"Total/Accumulated":3464,"Confirmed/Accumulated":194}},"geometry":{"type":"Point","coordinates":[2.3518425641025638,43.13299722222223]}},{"type":"Feature","properties":{"Country/Region":"France","Province/State":"Aveyron","Code":"12","Population":{"Total":278360,"Under19":55940,"Under39":51027,"Under59":73060,"Under74":59454,"Over75":38879},"Beds":{"Resuscitation":11,"IntensiveCare":32,"Total":43},"Deaths":24,"Recovered":148,"Severe":4,"Emergencies":{"Total":173,"Suspected/Accumulated":27,"Total/Accumulated":19247,"Severe/Accumulated":8},"PCRTests":{"Total":31,"Total/Accumulated":13927,"Confirmed/Accumulated":95},"Confirmed":29,"MedicalTests":{"Total/Accumulated":118,"Confirmed/Accumulated":5}},"geometry":{"type":"Point","coordinates":[2.66545315960912,44.28474130293157]}},{"type":"Feature","properties":{"Country/Region":"France","Province/State":"Bouches-du-Rhône","Code":"13","Population":{"Total":2034469,"Under19":480915,"Under39":483747,"Under59":522289,"Under74":342385,"Over75":205133},"Beds":{"Resuscitation":281,"IntensiveCare":476,"Total":757},"Deaths":571,"Recovered":3594,"Severe":206,"Critical":9,"Emergencies":{"Suspected":18,"Total":1507,"Severe":8,"Suspected/Accumulated":3745,"Total/Accumulated":196157,"Severe/Accumulated":1800},"MedicalActs":{"Suspected":8,"Total":173,"Suspected/Accumulated":1541,"Total/Accumulated":32796},"PCRTests":{"Total":699,"Confirmed":52,"Total/Accumulated":242255,"Confirmed/Accumulated":4934},"Confirmed":827,"MedicalTests":{"Total/Accumulated":53325,"Confirmed/Accumulated":3187}},"geometry":{"type":"Point","coordinates":[5.098567400881058,43.49901925110133]}},{"type":"Feature","properties":{"Country/Region":"France","Province/State":"Calvados","Code":"14","Population":{"Total":691453,"Under19":160392,"Under39":155359,"Under59":174249,"Under74":130972,"Over75":70481},"Beds":{"Resuscitation":91,"IntensiveCare":128,"Total":219},"Deaths":85,"Recovered":338,"Severe":12,"Critical":1,"Emergencies":{"Total":444,"Suspected/Accumulated":1528,"Total/Accumulated":61003,"Severe/Accumulated":521},"MedicalActs":{"Suspected":3,"Total":300,"Suspected/Accumulated":2256,"Total/Accumulated":39082},"PCRTests":{"Total":295,"Confirmed":2,"Total/Accumulated":59183,"Confirmed/Accumulated":271},"Confirmed":147,"MedicalTests":{"Total/Accumulated":1704,"Confirmed/Accumulated":157}},"geometry":{"type":"Point","coordinates":[-0.4028230593607306,49.05443785388125]}},{"type":"Feature","properties":{"Country/Region":"France","Province/State":"Cantal","Code":"15","Population":{"Total":142811,"Under19":26571,"Under39":24954,"Under59":38397,"Under74":32697,"Over75":20192},"Beds":{"Resuscitation":8,"IntensiveCare":30,"Total":38},"Deaths":9,"Recovered":53,"Severe":2,"Emergencies":{"Total":95,"Suspected/Accumulated":204,"Total/Accumulated":12036,"Severe/Accumulated":109},"PCRTests":{"Total":9,"Total/Accumulated":6704,"Confirmed/Accumulated":23},"Confirmed":33,"MedicalTests":{"Total/Accumulated":648,"Confirmed/Accumulated":44}},"geometry":{"type":"Point","coordinates":[2.7066918215613374,45.02447219330856]}},{"type":"Feature","properties":{"Country/Region":"France","Province/State":"Charente","Code":"16","Population":{"Total":348180,"Under19":71324,"Under39":69355,"Under59":91186,"Under74":72860,"Over75":43455},"Beds":{"Resuscitation":12,"IntensiveCare":36,"Total":48},"Deaths":13,"Recovered":61,"Severe":1,"Emergencies":{"Total":280,"Suspected/Accumulated":651,"Total/Accumulated":35068,"Severe/Accumulated":219},"PCRTests":{"Total":30,"Confirmed":2,"Total/Accumulated":9549,"Confirmed/Accumulated":80},"Confirmed":10,"MedicalTests":{"Total/Accumulated":899,"Confirmed/Accumulated":21}},"geometry":{"type":"Point","coordinates":[0.2054574390243902,45.733938821138196]}},{"type":"Feature","properties":{"Country/Region":"France","Province/State":"Charente-Maritime","Code":"17","Population":{"Total":647080,"Under19":130618,"Under39":119836,"Under59":164314,"Under74":146996,"Over75":85316},"Beds":{"Resuscitation":30,"IntensiveCare":72,"Total":102},"Deaths":51,"Recovered":149,"Severe":7,"Critical":1,"Emergencies":{"Suspected":1,"Total":584,"Suspected/Accumulated":1212,"Total/Accumulated":69450,"Severe/Accumulated":433},"MedicalActs":{"Suspected":2,"Total":81,"Suspected/Accumulated":306,"Total/Accumulated":7336},"PCRTests":{"Total":103,"Confirmed":2,"Total/Accumulated":17748,"Confirmed/Accumulated":95},"Confirmed":49,"MedicalTests":{"Total/Accumulated":8110,"Confirmed/Accumulated":167}},"geometry":{"type":"Point","coordinates":[-0.734802142857143,45.8164405357143]}},{"type":"Feature","properties":{"Country/Region":"France","Province/State":"Cher","Code":"18","Population":{"Total":296404,"Under19":61933,"Under39":57193,"Under59":76912,"Under74":62985,"Over75":37381},"Beds":{"Resuscitation":12,"IntensiveCare":32,"Total":44},"Deaths":85,"Recovered":204,"Severe":2,"Emergencies":{"Total":126,"Suspected/Accumulated":1638,"Total/Accumulated":20240,"Severe/Accumulated":26},"MedicalActs":{"Suspected":2,"Total":102,"Suspected/Accumulated":644,"Total/Accumulated":21908},"PCRTests":{"Total":29,"Confirmed":1,"Total/Accumulated":12878,"Confirmed/Accumulated":84},"Confirmed":25,"MedicalTests":{"Total/Accumulated":3157,"Confirmed/Accumulated":334}},"geometry":{"type":"Point","coordinates":[2.420866293436294,47.03802115830117]}},{"type":"Feature","properties":{"Country/Region":"France","Province/State":"Corrèze","Code":"19","Population":{"Total":240336,"Under19":48146,"Under39":45056,"Under59":62186,"Under74":52206,"Over75":32742},"Beds":{"Resuscitation":15,"IntensiveCare":42,"Total":57},"Deaths":37,"Recovered":161,"Severe":2,"Emergencies":{"Suspected":1,"Total":216,"Suspected/Accumulated":570,"Total/Accumulated":25945,"Severe/Accumulated":452},"PCRTests":{"Total":20,"Total/Accumulated":13441,"Confirmed/Accumulated":77},"Confirmed":23,"MedicalTests":{"Total/Accumulated":315,"Confirmed/Accumulated":17}},"geometry":{"type":"Point","coordinates":[1.8952178059071727,45.37689915611812]}},{"type":"Feature","properties":{"Country/Region":"France","Province/State":"Côte-d'Or","Code":"21","Population":{"Total":532886,"Under19":121633,"Under39":128314,"Under59":134514,"Under74":95451,"Over75":52974},"Beds":{"Resuscitation":57,"IntensiveCare":190,"Total":247},"Deaths":251,"Recovered":956,"Severe":2,"Emergencies":{"Suspected":1,"Total":270,"Suspected/Accumulated":1790,"Total/Accumulated":40816,"Severe/Accumulated":682},"MedicalActs":{"Suspected":2,"Total":87,"Suspected/Accumulated":943,"Total/Accumulated":12652},"PCRTests":{"Total":172,"Confirmed":4,"Total/Accumulated":31501,"Confirmed/Accumulated":307},"Confirmed":1,"MedicalTests":{"Total/Accumulated":1228,"Confirmed/Accumulated":98}},"geometry":{"type":"Point","coordinates":[4.781845107913668,47.44940406474819]}},{"type":"Feature","properties":{"Country/Region":"France","Province/State":"Côtes-d'Armor","Code":"22","Population":{"Total":596186,"Under19":131217,"Under39":108675,"Under59":153257,"Under74":128481,"Over75":74556},"Beds":{"Resuscitation":14,"IntensiveCare":32,"Total":46},"Deaths":39,"Recovered":229,"Severe":6,"Emergencies":{"Suspected":3,"Total":379,"Severe":2,"Suspected/Accumulated":938,"Total/Accumulated":43769,"Severe/Accumulated":729},"PCRTests":{"Total":209,"Total/Accumulated":40455,"Confirmed/Accumulated":416},"Confirmed":107,"MedicalTests":{"Total/Accumulated":177,"Confirmed/Accumulated":3}},"geometry":{"type":"Point","coordinates":[-2.8283123411371243,48.47540434782613]}},{"type":"Feature","properties":{"Country/Region":"France","Province/State":"Creuse","Code":"23","Population":{"Total":116270,"Under19":20766,"Under39":19388,"Under59":30402,"Under74":28640,"Over75":17074},"Beds":{"Resuscitation":8,"IntensiveCare":16,"Total":24},"Deaths":14,"Recovered":83,"Severe":2,"Critical":2,"Emergencies":{"Total":87,"Suspected/Accumulated":388,"Total/Accumulated":10460,"Severe/Accumulated":82},"PCRTests":{"Total":4,"Total/Accumulated":7432,"Confirmed/Accumulated":67},"Confirmed":12,"MedicalTests":{"Total/Accumulated":1152,"Confirmed/Accumulated":11}},"geometry":{"type":"Point","coordinates":[1.9795267256637192,46.07153353982301]}},{"type":"Feature","properties":{"Country/Region":"France","Province/State":"Dordogne","Code":"24","Population":{"Total":408393,"Under19":76430,"Under39":70201,"Under59":107402,"Under74":96538,"Over75":57822},"Beds":{"Resuscitation":19,"IntensiveCare":36,"Total":55},"Deaths":14,"Recovered":98,"Severe":1,"Emergencies":{"Total":216,"Suspected/Accumulated":892,"Total/Accumulated":29339,"Severe/Accumulated":455},"PCRTests":{"Total":41,"Total/Accumulated":17640,"Confirmed/Accumulated":67},"Confirmed":13,"MedicalTests":{"Total/Accumulated":586,"Confirmed/Accumulated":26}},"geometry":{"type":"Point","coordinates":[0.7502005172413793,45.100126827586195]}},{"type":"Feature","properties":{"Country/Region":"France","Province/State":"Doubs","Code":"25","Population":{"Total":539449,"Under19":132582,"Under39":130504,"Under59":135120,"Under74":90502,"Over75":50741},"Beds":{"Resuscitation":40,"IntensiveCare":262,"Total":302},"Deaths":151,"Recovered":641,"Severe":2,"Emergencies":{"Total":265,"Suspected/Accumulated":1538,"Total/Accumulated":33539,"Severe/Accumulated":595},"MedicalActs":{"Suspected":6,"Total":114,"Suspected/Accumulated":607,"Total/Accumulated":16033},"PCRTests":{"Total":188,"Confirmed":3,"Total/Accumulated":33879,"Confirmed/Accumulated":373},"MedicalTests":{"Total/Accumulated":2111,"Confirmed/Accumulated":213}},"geometry":{"type":"Point","coordinates":[6.359828136363636,47.17302813636364]}},{"type":"Feature","properties":{"Country/Region":"France","Province/State":"Drôme","Code":"26","Population":{"Total":520560,"Under19":125073,"Under39":110455,"Under59":134338,"Under74":95865,"Over75":54829},"Beds":{"Resuscitation":24,"IntensiveCare":68,"Total":92},"Deaths":129,"Recovered":540,"Severe":6,"Critical":2,"Emergencies":{"Suspected":2,"Total":280,"Severe":1,"Suspected/Accumulated":1420,"Total/Accumulated":45029,"Severe/Accumulated":557},"PCRTests":{"Total":59,"Confirmed":6,"Total/Accumulated":23362,"Confirmed/Accumulated":305},"Confirmed":119,"MedicalTests":{"Total/Accumulated":2066,"Confirmed/Accumulated":135}},"geometry":{"type":"Point","coordinates":[5.213618019801983,44.63170462046205]}},{"type":"Feature","properties":{"Country/Region":"France","Province/State":"Eure","Code":"27","Population":{"Total":600687,"Under19":151745,"Under39":128858,"Under59":160781,"Under74":106586,"Over75":52717},"Beds":{"Resuscitation":12,"IntensiveCare":44,"Total":56},"Deaths":85,"Recovered":271,"Severe":15,"Emergencies":{"Suspected":1,"Total":153,"Suspected/Accumulated":512,"Total/Accumulated":27059,"Severe/Accumulated":99},"PCRTests":{"Total":152,"Confirmed":3,"Total/Accumulated":25195,"Confirmed/Accumulated":248},"Confirmed":71,"MedicalTests":{"Total/Accumulated":5764,"Confirmed/Accumulated":580}},"geometry":{"type":"Point","coordinates":[0.9927279220779222,49.13064012987015]}},{"type":"Feature","properties":{"Country/Region":"France","Province/State":"Eure-et-Loir","Code":"28","Population":{"Total":429425,"Under19":106266,"Under39":90617,"Under59":113525,"Under74":76422,"Over75":42595},"Beds":{"Resuscitation":20,"IntensiveCare":44,"Total":64},"Deaths":145,"Recovered":599,"Severe":9,"Critical":1,"Emergencies":{"Total":278,"Suspected/Accumulated":693,"Total/Accumulated":46045,"Severe/Accumulated":216},"PCRTests":{"Total":119,"Confirmed":7,"Total/Accumulated":21263,"Confirmed/Accumulated":345},"Confirmed":104,"MedicalTests":{"Total/Accumulated":4351,"Confirmed/Accumulated":653}},"geometry":{"type":"Point","coordinates":[1.3718229302325597,48.39856558139533]}},{"type":"Feature","properties":{"Country/Region":"France","Province/State":"Finistère","Code":"29","Population":{"Total":906554,"Under19":201332,"Under39":189857,"Under59":237308,"Under74":178715,"Over75":99342},"Beds":{"Resuscitation":66,"IntensiveCare":142,"Total":208},"Deaths":44,"Recovered":194,"Severe":6,"Emergencies":{"Suspected":1,"Total":655,"Severe":1,"Suspected/Accumulated":473,"Total/Accumulated":93099,"Severe/Accumulated":145},"MedicalActs":{"Suspected":3,"Total":154,"Suspected/Accumulated":615,"Total/Accumulated":20017},"PCRTests":{"Total":136,"Total/Accumulated":51764,"Confirmed/Accumulated":517},"Confirmed":230,"MedicalTests":{"Total/Accumulated":44,"Confirmed/Accumulated":9}},"geometry":{"type":"Point","coordinates":[-4.16814140056023,48.26300924369748]}},{"type":"Feature","properties":{"Country/Region":"France","Province/State":"Gard","Code":"30","Population":{"Total":748468,"Under19":170615,"Under39":154480,"Under59":195429,"Under74":147114,"Over75":80830},"Beds":{"Resuscitation":49,"IntensiveCare":108,"Total":157},"Deaths":97,"Recovered":372,"Severe":10,"Critical":3,"Emergencies":{"Total":413,"Suspected/Accumulated":778,"Total/Accumulated":70328,"Severe/Accumulated":242},"MedicalActs":{"Suspected":5,"Total":111,"Suspected/Accumulated":685,"Total/Accumulated":11729},"PCRTests":{"Total":199,"Confirmed":15,"Total/Accumulated":50471,"Confirmed/Accumulated":972},"Confirmed":44,"MedicalTests":{"Total/Accumulated":11845,"Confirmed/Accumulated":327}},"geometry":{"type":"Point","coordinates":[4.0572744791666695,44.00851614583332]}},{"type":"Feature","properties":{"Country/Region":"France","Province/State":"Haute-Garonne","Code":"31","Population":{"Total":1400935,"Under19":335750,"Under39":398589,"Under59":358515,"Under74":197921,"Over75":110160},"Beds":{"Resuscitation":161,"IntensiveCare":430,"Total":591},"Deaths":74,"Recovered":691,"Severe":25,"Critical":2,"Emergencies":{"Suspected":7,"Total":798,"Severe":4,"Suspected/Accumulated":3023,"Total/Accumulated":109038,"Severe/Accumulated":1696},"MedicalActs":{"Suspected":10,"Total":178,"Suspected/Accumulated":1458,"Total/Accumulated":21200},"PCRTests":{"Total":704,"Confirmed":19,"Total/Accumulated":100189,"Confirmed/Accumulated":1769},"Confirmed":72,"MedicalTests":{"Total/Accumulated":11810,"Confirmed/Accumulated":341}},"geometry":{"type":"Point","coordinates":[1.1686918356164382,43.33252969863011]}},{"type":"Feature","properties":{"Country/Region":"France","Province/State":"Gers","Code":"32","Population":{"Total":190040,"Under19":37581,"Under39":32714,"Under59":51231,"Under74":41871,"Over75":26643},"Beds":{"Resuscitation":8,"IntensiveCare":8,"Total":16},"Deaths":23,"Recovered":88,"Severe":2,"Emergencies":{"Total":92,"Suspected/Accumulated":497,"Total/Accumulated":11695,"Severe/Accumulated":344},"PCRTests":{"Total":9,"Total/Accumulated":10168,"Confirmed/Accumulated":120},"Confirmed":14,"MedicalTests":{"Total/Accumulated":2554,"Confirmed/Accumulated":185}},"geometry":{"type":"Point","coordinates":[0.447782880658436,43.70601049382714]}},{"type":"Feature","properties":{"Country/Region":"France","Province/State":"Gironde","Code":"33","Population":{"Total":1633440,"Under19":380317,"Under39":415128,"Under59":425319,"Under74":267580,"Over75":145096},"Beds":{"Resuscitation":183,"IntensiveCare":262,"Total":445},"Deaths":162,"Recovered":992,"Severe":39,"Critical":5,"Emergencies":{"Suspected":17,"Total":977,"Severe":2,"Suspected/Accumulated":3483,"Total/Accumulated":131168,"Severe/Accumulated":1429},"MedicalActs":{"Suspected":20,"Total":777,"Suspected/Accumulated":5610,"Total/Accumulated":109543},"PCRTests":{"Total":751,"Confirmed":31,"Total/Accumulated":106642,"Confirmed/Accumulated":969},"Confirmed":106,"MedicalTests":{"Total/Accumulated":8091,"Confirmed/Accumulated":348}},"geometry":{"type":"Point","coordinates":[-0.41644369747899174,44.756299705882356]}},{"type":"Feature","properties":{"Country/Region":"France","Province/State":"Hérault","Code":"34","Population":{"Total":1176145,"Under19":268258,"Under39":286299,"Under59":292794,"Under74":208723,"Over75":120071},"Beds":{"Resuscitation":124,"IntensiveCare":342,"Total":466},"Deaths":123,"Recovered":737,"Severe":10,"Critical":1,"Emergencies":{"Suspected":6,"Total":1019,"Severe":1,"Suspected/Accumulated":1660,"Total/Accumulated":124672,"Severe/Accumulated":625},"MedicalActs":{"Suspected":4,"Total":108,"Suspected/Accumulated":666,"Total/Accumulated":15195},"PCRTests":{"Total":253,"Confirmed":3,"Total/Accumulated":101340,"Confirmed/Accumulated":1079},"Confirmed":171,"MedicalTests":{"Total/Accumulated":38656,"Confirmed/Accumulated":1264}},"geometry":{"type":"Point","coordinates":[3.2725271495327104,43.601788971962634]}},{"type":"Feature","properties":{"Country/Region":"France","Province/State":"Ille-et-Vilaine","Code":"35","Population":{"Total":1082073,"Under19":274429,"Under39":270693,"Under59":278610,"Under74":165623,"Over75":92718},"Beds":{"Resuscitation":60,"IntensiveCare":224,"Total":284},"Deaths":89,"Recovered":499,"Severe":34,"Critical":3,"Emergencies":{"Suspected":1,"Total":501,"Suspected/Accumulated":1838,"Total/Accumulated":84127,"Severe/Accumulated":1009},"MedicalActs":{"Suspected":6,"Total":238,"Suspected/Accumulated":1220,"Total/Accumulated":25134},"PCRTests":{"Total":410,"Confirmed":14,"Total/Accumulated":62248,"Confirmed/Accumulated":914},"Confirmed":208,"MedicalTests":{"Total/Accumulated":429,"Confirmed/Accumulated":10}},"geometry":{"type":"Point","coordinates":[-1.7401927338129495,48.18315345323742]}},{"type":"Feature","properties":{"Country/Region":"France","Province/State":"Indre","Code":"36","Population":{"Total":217139,"Under19":42951,"Under39":38506,"Under59":56292,"Under74":48986,"Over75":30404},"Beds":{"Resuscitation":10,"IntensiveCare":18,"Total":28},"Deaths":82,"Recovered":193,"Severe":7,"Emergencies":{"Suspected":1,"Total":77,"Severe":1,"Suspected/Accumulated":93,"Total/Accumulated":14647,"Severe/Accumulated":46},"PCRTests":{"Total":9,"Total/Accumulated":6337,"Confirmed/Accumulated":62},"Confirmed":80,"MedicalTests":{"Total/Accumulated":3671,"Confirmed/Accumulated":373}},"geometry":{"type":"Point","coordinates":[1.576445147679325,46.764304345991526]}},{"type":"Feature","properties":{"Country/Region":"France","Province/State":"Indre-et-Loire","Code":"37","Population":{"Total":605380,"Under19":142122,"Under39":136574,"Under59":153731,"Under74":108623,"Over75":64330},"Beds":{"Resuscitation":79,"IntensiveCare":116,"Total":195},"Deaths":90,"Recovered":375,"Severe":9,"Critical":1,"Emergencies":{"Total":318,"Suspected/Accumulated":1079,"Total/Accumulated":47074,"Severe/Accumulated":380},"MedicalActs":{"Suspected":6,"Total":159,"Suspected/Accumulated":758,"Total/Accumulated":22746},"PCRTests":{"Total":153,"Confirmed":5,"Total/Accumulated":34114,"Confirmed/Accumulated":400},"Confirmed":123,"MedicalTests":{"Total/Accumulated":4143,"Confirmed/Accumulated":118}},"geometry":{"type":"Point","coordinates":[0.6915947413793099,47.23521443965518]}},{"type":"Feature","properties":{"Country/Region":"France","Province/State":"Isère","Code":"38","Population":{"Total":1264979,"Under19":319977,"Under39":298730,"Under59":332378,"Under74":201842,"Over75":112052},"Beds":{"Resuscitation":74,"IntensiveCare":178,"Total":252},"Deaths":153,"Recovered":723,"Severe":21,"Critical":2,"Emergencies":{"Suspected":1,"Total":666,"Severe":1,"Suspected/Accumulated":1842,"Total/Accumulated":111530,"Severe/Accumulated":656},"MedicalActs":{"Suspected":11,"Total":164,"Suspected/Accumulated":1743,"Total/Accumulated":27818},"PCRTests":{"Total":158,"Confirmed":7,"Total/Accumulated":67589,"Confirmed/Accumulated":663},"Confirmed":190,"MedicalTests":{"Total/Accumulated":1901,"Confirmed/Accumulated":138}},"geometry":{"type":"Point","coordinates":[5.557470704225359,45.27668616197182]}},{"type":"Feature","properties":{"Country/Region":"France","Province/State":"Jura","Code":"39","Population":{"Total":257849,"Under19":57639,"Under39":51064,"Under59":68521,"Under74":50575,"Over75":30050},"Beds":{"Resuscitation":8,"IntensiveCare":18,"Total":26},"Deaths":61,"Recovered":328,"Emergencies":{"Suspected":2,"Total":204,"Suspected/Accumulated":784,"Total/Accumulated":28902,"Severe/Accumulated":320},"PCRTests":{"Total":42,"Confirmed":2,"Total/Accumulated":15938,"Confirmed/Accumulated":130},"MedicalTests":{"Total/Accumulated":1465,"Confirmed/Accumulated":150}},"geometry":{"type":"Point","coordinates":[5.6395758823529425,46.756161447963784]}},{"type":"Feature","properties":{"Country/Region":"France","Province/State":"Landes","Code":"40","Population":{"Total":411979,"Under19":85144,"Under39":78495,"Under59":112191,"Under74":86896,"Over75":49253},"Beds":{"Resuscitation":14,"IntensiveCare":32,"Total":46},"Deaths":13,"Recovered":76,"Severe":2,"Emergencies":{"Total":247,"Suspected/Accumulated":595,"Total/Accumulated":29504,"Severe/Accumulated":354},"PCRTests":{"Total":45,"Confirmed":1,"Total/Accumulated":22266,"Confirmed/Accumulated":112},"Confirmed":20,"MedicalTests":{"Total/Accumulated":870,"Confirmed/Accumulated":24}},"geometry":{"type":"Point","coordinates":[-0.5772234449760769,43.8801859808612]}},{"type":"Feature","properties":{"Country/Region":"France","Province/State":"Loir-et-Cher","Code":"41","Population":{"Total":327835,"Under19":72953,"Under39":62903,"Under59":86073,"Under74":65923,"Over75":39983},"Beds":{"Resuscitation":12,"IntensiveCare":16,"Total":28},"Deaths":64,"Recovered":330,"Severe":9,"Emergencies":{"Suspected":1,"Total":234,"Suspected/Accumulated":815,"Total/Accumulated":33029,"Severe/Accumulated":92},"PCRTests":{"Total":32,"Confirmed":1,"Total/Accumulated":11528,"Confirmed/Accumulated":145},"Confirmed":55,"MedicalTests":{"Total/Accumulated":1428,"Confirmed/Accumulated":55}},"geometry":{"type":"Point","coordinates":[1.3938662132352944,47.653275698529406]}},{"type":"Feature","properties":{"Country/Region":"France","Province/State":"Loire","Code":"42","Population":{"Total":764737,"Under19":186049,"Under39":167975,"Under59":190702,"Under74":136240,"Over75":83771},"Beds":{"Resuscitation":70,"IntensiveCare":120,"Total":190},"Deaths":248,"Recovered":985,"Severe":74,"Critical":3,"Emergencies":{"Suspected":2,"Total":669,"Severe":1,"Suspected/Accumulated":1882,"Total/Accumulated":94298,"Severe/Accumulated":1021},"MedicalActs":{"Suspected":3,"Total":136,"Suspected/Accumulated":666,"Total/Accumulated":16898},"PCRTests":{"Total":175,"Confirmed":6,"Total/Accumulated":49609,"Confirmed/Accumulated":561},"Confirmed":363,"MedicalTests":{"Total/Accumulated":719,"Confirmed/Accumulated":46}},"geometry":{"type":"Point","coordinates":[4.189998267716536,45.74292366141733]}},{"type":"Feature","properties":{"Country/Region":"France","Province/State":"Haute-Loire","Code":"43","Population":{"Total":226901,"Under19":49659,"Under39":43248,"Under59":60903,"Under74":46857,"Over75":26234},"Beds":{"Resuscitation":8,"IntensiveCare":20,"Total":28},"Deaths":18,"Recovered":107,"Severe":1,"Emergencies":{"Total":45,"Suspected/Accumulated":17,"Total/Accumulated":4243,"Severe/Accumulated":8},"PCRTests":{"Total":20,"Total/Accumulated":9515,"Confirmed/Accumulated":58},"Confirmed":23,"MedicalTests":{"Total/Accumulated":1400,"Confirmed/Accumulated":50}},"geometry":{"type":"Point","coordinates":[3.7869054017857136,45.15054486607143]}},{"type":"Feature","properties":{"Country/Region":"France","Province/State":"Loire-Atlantique","Code":"44","Population":{"Total":1437137,"Under19":363681,"Under39":357664,"Under59":368059,"Under74":227458,"Over75":120275},"Beds":{"Resuscitation":77,"IntensiveCare":262,"Total":339},"Deaths":166,"Recovered":756,"Severe":20,"Critical":4,"Emergencies":{"Suspected":3,"Total":505,"Severe":1,"Suspected/Accumulated":2713,"Total/Accumulated":75593,"Severe/Accumulated":1521},"MedicalActs":{"Suspected":18,"Total":568,"Suspected/Accumulated":4336,"Total/Accumulated":77290},"PCRTests":{"Total":452,"Confirmed":9,"Total/Accumulated":88056,"Confirmed/Accumulated":1211},"Confirmed":633,"MedicalTests":{"Total/Accumulated":844,"Confirmed/Accumulated":39}},"geometry":{"type":"Point","coordinates":[-1.6902253409090902,47.33230598484852]}},{"type":"Feature","properties":{"Country/Region":"France","Province/State":"Loiret","Code":"45","Population":{"Total":682890,"Under19":172345,"Under39":155348,"Under59":174617,"Under74":115984,"Over75":64596},"Beds":{"Resuscitation":47,"IntensiveCare":120,"Total":167},"Deaths":103,"Recovered":649,"Severe":25,"Critical":6,"Emergencies":{"Suspected":1,"Total":329,"Severe":1,"Suspected/Accumulated":1275,"Total/Accumulated":54449,"Severe/Accumulated":659},"MedicalActs":{"Total":81,"Suspected/Accumulated":391,"Total/Accumulated":7597},"PCRTests":{"Total":192,"Confirmed":12,"Total/Accumulated":50765,"Confirmed/Accumulated":1019},"Confirmed":258,"MedicalTests":{"Total/Accumulated":3447,"Confirmed/Accumulated":325}},"geometry":{"type":"Point","coordinates":[2.383405222672066,47.91302979757084]}},{"type":"Feature","properties":{"Country/Region":"France","Province/State":"Lot","Code":"46","Population":{"Total":173166,"Under19":31861,"Under39":29365,"Under59":44533,"Under74":41623,"Over75":25784},"Beds":{"Resuscitation":8,"IntensiveCare":8,"Total":16},"Deaths":22,"Recovered":132,"Emergencies":{"Suspected":1,"Total":192,"Suspected/Accumulated":332,"Total/Accumulated":18794,"Severe/Accumulated":83},"PCRTests":{"Total":14,"Total/Accumulated":6374,"Confirmed/Accumulated":37},"Confirmed":4,"MedicalTests":{"Total/Accumulated":612,"Confirmed/Accumulated":19}},"geometry":{"type":"Point","coordinates":[1.5901290212765966,44.59231876595746]}},{"type":"Feature","properties":{"Country/Region":"France","Province/State":"Lot-et-Garonne","Code":"47","Population":{"Total":330336,"Under19":69990,"Under39":64149,"Under59":84272,"Under74":68912,"Over75":43013},"Beds":{"Resuscitation":11,"IntensiveCare":36,"Total":47},"Deaths":11,"Recovered":81,"Severe":3,"Emergencies":{"Suspected":2,"Total":272,"Severe":1,"Suspected/Accumulated":919,"Total/Accumulated":34345,"Severe/Accumulated":266},"PCRTests":{"Total":27,"Confirmed":1,"Total/Accumulated":13170,"Confirmed/Accumulated":87},"Confirmed":65,"MedicalTests":{"Total/Accumulated":1173,"Confirmed/Accumulated":16}},"geometry":{"type":"Point","coordinates":[0.4871552444444442,44.39576413333333]}},{"type":"Feature","properties":{"Country/Region":"France","Province/State":"Lozère","Code":"48","Population":{"Total":76286,"Under19":15582,"Under39":14895,"Under59":20255,"Under74":15962,"Over75":9592},"Beds":{"Resuscitation":3,"IntensiveCare":0,"Total":3},"Deaths":1,"Recovered":24,"Emergencies":{"Total":59,"Suspected/Accumulated":48,"Total/Accumulated":4718,"Severe/Accumulated":11},"PCRTests":{"Total":5,"Confirmed":1,"Total/Accumulated":3769,"Confirmed/Accumulated":11},"Confirmed":8,"MedicalTests":{"Total/Accumulated":657,"Confirmed/Accumulated":4}},"geometry":{"type":"Point","coordinates":[3.494722131979694,44.51333609137059]}},{"type":"Feature","properties":{"Country/Region":"France","Province/State":"Maine-et-Loire","Code":"49","Population":{"Total":815881,"Under19":204162,"Under39":184600,"Under59":204421,"Under74":138603,"Over75":84095},"Beds":{"Resuscitation":61,"IntensiveCare":196,"Total":257},"Deaths":142,"Recovered":662,"Severe":24,"Critical":4,"Emergencies":{"Total":355,"Suspected/Accumulated":1676,"Total/Accumulated":53882,"Severe/Accumulated":752},"PCRTests":{"Total":101,"Confirmed":2,"Total/Accumulated":44104,"Confirmed/Accumulated":717},"Confirmed":222,"MedicalTests":{"Total/Accumulated":145,"Confirmed/Accumulated":13}},"geometry":{"type":"Point","coordinates":[-0.6000336862745095,47.406434431372546]}},{"type":"Feature","properties":{"Country/Region":"France","Province/State":"Manche","Code":"50","Population":{"Total":490669,"Under19":105402,"Under39":96439,"Under59":126734,"Under74":101121,"Over75":60973},"Beds":{"Resuscitation":28,"IntensiveCare":52,"Total":80},"Deaths":50,"Recovered":167,"Severe":10,"Emergencies":{"Suspected":2,"Total":406,"Severe":2,"Suspected/Accumulated":733,"Total/Accumulated":53147,"Severe/Accumulated":622},"MedicalActs":{"Suspected":4,"Total":107,"Suspected/Accumulated":945,"Total/Accumulated":16017},"PCRTests":{"Total":80,"Total/Accumulated":24518,"Confirmed/Accumulated":86},"Confirmed":107,"MedicalTests":{"Total/Accumulated":1735,"Confirmed/Accumulated":120}},"geometry":{"type":"Point","coordinates":[-1.3097769083969464,49.05127938931302]}},{"type":"Feature","properties":{"Country/Region":"France","Province/State":"Marne","Code":"51","Population":{"Total":563823,"Under19":136695,"Under39":137533,"Under59":142415,"Under74":97015,"Over75":50165},"Beds":{"Resuscitation":54,"IntensiveCare":78,"Total":132},"Deaths":269,"Recovered":1037,"Severe":47,"Critical":7,"Emergencies":{"Suspected":2,"Total":310,"Severe":1,"Suspected/Accumulated":881,"Total/Accumulated":43300,"Severe/Accumulated":415},"MedicalActs":{"Suspected":1,"Total":70,"Suspected/Accumulated":255,"Total/Accumulated":5410},"PCRTests":{"Total":99,"Confirmed":2,"Total/Accumulated":36239,"Confirmed/Accumulated":505},"Confirmed":37,"MedicalTests":{"Total/Accumulated":1760,"Confirmed/Accumulated":353}},"geometry":{"type":"Point","coordinates":[4.209888097014927,48.936171417910444]}},{"type":"Feature","properties":{"Country/Region":"France","Province/State":"Haute-Marne","Code":"52","Population":{"Total":169250,"Under19":34865,"Under39":34065,"Under59":44268,"Under74":35981,"Over75":20071},"Beds":{"Resuscitation":8,"IntensiveCare":12,"Total":20},"Deaths":90,"Recovered":260,"Severe":18,"Emergencies":{"Total":106,"Suspected/Accumulated":802,"Total/Accumulated":17115,"Severe/Accumulated":193},"PCRTests":{"Total":11,"Total/Accumulated":8663,"Confirmed/Accumulated":75},"Confirmed":7,"MedicalTests":{"Total/Accumulated":223,"Confirmed/Accumulated":37}},"geometry":{"type":"Point","coordinates":[5.203108577075099,48.126414822134386]}},{"type":"Feature","properties":{"Country/Region":"France","Province/State":"Mayenne","Code":"53","Population":{"Total":305365,"Under19":74868,"Under39":61839,"Under59":78619,"Under74":55705,"Over75":34334},"Beds":{"Resuscitation":8,"IntensiveCare":16,"Total":24},"Deaths":47,"Recovered":229,"Severe":19,"Critical":2,"Emergencies":{"Suspected":3,"Total":177,"Severe":1,"Suspected/Accumulated":864,"Total/Accumulated":21175,"Severe/Accumulated":280},"PCRTests":{"Total":146,"Confirmed":6,"Total/Accumulated":50192,"Confirmed/Accumulated":1344},"Confirmed":182,"MedicalTests":{"Total/Accumulated":521,"Confirmed/Accumulated":14}},"geometry":{"type":"Point","coordinates":[-0.6361607305936071,48.153668493150704]}},{"type":"Feature","properties":{"Country/Region":"France","Province/State":"Meurthe-et-Moselle","Code":"54","Population":{"Total":730398,"Under19":170693,"Under39":185629,"Under59":182526,"Under74":124808,"Over75":66742},"Beds":{"Resuscitation":83,"IntensiveCare":172,"Total":255},"Deaths":364,"Recovered":1259,"Severe":43,"Critical":1,"Emergencies":{"Suspected":1,"Total":459,"Severe":1,"Suspected/Accumulated":1473,"Total/Accumulated":56922,"Severe/Accumulated":706},"MedicalActs":{"Suspected":8,"Total":185,"Suspected/Accumulated":1468,"Total/Accumulated":20350},"PCRTests":{"Total":110,"Confirmed":2,"Total/Accumulated":78319,"Confirmed/Accumulated":1272},"Confirmed":85,"MedicalTests":{"Total/Accumulated":2356,"Confirmed/Accumulated":186}},"geometry":{"type":"Point","coordinates":[6.092894571428565,48.892416158730185]}},{"type":"Feature","properties":{"Country/Region":"France","Province/State":"Meuse","Code":"55","Population":{"Total":181641,"Under19":40375,"Under39":37641,"Under59":47696,"Under74":36898,"Over75":19031},"Beds":{"Resuscitation":8,"IntensiveCare":20,"Total":28},"Deaths":103,"Recovered":503,"Severe":2,"Emergencies":{"Total":116,"Suspected/Accumulated":431,"Total/Accumulated":14884,"Severe/Accumulated":205},"PCRTests":{"Total":33,"Total/Accumulated":14864,"Confirmed/Accumulated":250},"Confirmed":18,"MedicalTests":{"Total/Accumulated":808,"Confirmed/Accumulated":77}},"geometry":{"type":"Point","coordinates":[5.380316626506025,49.03635373493975]}},{"type":"Feature","properties":{"Country/Region":"France","Province/State":"Morbihan","Code":"56","Population":{"Total":755566,"Under19":166653,"Under39":145287,"Under59":197813,"Under74":159285,"Over75":86528},"Beds":{"Resuscitation":22,"IntensiveCare":64,"Total":86},"Deaths":96,"Recovered":438,"Severe":17,"Critical":1,"Emergencies":{"Suspected":11,"Total":447,"Severe":2,"Suspected/Accumulated":2984,"Total/Accumulated":58771,"Severe/Accumulated":477},"MedicalActs":{"Suspected":2,"Total":78,"Suspected/Accumulated":410,"Total/Accumulated":12701},"PCRTests":{"Total":156,"Confirmed":3,"Total/Accumulated":34877,"Confirmed/Accumulated":307},"Confirmed":313,"MedicalTests":{"Total/Accumulated":48,"Confirmed/Accumulated":3}},"geometry":{"type":"Point","coordinates":[-2.8780210594315263,47.764317932816574]}},{"type":"Feature","properties":{"Country/Region":"France","Province/State":"Moselle","Code":"57","Population":{"Total":1035866,"Under19":229681,"Under39":243525,"Under59":278966,"Under74":186864,"Over75":96830},"Beds":{"Resuscitation":88,"IntensiveCare":112,"Total":200},"Deaths":851,"Recovered":2560,"Severe":106,"Critical":3,"Emergencies":{"Suspected":2,"Total":787,"Severe":1,"Suspected/Accumulated":4905,"Total/Accumulated":98327,"Severe/Accumulated":2227},"PCRTests":{"Total":77,"Confirmed":2,"Total/Accumulated":72943,"Confirmed/Accumulated":1087},"Confirmed":295,"MedicalTests":{"Total/Accumulated":3848,"Confirmed/Accumulated":665}},"geometry":{"type":"Point","coordinates":[6.73973678343949,49.04168831210189]}},{"type":"Feature","properties":{"Country/Region":"France","Province/State":"Nièvre","Code":"58","Population":{"Total":199596,"Under19":38191,"Under39":34484,"Under59":50426,"Under74":47745,"Over75":28750},"Beds":{"Resuscitation":12,"IntensiveCare":32,"Total":44},"Deaths":28,"Recovered":99,"Emergencies":{"Total":162,"Suspected/Accumulated":987,"Total/Accumulated":26809,"Severe/Accumulated":377},"PCRTests":{"Total":34,"Confirmed":1,"Total/Accumulated":11605,"Confirmed/Accumulated":102},"Confirmed":2,"MedicalTests":{"Total/Accumulated":2556,"Confirmed/Accumulated":167}},"geometry":{"type":"Point","coordinates":[3.547376999999999,47.143300999999994]}},{"type":"Feature","properties":{"Country/Region":"France","Province/State":"Nord","Code":"59","Population":{"Total":2588988,"Under19":675470,"Under39":665053,"Under59":646791,"Under74":405380,"Over75":196294},"Beds":{"Resuscitation":225,"IntensiveCare":698,"Total":923},"Deaths":672,"Recovered":2637,"Severe":153,"Critical":19,"Emergencies":{"Suspected":3,"Total":1791,"Suspected/Accumulated":6847,"Total/Accumulated":255064,"Severe/Accumulated":2495},"MedicalActs":{"Suspected":10,"Total":512,"Suspected/Accumulated":2441,"Total/Accumulated":64340},"PCRTests":{"Total":610,"Confirmed":8,"Total/Accumulated":219410,"Confirmed/Accumulated":4753},"Confirmed":39,"MedicalTests":{"Total/Accumulated":5598,"Confirmed/Accumulated":535}},"geometry":{"type":"Point","coordinates":[3.1893953197674403,50.453616308139516]}},{"type":"Feature","properties":{"Country/Region":"France","Province/State":"Oise","Code":"60","Population":{"Total":825077,"Under19":214776,"Under39":193026,"Under59":221783,"Under74":134365,"Over75":61127},"Beds":{"Resuscitation":36,"IntensiveCare":92,"Total":128},"Deaths":419,"Recovered":1205,"Severe":140,"Critical":5,"Emergencies":{"Suspected":3,"Total":177,"Suspected/Accumulated":698,"Total/Accumulated":26605,"Severe/Accumulated":382},"PCRTests":{"Total":76,"Confirmed":2,"Total/Accumulated":38616,"Confirmed/Accumulated":604},"Confirmed":210,"MedicalTests":{"Total/Accumulated":10089,"Confirmed/Accumulated":1313}},"geometry":{"type":"Point","coordinates":[2.463008007117438,49.41459999999999]}},{"type":"Feature","properties":{"Country/Region":"France","Province/State":"Orne","Code":"61","Population":{"Total":276903,"Under19":59830,"Under39":51781,"Under59":70741,"Under74":58679,"Over75":35872},"Beds":{"Resuscitation":16,"IntensiveCare":24,"Total":40},"Deaths":42,"Recovered":248,"Severe":22,"Critical":2,"Emergencies":{"Total":190,"Suspected/Accumulated":337,"Total/Accumulated":28178,"Severe/Accumulated":45},"PCRTests":{"Total":121,"Confirmed":1,"Total/Accumulated":20227,"Confirmed/Accumulated":174},"Confirmed":28,"MedicalTests":{"Total/Accumulated":1414,"Confirmed/Accumulated":96}},"geometry":{"type":"Point","coordinates":[0.01997467181467186,48.611762664092666]}},{"type":"Feature","properties":{"Country/Region":"France","Province/State":"Pas-de-Calais","Code":"62","Population":{"Total":1452778,"Under19":367229,"Under39":336274,"Under59":374200,"Under74":255788,"Over75":119287},"Beds":{"Resuscitation":85,"IntensiveCare":274,"Total":359},"Deaths":322,"Recovered":1418,"Severe":95,"Critical":11,"Emergencies":{"Suspected":1,"Total":495,"Suspected/Accumulated":985,"Total/Accumulated":67747,"Severe/Accumulated":195},"PCRTests":{"Total":196,"Confirmed":2,"Total/Accumulated":79563,"Confirmed/Accumulated":968},"Confirmed":8,"MedicalTests":{"Total/Accumulated":6968,"Confirmed/Accumulated":567}},"geometry":{"type":"Point","coordinates":[2.4712310954063605,50.40984130742051]}},{"type":"Feature","properties":{"Country/Region":"France","Province/State":"Puy-de-Dôme","Code":"63","Population":{"Total":660240,"Under19":147680,"Under39":153022,"Under59":169492,"Under74":122442,"Over75":67604},"Beds":{"Resuscitation":77,"IntensiveCare":104,"Total":181},"Deaths":43,"Recovered":183,"Severe":18,"Critical":1,"Emergencies":{"Total":138,"Suspected/Accumulated":509,"Total/Accumulated":23727,"Severe/Accumulated":237},"MedicalActs":{"Suspected":1,"Total":100,"Suspected/Accumulated":491,"Total/Accumulated":13627},"PCRTests":{"Total":119,"Confirmed":5,"Total/Accumulated":38109,"Confirmed/Accumulated":188},"Confirmed":105,"MedicalTests":{"Total/Accumulated":8601,"Confirmed/Accumulated":234}},"geometry":{"type":"Point","coordinates":[3.143235039370079,45.73685830708661]}},{"type":"Feature","properties":{"Country/Region":"France","Province/State":"Pyrénées-Atlantiques","Code":"64","Population":{"Total":683169,"Under19":144945,"Under39":141910,"Under59":182850,"Under74":130868,"Over75":82596},"Beds":{"Resuscitation":35,"IntensiveCare":110,"Total":145},"Deaths":27,"Recovered":229,"Severe":4,"Emergencies":{"Suspected":2,"Total":628,"Severe":2,"Suspected/Accumulated":784,"Total/Accumulated":71148,"Severe/Accumulated":355},"MedicalActs":{"Suspected":39,"Total":467,"Suspected/Accumulated":2869,"Total/Accumulated":46098},"PCRTests":{"Total":55,"Confirmed":2,"Total/Accumulated":39952,"Confirmed/Accumulated":251},"Confirmed":41,"MedicalTests":{"Total/Accumulated":9041,"Confirmed/Accumulated":231}},"geometry":{"type":"Point","coordinates":[-0.7610906397306391,43.26238828282827]}},{"type":"Feature","properties":{"Country/Region":"France","Province/State":"Hautes-Pyrénées","Code":"65","Population":{"Total":226839,"Under19":44839,"Under39":42373,"Under59":59329,"Under74":49523,"Over75":30775},"Beds":{"Resuscitation":12,"IntensiveCare":44,"Total":56},"Deaths":27,"Recovered":158,"Severe":5,"Critical":2,"Emergencies":{"Total":136,"Suspected/Accumulated":42,"Total/Accumulated":16819,"Severe/Accumulated":19},"PCRTests":{"Total":40,"Confirmed":4,"Total/Accumulated":12275,"Confirmed/Accumulated":113},"Confirmed":11,"MedicalTests":{"Total/Accumulated":2990,"Confirmed/Accumulated":182}},"geometry":{"type":"Point","coordinates":[0.15248105932203385,43.134416483050856]}},{"type":"Feature","properties":{"Country/Region":"France","Province/State":"Pyrénées-Orientales","Code":"66","Population":{"Total":479000,"Under19":102236,"Under39":93899,"Under59":121501,"Under74":99671,"Over75":61693},"Beds":{"Resuscitation":32,"IntensiveCare":64,"Total":96},"Deaths":34,"Recovered":282,"Severe":3,"Emergencies":{"Suspected":1,"Total":449,"Severe":1,"Suspected/Accumulated":440,"Total/Accumulated":52965,"Severe/Accumulated":184},"MedicalActs":{"Suspected":10,"Total":174,"Suspected/Accumulated":732,"Total/Accumulated":17119},"PCRTests":{"Total":42,"Total/Accumulated":23332,"Confirmed/Accumulated":125},"Confirmed":35,"MedicalTests":{"Total/Accumulated":5770,"Confirmed/Accumulated":35}},"geometry":{"type":"Point","coordinates":[2.4354706043956034,42.554231208791215]}},{"type":"Feature","properties":{"Country/Region":"France","Province/State":"Bas-Rhin","Code":"67","Population":{"Total":1132607,"Under19":258105,"Under39":285390,"Under59":300661,"Under74":188150,"Over75":100301},"Beds":{"Resuscitation":122,"IntensiveCare":208,"Total":330},"Deaths":672,"Recovered":2684,"Severe":136,"Critical":3,"Emergencies":{"Suspected":1,"Total":495,"Severe":1,"Suspected/Accumulated":2565,"Total/Accumulated":64858,"Severe/Accumulated":1596},"MedicalActs":{"Suspected":9,"Total":371,"Suspected/Accumulated":3219,"Total/Accumulated":44846},"PCRTests":{"Total":258,"Confirmed":5,"Total/Accumulated":92703,"Confirmed/Accumulated":845},"Confirmed":376,"MedicalTests":{"Total/Accumulated":3888,"Confirmed/Accumulated":553}},"geometry":{"type":"Point","coordinates":[7.447409099526063,48.70509469194314]}},{"type":"Feature","properties":{"Country/Region":"France","Province/State":"Haut-Rhin","Code":"68","Population":{"Total":763204,"Under19":175817,"Under39":172286,"Under59":209152,"Under74":134185,"Over75":71764},"Beds":{"Resuscitation":70,"IntensiveCare":136,"Total":206},"Deaths":827,"Recovered":3027,"Severe":148,"Critical":4,"Emergencies":{"Suspected":5,"Total":444,"Severe":2,"Suspected/Accumulated":3184,"Total/Accumulated":60957,"Severe/Accumulated":2013},"MedicalActs":{"Suspected":7,"Total":127,"Suspected/Accumulated":2162,"Total/Accumulated":17878},"PCRTests":{"Total":142,"Confirmed":1,"Total/Accumulated":58914,"Confirmed/Accumulated":831},"Confirmed":700,"MedicalTests":{"Total/Accumulated":4045,"Confirmed/Accumulated":960}},"geometry":{"type":"Point","coordinates":[7.263731571428571,47.83921192857142]}},{"type":"Feature","properties":{"Country/Region":"France","Province/State":"Rhône","Code":"69","Population":{"Total":1876051,"Under19":478142,"Under39":523161,"Under59":455898,"Under74":259877,"Over75":158973},"Beds":{"Resuscitation":192,"IntensiveCare":422,"Total":614},"Deaths":666,"Recovered":3161,"Severe":78,"Critical":10,"Emergencies":{"Suspected":17,"Total":1109,"Severe":2,"Suspected/Accumulated":5596,"Total/Accumulated":162143,"Severe/Accumulated":2432},"MedicalActs":{"Suspected":14,"Total":258,"Suspected/Accumulated":4087,"Total/Accumulated":51020},"PCRTests":{"Total":507,"Confirmed":19,"Total/Accumulated":136280,"Confirmed/Accumulated":2141},"Confirmed":532,"MedicalTests":{"Total/Accumulated":2582,"Confirmed/Accumulated":345}},"geometry":{"type":"Point","coordinates":[4.660707512690354,45.8811785786802]}},{"type":"Feature","properties":{"Country/Region":"France","Province/State":"Haute-Saône","Code":"70","Population":{"Total":233194,"Under19":52426,"Under39":45311,"Under59":62843,"Under74":47643,"Over75":24971},"Beds":{"Resuscitation":12,"IntensiveCare":24,"Total":36},"Deaths":77,"Recovered":309,"Emergencies":{"Total":112,"Suspected/Accumulated":954,"Total/Accumulated":19066,"Severe/Accumulated":549},"PCRTests":{"Total":37,"Confirmed":3,"Total/Accumulated":14449,"Confirmed/Accumulated":104},"MedicalTests":{"Total/Accumulated":3094,"Confirmed/Accumulated":278}},"geometry":{"type":"Point","coordinates":[6.0410172972972935,47.62793234234234]}},{"type":"Feature","properties":{"Country/Region":"France","Province/State":"Saône-et-Loire","Code":"71","Population":{"Total":547824,"Under19":117389,"Under39":104206,"Under59":141715,"Under74":114530,"Over75":69984},"Beds":{"Resuscitation":26,"IntensiveCare":44,"Total":70},"Deaths":201,"Recovered":787,"Severe":6,"Critical":1,"Emergencies":{"Suspected":4,"Total":477,"Severe":3,"Suspected/Accumulated":3150,"Total/Accumulated":60027,"Severe/Accumulated":1404},"PCRTests":{"Total":71,"Confirmed":5,"Total/Accumulated":28570,"Confirmed/Accumulated":232},"MedicalTests":{"Total/Accumulated":3733,"Confirmed/Accumulated":254}},"geometry":{"type":"Point","coordinates":[4.528318691588785,46.63876112149533]}},{"type":"Feature","properties":{"Country/Region":"France","Province/State":"Sarthe","Code":"72","Population":{"Total":560227,"Under19":135636,"Under39":116946,"Under59":143032,"Under74":103587,"Over75":61026},"Beds":{"Resuscitation":17,"IntensiveCare":54,"Total":71},"Deaths":86,"Recovered":405,"Severe":34,"Critical":1,"Emergencies":{"Suspected":12,"Total":331,"Severe":7,"Suspected/Accumulated":2827,"Total/Accumulated":51798,"Severe/Accumulated":1697},"PCRTests":{"Total":1086,"Confirmed":46,"Total/Accumulated":31367,"Confirmed/Accumulated":883},"Confirmed":422,"MedicalTests":{"Total/Accumulated":84,"Confirmed/Accumulated":3}},"geometry":{"type":"Point","coordinates":[0.1986467741935485,47.9763005529954]}},{"type":"Feature","properties":{"Country/Region":"France","Province/State":"Savoie","Code":"73","Population":{"Total":432548,"Under19":98346,"Under39":96013,"Under59":117417,"Under74":76722,"Over75":44050},"Beds":{"Resuscitation":18,"IntensiveCare":36,"Total":54},"Deaths":75,"Recovered":426,"Severe":4,"Emergencies":{"Suspected":1,"Total":296,"Suspected/Accumulated":628,"Total/Accumulated":30604,"Severe/Accumulated":265},"MedicalActs":{"Suspected":4,"Total":105,"Suspected/Accumulated":911,"Total/Accumulated":13790},"PCRTests":{"Total":93,"Confirmed":1,"Total/Accumulated":23162,"Confirmed/Accumulated":213},"Confirmed":114,"MedicalTests":{"Total/Accumulated":373,"Confirmed/Accumulated":39}},"geometry":{"type":"Point","coordinates":[6.4038603585657325,45.50301760956176]}},{"type":"Feature","properties":{"Country/Region":"France","Province/State":"Haute-Savoie","Code":"74","Population":{"Total":828405,"Under19":203837,"Under39":209477,"Under59":227355,"Under74":122439,"Over75":65297},"Beds":{"Resuscitation":34,"IntensiveCare":82,"Total":116},"Deaths":169,"Recovered":913,"Severe":40,"Critical":1,"Emergencies":{"Suspected":5,"Total":721,"Severe":2,"Suspected/Accumulated":2770,"Total/Accumulated":99466,"Severe/Accumulated":832},"MedicalActs":{"Suspected":5,"Total":151,"Suspected/Accumulated":1321,"Total/Accumulated":20442},"PCRTests":{"Total":65,"Confirmed":2,"Total/Accumulated":49833,"Confirmed/Accumulated":866},"Confirmed":310,"MedicalTests":{"Total/Accumulated":3391,"Confirmed/Accumulated":605}},"geometry":{"type":"Point","coordinates":[6.452374226804124,46.01403216494844]}},{"type":"Feature","properties":{"Country/Region":"France","Province/State":"Paris","Code":"75","Population":{"Total":2148271,"Under19":406652,"Under39":718825,"Under59":536676,"Under74":311978,"Over75":174140},"Beds":{"Resuscitation":389,"IntensiveCare":1082,"Total":1471},"Deaths":1793,"Recovered":6516,"Severe":287,"Critical":37,"Emergencies":{"Suspected":10,"Total":1114,"Severe":1,"Suspected/Accumulated":17799,"Total/Accumulated":189012,"Severe/Accumulated":4033},"MedicalActs":{"Suspected":24,"Total":514,"Suspected/Accumulated":8051,"Total/Accumulated":103182},"PCRTests":{"Total":1835,"Confirmed":88,"Total/Accumulated":237125,"Confirmed/Accumulated":5847},"Confirmed":126,"MedicalTests":{"Total/Accumulated":17676,"Confirmed/Accumulated":4072}},"geometry":{"type":"Point","coordinates":[2.3550152173913044,48.8535647826087]}},{"type":"Feature","properties":{"Country/Region":"France","Province/State":"Seine-Maritime","Code":"76","Population":{"Total":1243788,"Under19":303968,"Under39":294607,"Under59":310458,"Under74":218116,"Over75":116639},"Beds":{"Resuscitation":93,"IntensiveCare":300,"Total":393},"Deaths":184,"Recovered":836,"Severe":27,"Critical":1,"Emergencies":{"Suspected":6,"Total":883,"Severe":3,"Suspected/Accumulated":2013,"Total/Accumulated":128687,"Severe/Accumulated":928},"MedicalActs":{"Suspected":6,"Total":92,"Suspected/Accumulated":925,"Total/Accumulated":12514},"PCRTests":{"Total":467,"Confirmed":27,"Total/Accumulated":79928,"Confirmed/Accumulated":942},"Confirmed":233,"MedicalTests":{"Total/Accumulated":6636,"Confirmed/Accumulated":432}},"geometry":{"type":"Point","coordinates":[1.114674462365592,49.5942889784946]}},{"type":"Feature","properties":{"Country/Region":"France","Province/State":"Seine-et-Marne","Code":"77","Population":{"Total":1423607,"Under19":392025,"Under39":357752,"Under59":382068,"Under74":199768,"Over75":91994},"Beds":{"Resuscitation":77,"IntensiveCare":100,"Total":177},"Deaths":708,"Recovered":2779,"Severe":187,"Critical":20,"Emergencies":{"Suspected":2,"Total":519,"Suspected/Accumulated":3372,"Total/Accumulated":77137,"Severe/Accumulated":1613},"MedicalActs":{"Suspected":14,"Total":277,"Suspected/Accumulated":1989,"Total/Accumulated":31146},"PCRTests":{"Total":331,"Confirmed":6,"Total/Accumulated":100923,"Confirmed/Accumulated":1795},"Confirmed":42,"MedicalTests":{"Total/Accumulated":9452,"Confirmed/Accumulated":1736}},"geometry":{"type":"Point","coordinates":[2.9385241532258073,48.61862185483869]}},{"type":"Feature","properties":{"Country/Region":"France","Province/State":"Yvelines","Code":"78","Population":{"Total":1448625,"Under19":385814,"Under39":341694,"Under59":394186,"Under74":209492,"Over75":117439},"Beds":{"Resuscitation":84,"IntensiveCare":204,"Total":288},"Deaths":534,"Recovered":2382,"Severe":275,"Critical":19,"Emergencies":{"Suspected":10,"Total":696,"Severe":1,"Suspected/Accumulated":3578,"Total/Accumulated":110043,"Severe/Accumulated":1223},"MedicalActs":{"Suspected":9,"Total":126,"Suspected/Accumulated":1934,"Total/Accumulated":20793},"PCRTests":{"Total":738,"Confirmed":32,"Total/Accumulated":98322,"Confirmed/Accumulated":2362},"Confirmed":70,"MedicalTests":{"Total/Accumulated":8274,"Confirmed/Accumulated":1214}},"geometry":{"type":"Point","coordinates":[1.8294258823529415,48.80823257352944]}},{"type":"Feature","properties":{"Country/Region":"France","Province/State":"Deux-Sèvres","Code":"79","Population":{"Total":372627,"Under19":85106,"Under39":73604,"Under59":98839,"Under74":72067,"Over75":43011},"Beds":{"Resuscitation":8,"IntensiveCare":36,"Total":44},"Deaths":22,"Recovered":69,"Severe":1,"Emergencies":{"Total":231,"Suspected/Accumulated":490,"Total/Accumulated":32465,"Severe/Accumulated":168},"PCRTests":{"Total":32,"Total/Accumulated":19051,"Confirmed/Accumulated":209},"Confirmed":11,"MedicalTests":{"Total/Accumulated":81,"Confirmed/Accumulated":5}},"geometry":{"type":"Point","coordinates":[-0.29978133828996273,46.53994301115242]}},{"type":"Feature","properties":{"Country/Region":"France","Province/State":"Somme","Code":"80","Population":{"Total":569769,"Under19":138211,"Under39":134953,"Under59":144752,"Under74":100734,"Over75":51119},"Beds":{"Resuscitation":58,"IntensiveCare":164,"Total":222},"Deaths":233,"Recovered":758,"Severe":41,"Critical":2,"Emergencies":{"Suspected":1,"Total":340,"Severe":1,"Suspected/Accumulated":1632,"Total/Accumulated":53310,"Severe/Accumulated":690},"MedicalActs":{"Suspected":5,"Total":185,"Suspected/Accumulated":1962,"Total/Accumulated":31820},"PCRTests":{"Total":48,"Confirmed":1,"Total/Accumulated":31674,"Confirmed/Accumulated":273},"Confirmed":54,"MedicalTests":{"Total/Accumulated":6063,"Confirmed/Accumulated":539}},"geometry":{"type":"Point","coordinates":[2.3486719850187256,49.97418277153558]}},{"type":"Feature","properties":{"Country/Region":"France","Province/State":"Tarn","Code":"81","Population":{"Total":387898,"Under19":84873,"Under39":74511,"Under59":102349,"Under74":77279,"Over75":48886},"Beds":{"Resuscitation":24,"IntensiveCare":70,"Total":94},"Deaths":23,"Recovered":124,"Severe":2,"Critical":2,"Emergencies":{"Total":292,"Suspected/Accumulated":821,"Total/Accumulated":41495,"Severe/Accumulated":214},"PCRTests":{"Total":46,"Total/Accumulated":18816,"Confirmed/Accumulated":175},"Confirmed":14,"MedicalTests":{"Total/Accumulated":2180,"Confirmed/Accumulated":44}},"geometry":{"type":"Point","coordinates":[2.1808796818181815,43.78627254545453]}},{"type":"Feature","properties":{"Country/Region":"France","Province/State":"Tarn-et-Garonne","Code":"82","Population":{"Total":262618,"Under19":63559,"Under39":53023,"Under59":70354,"Under74":48046,"Over75":27636},"Beds":{"Resuscitation":18,"IntensiveCare":40,"Total":58},"Deaths":7,"Recovered":44,"Severe":3,"Emergencies":{"Suspected":1,"Total":161,"Severe":1,"Suspected/Accumulated":895,"Total/Accumulated":25777,"Severe/Accumulated":380},"PCRTests":{"Total":27,"Total/Accumulated":14100,"Confirmed/Accumulated":113},"Confirmed":11,"MedicalTests":{"Total/Accumulated":2144,"Confirmed/Accumulated":73}},"geometry":{"type":"Point","coordinates":[1.3350866094420606,44.1164032618026]}},{"type":"Feature","properties":{"Country/Region":"France","Province/State":"Var","Code":"83","Population":{"Total":1073836,"Under19":224216,"Under39":215361,"Under59":276842,"Under74":218239,"Over75":139178},"Beds":{"Resuscitation":60,"IntensiveCare":84,"Total":144},"Deaths":141,"Recovered":1019,"Severe":52,"Critical":1,"Emergencies":{"Suspected":4,"Total":1068,"Suspected/Accumulated":2300,"Total/Accumulated":106805,"Severe/Accumulated":1305},"MedicalActs":{"Suspected":28,"Total":597,"Suspected/Accumulated":4301,"Total/Accumulated":67547},"PCRTests":{"Total":117,"Confirmed":4,"Total/Accumulated":76930,"Confirmed/Accumulated":937},"Confirmed":186,"MedicalTests":{"Total/Accumulated":11196,"Confirmed/Accumulated":470}},"geometry":{"type":"Point","coordinates":[6.2341132170542615,43.37767961240309]}},{"type":"Feature","properties":{"Country/Region":"France","Province/State":"Vaucluse","Code":"84","Population":{"Total":560997,"Under19":132211,"Under39":118607,"Under59":147247,"Under74":103567,"Over75":59365},"Beds":{"Resuscitation":16,"IntensiveCare":60,"Total":76},"Deaths":39,"Recovered":268,"Severe":5,"Critical":2,"Emergencies":{"Suspected":3,"Total":524,"Severe":1,"Suspected/Accumulated":944,"Total/Accumulated":69404,"Severe/Accumulated":547},"MedicalActs":{"Suspected":1,"Total":61,"Suspected/Accumulated":120,"Total/Accumulated":5391},"PCRTests":{"Total":47,"Confirmed":2,"Total/Accumulated":30898,"Confirmed/Accumulated":479},"Confirmed":45,"MedicalTests":{"Total/Accumulated":8198,"Confirmed/Accumulated":217}},"geometry":{"type":"Point","coordinates":[5.137687100591716,44.08826047337278]}},{"type":"Feature","properties":{"Country/Region":"France","Province/State":"Vendée","Code":"85","Population":{"Total":683187,"Under19":155162,"Under39":132680,"Under59":176377,"Under74":142178,"Over75":76790},"Beds":{"Resuscitation":18,"IntensiveCare":44,"Total":62},"Deaths":42,"Recovered":274,"Severe":8,"Critical":1,"Emergencies":{"Suspected":6,"Total":474,"Severe":4,"Suspected/Accumulated":1216,"Total/Accumulated":58282,"Severe/Accumulated":577},"PCRTests":{"Total":49,"Total/Accumulated":38648,"Confirmed/Accumulated":327},"Confirmed":147,"MedicalTests":{"Total/Accumulated":347,"Confirmed/Accumulated":9}},"geometry":{"type":"Point","coordinates":[-1.3851340601503754,46.70726116541352]}},{"type":"Feature","properties":{"Country/Region":"France","Province/State":"Vienne","Code":"86","Population":{"Total":437398,"Under19":101362,"Under39":100176,"Under59":108284,"Under74":79480,"Over75":48096},"Beds":{"Resuscitation":53,"IntensiveCare":124,"Total":177},"Deaths":40,"Recovered":149,"Severe":1,"Emergencies":{"Suspected":3,"Total":287,"Severe":1,"Suspected/Accumulated":556,"Total/Accumulated":34619,"Severe/Accumulated":255},"PCRTests":{"Total":27,"Confirmed":1,"Total/Accumulated":24903,"Confirmed/Accumulated":278},"Confirmed":53,"MedicalTests":{"Total/Accumulated":1102,"Confirmed/Accumulated":28}},"geometry":{"type":"Point","coordinates":[0.42368070921985806,46.57872638297872]}},{"type":"Feature","properties":{"Country/Region":"France","Province/State":"Haute-Vienne","Code":"87","Population":{"Total":370774,"Under19":79173,"Under39":77448,"Under59":94509,"Under74":74186,"Over75":45458},"Beds":{"Resuscitation":24,"IntensiveCare":144,"Total":168},"Deaths":25,"Recovered":133,"Severe":3,"Emergencies":{"Suspected":6,"Total":235,"Severe":1,"Suspected/Accumulated":415,"Total/Accumulated":38760,"Severe/Accumulated":230},"MedicalActs":{"Suspected":2,"Total":149,"Suspected/Accumulated":765,"Total/Accumulated":21992},"PCRTests":{"Total":37,"Confirmed":2,"Total/Accumulated":14472,"Confirmed/Accumulated":69},"Confirmed":21,"MedicalTests":{"Total/Accumulated":1623,"Confirmed/Accumulated":67}},"geometry":{"type":"Point","coordinates":[1.2410431872509962,45.895894860557746]}},{"type":"Feature","properties":{"Country/Region":"France","Province/State":"Vosges","Code":"88","Population":{"Total":359520,"Under19":77042,"Under39":70274,"Under59":94740,"Under74":75920,"Over75":41544},"Beds":{"Resuscitation":8,"IntensiveCare":24,"Total":32},"Deaths":266,"Recovered":746,"Severe":10,"Emergencies":{"Total":328,"Suspected/Accumulated":2835,"Total/Accumulated":41223,"Severe/Accumulated":987},"PCRTests":{"Total":44,"Total/Accumulated":27156,"Confirmed/Accumulated":341},"Confirmed":66,"MedicalTests":{"Total/Accumulated":3101,"Confirmed/Accumulated":400}},"geometry":{"type":"Point","coordinates":[6.2957204247104235,48.23006027027029]}},{"type":"Feature","properties":{"Country/Region":"France","Province/State":"Yonne","Code":"89","Population":{"Total":332096,"Under19":73991,"Under39":64975,"Under59":86159,"Under74":68966,"Over75":38005},"Beds":{"Resuscitation":18,"IntensiveCare":32,"Total":50},"Deaths":94,"Recovered":396,"Severe":16,"Emergencies":{"Suspected":3,"Total":352,"Severe":1,"Suspected/Accumulated":1933,"Total/Accumulated":46372,"Severe/Accumulated":567},"MedicalActs":{"Suspected":2,"Total":61,"Suspected/Accumulated":886,"Total/Accumulated":10787},"PCRTests":{"Total":73,"Confirmed":1,"Total/Accumulated":24858,"Confirmed/Accumulated":194},"MedicalTests":{"Total/Accumulated":633,"Confirmed/Accumulated":62}},"geometry":{"type":"Point","coordinates":[3.57333820338983,47.84307762711864]}},{"type":"Feature","properties":{"Country/Region":"France","Province/State":"Territoire de Belfort","Code":"90","Population":{"Total":140145,"Under19":33166,"Under39":32553,"Under59":36366,"Under74":24639,"Over75":13421},"Beds":{"Resuscitation":25,"IntensiveCare":40,"Total":65},"Deaths":200,"Recovered":561,"Severe":5,"Critical":1,"Emergencies":{"Total":175,"Suspected/Accumulated":972,"Total/Accumulated":23943,"Severe/Accumulated":547},"PCRTests":{"Total":60,"Confirmed":4,"Total/Accumulated":9736,"Confirmed/Accumulated":98},"MedicalTests":{"Total/Accumulated":853,"Confirmed/Accumulated":108}},"geometry":{"type":"Point","coordinates":[6.93897388888889,47.60873597222223]}},{"type":"Feature","properties":{"Country/Region":"France","Province/State":"Essonne","Code":"91","Population":{"Total":1319401,"Under19":360333,"Under39":338878,"Under59":349395,"Under74":176919,"Over75":93876},"Beds":{"Resuscitation":97,"IntensiveCare":164,"Total":261},"Deaths":539,"Recovered":2504,"Severe":246,"Critical":18,"Emergencies":{"Suspected":7,"Total":526,"Severe":2,"Suspected/Accumulated":4323,"Total/Accumulated":82774,"Severe/Accumulated":1253},"MedicalActs":{"Suspected":3,"Total":137,"Suspected/Accumulated":1258,"Total/Accumulated":19510},"PCRTests":{"Total":317,"Confirmed":10,"Total/Accumulated":97216,"Confirmed/Accumulated":2152},"Confirmed":30,"MedicalTests":{"Total/Accumulated":13409,"Confirmed/Accumulated":2366}},"geometry":{"type":"Point","coordinates":[2.2519983333333338,48.50948216666667]}},{"type":"Feature","properties":{"Country/Region":"France","Province/State":"Hauts-de-Seine","Code":"92","Population":{"Total":1613762,"Under19":393984,"Under39":457571,"Under59":428782,"Under74":211036,"Over75":122389},"Beds":{"Resuscitation":184,"IntensiveCare":276,"Total":460},"Deaths":1099,"Recovered":4622,"Severe":569,"Critical":40,"Emergencies":{"Suspected":4,"Total":711,"Severe":1,"Suspected/Accumulated":4232,"Total/Accumulated":113267,"Severe/Accumulated":1212},"PCRTests":{"Total":681,"Confirmed":26,"Total/Accumulated":154094,"Confirmed/Accumulated":3060},"Confirmed":59,"MedicalTests":{"Total/Accumulated":11950,"Confirmed/Accumulated":2683}},"geometry":{"type":"Point","coordinates":[2.2538900000000006,48.84266823529411]}},{"type":"Feature","properties":{"Country/Region":"France","Province/State":"Seine-Saint-Denis","Code":"93","Population":{"Total":1670149,"Under19":485032,"Under39":478299,"Under59":428192,"Under74":194935,"Over75":83691},"Beds":{"Resuscitation":100,"IntensiveCare":218,"Total":318},"Deaths":1015,"Recovered":4024,"Severe":449,"Critical":22,"Emergencies":{"Suspected":20,"Total":832,"Severe":1,"Suspected/Accumulated":5983,"Total/Accumulated":129479,"Severe/Accumulated":1512},"PCRTests":{"Total":716,"Confirmed":31,"Total/Accumulated":136823,"Confirmed/Accumulated":3657},"Confirmed":45,"MedicalTests":{"Total/Accumulated":8715,"Confirmed/Accumulated":2518}},"geometry":{"type":"Point","coordinates":[2.474763409090909,48.91863045454546]}},{"type":"Feature","properties":{"Country/Region":"France","Province/State":"Val-de-Marne","Code":"94","Population":{"Total":1406041,"Under19":359600,"Under39":390124,"Under59":368199,"Under74":187814,"Over75":100304},"Beds":{"Resuscitation":156,"IntensiveCare":338,"Total":494},"Deaths":1217,"Recovered":4497,"Severe":323,"Critical":19,"Emergencies":{"Suspected":40,"Total":863,"Severe":3,"Suspected/Accumulated":8476,"Total/Accumulated":131739,"Severe/Accumulated":3082},"PCRTests":{"Total":585,"Confirmed":26,"Total/Accumulated":121165,"Confirmed/Accumulated":3013},"Confirmed":48,"MedicalTests":{"Total/Accumulated":8850,"Confirmed/Accumulated":1817}},"geometry":{"type":"Point","coordinates":[2.47453725,48.775524499999996]}},{"type":"Feature","properties":{"Country/Region":"France","Province/State":"Val-d'Oise","Code":"95","Population":{"Total":1248354,"Under19":357525,"Under39":326622,"Under59":322949,"Under74":166265,"Over75":74993},"Beds":{"Resuscitation":60,"IntensiveCare":130,"Total":190},"Deaths":723,"Recovered":2739,"Severe":227,"Critical":5,"Emergencies":{"Suspected":10,"Total":735,"Severe":3,"Suspected/Accumulated":8900,"Total/Accumulated":114694,"Severe/Accumulated":2981},"MedicalActs":{"Suspected":5,"Total":197,"Suspected/Accumulated":2390,"Total/Accumulated":34899},"PCRTests":{"Total":438,"Confirmed":16,"Total/Accumulated":93267,"Confirmed/Accumulated":2525},"Confirmed":60,"MedicalTests":{"Total/Accumulated":7014,"Confirmed/Accumulated":1871}},"geometry":{"type":"Point","coordinates":[2.092522396694214,49.08765355371902]}},{"type":"Feature","properties":{"Country/Region":"France","Province/State":"La Réunion","Code":"974","Population":{"Total":859959,"Under19":256143,"Under39":202783,"Under59":239212,"Under74":117045,"Over75":44776},"Beds":{"Resuscitation":52,"IntensiveCare":154,"Total":206},"Deaths":5,"Recovered":177,"Severe":26,"Critical":5,"Emergencies":{"Suspected":1,"Total":419,"Suspected/Accumulated":300,"Total/Accumulated":62844,"Severe/Accumulated":203},"PCRTests":{"Total":829,"Confirmed":31,"Total/Accumulated":75535,"Confirmed/Accumulated":512},"MedicalTests":{"Total/Accumulated":19,"Confirmed/Accumulated":1}},"geometry":{"type":"Point","coordinates":[55.52943947368424,-21.1374047368421]}}]}