{"type":"FeatureCollection","features":[{"type":"Feature","properties":{"Country/Region":"France","Province/State":"Guadeloupe","Code":"971","Population":{"Total":376879,"Under19":90617,"Under39":71707,"Under59":109452,"Under74":70936,"Over75":34167},"Beds":{"Resuscitation":27,"IntensiveCare":68,"Total":95},"Deaths":75,"Recovered":331,"Severe":162,"Critical":25,"Emergencies":{"Suspected":23,"Total":228,"Severe":12,"Suspected/Accumulated":1183,"Total/Accumulated":43443,"Severe/Accumulated":518},"PCRTests":{"Total":757,"Confirmed":149,"Total/Accumulated":50590,"Confirmed/Accumulated":5966},"Confirmed":106,"MedicalTests":{"Total/Accumulated":51,"Confirmed/Accumulated":17}},"geometry":{"type":"Point","coordinates":[-61.493846272189366,16.20469674556213]}},{"type":"Feature","properties":{"Country/Region":"France","Province/State":"Martinique","Code":"972","Population":{"Total":358749,"Under19":77005,"Under39":65776,"Under59":105638,"Under74":72163,"Over75":38167},"Beds":{"Resuscitation":26,"IntensiveCare":58,"Total":84},"Deaths":21,"Recovered":131,"Severe":34,"Critical":16,"MedicalActs":{"Suspected":6,"Total":158,"Suspected/Accumulated":365,"Total/Accumulated":22802},"PCRTests":{"Total":696,"Confirmed":46,"Total/Accumulated":51321,"Confirmed/Accumulated":1685},"Confirmed":16,"MedicalTests":{"Total/Accumulated":29,"Confirmed/Accumulated":6}},"geometry":{"type":"Point","coordinates":[-60.98265692913386,14.6217557480315]}},{"type":"Feature","properties":{"Country/Region":"France","Province/State":"Guyane","Code":"973","Population":{"Total":290691,"Under19":120681,"Under39":80023,"Under59":61783,"Under74":22111,"Over75":6093},"Beds":{"Resuscitation":13,"IntensiveCare":12,"Total":25},"Deaths":63,"Recovered":1720,"Severe":23,"Critical":4,"Emergencies":{"Suspected":3,"Total":234,"Severe":1,"Suspected/Accumulated":1923,"Total/Accumulated":40286,"Severe/Accumulated":907},"PCRTests":{"Total":311,"Confirmed":33,"Total/Accumulated":59503,"Confirmed/Accumulated":8686},"Confirmed":43,"MedicalTests":{"Total/Accumulated":35,"Confirmed/Accumulated":4}},"geometry":{"type":"Point","coordinates":[-53.41731165390502,3.588901056661561]}},{"type":"Feature","properties":{"Country/Region":"France","Province/State":"Mayotte","Code":"976","Population":{"Total":279471,"Under19":150257,"Under39":74348,"Under59":42900,"Under74":9521,"Over75":2445},"Beds":{"Resuscitation":6,"IntensiveCare":0,"Total":6},"Deaths":29,"Recovered":456,"Severe":9,"Critical":3,"Emergencies":{"Total":112,"Suspected/Accumulated":1910,"Total/Accumulated":22479,"Severe/Accumulated":261},"PCRTests":{"Total":188,"Confirmed":21,"Total/Accumulated":21044,"Confirmed/Accumulated":2124},"Confirmed":128,"MedicalTests":{"Total/Accumulated":4,"Confirmed/Accumulated":1}},"geometry":{"type":"Point","coordinates":[45.14160071428572,-12.835344166666673]}},{"type":"Feature","properties":{"Country/Region":"France","Province/State":"Ain","Code":"01","Population":{"Total":656955,"Under19":167666,"Under39":151084,"Under59":179469,"Under74":104453,"Over75":54283},"Beds":{"Resuscitation":22,"IntensiveCare":20,"Total":42},"Deaths":113,"Recovered":508,"Severe":29,"Critical":5,"Emergencies":{"Suspected":8,"Total":293,"Severe":3,"Suspected/Accumulated":1344,"Total/Accumulated":52828,"Severe/Accumulated":524},"PCRTests":{"Total":1034,"Confirmed":105,"Total/Accumulated":87453,"Confirmed/Accumulated":3544},"Confirmed":118,"MedicalTests":{"Total/Accumulated":3606,"Confirmed/Accumulated":382}},"geometry":{"type":"Point","coordinates":[5.430359734513273,46.106026415929215]}},{"type":"Feature","properties":{"Country/Region":"France","Province/State":"Aisne","Code":"02","Population":{"Total":526050,"Under19":129852,"Under39":114042,"Under59":135164,"Under74":98046,"Over75":48946},"Beds":{"Resuscitation":34,"IntensiveCare":110,"Total":144},"Deaths":290,"Recovered":1178,"Severe":48,"Critical":4,"Emergencies":{"Suspected":7,"Total":434,"Severe":2,"Suspected/Accumulated":3432,"Total/Accumulated":75475,"Severe/Accumulated":1078},"MedicalActs":{"Suspected":10,"Total":314,"Suspected/Accumulated":1542,"Total/Accumulated":48595},"PCRTests":{"Total":768,"Confirmed":68,"Total/Accumulated":53030,"Confirmed/Accumulated":1564},"Confirmed":59,"MedicalTests":{"Total/Accumulated":3072,"Confirmed/Accumulated":456}},"geometry":{"type":"Point","coordinates":[3.5153965625000003,49.457888298611124]}},{"type":"Feature","properties":{"Country/Region":"France","Province/State":"Allier","Code":"03","Population":{"Total":331315,"Under19":66659,"Under39":61490,"Under59":85304,"Under74":72079,"Over75":45783},"Beds":{"Resuscitation":24,"IntensiveCare":56,"Total":80},"Deaths":45,"Recovered":234,"Severe":26,"Critical":1,"Emergencies":{"Total":178,"Suspected/Accumulated":1211,"Total/Accumulated":36861,"Severe/Accumulated":676},"PCRTests":{"Total":449,"Confirmed":18,"Total/Accumulated":41590,"Confirmed/Accumulated":678},"Confirmed":38,"MedicalTests":{"Total/Accumulated":1177,"Confirmed/Accumulated":12}},"geometry":{"type":"Point","coordinates":[3.1778756690140857,46.39097419014088]}},{"type":"Feature","properties":{"Country/Region":"France","Province/State":"Alpes-de-Haute-Provence","Code":"04","Population":{"Total":165197,"Under19":34281,"Under39":30814,"Under59":43423,"Under74":35681,"Over75":20998},"Beds":{"Resuscitation":6,"IntensiveCare":0,"Total":6},"Deaths":16,"Recovered":158,"Severe":10,"Emergencies":{"Total":176,"Suspected/Accumulated":391,"Total/Accumulated":33826,"Severe/Accumulated":157},"PCRTests":{"Total":387,"Confirmed":23,"Total/Accumulated":25752,"Confirmed/Accumulated":688},"Confirmed":22,"MedicalTests":{"Total/Accumulated":1722,"Confirmed/Accumulated":63}},"geometry":{"type":"Point","coordinates":[6.294359440298507,44.152788992537346]}},{"type":"Feature","properties":{"Country/Region":"France","Province/State":"Hautes-Alpes","Code":"05","Population":{"Total":141756,"Under19":30280,"Under39":27715,"Under59":37829,"Under74":29047,"Over75":16885},"Beds":{"Resuscitation":8,"IntensiveCare":0,"Total":8},"Deaths":22,"Recovered":158,"Severe":10,"Critical":4,"Emergencies":{"Suspected":1,"Total":134,"Suspected/Accumulated":1155,"Total/Accumulated":32531,"Severe/Accumulated":213},"PCRTests":{"Total":300,"Confirmed":18,"Total/Accumulated":14568,"Confirmed/Accumulated":427},"Confirmed":42,"MedicalTests":{"Total/Accumulated":658,"Confirmed/Accumulated":4}},"geometry":{"type":"Point","coordinates":[6.205986298932386,44.64177099644131]}},{"type":"Feature","properties":{"Country/Region":"France","Province/State":"Alpes-Maritimes","Code":"06","Population":{"Total":1079396,"Under19":226862,"Under39":232814,"Under59":282249,"Under74":198428,"Over75":139043},"Beds":{"Resuscitation":89,"IntensiveCare":182,"Total":271},"Deaths":222,"Recovered":1144,"Severe":119,"Critical":16,"Emergencies":{"Suspected":7,"Total":832,"Severe":5,"Suspected/Accumulated":3994,"Total/Accumulated":172097,"Severe/Accumulated":2112},"MedicalActs":{"Suspected":8,"Total":150,"Suspected/Accumulated":2413,"Total/Accumulated":33820},"PCRTests":{"Total":2099,"Confirmed":146,"Total/Accumulated":228855,"Confirmed/Accumulated":10317},"Confirmed":194,"MedicalTests":{"Total/Accumulated":5759,"Confirmed/Accumulated":263}},"geometry":{"type":"Point","coordinates":[7.093963618090453,43.90811477386935]}},{"type":"Feature","properties":{"Country/Region":"France","Province/State":"Corse-du-Sud","Code":"2A","Population":{"Total":162421,"Under19":31630,"Under39":34910,"Under59":45312,"Under74":31004,"Over75":19565},"Beds":{"Resuscitation":10,"IntensiveCare":30,"Total":40},"Deaths":50,"Recovered":166,"Severe":11,"Critical":3,"Emergencies":{"Total":113,"Suspected/Accumulated":186,"Total/Accumulated":22883,"Severe/Accumulated":143},"MedicalActs":{"Suspected":3,"Total":130,"Suspected/Accumulated":961,"Total/Accumulated":14367},"PCRTests":{"Total":382,"Confirmed":14,"Total/Accumulated":31284,"Confirmed/Accumulated":795},"Confirmed":207},"geometry":{"type":"Point","coordinates":[8.933891598360661,41.87995627049185]}},{"type":"Feature","properties":{"Country/Region":"France","Province/State":"Haute-Corse","Code":"2B","Population":{"Total":182258,"Under19":36925,"Under39":42075,"Under59":47863,"Under74":34671,"Over75":20724},"Beds":{"Resuscitation":8,"IntensiveCare":12,"Total":20},"Deaths":16,"Recovered":131,"Severe":14,"Critical":2,"Emergencies":{"Total":110,"Suspected/Accumulated":2155,"Total/Accumulated":27728,"Severe/Accumulated":1991},"PCRTests":{"Total":364,"Confirmed":17,"Total/Accumulated":31836,"Confirmed/Accumulated":704},"Confirmed":56},"geometry":{"type":"Point","coordinates":[9.12993101604278,42.44040566844919]}},{"type":"Feature","properties":{"Country/Region":"France","Province/State":"Ardèche","Code":"07","Population":{"Total":326875,"Under19":70594,"Under39":61093,"Under59":88160,"Under74":68490,"Over75":38538},"Beds":{"Resuscitation":8,"IntensiveCare":0,"Total":8},"Deaths":120,"Recovered":470,"Severe":8,"Critical":4,"Emergencies":{"Suspected":3,"Total":226,"Severe":1,"Suspected/Accumulated":911,"Total/Accumulated":40157,"Severe/Accumulated":201},"PCRTests":{"Total":470,"Confirmed":31,"Total/Accumulated":35240,"Confirmed/Accumulated":902},"Confirmed":128,"MedicalTests":{"Total/Accumulated":1210,"Confirmed/Accumulated":123}},"geometry":{"type":"Point","coordinates":[4.425911157407411,44.77470101851853]}},{"type":"Feature","properties":{"Country/Region":"France","Province/State":"Ardennes","Code":"08","Population":{"Total":265531,"Under19":60337,"Under39":55870,"Under59":70459,"Under74":52021,"Over75":26844},"Beds":{"Resuscitation":12,"IntensiveCare":42,"Total":54},"Deaths":64,"Recovered":237,"Severe":8,"Critical":2,"Emergencies":{"Total":233,"Suspected/Accumulated":276,"Total/Accumulated":42164,"Severe/Accumulated":70},"PCRTests":{"Total":419,"Confirmed":19,"Total/Accumulated":38520,"Confirmed/Accumulated":578},"Confirmed":3,"MedicalTests":{"Total/Accumulated":1117,"Confirmed/Accumulated":101}},"geometry":{"type":"Point","coordinates":[4.717836481481479,49.63503592592596]}},{"type":"Feature","properties":{"Country/Region":"France","Province/State":"Ariège","Code":"09","Population":{"Total":152398,"Under19":30718,"Under39":28780,"Under59":40432,"Under74":32667,"Over75":19801},"Beds":{"Resuscitation":8,"IntensiveCare":16,"Total":24},"Deaths":2,"Recovered":39,"Severe":7,"Critical":4,"Emergencies":{"Suspected":1,"Total":107,"Suspected/Accumulated":246,"Total/Accumulated":22585,"Severe/Accumulated":100},"PCRTests":{"Total":354,"Confirmed":36,"Total/Accumulated":20355,"Confirmed/Accumulated":631},"Confirmed":3,"MedicalTests":{"Total/Accumulated":943,"Confirmed/Accumulated":7}},"geometry":{"type":"Point","coordinates":[1.5308575113122171,42.951783619909506]}},{"type":"Feature","properties":{"Country/Region":"France","Province/State":"Aube","Code":"10","Population":{"Total":309907,"Under19":74513,"Under39":69749,"Under59":77945,"Under74":56336,"Over75":31364},"Beds":{"Resuscitation":12,"IntensiveCare":36,"Total":48},"Deaths":138,"Recovered":679,"Severe":21,"Critical":4,"Emergencies":{"Suspected":3,"Total":177,"Severe":1,"Suspected/Accumulated":867,"Total/Accumulated":33956,"Severe/Accumulated":413},"MedicalActs":{"Suspected":10,"Total":127,"Suspected/Accumulated":770,"Total/Accumulated":22190},"PCRTests":{"Total":486,"Confirmed":33,"Total/Accumulated":39387,"Confirmed/Accumulated":908},"Confirmed":14,"MedicalTests":{"Total/Accumulated":3836,"Confirmed/Accumulated":370}},"geometry":{"type":"Point","coordinates":[4.115386826086957,48.290927782608684]}},{"type":"Feature","properties":{"Country/Region":"France","Province/State":"Aude","Code":"11","Population":{"Total":372705,"Under19":78644,"Under39":70170,"Under59":96929,"Under74":80039,"Over75":46923},"Beds":{"Resuscitation":16,"IntensiveCare":44,"Total":60},"Deaths":61,"Recovered":259,"Severe":6,"Critical":1,"Emergencies":{"Suspected":3,"Total":298,"Severe":1,"Suspected/Accumulated":558,"Total/Accumulated":55499,"Severe/Accumulated":235},"PCRTests":{"Total":753,"Confirmed":59,"Total/Accumulated":50641,"Confirmed/Accumulated":1310},"Confirmed":44,"MedicalTests":{"Total/Accumulated":3464,"Confirmed/Accumulated":194}},"geometry":{"type":"Point","coordinates":[2.3518425641025638,43.13299722222223]}},{"type":"Feature","properties":{"Country/Region":"France","Province/State":"Aveyron","Code":"12","Population":{"Total":278360,"Under19":55940,"Under39":51027,"Under59":73060,"Under74":59454,"Over75":38879},"Beds":{"Resuscitation":11,"IntensiveCare":32,"Total":43},"Deaths":26,"Recovered":175,"Severe":16,"Critical":4,"Emergencies":{"Total":100,"Suspected/Accumulated":39,"Total/Accumulated":25653,"Severe/Accumulated":10},"PCRTests":{"Total":499,"Confirmed":43,"Total/Accumulated":40819,"Confirmed/Accumulated":1099},"Confirmed":29,"MedicalTests":{"Total/Accumulated":118,"Confirmed/Accumulated":5}},"geometry":{"type":"Point","coordinates":[2.66545315960912,44.28474130293157]}},{"type":"Feature","properties":{"Country/Region":"France","Province/State":"Bouches-du-Rhône","Code":"13","Population":{"Total":2034469,"Under19":480915,"Under39":483747,"Under59":522289,"Under74":342385,"Over75":205133},"Beds":{"Resuscitation":281,"IntensiveCare":476,"Total":757},"Deaths":673,"Recovered":5145,"Severe":478,"Critical":114,"Emergencies":{"Suspected":29,"Total":1157,"Severe":17,"Suspected/Accumulated":5691,"Total/Accumulated":259880,"Severe/Accumulated":2853},"MedicalActs":{"Suspected":6,"Total":163,"Suspected/Accumulated":2270,"Total/Accumulated":41009},"PCRTests":{"Total":6773,"Confirmed":709,"Total/Accumulated":576881,"Confirmed/Accumulated":32321},"Confirmed":827,"MedicalTests":{"Total/Accumulated":53325,"Confirmed/Accumulated":3187}},"geometry":{"type":"Point","coordinates":[5.098567400881058,43.49901925110133]}},{"type":"Feature","properties":{"Country/Region":"France","Province/State":"Calvados","Code":"14","Population":{"Total":691453,"Under19":160392,"Under39":155359,"Under59":174249,"Under74":130972,"Over75":70481},"Beds":{"Resuscitation":91,"IntensiveCare":128,"Total":219},"Deaths":87,"Recovered":397,"Severe":26,"Critical":8,"Emergencies":{"Total":429,"Suspected/Accumulated":1628,"Total/Accumulated":80879,"Severe/Accumulated":560},"MedicalActs":{"Suspected":6,"Total":298,"Suspected/Accumulated":2806,"Total/Accumulated":52767},"PCRTests":{"Total":1500,"Confirmed":109,"Total/Accumulated":121314,"Confirmed/Accumulated":2438},"Confirmed":147,"MedicalTests":{"Total/Accumulated":1704,"Confirmed/Accumulated":157}},"geometry":{"type":"Point","coordinates":[-0.4028230593607306,49.05443785388125]}},{"type":"Feature","properties":{"Country/Region":"France","Province/State":"Cantal","Code":"15","Population":{"Total":142811,"Under19":26571,"Under39":24954,"Under59":38397,"Under74":32697,"Over75":20192},"Beds":{"Resuscitation":8,"IntensiveCare":30,"Total":38},"Deaths":14,"Recovered":64,"Severe":15,"Emergencies":{"Total":76,"Suspected/Accumulated":228,"Total/Accumulated":15939,"Severe/Accumulated":120},"PCRTests":{"Total":221,"Confirmed":16,"Total/Accumulated":16252,"Confirmed/Accumulated":267},"Confirmed":33,"MedicalTests":{"Total/Accumulated":648,"Confirmed/Accumulated":44}},"geometry":{"type":"Point","coordinates":[2.7066918215613374,45.02447219330856]}},{"type":"Feature","properties":{"Country/Region":"France","Province/State":"Charente","Code":"16","Population":{"Total":348180,"Under19":71324,"Under39":69355,"Under59":91186,"Under74":72860,"Over75":43455},"Beds":{"Resuscitation":12,"IntensiveCare":36,"Total":48},"Deaths":14,"Recovered":69,"Severe":4,"Critical":1,"Emergencies":{"Suspected":3,"Total":252,"Severe":1,"Suspected/Accumulated":709,"Total/Accumulated":46799,"Severe/Accumulated":235},"PCRTests":{"Total":423,"Confirmed":29,"Total/Accumulated":32496,"Confirmed/Accumulated":802},"Confirmed":10,"MedicalTests":{"Total/Accumulated":899,"Confirmed/Accumulated":21}},"geometry":{"type":"Point","coordinates":[0.2054574390243902,45.733938821138196]}},{"type":"Feature","properties":{"Country/Region":"France","Province/State":"Charente-Maritime","Code":"17","Population":{"Total":647080,"Under19":130618,"Under39":119836,"Under59":164314,"Under74":146996,"Over75":85316},"Beds":{"Resuscitation":30,"IntensiveCare":72,"Total":102},"Deaths":54,"Recovered":161,"Severe":22,"Critical":3,"Emergencies":{"Suspected":4,"Total":422,"Severe":2,"Suspected/Accumulated":1342,"Total/Accumulated":92322,"Severe/Accumulated":481},"MedicalActs":{"Suspected":1,"Total":44,"Suspected/Accumulated":442,"Total/Accumulated":9631},"PCRTests":{"Total":863,"Confirmed":28,"Total/Accumulated":56866,"Confirmed/Accumulated":886},"Confirmed":49,"MedicalTests":{"Total/Accumulated":8110,"Confirmed/Accumulated":167}},"geometry":{"type":"Point","coordinates":[-0.734802142857143,45.8164405357143]}},{"type":"Feature","properties":{"Country/Region":"France","Province/State":"Cher","Code":"18","Population":{"Total":296404,"Under19":61933,"Under39":57193,"Under59":76912,"Under74":62985,"Over75":37381},"Beds":{"Resuscitation":12,"IntensiveCare":32,"Total":44},"Deaths":94,"Recovered":222,"Severe":17,"Critical":1,"Emergencies":{"Suspected":4,"Total":127,"Suspected/Accumulated":1755,"Total/Accumulated":26137,"Severe/Accumulated":26},"MedicalActs":{"Suspected":1,"Total":227,"Suspected/Accumulated":920,"Total/Accumulated":31949},"PCRTests":{"Total":464,"Confirmed":25,"Total/Accumulated":31961,"Confirmed/Accumulated":601},"Confirmed":25,"MedicalTests":{"Total/Accumulated":3157,"Confirmed/Accumulated":334}},"geometry":{"type":"Point","coordinates":[2.420866293436294,47.03802115830117]}},{"type":"Feature","properties":{"Country/Region":"France","Province/State":"Corrèze","Code":"19","Population":{"Total":240336,"Under19":48146,"Under39":45056,"Under59":62186,"Under74":52206,"Over75":32742},"Beds":{"Resuscitation":15,"IntensiveCare":42,"Total":57},"Deaths":42,"Recovered":172,"Severe":9,"Critical":1,"Emergencies":{"Total":180,"Suspected/Accumulated":610,"Total/Accumulated":35024,"Severe/Accumulated":465},"PCRTests":{"Total":469,"Confirmed":26,"Total/Accumulated":30966,"Confirmed/Accumulated":599},"Confirmed":23,"MedicalTests":{"Total/Accumulated":315,"Confirmed/Accumulated":17}},"geometry":{"type":"Point","coordinates":[1.8952178059071727,45.37689915611812]}},{"type":"Feature","properties":{"Country/Region":"France","Province/State":"Côte-d'Or","Code":"21","Population":{"Total":532886,"Under19":121633,"Under39":128314,"Under59":134514,"Under74":95451,"Over75":52974},"Beds":{"Resuscitation":57,"IntensiveCare":190,"Total":247},"Deaths":257,"Recovered":997,"Severe":30,"Critical":11,"Emergencies":{"Suspected":4,"Total":287,"Severe":2,"Suspected/Accumulated":1974,"Total/Accumulated":55108,"Severe/Accumulated":751},"MedicalActs":{"Suspected":10,"Total":68,"Suspected/Accumulated":1220,"Total/Accumulated":16763},"PCRTests":{"Total":1267,"Confirmed":86,"Total/Accumulated":94260,"Confirmed/Accumulated":3368},"Confirmed":1,"MedicalTests":{"Total/Accumulated":1228,"Confirmed/Accumulated":98}},"geometry":{"type":"Point","coordinates":[4.781845107913668,47.44940406474819]}},{"type":"Feature","properties":{"Country/Region":"France","Province/State":"Côtes-d'Armor","Code":"22","Population":{"Total":596186,"Under19":131217,"Under39":108675,"Under59":153257,"Under74":128481,"Over75":74556},"Beds":{"Resuscitation":14,"IntensiveCare":32,"Total":46},"Deaths":42,"Recovered":253,"Severe":15,"Critical":3,"Emergencies":{"Suspected":3,"Total":325,"Severe":3,"Suspected/Accumulated":1010,"Total/Accumulated":60223,"Severe/Accumulated":780},"PCRTests":{"Total":864,"Confirmed":25,"Total/Accumulated":82909,"Confirmed/Accumulated":1309},"Confirmed":107,"MedicalTests":{"Total/Accumulated":177,"Confirmed/Accumulated":3}},"geometry":{"type":"Point","coordinates":[-2.8283123411371243,48.47540434782613]}},{"type":"Feature","properties":{"Country/Region":"France","Province/State":"Creuse","Code":"23","Population":{"Total":116270,"Under19":20766,"Under39":19388,"Under59":30402,"Under74":28640,"Over75":17074},"Beds":{"Resuscitation":8,"IntensiveCare":16,"Total":24},"Deaths":16,"Recovered":89,"Severe":3,"Critical":2,"Emergencies":{"Total":49,"Suspected/Accumulated":392,"Total/Accumulated":13731,"Severe/Accumulated":86},"PCRTests":{"Total":137,"Confirmed":6,"Total/Accumulated":14767,"Confirmed/Accumulated":174},"Confirmed":12,"MedicalTests":{"Total/Accumulated":1152,"Confirmed/Accumulated":11}},"geometry":{"type":"Point","coordinates":[1.9795267256637192,46.07153353982301]}},{"type":"Feature","properties":{"Country/Region":"France","Province/State":"Dordogne","Code":"24","Population":{"Total":408393,"Under19":76430,"Under39":70201,"Under59":107402,"Under74":96538,"Over75":57822},"Beds":{"Resuscitation":19,"IntensiveCare":36,"Total":55},"Deaths":14,"Recovered":110,"Severe":14,"Critical":3,"Emergencies":{"Suspected":3,"Total":189,"Severe":3,"Suspected/Accumulated":950,"Total/Accumulated":38535,"Severe/Accumulated":483},"PCRTests":{"Total":511,"Confirmed":25,"Total/Accumulated":47896,"Confirmed/Accumulated":974},"Confirmed":13,"MedicalTests":{"Total/Accumulated":586,"Confirmed/Accumulated":26}},"geometry":{"type":"Point","coordinates":[0.7502005172413793,45.100126827586195]}},{"type":"Feature","properties":{"Country/Region":"France","Province/State":"Doubs","Code":"25","Population":{"Total":539449,"Under19":132582,"Under39":130504,"Under59":135120,"Under74":90502,"Over75":50741},"Beds":{"Resuscitation":40,"IntensiveCare":262,"Total":302},"Deaths":154,"Recovered":663,"Severe":10,"Critical":5,"Emergencies":{"Suspected":6,"Total":240,"Severe":1,"Suspected/Accumulated":1651,"Total/Accumulated":45015,"Severe/Accumulated":629},"MedicalActs":{"Suspected":3,"Total":105,"Suspected/Accumulated":827,"Total/Accumulated":21317},"PCRTests":{"Total":943,"Confirmed":51,"Total/Accumulated":83425,"Confirmed/Accumulated":2028},"MedicalTests":{"Total/Accumulated":2111,"Confirmed/Accumulated":213}},"geometry":{"type":"Point","coordinates":[6.359828136363636,47.17302813636364]}},{"type":"Feature","properties":{"Country/Region":"France","Province/State":"Drôme","Code":"26","Population":{"Total":520560,"Under19":125073,"Under39":110455,"Under59":134338,"Under74":95865,"Over75":54829},"Beds":{"Resuscitation":24,"IntensiveCare":68,"Total":92},"Deaths":131,"Recovered":567,"Severe":31,"Critical":5,"Emergencies":{"Suspected":9,"Total":289,"Severe":5,"Suspected/Accumulated":1630,"Total/Accumulated":60040,"Severe/Accumulated":628},"PCRTests":{"Total":874,"Confirmed":81,"Total/Accumulated":59034,"Confirmed/Accumulated":1922},"Confirmed":119,"MedicalTests":{"Total/Accumulated":2066,"Confirmed/Accumulated":135}},"geometry":{"type":"Point","coordinates":[5.213618019801983,44.63170462046205]}},{"type":"Feature","properties":{"Country/Region":"France","Province/State":"Eure","Code":"27","Population":{"Total":600687,"Under19":151745,"Under39":128858,"Under59":160781,"Under74":106586,"Over75":52717},"Beds":{"Resuscitation":12,"IntensiveCare":44,"Total":56},"Deaths":92,"Recovered":306,"Severe":61,"Critical":13,"Emergencies":{"Total":115,"Suspected/Accumulated":724,"Total/Accumulated":36545,"Severe/Accumulated":140},"PCRTests":{"Total":907,"Confirmed":81,"Total/Accumulated":60709,"Confirmed/Accumulated":2372},"Confirmed":71,"MedicalTests":{"Total/Accumulated":5764,"Confirmed/Accumulated":580}},"geometry":{"type":"Point","coordinates":[0.9927279220779222,49.13064012987015]}},{"type":"Feature","properties":{"Country/Region":"France","Province/State":"Eure-et-Loir","Code":"28","Population":{"Total":429425,"Under19":106266,"Under39":90617,"Under59":113525,"Under74":76422,"Over75":42595},"Beds":{"Resuscitation":20,"IntensiveCare":44,"Total":64},"Deaths":148,"Recovered":637,"Severe":17,"Critical":3,"Emergencies":{"Suspected":1,"Total":380,"Suspected/Accumulated":790,"Total/Accumulated":61317,"Severe/Accumulated":246},"PCRTests":{"Total":587,"Confirmed":34,"Total/Accumulated":50608,"Confirmed/Accumulated":1527},"Confirmed":104,"MedicalTests":{"Total/Accumulated":4351,"Confirmed/Accumulated":653}},"geometry":{"type":"Point","coordinates":[1.3718229302325597,48.39856558139533]}},{"type":"Feature","properties":{"Country/Region":"France","Province/State":"Finistère","Code":"29","Population":{"Total":906554,"Under19":201332,"Under39":189857,"Under59":237308,"Under74":178715,"Over75":99342},"Beds":{"Resuscitation":66,"IntensiveCare":142,"Total":208},"Deaths":48,"Recovered":220,"Severe":23,"Critical":4,"Emergencies":{"Total":564,"Suspected/Accumulated":552,"Total/Accumulated":122127,"Severe/Accumulated":158},"MedicalActs":{"Suspected":6,"Total":148,"Suspected/Accumulated":1052,"Total/Accumulated":26920},"PCRTests":{"Total":1401,"Confirmed":64,"Total/Accumulated":122865,"Confirmed/Accumulated":2049},"Confirmed":230,"MedicalTests":{"Total/Accumulated":44,"Confirmed/Accumulated":9}},"geometry":{"type":"Point","coordinates":[-4.16814140056023,48.26300924369748]}},{"type":"Feature","properties":{"Country/Region":"France","Province/State":"Gard","Code":"30","Population":{"Total":748468,"Under19":170615,"Under39":154480,"Under59":195429,"Under74":147114,"Over75":80830},"Beds":{"Resuscitation":49,"IntensiveCare":108,"Total":157},"Deaths":109,"Recovered":448,"Severe":68,"Critical":18,"Emergencies":{"Suspected":7,"Total":488,"Severe":3,"Suspected/Accumulated":973,"Total/Accumulated":89744,"Severe/Accumulated":309},"MedicalActs":{"Suspected":2,"Total":43,"Suspected/Accumulated":908,"Total/Accumulated":15047},"PCRTests":{"Total":1564,"Confirmed":204,"Total/Accumulated":110866,"Confirmed/Accumulated":4923},"Confirmed":44,"MedicalTests":{"Total/Accumulated":11845,"Confirmed/Accumulated":327}},"geometry":{"type":"Point","coordinates":[4.0572744791666695,44.00851614583332]}},{"type":"Feature","properties":{"Country/Region":"France","Province/State":"Haute-Garonne","Code":"31","Population":{"Total":1400935,"Under19":335750,"Under39":398589,"Under59":358515,"Under74":197921,"Over75":110160},"Beds":{"Resuscitation":161,"IntensiveCare":430,"Total":591},"Deaths":102,"Recovered":976,"Severe":133,"Critical":48,"Emergencies":{"Suspected":19,"Total":700,"Severe":10,"Suspected/Accumulated":3733,"Total/Accumulated":145895,"Severe/Accumulated":2045},"MedicalActs":{"Suspected":10,"Total":103,"Suspected/Accumulated":2082,"Total/Accumulated":27276},"PCRTests":{"Total":4123,"Confirmed":461,"Total/Accumulated":278139,"Confirmed/Accumulated":15092},"Confirmed":72,"MedicalTests":{"Total/Accumulated":11810,"Confirmed/Accumulated":341}},"geometry":{"type":"Point","coordinates":[1.1686918356164382,43.33252969863011]}},{"type":"Feature","properties":{"Country/Region":"France","Province/State":"Gers","Code":"32","Population":{"Total":190040,"Under19":37581,"Under39":32714,"Under59":51231,"Under74":41871,"Over75":26643},"Beds":{"Resuscitation":8,"IntensiveCare":8,"Total":16},"Deaths":29,"Recovered":96,"Severe":8,"Critical":1,"Emergencies":{"Suspected":2,"Total":60,"Severe":1,"Suspected/Accumulated":537,"Total/Accumulated":15327,"Severe/Accumulated":375},"PCRTests":{"Total":349,"Confirmed":41,"Total/Accumulated":24706,"Confirmed/Accumulated":970},"Confirmed":14,"MedicalTests":{"Total/Accumulated":2554,"Confirmed/Accumulated":185}},"geometry":{"type":"Point","coordinates":[0.447782880658436,43.70601049382714]}},{"type":"Feature","properties":{"Country/Region":"France","Province/State":"Gironde","Code":"33","Population":{"Total":1633440,"Under19":380317,"Under39":415128,"Under59":425319,"Under74":267580,"Over75":145096},"Beds":{"Resuscitation":183,"IntensiveCare":262,"Total":445},"Deaths":196,"Recovered":1282,"Severe":165,"Critical":31,"Emergencies":{"Suspected":10,"Total":876,"Severe":5,"Suspected/Accumulated":4329,"Total/Accumulated":173699,"Severe/Accumulated":1712},"MedicalActs":{"Suspected":27,"Total":715,"Suspected/Accumulated":7551,"Total/Accumulated":144070},"PCRTests":{"Total":2885,"Confirmed":280,"Total/Accumulated":289170,"Confirmed/Accumulated":14426},"Confirmed":106,"MedicalTests":{"Total/Accumulated":8091,"Confirmed/Accumulated":348}},"geometry":{"type":"Point","coordinates":[-0.41644369747899174,44.756299705882356]}},{"type":"Feature","properties":{"Country/Region":"France","Province/State":"Hérault","Code":"34","Population":{"Total":1176145,"Under19":268258,"Under39":286299,"Under59":292794,"Under74":208723,"Over75":120071},"Beds":{"Resuscitation":124,"IntensiveCare":342,"Total":466},"Deaths":149,"Recovered":948,"Severe":88,"Critical":31,"Emergencies":{"Suspected":11,"Total":793,"Severe":1,"Suspected/Accumulated":2331,"Total/Accumulated":166140,"Severe/Accumulated":774},"MedicalActs":{"Suspected":5,"Total":119,"Suspected/Accumulated":1049,"Total/Accumulated":20309},"PCRTests":{"Total":2672,"Confirmed":253,"Total/Accumulated":222713,"Confirmed/Accumulated":8826},"Confirmed":171,"MedicalTests":{"Total/Accumulated":38656,"Confirmed/Accumulated":1264}},"geometry":{"type":"Point","coordinates":[3.2725271495327104,43.601788971962634]}},{"type":"Feature","properties":{"Country/Region":"France","Province/State":"Ille-et-Vilaine","Code":"35","Population":{"Total":1082073,"Under19":274429,"Under39":270693,"Under59":278610,"Under74":165623,"Over75":92718},"Beds":{"Resuscitation":60,"IntensiveCare":224,"Total":284},"Deaths":101,"Recovered":586,"Severe":79,"Critical":10,"Emergencies":{"Suspected":4,"Total":569,"Severe":2,"Suspected/Accumulated":2061,"Total/Accumulated":112054,"Severe/Accumulated":1126},"MedicalActs":{"Suspected":9,"Total":129,"Suspected/Accumulated":1726,"Total/Accumulated":32655},"PCRTests":{"Total":2517,"Confirmed":225,"Total/Accumulated":162095,"Confirmed/Accumulated":6667},"Confirmed":208,"MedicalTests":{"Total/Accumulated":429,"Confirmed/Accumulated":10}},"geometry":{"type":"Point","coordinates":[-1.7401927338129495,48.18315345323742]}},{"type":"Feature","properties":{"Country/Region":"France","Province/State":"Indre","Code":"36","Population":{"Total":217139,"Under19":42951,"Under39":38506,"Under59":56292,"Under74":48986,"Over75":30404},"Beds":{"Resuscitation":10,"IntensiveCare":18,"Total":28},"Deaths":82,"Recovered":202,"Severe":9,"Critical":3,"Emergencies":{"Suspected":1,"Total":119,"Suspected/Accumulated":121,"Total/Accumulated":19481,"Severe/Accumulated":55},"PCRTests":{"Total":291,"Confirmed":11,"Total/Accumulated":19706,"Confirmed/Accumulated":393},"Confirmed":80,"MedicalTests":{"Total/Accumulated":3671,"Confirmed/Accumulated":373}},"geometry":{"type":"Point","coordinates":[1.576445147679325,46.764304345991526]}},{"type":"Feature","properties":{"Country/Region":"France","Province/State":"Indre-et-Loire","Code":"37","Population":{"Total":605380,"Under19":142122,"Under39":136574,"Under59":153731,"Under74":108623,"Over75":64330},"Beds":{"Resuscitation":79,"IntensiveCare":116,"Total":195},"Deaths":100,"Recovered":432,"Severe":38,"Critical":6,"Emergencies":{"Suspected":2,"Total":352,"Severe":1,"Suspected/Accumulated":1193,"Total/Accumulated":62684,"Severe/Accumulated":421},"MedicalActs":{"Suspected":12,"Total":181,"Suspected/Accumulated":1194,"Total/Accumulated":30971},"PCRTests":{"Total":1522,"Confirmed":92,"Total/Accumulated":96105,"Confirmed/Accumulated":2839},"Confirmed":123,"MedicalTests":{"Total/Accumulated":4143,"Confirmed/Accumulated":118}},"geometry":{"type":"Point","coordinates":[0.6915947413793099,47.23521443965518]}},{"type":"Feature","properties":{"Country/Region":"France","Province/State":"Isère","Code":"38","Population":{"Total":1264979,"Under19":319977,"Under39":298730,"Under59":332378,"Under74":201842,"Over75":112052},"Beds":{"Resuscitation":74,"IntensiveCare":178,"Total":252},"Deaths":176,"Recovered":924,"Severe":115,"Critical":22,"Emergencies":{"Suspected":12,"Total":693,"Severe":6,"Suspected/Accumulated":2265,"Total/Accumulated":148240,"Severe/Accumulated":830},"MedicalActs":{"Suspected":43,"Total":203,"Suspected/Accumulated":2903,"Total/Accumulated":36141},"PCRTests":{"Total":2880,"Confirmed":437,"Total/Accumulated":161200,"Confirmed/Accumulated":9046},"Confirmed":190,"MedicalTests":{"Total/Accumulated":1901,"Confirmed/Accumulated":138}},"geometry":{"type":"Point","coordinates":[5.557470704225359,45.27668616197182]}},{"type":"Feature","properties":{"Country/Region":"France","Province/State":"Jura","Code":"39","Population":{"Total":257849,"Under19":57639,"Under39":51064,"Under59":68521,"Under74":50575,"Over75":30050},"Beds":{"Resuscitation":8,"IntensiveCare":18,"Total":26},"Deaths":61,"Recovered":338,"Severe":4,"Emergencies":{"Suspected":7,"Total":171,"Severe":1,"Suspected/Accumulated":923,"Total/Accumulated":38184,"Severe/Accumulated":334},"PCRTests":{"Total":497,"Confirmed":23,"Total/Accumulated":34712,"Confirmed/Accumulated":626},"MedicalTests":{"Total/Accumulated":1465,"Confirmed/Accumulated":150}},"geometry":{"type":"Point","coordinates":[5.6395758823529425,46.756161447963784]}},{"type":"Feature","properties":{"Country/Region":"France","Province/State":"Landes","Code":"40","Population":{"Total":411979,"Under19":85144,"Under39":78495,"Under59":112191,"Under74":86896,"Over75":49253},"Beds":{"Resuscitation":14,"IntensiveCare":32,"Total":46},"Deaths":14,"Recovered":91,"Severe":10,"Critical":3,"Emergencies":{"Total":186,"Suspected/Accumulated":686,"Total/Accumulated":39418,"Severe/Accumulated":408},"PCRTests":{"Total":852,"Confirmed":74,"Total/Accumulated":55216,"Confirmed/Accumulated":1647},"Confirmed":20,"MedicalTests":{"Total/Accumulated":870,"Confirmed/Accumulated":24}},"geometry":{"type":"Point","coordinates":[-0.5772234449760769,43.8801859808612]}},{"type":"Feature","properties":{"Country/Region":"France","Province/State":"Loir-et-Cher","Code":"41","Population":{"Total":327835,"Under19":72953,"Under39":62903,"Under59":86073,"Under74":65923,"Over75":39983},"Beds":{"Resuscitation":12,"IntensiveCare":16,"Total":28},"Deaths":68,"Recovered":357,"Severe":12,"Critical":1,"Emergencies":{"Suspected":4,"Total":230,"Severe":2,"Suspected/Accumulated":946,"Total/Accumulated":43825,"Severe/Accumulated":116},"PCRTests":{"Total":563,"Confirmed":27,"Total/Accumulated":31359,"Confirmed/Accumulated":834},"Confirmed":55,"MedicalTests":{"Total/Accumulated":1428,"Confirmed/Accumulated":55}},"geometry":{"type":"Point","coordinates":[1.3938662132352944,47.653275698529406]}},{"type":"Feature","properties":{"Country/Region":"France","Province/State":"Loire","Code":"42","Population":{"Total":764737,"Under19":186049,"Under39":167975,"Under59":190702,"Under74":136240,"Over75":83771},"Beds":{"Resuscitation":70,"IntensiveCare":120,"Total":190},"Deaths":274,"Recovered":1163,"Severe":137,"Critical":22,"Emergencies":{"Suspected":13,"Total":722,"Severe":9,"Suspected/Accumulated":2213,"Total/Accumulated":126243,"Severe/Accumulated":1168},"MedicalActs":{"Suspected":9,"Total":124,"Suspected/Accumulated":970,"Total/Accumulated":22753},"PCRTests":{"Total":2060,"Confirmed":316,"Total/Accumulated":118710,"Confirmed/Accumulated":5773},"Confirmed":363,"MedicalTests":{"Total/Accumulated":719,"Confirmed/Accumulated":46}},"geometry":{"type":"Point","coordinates":[4.189998267716536,45.74292366141733]}},{"type":"Feature","properties":{"Country/Region":"France","Province/State":"Haute-Loire","Code":"43","Population":{"Total":226901,"Under19":49659,"Under39":43248,"Under59":60903,"Under74":46857,"Over75":26234},"Beds":{"Resuscitation":8,"IntensiveCare":20,"Total":28},"Deaths":19,"Recovered":129,"Severe":10,"Emergencies":{"Total":27,"Suspected/Accumulated":25,"Total/Accumulated":5621,"Severe/Accumulated":11},"PCRTests":{"Total":566,"Confirmed":55,"Total/Accumulated":26807,"Confirmed/Accumulated":883},"Confirmed":23,"MedicalTests":{"Total/Accumulated":1400,"Confirmed/Accumulated":50}},"geometry":{"type":"Point","coordinates":[3.7869054017857136,45.15054486607143]}},{"type":"Feature","properties":{"Country/Region":"France","Province/State":"Loire-Atlantique","Code":"44","Population":{"Total":1437137,"Under19":363681,"Under39":357664,"Under59":368059,"Under74":227458,"Over75":120275},"Beds":{"Resuscitation":77,"IntensiveCare":262,"Total":339},"Deaths":178,"Recovered":861,"Severe":57,"Critical":12,"Emergencies":{"Suspected":4,"Total":502,"Severe":3,"Suspected/Accumulated":2963,"Total/Accumulated":100259,"Severe/Accumulated":1652},"MedicalActs":{"Suspected":29,"Total":492,"Suspected/Accumulated":5909,"Total/Accumulated":102873},"PCRTests":{"Total":2572,"Confirmed":210,"Total/Accumulated":201361,"Confirmed/Accumulated":6042},"Confirmed":633,"MedicalTests":{"Total/Accumulated":844,"Confirmed/Accumulated":39}},"geometry":{"type":"Point","coordinates":[-1.6902253409090902,47.33230598484852]}},{"type":"Feature","properties":{"Country/Region":"France","Province/State":"Loiret","Code":"45","Population":{"Total":682890,"Under19":172345,"Under39":155348,"Under59":174617,"Under74":115984,"Over75":64596},"Beds":{"Resuscitation":47,"IntensiveCare":120,"Total":167},"Deaths":110,"Recovered":729,"Severe":40,"Critical":7,"Emergencies":{"Suspected":6,"Total":354,"Severe":3,"Suspected/Accumulated":1476,"Total/Accumulated":72302,"Severe/Accumulated":745},"MedicalActs":{"Suspected":4,"Total":55,"Suspected/Accumulated":614,"Total/Accumulated":10314},"PCRTests":{"Total":1462,"Confirmed":123,"Total/Accumulated":121711,"Confirmed/Accumulated":4278},"Confirmed":258,"MedicalTests":{"Total/Accumulated":3447,"Confirmed/Accumulated":325}},"geometry":{"type":"Point","coordinates":[2.383405222672066,47.91302979757084]}},{"type":"Feature","properties":{"Country/Region":"France","Province/State":"Lot","Code":"46","Population":{"Total":173166,"Under19":31861,"Under39":29365,"Under59":44533,"Under74":41623,"Over75":25784},"Beds":{"Resuscitation":8,"IntensiveCare":8,"Total":16},"Deaths":22,"Recovered":132,"Severe":3,"Emergencies":{"Total":131,"Suspected/Accumulated":349,"Total/Accumulated":25139,"Severe/Accumulated":85},"PCRTests":{"Total":327,"Confirmed":14,"Total/Accumulated":18894,"Confirmed/Accumulated":368},"Confirmed":4,"MedicalTests":{"Total/Accumulated":612,"Confirmed/Accumulated":19}},"geometry":{"type":"Point","coordinates":[1.5901290212765966,44.59231876595746]}},{"type":"Feature","properties":{"Country/Region":"France","Province/State":"Lot-et-Garonne","Code":"47","Population":{"Total":330336,"Under19":69990,"Under39":64149,"Under59":84272,"Under74":68912,"Over75":43013},"Beds":{"Resuscitation":11,"IntensiveCare":36,"Total":47},"Deaths":14,"Recovered":108,"Severe":15,"Critical":3,"Emergencies":{"Suspected":3,"Total":179,"Severe":2,"Suspected/Accumulated":1083,"Total/Accumulated":44833,"Severe/Accumulated":331},"PCRTests":{"Total":486,"Confirmed":46,"Total/Accumulated":32095,"Confirmed/Accumulated":1235},"Confirmed":65,"MedicalTests":{"Total/Accumulated":1173,"Confirmed/Accumulated":16}},"geometry":{"type":"Point","coordinates":[0.4871552444444442,44.39576413333333]}},{"type":"Feature","properties":{"Country/Region":"France","Province/State":"Lozère","Code":"48","Population":{"Total":76286,"Under19":15582,"Under39":14895,"Under59":20255,"Under74":15962,"Over75":9592},"Beds":{"Resuscitation":3,"IntensiveCare":0,"Total":3},"Deaths":1,"Recovered":31,"Severe":5,"Emergencies":{"Suspected":1,"Total":18,"Suspected/Accumulated":57,"Total/Accumulated":5986,"Severe/Accumulated":15},"PCRTests":{"Total":126,"Confirmed":3,"Total/Accumulated":9058,"Confirmed/Accumulated":222},"Confirmed":8,"MedicalTests":{"Total/Accumulated":657,"Confirmed/Accumulated":4}},"geometry":{"type":"Point","coordinates":[3.494722131979694,44.51333609137059]}},{"type":"Feature","properties":{"Country/Region":"France","Province/State":"Maine-et-Loire","Code":"49","Population":{"Total":815881,"Under19":204162,"Under39":184600,"Under59":204421,"Under74":138603,"Over75":84095},"Beds":{"Resuscitation":61,"IntensiveCare":196,"Total":257},"Deaths":147,"Recovered":749,"Severe":50,"Critical":7,"Emergencies":{"Total":411,"Suspected/Accumulated":1767,"Total/Accumulated":71375,"Severe/Accumulated":783},"PCRTests":{"Total":1888,"Confirmed":107,"Total/Accumulated":115560,"Confirmed/Accumulated":3757},"Confirmed":222,"MedicalTests":{"Total/Accumulated":145,"Confirmed/Accumulated":13}},"geometry":{"type":"Point","coordinates":[-0.6000336862745095,47.406434431372546]}},{"type":"Feature","properties":{"Country/Region":"France","Province/State":"Manche","Code":"50","Population":{"Total":490669,"Under19":105402,"Under39":96439,"Under59":126734,"Under74":101121,"Over75":60973},"Beds":{"Resuscitation":28,"IntensiveCare":52,"Total":80},"Deaths":53,"Recovered":193,"Severe":17,"Critical":1,"Emergencies":{"Suspected":3,"Total":368,"Severe":3,"Suspected/Accumulated":855,"Total/Accumulated":70770,"Severe/Accumulated":728},"MedicalActs":{"Suspected":19,"Total":111,"Suspected/Accumulated":1803,"Total/Accumulated":22071},"PCRTests":{"Total":591,"Confirmed":20,"Total/Accumulated":54018,"Confirmed/Accumulated":791},"Confirmed":107,"MedicalTests":{"Total/Accumulated":1735,"Confirmed/Accumulated":120}},"geometry":{"type":"Point","coordinates":[-1.3097769083969464,49.05127938931302]}},{"type":"Feature","properties":{"Country/Region":"France","Province/State":"Marne","Code":"51","Population":{"Total":563823,"Under19":136695,"Under39":137533,"Under59":142415,"Under74":97015,"Over75":50165},"Beds":{"Resuscitation":54,"IntensiveCare":78,"Total":132},"Deaths":283,"Recovered":1103,"Severe":43,"Critical":9,"Emergencies":{"Suspected":8,"Total":365,"Severe":4,"Suspected/Accumulated":988,"Total/Accumulated":58479,"Severe/Accumulated":460},"MedicalActs":{"Suspected":4,"Total":39,"Suspected/Accumulated":362,"Total/Accumulated":7295},"PCRTests":{"Total":973,"Confirmed":80,"Total/Accumulated":88392,"Confirmed/Accumulated":2595},"Confirmed":37,"MedicalTests":{"Total/Accumulated":1760,"Confirmed/Accumulated":353}},"geometry":{"type":"Point","coordinates":[4.209888097014927,48.936171417910444]}},{"type":"Feature","properties":{"Country/Region":"France","Province/State":"Haute-Marne","Code":"52","Population":{"Total":169250,"Under19":34865,"Under39":34065,"Under59":44268,"Under74":35981,"Over75":20071},"Beds":{"Resuscitation":8,"IntensiveCare":12,"Total":20},"Deaths":92,"Recovered":279,"Severe":10,"Emergencies":{"Total":93,"Suspected/Accumulated":822,"Total/Accumulated":22292,"Severe/Accumulated":196},"PCRTests":{"Total":223,"Confirmed":10,"Total/Accumulated":20471,"Confirmed/Accumulated":420},"Confirmed":7,"MedicalTests":{"Total/Accumulated":223,"Confirmed/Accumulated":37}},"geometry":{"type":"Point","coordinates":[5.203108577075099,48.126414822134386]}},{"type":"Feature","properties":{"Country/Region":"France","Province/State":"Mayenne","Code":"53","Population":{"Total":305365,"Under19":74868,"Under39":61839,"Under59":78619,"Under74":55705,"Over75":34334},"Beds":{"Resuscitation":8,"IntensiveCare":16,"Total":24},"Deaths":49,"Recovered":265,"Severe":8,"Emergencies":{"Suspected":4,"Total":199,"Severe":1,"Suspected/Accumulated":1012,"Total/Accumulated":29506,"Severe/Accumulated":303},"PCRTests":{"Total":623,"Confirmed":36,"Total/Accumulated":78829,"Confirmed/Accumulated":2166},"Confirmed":182,"MedicalTests":{"Total/Accumulated":521,"Confirmed/Accumulated":14}},"geometry":{"type":"Point","coordinates":[-0.6361607305936071,48.153668493150704]}},{"type":"Feature","properties":{"Country/Region":"France","Province/State":"Meurthe-et-Moselle","Code":"54","Population":{"Total":730398,"Under19":170693,"Under39":185629,"Under59":182526,"Under74":124808,"Over75":66742},"Beds":{"Resuscitation":83,"IntensiveCare":172,"Total":255},"Deaths":374,"Recovered":1345,"Severe":46,"Critical":2,"Emergencies":{"Suspected":1,"Total":375,"Suspected/Accumulated":1598,"Total/Accumulated":75807,"Severe/Accumulated":763},"MedicalActs":{"Suspected":11,"Total":106,"Suspected/Accumulated":1851,"Total/Accumulated":25947},"PCRTests":{"Total":1716,"Confirmed":86,"Total/Accumulated":150713,"Confirmed/Accumulated":3319},"Confirmed":85,"MedicalTests":{"Total/Accumulated":2356,"Confirmed/Accumulated":186}},"geometry":{"type":"Point","coordinates":[6.092894571428565,48.892416158730185]}},{"type":"Feature","properties":{"Country/Region":"France","Province/State":"Meuse","Code":"55","Population":{"Total":181641,"Under19":40375,"Under39":37641,"Under59":47696,"Under74":36898,"Over75":19031},"Beds":{"Resuscitation":8,"IntensiveCare":20,"Total":28},"Deaths":105,"Recovered":508,"Severe":10,"Emergencies":{"Total":98,"Suspected/Accumulated":452,"Total/Accumulated":19671,"Severe/Accumulated":216},"PCRTests":{"Total":392,"Confirmed":26,"Total/Accumulated":28613,"Confirmed/Accumulated":527},"Confirmed":18,"MedicalTests":{"Total/Accumulated":808,"Confirmed/Accumulated":77}},"geometry":{"type":"Point","coordinates":[5.380316626506025,49.03635373493975]}},{"type":"Feature","properties":{"Country/Region":"France","Province/State":"Morbihan","Code":"56","Population":{"Total":755566,"Under19":166653,"Under39":145287,"Under59":197813,"Under74":159285,"Over75":86528},"Beds":{"Resuscitation":22,"IntensiveCare":64,"Total":86},"Deaths":100,"Recovered":468,"Severe":73,"Critical":2,"Emergencies":{"Suspected":7,"Total":365,"Severe":1,"Suspected/Accumulated":3473,"Total/Accumulated":76090,"Severe/Accumulated":536},"MedicalActs":{"Suspected":3,"Total":84,"Suspected/Accumulated":696,"Total/Accumulated":17057},"PCRTests":{"Total":1005,"Confirmed":43,"Total/Accumulated":88731,"Confirmed/Accumulated":1993},"Confirmed":313,"MedicalTests":{"Total/Accumulated":48,"Confirmed/Accumulated":3}},"geometry":{"type":"Point","coordinates":[-2.8780210594315263,47.764317932816574]}},{"type":"Feature","properties":{"Country/Region":"France","Province/State":"Moselle","Code":"57","Population":{"Total":1035866,"Under19":229681,"Under39":243525,"Under59":278966,"Under74":186864,"Over75":96830},"Beds":{"Resuscitation":88,"IntensiveCare":112,"Total":200},"Deaths":868,"Recovered":2688,"Severe":64,"Critical":9,"Emergencies":{"Suspected":7,"Total":648,"Severe":3,"Suspected/Accumulated":5203,"Total/Accumulated":130803,"Severe/Accumulated":2344},"PCRTests":{"Total":1905,"Confirmed":86,"Total/Accumulated":166274,"Confirmed/Accumulated":3139},"Confirmed":295,"MedicalTests":{"Total/Accumulated":3848,"Confirmed/Accumulated":665}},"geometry":{"type":"Point","coordinates":[6.73973678343949,49.04168831210189]}},{"type":"Feature","properties":{"Country/Region":"France","Province/State":"Nièvre","Code":"58","Population":{"Total":199596,"Under19":38191,"Under39":34484,"Under59":50426,"Under74":47745,"Over75":28750},"Beds":{"Resuscitation":12,"IntensiveCare":32,"Total":44},"Deaths":28,"Recovered":115,"Severe":4,"Critical":1,"Emergencies":{"Suspected":3,"Total":180,"Severe":3,"Suspected/Accumulated":1068,"Total/Accumulated":35259,"Severe/Accumulated":411},"PCRTests":{"Total":279,"Confirmed":6,"Total/Accumulated":27594,"Confirmed/Accumulated":511},"Confirmed":2,"MedicalTests":{"Total/Accumulated":2556,"Confirmed/Accumulated":167}},"geometry":{"type":"Point","coordinates":[3.547376999999999,47.143300999999994]}},{"type":"Feature","properties":{"Country/Region":"France","Province/State":"Nord","Code":"59","Population":{"Total":2588988,"Under19":675470,"Under39":665053,"Under59":646791,"Under74":405380,"Over75":196294},"Beds":{"Resuscitation":225,"IntensiveCare":698,"Total":923},"Deaths":716,"Recovered":3023,"Severe":310,"Critical":75,"Emergencies":{"Suspected":27,"Total":1825,"Severe":11,"Suspected/Accumulated":7643,"Total/Accumulated":337389,"Severe/Accumulated":2781},"MedicalActs":{"Suspected":31,"Total":490,"Suspected/Accumulated":4211,"Total/Accumulated":90778},"PCRTests":{"Total":8277,"Confirmed":1015,"Total/Accumulated":544238,"Confirmed/Accumulated":27985},"Confirmed":39,"MedicalTests":{"Total/Accumulated":5598,"Confirmed/Accumulated":535}},"geometry":{"type":"Point","coordinates":[3.1893953197674403,50.453616308139516]}},{"type":"Feature","properties":{"Country/Region":"France","Province/State":"Oise","Code":"60","Population":{"Total":825077,"Under19":214776,"Under39":193026,"Under59":221783,"Under74":134365,"Over75":61127},"Beds":{"Resuscitation":36,"IntensiveCare":92,"Total":128},"Deaths":431,"Recovered":1312,"Severe":128,"Critical":13,"Emergencies":{"Suspected":2,"Total":166,"Severe":1,"Suspected/Accumulated":792,"Total/Accumulated":34157,"Severe/Accumulated":419},"PCRTests":{"Total":1660,"Confirmed":159,"Total/Accumulated":98524,"Confirmed/Accumulated":3882},"Confirmed":210,"MedicalTests":{"Total/Accumulated":10089,"Confirmed/Accumulated":1313}},"geometry":{"type":"Point","coordinates":[2.463008007117438,49.41459999999999]}},{"type":"Feature","properties":{"Country/Region":"France","Province/State":"Orne","Code":"61","Population":{"Total":276903,"Under19":59830,"Under39":51781,"Under59":70741,"Under74":58679,"Over75":35872},"Beds":{"Resuscitation":16,"IntensiveCare":24,"Total":40},"Deaths":46,"Recovered":273,"Severe":19,"Critical":2,"Emergencies":{"Total":177,"Suspected/Accumulated":385,"Total/Accumulated":37116,"Severe/Accumulated":50},"PCRTests":{"Total":441,"Confirmed":30,"Total/Accumulated":39221,"Confirmed/Accumulated":738},"Confirmed":28,"MedicalTests":{"Total/Accumulated":1414,"Confirmed/Accumulated":96}},"geometry":{"type":"Point","coordinates":[0.01997467181467186,48.611762664092666]}},{"type":"Feature","properties":{"Country/Region":"France","Province/State":"Pas-de-Calais","Code":"62","Population":{"Total":1452778,"Under19":367229,"Under39":336274,"Under59":374200,"Under74":255788,"Over75":119287},"Beds":{"Resuscitation":85,"IntensiveCare":274,"Total":359},"Deaths":344,"Recovered":1619,"Severe":119,"Critical":20,"Emergencies":{"Suspected":8,"Total":573,"Severe":4,"Suspected/Accumulated":1144,"Total/Accumulated":92165,"Severe/Accumulated":232},"PCRTests":{"Total":3350,"Confirmed":310,"Total/Accumulated":224578,"Confirmed/Accumulated":8535},"Confirmed":8,"MedicalTests":{"Total/Accumulated":6968,"Confirmed/Accumulated":567}},"geometry":{"type":"Point","coordinates":[2.4712310954063605,50.40984130742051]}},{"type":"Feature","properties":{"Country/Region":"France","Province/State":"Puy-de-Dôme","Code":"63","Population":{"Total":660240,"Under19":147680,"Under39":153022,"Under59":169492,"Under74":122442,"Over75":67604},"Beds":{"Resuscitation":77,"IntensiveCare":104,"Total":181},"Deaths":57,"Recovered":248,"Severe":47,"Critical":6,"Emergencies":{"Suspected":2,"Total":174,"Severe":2,"Suspected/Accumulated":590,"Total/Accumulated":31892,"Severe/Accumulated":273},"MedicalActs":{"Suspected":7,"Total":100,"Suspected/Accumulated":893,"Total/Accumulated":17922},"PCRTests":{"Total":1538,"Confirmed":123,"Total/Accumulated":99640,"Confirmed/Accumulated":2928},"Confirmed":105,"MedicalTests":{"Total/Accumulated":8601,"Confirmed/Accumulated":234}},"geometry":{"type":"Point","coordinates":[3.143235039370079,45.73685830708661]}},{"type":"Feature","properties":{"Country/Region":"France","Province/State":"Pyrénées-Atlantiques","Code":"64","Population":{"Total":683169,"Under19":144945,"Under39":141910,"Under59":182850,"Under74":130868,"Over75":82596},"Beds":{"Resuscitation":35,"IntensiveCare":110,"Total":145},"Deaths":38,"Recovered":273,"Severe":48,"Critical":6,"Emergencies":{"Suspected":3,"Total":475,"Severe":2,"Suspected/Accumulated":936,"Total/Accumulated":95306,"Severe/Accumulated":436},"MedicalActs":{"Suspected":26,"Total":280,"Suspected/Accumulated":4441,"Total/Accumulated":61714},"PCRTests":{"Total":1673,"Confirmed":116,"Total/Accumulated":116423,"Confirmed/Accumulated":3454},"Confirmed":41,"MedicalTests":{"Total/Accumulated":9041,"Confirmed/Accumulated":231}},"geometry":{"type":"Point","coordinates":[-0.7610906397306391,43.26238828282827]}},{"type":"Feature","properties":{"Country/Region":"France","Province/State":"Hautes-Pyrénées","Code":"65","Population":{"Total":226839,"Under19":44839,"Under39":42373,"Under59":59329,"Under74":49523,"Over75":30775},"Beds":{"Resuscitation":12,"IntensiveCare":44,"Total":56},"Deaths":27,"Recovered":175,"Severe":11,"Critical":4,"Emergencies":{"Total":107,"Suspected/Accumulated":47,"Total/Accumulated":22705,"Severe/Accumulated":21},"PCRTests":{"Total":422,"Confirmed":28,"Total/Accumulated":32166,"Confirmed/Accumulated":893},"Confirmed":11,"MedicalTests":{"Total/Accumulated":2990,"Confirmed/Accumulated":182}},"geometry":{"type":"Point","coordinates":[0.15248105932203385,43.134416483050856]}},{"type":"Feature","properties":{"Country/Region":"France","Province/State":"Pyrénées-Orientales","Code":"66","Population":{"Total":479000,"Under19":102236,"Under39":93899,"Under59":121501,"Under74":99671,"Over75":61693},"Beds":{"Resuscitation":32,"IntensiveCare":64,"Total":96},"Deaths":39,"Recovered":316,"Severe":22,"Critical":3,"Emergencies":{"Suspected":1,"Total":349,"Suspected/Accumulated":523,"Total/Accumulated":70155,"Severe/Accumulated":213},"MedicalActs":{"Suspected":1,"Total":100,"Suspected/Accumulated":869,"Total/Accumulated":22326},"PCRTests":{"Total":865,"Confirmed":62,"Total/Accumulated":70272,"Confirmed/Accumulated":2202},"Confirmed":35,"MedicalTests":{"Total/Accumulated":5770,"Confirmed/Accumulated":35}},"geometry":{"type":"Point","coordinates":[2.4354706043956034,42.554231208791215]}},{"type":"Feature","properties":{"Country/Region":"France","Province/State":"Bas-Rhin","Code":"67","Population":{"Total":1132607,"Under19":258105,"Under39":285390,"Under59":300661,"Under74":188150,"Over75":100301},"Beds":{"Resuscitation":122,"IntensiveCare":208,"Total":330},"Deaths":707,"Recovered":2884,"Severe":41,"Critical":13,"Emergencies":{"Suspected":4,"Total":410,"Severe":2,"Suspected/Accumulated":2760,"Total/Accumulated":85869,"Severe/Accumulated":1699},"MedicalActs":{"Suspected":7,"Total":248,"Suspected/Accumulated":3803,"Total/Accumulated":58064},"PCRTests":{"Total":2466,"Confirmed":95,"Total/Accumulated":223731,"Confirmed/Accumulated":4207},"Confirmed":376,"MedicalTests":{"Total/Accumulated":3888,"Confirmed/Accumulated":553}},"geometry":{"type":"Point","coordinates":[7.447409099526063,48.70509469194314]}},{"type":"Feature","properties":{"Country/Region":"France","Province/State":"Haut-Rhin","Code":"68","Population":{"Total":763204,"Under19":175817,"Under39":172286,"Under59":209152,"Under74":134185,"Over75":71764},"Beds":{"Resuscitation":70,"IntensiveCare":136,"Total":206},"Deaths":841,"Recovered":3231,"Severe":50,"Critical":5,"Emergencies":{"Suspected":2,"Total":418,"Severe":1,"Suspected/Accumulated":3313,"Total/Accumulated":81501,"Severe/Accumulated":2074},"MedicalActs":{"Suspected":9,"Total":99,"Suspected/Accumulated":2492,"Total/Accumulated":22806},"PCRTests":{"Total":1075,"Confirmed":42,"Total/Accumulated":123870,"Confirmed/Accumulated":2294},"Confirmed":700,"MedicalTests":{"Total/Accumulated":4045,"Confirmed/Accumulated":960}},"geometry":{"type":"Point","coordinates":[7.263731571428571,47.83921192857142]}},{"type":"Feature","properties":{"Country/Region":"France","Province/State":"Rhône","Code":"69","Population":{"Total":1876051,"Under19":478142,"Under39":523161,"Under59":455898,"Under74":259877,"Over75":158973},"Beds":{"Resuscitation":192,"IntensiveCare":422,"Total":614},"Deaths":732,"Recovered":3825,"Severe":343,"Critical":71,"Emergencies":{"Suspected":36,"Total":1160,"Severe":5,"Suspected/Accumulated":7009,"Total/Accumulated":218098,"Severe/Accumulated":2876},"MedicalActs":{"Suspected":29,"Total":330,"Suspected/Accumulated":5872,"Total/Accumulated":66120},"PCRTests":{"Total":5797,"Confirmed":717,"Total/Accumulated":355836,"Confirmed/Accumulated":22183},"Confirmed":532,"MedicalTests":{"Total/Accumulated":2582,"Confirmed/Accumulated":345}},"geometry":{"type":"Point","coordinates":[4.660707512690354,45.8811785786802]}},{"type":"Feature","properties":{"Country/Region":"France","Province/State":"Haute-Saône","Code":"70","Population":{"Total":233194,"Under19":52426,"Under39":45311,"Under59":62843,"Under74":47643,"Over75":24971},"Beds":{"Resuscitation":12,"IntensiveCare":24,"Total":36},"Deaths":77,"Recovered":311,"Severe":1,"Emergencies":{"Total":136,"Suspected/Accumulated":971,"Total/Accumulated":25070,"Severe/Accumulated":555},"PCRTests":{"Total":405,"Confirmed":12,"Total/Accumulated":32453,"Confirmed/Accumulated":410},"MedicalTests":{"Total/Accumulated":3094,"Confirmed/Accumulated":278}},"geometry":{"type":"Point","coordinates":[6.0410172972972935,47.62793234234234]}},{"type":"Feature","properties":{"Country/Region":"France","Province/State":"Saône-et-Loire","Code":"71","Population":{"Total":547824,"Under19":117389,"Under39":104206,"Under59":141715,"Under74":114530,"Over75":69984},"Beds":{"Resuscitation":26,"IntensiveCare":44,"Total":70},"Deaths":213,"Recovered":851,"Severe":45,"Critical":7,"Emergencies":{"Suspected":11,"Total":420,"Severe":4,"Suspected/Accumulated":3537,"Total/Accumulated":80869,"Severe/Accumulated":1527},"PCRTests":{"Total":1085,"Confirmed":117,"Total/Accumulated":71470,"Confirmed/Accumulated":2042},"MedicalTests":{"Total/Accumulated":3733,"Confirmed/Accumulated":254}},"geometry":{"type":"Point","coordinates":[4.528318691588785,46.63876112149533]}},{"type":"Feature","properties":{"Country/Region":"France","Province/State":"Sarthe","Code":"72","Population":{"Total":560227,"Under19":135636,"Under39":116946,"Under59":143032,"Under74":103587,"Over75":61026},"Beds":{"Resuscitation":17,"IntensiveCare":54,"Total":71},"Deaths":95,"Recovered":489,"Severe":44,"Emergencies":{"Suspected":14,"Total":329,"Severe":8,"Suspected/Accumulated":3469,"Total/Accumulated":68242,"Severe/Accumulated":2088},"PCRTests":{"Total":945,"Confirmed":57,"Total/Accumulated":91280,"Confirmed/Accumulated":3123},"Confirmed":422,"MedicalTests":{"Total/Accumulated":84,"Confirmed/Accumulated":3}},"geometry":{"type":"Point","coordinates":[0.1986467741935485,47.9763005529954]}},{"type":"Feature","properties":{"Country/Region":"France","Province/State":"Savoie","Code":"73","Population":{"Total":432548,"Under19":98346,"Under39":96013,"Under59":117417,"Under74":76722,"Over75":44050},"Beds":{"Resuscitation":18,"IntensiveCare":36,"Total":54},"Deaths":80,"Recovered":470,"Severe":22,"Critical":5,"Emergencies":{"Suspected":3,"Total":161,"Severe":3,"Suspected/Accumulated":777,"Total/Accumulated":40454,"Severe/Accumulated":280},"MedicalActs":{"Suspected":12,"Total":122,"Suspected/Accumulated":1207,"Total/Accumulated":18385},"PCRTests":{"Total":797,"Confirmed":60,"Total/Accumulated":52228,"Confirmed/Accumulated":1510},"Confirmed":114,"MedicalTests":{"Total/Accumulated":373,"Confirmed/Accumulated":39}},"geometry":{"type":"Point","coordinates":[6.4038603585657325,45.50301760956176]}},{"type":"Feature","properties":{"Country/Region":"France","Province/State":"Haute-Savoie","Code":"74","Population":{"Total":828405,"Under19":203837,"Under39":209477,"Under59":227355,"Under74":122439,"Over75":65297},"Beds":{"Resuscitation":34,"IntensiveCare":82,"Total":116},"Deaths":176,"Recovered":988,"Severe":39,"Critical":2,"Emergencies":{"Suspected":6,"Total":601,"Severe":3,"Suspected/Accumulated":3280,"Total/Accumulated":132204,"Severe/Accumulated":912},"MedicalActs":{"Suspected":10,"Total":137,"Suspected/Accumulated":1835,"Total/Accumulated":27707},"PCRTests":{"Total":1291,"Confirmed":74,"Total/Accumulated":102158,"Confirmed/Accumulated":3150},"Confirmed":310,"MedicalTests":{"Total/Accumulated":3391,"Confirmed/Accumulated":605}},"geometry":{"type":"Point","coordinates":[6.452374226804124,46.01403216494844]}},{"type":"Feature","properties":{"Country/Region":"France","Province/State":"Paris","Code":"75","Population":{"Total":2148271,"Under19":406652,"Under39":718825,"Under59":536676,"Under74":311978,"Over75":174140},"Beds":{"Resuscitation":389,"IntensiveCare":1082,"Total":1471},"Deaths":1882,"Recovered":7265,"Severe":413,"Critical":109,"Emergencies":{"Suspected":66,"Total":1313,"Severe":22,"Suspected/Accumulated":19467,"Total/Accumulated":251074,"Severe/Accumulated":4537},"MedicalActs":{"Suspected":64,"Total":741,"Suspected/Accumulated":11341,"Total/Accumulated":137677},"PCRTests":{"Total":7985,"Confirmed":1216,"Total/Accumulated":556577,"Confirmed/Accumulated":35551},"Confirmed":126,"MedicalTests":{"Total/Accumulated":17676,"Confirmed/Accumulated":4072}},"geometry":{"type":"Point","coordinates":[2.3550152173913044,48.8535647826087]}},{"type":"Feature","properties":{"Country/Region":"France","Province/State":"Seine-Maritime","Code":"76","Population":{"Total":1243788,"Under19":303968,"Under39":294607,"Under59":310458,"Under74":218116,"Over75":116639},"Beds":{"Resuscitation":93,"IntensiveCare":300,"Total":393},"Deaths":197,"Recovered":956,"Severe":135,"Critical":18,"Emergencies":{"Suspected":12,"Total":916,"Severe":4,"Suspected/Accumulated":2557,"Total/Accumulated":173342,"Severe/Accumulated":1220},"MedicalActs":{"Suspected":20,"Total":95,"Suspected/Accumulated":1742,"Total/Accumulated":17780},"PCRTests":{"Total":2253,"Confirmed":290,"Total/Accumulated":185580,"Confirmed/Accumulated":8220},"Confirmed":233,"MedicalTests":{"Total/Accumulated":6636,"Confirmed/Accumulated":432}},"geometry":{"type":"Point","coordinates":[1.114674462365592,49.5942889784946]}},{"type":"Feature","properties":{"Country/Region":"France","Province/State":"Seine-et-Marne","Code":"77","Population":{"Total":1423607,"Under19":392025,"Under39":357752,"Under59":382068,"Under74":199768,"Over75":91994},"Beds":{"Resuscitation":77,"IntensiveCare":100,"Total":177},"Deaths":736,"Recovered":3113,"Severe":146,"Critical":39,"Emergencies":{"Suspected":12,"Total":569,"Severe":4,"Suspected/Accumulated":3860,"Total/Accumulated":104726,"Severe/Accumulated":1746},"MedicalActs":{"Suspected":23,"Total":221,"Suspected/Accumulated":2976,"Total/Accumulated":42897},"PCRTests":{"Total":2591,"Confirmed":341,"Total/Accumulated":214139,"Confirmed/Accumulated":9940},"Confirmed":42,"MedicalTests":{"Total/Accumulated":9452,"Confirmed/Accumulated":1736}},"geometry":{"type":"Point","coordinates":[2.9385241532258073,48.61862185483869]}},{"type":"Feature","properties":{"Country/Region":"France","Province/State":"Yvelines","Code":"78","Population":{"Total":1448625,"Under19":385814,"Under39":341694,"Under59":394186,"Under74":209492,"Over75":117439},"Beds":{"Resuscitation":84,"IntensiveCare":204,"Total":288},"Deaths":571,"Recovered":2780,"Severe":200,"Critical":24,"Emergencies":{"Suspected":25,"Total":862,"Severe":8,"Suspected/Accumulated":4413,"Total/Accumulated":148691,"Severe/Accumulated":1388},"MedicalActs":{"Suspected":16,"Total":161,"Suspected/Accumulated":2934,"Total/Accumulated":28089},"PCRTests":{"Total":3063,"Confirmed":399,"Total/Accumulated":219057,"Confirmed/Accumulated":11414},"Confirmed":70,"MedicalTests":{"Total/Accumulated":8274,"Confirmed/Accumulated":1214}},"geometry":{"type":"Point","coordinates":[1.8294258823529415,48.80823257352944]}},{"type":"Feature","properties":{"Country/Region":"France","Province/State":"Deux-Sèvres","Code":"79","Population":{"Total":372627,"Under19":85106,"Under39":73604,"Under59":98839,"Under74":72067,"Over75":43011},"Beds":{"Resuscitation":8,"IntensiveCare":36,"Total":44},"Deaths":24,"Recovered":76,"Severe":7,"Critical":1,"Emergencies":{"Suspected":2,"Total":255,"Severe":1,"Suspected/Accumulated":577,"Total/Accumulated":43456,"Severe/Accumulated":185},"PCRTests":{"Total":465,"Confirmed":19,"Total/Accumulated":46953,"Confirmed/Accumulated":919},"Confirmed":11,"MedicalTests":{"Total/Accumulated":81,"Confirmed/Accumulated":5}},"geometry":{"type":"Point","coordinates":[-0.29978133828996273,46.53994301115242]}},{"type":"Feature","properties":{"Country/Region":"France","Province/State":"Somme","Code":"80","Population":{"Total":569769,"Under19":138211,"Under39":134953,"Under59":144752,"Under74":100734,"Over75":51119},"Beds":{"Resuscitation":58,"IntensiveCare":164,"Total":222},"Deaths":240,"Recovered":787,"Severe":58,"Critical":11,"Emergencies":{"Suspected":5,"Total":371,"Severe":3,"Suspected/Accumulated":1833,"Total/Accumulated":70633,"Severe/Accumulated":743},"MedicalActs":{"Suspected":17,"Total":254,"Suspected/Accumulated":2814,"Total/Accumulated":43929},"PCRTests":{"Total":1189,"Confirmed":94,"Total/Accumulated":75387,"Confirmed/Accumulated":2205},"Confirmed":54,"MedicalTests":{"Total/Accumulated":6063,"Confirmed/Accumulated":539}},"geometry":{"type":"Point","coordinates":[2.3486719850187256,49.97418277153558]}},{"type":"Feature","properties":{"Country/Region":"France","Province/State":"Tarn","Code":"81","Population":{"Total":387898,"Under19":84873,"Under39":74511,"Under59":102349,"Under74":77279,"Over75":48886},"Beds":{"Resuscitation":24,"IntensiveCare":70,"Total":94},"Deaths":25,"Recovered":153,"Severe":38,"Critical":6,"Emergencies":{"Suspected":4,"Total":286,"Severe":4,"Suspected/Accumulated":914,"Total/Accumulated":55152,"Severe/Accumulated":243},"PCRTests":{"Total":734,"Confirmed":73,"Total/Accumulated":54374,"Confirmed/Accumulated":2053},"Confirmed":14,"MedicalTests":{"Total/Accumulated":2180,"Confirmed/Accumulated":44}},"geometry":{"type":"Point","coordinates":[2.1808796818181815,43.78627254545453]}},{"type":"Feature","properties":{"Country/Region":"France","Province/State":"Tarn-et-Garonne","Code":"82","Population":{"Total":262618,"Under19":63559,"Under39":53023,"Under59":70354,"Under74":48046,"Over75":27636},"Beds":{"Resuscitation":18,"IntensiveCare":40,"Total":58},"Deaths":8,"Recovered":63,"Severe":21,"Critical":6,"Emergencies":{"Suspected":9,"Total":172,"Severe":3,"Suspected/Accumulated":1157,"Total/Accumulated":34202,"Severe/Accumulated":452},"PCRTests":{"Total":583,"Confirmed":40,"Total/Accumulated":40167,"Confirmed/Accumulated":1380},"Confirmed":11,"MedicalTests":{"Total/Accumulated":2144,"Confirmed/Accumulated":73}},"geometry":{"type":"Point","coordinates":[1.3350866094420606,44.1164032618026]}},{"type":"Feature","properties":{"Country/Region":"France","Province/State":"Var","Code":"83","Population":{"Total":1073836,"Under19":224216,"Under39":215361,"Under59":276842,"Under74":218239,"Over75":139178},"Beds":{"Resuscitation":60,"IntensiveCare":84,"Total":144},"Deaths":159,"Recovered":1185,"Severe":54,"Critical":14,"Emergencies":{"Suspected":5,"Total":626,"Severe":3,"Suspected/Accumulated":2738,"Total/Accumulated":142048,"Severe/Accumulated":1484},"MedicalActs":{"Suspected":25,"Total":475,"Suspected/Accumulated":6123,"Total/Accumulated":89985},"PCRTests":{"Total":2242,"Confirmed":124,"Total/Accumulated":191616,"Confirmed/Accumulated":5867},"Confirmed":186,"MedicalTests":{"Total/Accumulated":11196,"Confirmed/Accumulated":470}},"geometry":{"type":"Point","coordinates":[6.2341132170542615,43.37767961240309]}},{"type":"Feature","properties":{"Country/Region":"France","Province/State":"Vaucluse","Code":"84","Population":{"Total":560997,"Under19":132211,"Under39":118607,"Under59":147247,"Under74":103567,"Over75":59365},"Beds":{"Resuscitation":16,"IntensiveCare":60,"Total":76},"Deaths":62,"Recovered":384,"Severe":84,"Critical":14,"Emergencies":{"Suspected":6,"Total":402,"Severe":3,"Suspected/Accumulated":1190,"Total/Accumulated":92768,"Severe/Accumulated":673},"MedicalActs":{"Suspected":3,"Total":32,"Suspected/Accumulated":215,"Total/Accumulated":7052},"PCRTests":{"Total":1183,"Confirmed":73,"Total/Accumulated":77767,"Confirmed/Accumulated":3329},"Confirmed":45,"MedicalTests":{"Total/Accumulated":8198,"Confirmed/Accumulated":217}},"geometry":{"type":"Point","coordinates":[5.137687100591716,44.08826047337278]}},{"type":"Feature","properties":{"Country/Region":"France","Province/State":"Vendée","Code":"85","Population":{"Total":683187,"Under19":155162,"Under39":132680,"Under59":176377,"Under74":142178,"Over75":76790},"Beds":{"Resuscitation":18,"IntensiveCare":44,"Total":62},"Deaths":44,"Recovered":302,"Severe":18,"Critical":4,"Emergencies":{"Suspected":1,"Total":413,"Severe":1,"Suspected/Accumulated":1300,"Total/Accumulated":78471,"Severe/Accumulated":609},"PCRTests":{"Total":1013,"Confirmed":60,"Total/Accumulated":83355,"Confirmed/Accumulated":1402},"Confirmed":147,"MedicalTests":{"Total/Accumulated":347,"Confirmed/Accumulated":9}},"geometry":{"type":"Point","coordinates":[-1.3851340601503754,46.70726116541352]}},{"type":"Feature","properties":{"Country/Region":"France","Province/State":"Vienne","Code":"86","Population":{"Total":437398,"Under19":101362,"Under39":100176,"Under59":108284,"Under74":79480,"Over75":48096},"Beds":{"Resuscitation":53,"IntensiveCare":124,"Total":177},"Deaths":42,"Recovered":171,"Severe":8,"Critical":1,"Emergencies":{"Suspected":3,"Total":234,"Severe":1,"Suspected/Accumulated":623,"Total/Accumulated":46006,"Severe/Accumulated":291},"PCRTests":{"Total":632,"Confirmed":27,"Total/Accumulated":60160,"Confirmed/Accumulated":1741},"Confirmed":53,"MedicalTests":{"Total/Accumulated":1102,"Confirmed/Accumulated":28}},"geometry":{"type":"Point","coordinates":[0.42368070921985806,46.57872638297872]}},{"type":"Feature","properties":{"Country/Region":"France","Province/State":"Haute-Vienne","Code":"87","Population":{"Total":370774,"Under19":79173,"Under39":77448,"Under59":94509,"Under74":74186,"Over75":45458},"Beds":{"Resuscitation":24,"IntensiveCare":144,"Total":168},"Deaths":36,"Recovered":164,"Severe":29,"Critical":4,"Emergencies":{"Suspected":1,"Total":260,"Severe":1,"Suspected/Accumulated":538,"Total/Accumulated":51672,"Severe/Accumulated":280},"MedicalActs":{"Suspected":14,"Total":174,"Suspected/Accumulated":1127,"Total/Accumulated":29736},"PCRTests":{"Total":717,"Confirmed":59,"Total/Accumulated":41911,"Confirmed/Accumulated":1255},"Confirmed":21,"MedicalTests":{"Total/Accumulated":1623,"Confirmed/Accumulated":67}},"geometry":{"type":"Point","coordinates":[1.2410431872509962,45.895894860557746]}},{"type":"Feature","properties":{"Country/Region":"France","Province/State":"Vosges","Code":"88","Population":{"Total":359520,"Under19":77042,"Under39":70274,"Under59":94740,"Under74":75920,"Over75":41544},"Beds":{"Resuscitation":8,"IntensiveCare":24,"Total":32},"Deaths":268,"Recovered":768,"Severe":2,"Emergencies":{"Suspected":2,"Total":265,"Severe":1,"Suspected/Accumulated":2896,"Total/Accumulated":54094,"Severe/Accumulated":1008},"PCRTests":{"Total":515,"Confirmed":19,"Total/Accumulated":51921,"Confirmed/Accumulated":769},"Confirmed":66,"MedicalTests":{"Total/Accumulated":3101,"Confirmed/Accumulated":400}},"geometry":{"type":"Point","coordinates":[6.2957204247104235,48.23006027027029]}},{"type":"Feature","properties":{"Country/Region":"France","Province/State":"Yonne","Code":"89","Population":{"Total":332096,"Under19":73991,"Under39":64975,"Under59":86159,"Under74":68966,"Over75":38005},"Beds":{"Resuscitation":18,"IntensiveCare":32,"Total":50},"Deaths":95,"Recovered":439,"Severe":15,"Critical":4,"Emergencies":{"Suspected":11,"Total":347,"Severe":2,"Suspected/Accumulated":2239,"Total/Accumulated":62388,"Severe/Accumulated":612},"MedicalActs":{"Suspected":6,"Total":68,"Suspected/Accumulated":1416,"Total/Accumulated":14936},"PCRTests":{"Total":629,"Confirmed":24,"Total/Accumulated":51236,"Confirmed/Accumulated":1214},"MedicalTests":{"Total/Accumulated":633,"Confirmed/Accumulated":62}},"geometry":{"type":"Point","coordinates":[3.57333820338983,47.84307762711864]}},{"type":"Feature","properties":{"Country/Region":"France","Province/State":"Territoire de Belfort","Code":"90","Population":{"Total":140145,"Under19":33166,"Under39":32553,"Under59":36366,"Under74":24639,"Over75":13421},"Beds":{"Resuscitation":25,"IntensiveCare":40,"Total":65},"Deaths":201,"Recovered":579,"Severe":7,"Critical":2,"Emergencies":{"Total":153,"Suspected/Accumulated":1023,"Total/Accumulated":31865,"Severe/Accumulated":574},"PCRTests":{"Total":190,"Confirmed":7,"Total/Accumulated":21725,"Confirmed/Accumulated":425},"MedicalTests":{"Total/Accumulated":853,"Confirmed/Accumulated":108}},"geometry":{"type":"Point","coordinates":[6.93897388888889,47.60873597222223]}},{"type":"Feature","properties":{"Country/Region":"France","Province/State":"Essonne","Code":"91","Population":{"Total":1319401,"Under19":360333,"Under39":338878,"Under59":349395,"Under74":176919,"Over75":93876},"Beds":{"Resuscitation":97,"IntensiveCare":164,"Total":261},"Deaths":652,"Recovered":3087,"Severe":179,"Critical":33,"Emergencies":{"Suspected":18,"Total":649,"Severe":5,"Suspected/Accumulated":5095,"Total/Accumulated":110005,"Severe/Accumulated":1421},"MedicalActs":{"Suspected":20,"Total":134,"Suspected/Accumulated":1750,"Total/Accumulated":25573},"PCRTests":{"Total":2759,"Confirmed":381,"Total/Accumulated":207740,"Confirmed/Accumulated":10699},"Confirmed":30,"MedicalTests":{"Total/Accumulated":13409,"Confirmed/Accumulated":2366}},"geometry":{"type":"Point","coordinates":[2.2519983333333338,48.50948216666667]}},{"type":"Feature","properties":{"Country/Region":"France","Province/State":"Hauts-de-Seine","Code":"92","Population":{"Total":1613762,"Under19":393984,"Under39":457571,"Under59":428782,"Under74":211036,"Over75":122389},"Beds":{"Resuscitation":184,"IntensiveCare":276,"Total":460},"Deaths":1149,"Recovered":5532,"Severe":306,"Critical":68,"Emergencies":{"Suspected":31,"Total":782,"Severe":12,"Suspected/Accumulated":5020,"Total/Accumulated":153415,"Severe/Accumulated":1436},"PCRTests":{"Total":4897,"Confirmed":657,"Total/Accumulated":355819,"Confirmed/Accumulated":19819},"Confirmed":59,"MedicalTests":{"Total/Accumulated":11950,"Confirmed/Accumulated":2683}},"geometry":{"type":"Point","coordinates":[2.2538900000000006,48.84266823529411]}},{"type":"Feature","properties":{"Country/Region":"France","Province/State":"Seine-Saint-Denis","Code":"93","Population":{"Total":1670149,"Under19":485032,"Under39":478299,"Under59":428192,"Under74":194935,"Over75":83691},"Beds":{"Resuscitation":100,"IntensiveCare":218,"Total":318},"Deaths":1070,"Recovered":4738,"Severe":413,"Critical":56,"Emergencies":{"Suspected":54,"Total":944,"Severe":9,"Suspected/Accumulated":8061,"Total/Accumulated":174963,"Severe/Accumulated":1739},"PCRTests":{"Total":3890,"Confirmed":649,"Total/Accumulated":293402,"Confirmed/Accumulated":19244},"Confirmed":45,"MedicalTests":{"Total/Accumulated":8715,"Confirmed/Accumulated":2518}},"geometry":{"type":"Point","coordinates":[2.474763409090909,48.91863045454546]}},{"type":"Feature","properties":{"Country/Region":"France","Province/State":"Val-de-Marne","Code":"94","Population":{"Total":1406041,"Under19":359600,"Under39":390124,"Under59":368199,"Under74":187814,"Over75":100304},"Beds":{"Resuscitation":156,"IntensiveCare":338,"Total":494},"Deaths":1273,"Recovered":5081,"Severe":334,"Critical":42,"Emergencies":{"Suspected":33,"Total":956,"Severe":12,"Suspected/Accumulated":9694,"Total/Accumulated":176385,"Severe/Accumulated":3349},"PCRTests":{"Total":3552,"Confirmed":548,"Total/Accumulated":271472,"Confirmed/Accumulated":16823},"Confirmed":48,"MedicalTests":{"Total/Accumulated":8850,"Confirmed/Accumulated":1817}},"geometry":{"type":"Point","coordinates":[2.47453725,48.775524499999996]}},{"type":"Feature","properties":{"Country/Region":"France","Province/State":"Val-d'Oise","Code":"95","Population":{"Total":1248354,"Under19":357525,"Under39":326622,"Under59":322949,"Under74":166265,"Over75":74993},"Beds":{"Resuscitation":60,"IntensiveCare":130,"Total":190},"Deaths":773,"Recovered":3200,"Severe":168,"Critical":28,"Emergencies":{"Suspected":27,"Total":797,"Severe":10,"Suspected/Accumulated":10333,"Total/Accumulated":155165,"Severe/Accumulated":3314},"MedicalActs":{"Suspected":10,"Total":216,"Suspected/Accumulated":3206,"Total/Accumulated":47131},"PCRTests":{"Total":2830,"Confirmed":483,"Total/Accumulated":212875,"Confirmed/Accumulated":12532},"Confirmed":60,"MedicalTests":{"Total/Accumulated":7014,"Confirmed/Accumulated":1871}},"geometry":{"type":"Point","coordinates":[2.092522396694214,49.08765355371902]}},{"type":"Feature","properties":{"Country/Region":"France","Province/State":"La Réunion","Code":"974","Population":{"Total":859959,"Under19":256143,"Under39":202783,"Under59":239212,"Under74":117045,"Over75":44776},"Beds":{"Resuscitation":52,"IntensiveCare":154,"Total":206},"Deaths":21,"Recovered":397,"Severe":53,"Critical":15,"Emergencies":{"Suspected":6,"Total":376,"Severe":3,"Suspected/Accumulated":485,"Total/Accumulated":81407,"Severe/Accumulated":297},"PCRTests":{"Total":1531,"Confirmed":70,"Total/Accumulated":166874,"Confirmed/Accumulated":3974},"MedicalTests":{"Total/Accumulated":19,"Confirmed/Accumulated":1}},"geometry":{"type":"Point","coordinates":[55.52943947368424,-21.1374047368421]}}]}