{"type":"FeatureCollection","features":[{"type":"Feature","properties":{"Country/Region":"France","Province/State":"Guadeloupe","Code":"971","Population":{"Total":376879,"Under19":90617,"Under39":71707,"Under59":109452,"Under74":70936,"Over75":34167},"Beds":{"Resuscitation":27,"IntensiveCare":68,"Total":95},"Deaths":168,"Recovered":771,"Severe":49,"Critical":4,"Emergencies":{"Suspected":1,"Total":254,"Suspected/Accumulated":1671,"Total/Accumulated":66231,"Severe/Accumulated":759},"PCRTests":{"Total":636,"Confirmed":22,"Total/Accumulated":91029,"Confirmed/Accumulated":8628},"Confirmed":106,"MedicalTests":{"Total/Accumulated":51,"Confirmed/Accumulated":17}},"geometry":{"type":"Point","coordinates":[-61.493846272189366,16.20469674556213]}},{"type":"Feature","properties":{"Country/Region":"France","Province/State":"Martinique","Code":"972","Population":{"Total":358749,"Under19":77005,"Under39":65776,"Under59":105638,"Under74":72163,"Over75":38167},"Beds":{"Resuscitation":26,"IntensiveCare":58,"Total":84},"Deaths":43,"Recovered":374,"Severe":13,"Critical":4,"MedicalActs":{"Total":114,"Suspected/Accumulated":637,"Total/Accumulated":33985},"PCRTests":{"Total":688,"Confirmed":18,"Total/Accumulated":107485,"Confirmed/Accumulated":6040},"Confirmed":16,"MedicalTests":{"Total/Accumulated":29,"Confirmed/Accumulated":6}},"geometry":{"type":"Point","coordinates":[-60.98265692913386,14.6217557480315]}},{"type":"Feature","properties":{"Country/Region":"France","Province/State":"Guyane","Code":"973","Population":{"Total":290691,"Under19":120681,"Under39":80023,"Under59":61783,"Under74":22111,"Over75":6093},"Beds":{"Resuscitation":13,"IntensiveCare":12,"Total":25},"Deaths":70,"Recovered":2008,"Severe":35,"Critical":5,"Emergencies":{"Suspected":14,"Total":287,"Severe":5,"Suspected/Accumulated":2231,"Total/Accumulated":62208,"Severe/Accumulated":1012},"PCRTests":{"Total":1493,"Confirmed":205,"Total/Accumulated":119056,"Confirmed/Accumulated":13036},"Confirmed":43,"MedicalTests":{"Total/Accumulated":35,"Confirmed/Accumulated":4}},"geometry":{"type":"Point","coordinates":[-53.41731165390502,3.588901056661561]}},{"type":"Feature","properties":{"Country/Region":"France","Province/State":"Mayotte","Code":"976","Population":{"Total":279471,"Under19":150257,"Under39":74348,"Under59":42900,"Under74":9521,"Over75":2445},"Beds":{"Resuscitation":6,"IntensiveCare":0,"Total":6},"Deaths":42,"Recovered":561,"Severe":5,"Emergencies":{"Suspected":1,"Total":129,"Severe":1,"Suspected/Accumulated":1999,"Total/Accumulated":33858,"Severe/Accumulated":291},"PCRTests":{"Total":1019,"Confirmed":100,"Total/Accumulated":49584,"Confirmed/Accumulated":4717},"Confirmed":128,"MedicalTests":{"Total/Accumulated":4,"Confirmed/Accumulated":1}},"geometry":{"type":"Point","coordinates":[45.14160071428572,-12.835344166666673]}},{"type":"Feature","properties":{"Country/Region":"France","Province/State":"Ain","Code":"01","Population":{"Total":656955,"Under19":167666,"Under39":151084,"Under59":179469,"Under74":104453,"Over75":54283},"Beds":{"Resuscitation":22,"IntensiveCare":20,"Total":42},"Deaths":392,"Recovered":1579,"Severe":263,"Critical":18,"Emergencies":{"Suspected":7,"Total":223,"Severe":1,"Suspected/Accumulated":2776,"Total/Accumulated":76177,"Severe/Accumulated":1222},"PCRTests":{"Total":2986,"Confirmed":286,"Total/Accumulated":326622,"Confirmed/Accumulated":37155},"Confirmed":118,"MedicalTests":{"Total/Accumulated":3606,"Confirmed/Accumulated":382}},"geometry":{"type":"Point","coordinates":[5.430359734513273,46.106026415929215]}},{"type":"Feature","properties":{"Country/Region":"France","Province/State":"Aisne","Code":"02","Population":{"Total":526050,"Under19":129852,"Under39":114042,"Under59":135164,"Under74":98046,"Over75":48946},"Beds":{"Resuscitation":34,"IntensiveCare":110,"Total":144},"Deaths":563,"Recovered":2110,"Severe":286,"Critical":20,"Emergencies":{"Suspected":17,"Total":423,"Severe":8,"Suspected/Accumulated":4848,"Total/Accumulated":111391,"Severe/Accumulated":1591},"MedicalActs":{"Suspected":24,"Total":395,"Suspected/Accumulated":2847,"Total/Accumulated":74039},"PCRTests":{"Total":2745,"Confirmed":275,"Total/Accumulated":210664,"Confirmed/Accumulated":16873},"Confirmed":59,"MedicalTests":{"Total/Accumulated":3072,"Confirmed/Accumulated":456}},"geometry":{"type":"Point","coordinates":[3.5153965625000003,49.457888298611124]}},{"type":"Feature","properties":{"Country/Region":"France","Province/State":"Allier","Code":"03","Population":{"Total":331315,"Under19":66659,"Under39":61490,"Under59":85304,"Under74":72079,"Over75":45783},"Beds":{"Resuscitation":24,"IntensiveCare":56,"Total":80},"Deaths":354,"Recovered":1137,"Severe":225,"Critical":19,"Emergencies":{"Suspected":11,"Total":157,"Severe":10,"Suspected/Accumulated":1886,"Total/Accumulated":51925,"Severe/Accumulated":1148},"PCRTests":{"Total":2125,"Confirmed":164,"Total/Accumulated":181086,"Confirmed/Accumulated":13587},"Confirmed":38,"MedicalTests":{"Total/Accumulated":1177,"Confirmed/Accumulated":12}},"geometry":{"type":"Point","coordinates":[3.1778756690140857,46.39097419014088]}},{"type":"Feature","properties":{"Country/Region":"France","Province/State":"Alpes-de-Haute-Provence","Code":"04","Population":{"Total":165197,"Under19":34281,"Under39":30814,"Under59":43423,"Under74":35681,"Over75":20998},"Beds":{"Resuscitation":6,"IntensiveCare":0,"Total":6},"Deaths":118,"Recovered":561,"Severe":150,"Critical":5,"Emergencies":{"Suspected":7,"Total":144,"Severe":4,"Suspected/Accumulated":1195,"Total/Accumulated":48441,"Severe/Accumulated":646},"PCRTests":{"Total":1016,"Confirmed":56,"Total/Accumulated":78625,"Confirmed/Accumulated":5343},"Confirmed":22,"MedicalTests":{"Total/Accumulated":1722,"Confirmed/Accumulated":63}},"geometry":{"type":"Point","coordinates":[6.294359440298507,44.152788992537346]}},{"type":"Feature","properties":{"Country/Region":"France","Province/State":"Hautes-Alpes","Code":"05","Population":{"Total":141756,"Under19":30280,"Under39":27715,"Under59":37829,"Under74":29047,"Over75":16885},"Beds":{"Resuscitation":8,"IntensiveCare":0,"Total":8},"Deaths":153,"Recovered":616,"Severe":153,"Critical":9,"Emergencies":{"Suspected":7,"Total":126,"Severe":2,"Suspected/Accumulated":1680,"Total/Accumulated":43013,"Severe/Accumulated":465},"PCRTests":{"Total":931,"Confirmed":80,"Total/Accumulated":64733,"Confirmed/Accumulated":7234},"Confirmed":42,"MedicalTests":{"Total/Accumulated":658,"Confirmed/Accumulated":4}},"geometry":{"type":"Point","coordinates":[6.205986298932386,44.64177099644131]}},{"type":"Feature","properties":{"Country/Region":"France","Province/State":"Alpes-Maritimes","Code":"06","Population":{"Total":1079396,"Under19":226862,"Under39":232814,"Under59":282249,"Under74":198428,"Over75":139043},"Beds":{"Resuscitation":89,"IntensiveCare":182,"Total":271},"Deaths":671,"Recovered":2816,"Severe":587,"Critical":76,"Emergencies":{"Suspected":41,"Total":795,"Severe":32,"Suspected/Accumulated":6192,"Total/Accumulated":246218,"Severe/Accumulated":3478},"MedicalActs":{"Suspected":14,"Total":189,"Suspected/Accumulated":3738,"Total/Accumulated":51147},"PCRTests":{"Total":12013,"Confirmed":1171,"Total/Accumulated":708902,"Confirmed/Accumulated":49145},"Confirmed":194,"MedicalTests":{"Total/Accumulated":5759,"Confirmed/Accumulated":263}},"geometry":{"type":"Point","coordinates":[7.093963618090453,43.90811477386935]}},{"type":"Feature","properties":{"Country/Region":"France","Province/State":"Corse-du-Sud","Code":"2A","Population":{"Total":162421,"Under19":31630,"Under39":34910,"Under59":45312,"Under74":31004,"Over75":19565},"Beds":{"Resuscitation":10,"IntensiveCare":30,"Total":40},"Deaths":77,"Recovered":289,"Severe":12,"Critical":3,"Emergencies":{"Total":86,"Suspected/Accumulated":303,"Total/Accumulated":31664,"Severe/Accumulated":238},"MedicalActs":{"Suspected":2,"Total":116,"Suspected/Accumulated":1514,"Total/Accumulated":24977},"PCRTests":{"Total":1431,"Confirmed":27,"Total/Accumulated":101083,"Confirmed/Accumulated":3827},"Confirmed":207},"geometry":{"type":"Point","coordinates":[8.933891598360661,41.87995627049185]}},{"type":"Feature","properties":{"Country/Region":"France","Province/State":"Haute-Corse","Code":"2B","Population":{"Total":182258,"Under19":36925,"Under39":42075,"Under59":47863,"Under74":34671,"Over75":20724},"Beds":{"Resuscitation":8,"IntensiveCare":12,"Total":20},"Deaths":39,"Recovered":232,"Severe":10,"Critical":8,"Emergencies":{"Suspected":3,"Total":97,"Severe":2,"Suspected/Accumulated":2377,"Total/Accumulated":37693,"Severe/Accumulated":2115},"PCRTests":{"Total":1618,"Confirmed":39,"Total/Accumulated":108266,"Confirmed/Accumulated":3786},"Confirmed":56},"geometry":{"type":"Point","coordinates":[9.12993101604278,42.44040566844919]}},{"type":"Feature","properties":{"Country/Region":"France","Province/State":"Ardèche","Code":"07","Population":{"Total":326875,"Under19":70594,"Under39":61093,"Under59":88160,"Under74":68490,"Over75":38538},"Beds":{"Resuscitation":8,"IntensiveCare":0,"Total":8},"Deaths":320,"Recovered":1172,"Severe":170,"Critical":8,"Emergencies":{"Suspected":5,"Total":196,"Severe":1,"Suspected/Accumulated":1775,"Total/Accumulated":57289,"Severe/Accumulated":615},"PCRTests":{"Total":1747,"Confirmed":148,"Total/Accumulated":154168,"Confirmed/Accumulated":15193},"Confirmed":128,"MedicalTests":{"Total/Accumulated":1210,"Confirmed/Accumulated":123}},"geometry":{"type":"Point","coordinates":[4.425911157407411,44.77470101851853]}},{"type":"Feature","properties":{"Country/Region":"France","Province/State":"Ardennes","Code":"08","Population":{"Total":265531,"Under19":60337,"Under39":55870,"Under59":70459,"Under74":52021,"Over75":26844},"Beds":{"Resuscitation":12,"IntensiveCare":42,"Total":54},"Deaths":231,"Recovered":619,"Severe":186,"Critical":13,"Emergencies":{"Suspected":3,"Total":198,"Severe":2,"Suspected/Accumulated":467,"Total/Accumulated":59213,"Severe/Accumulated":188},"PCRTests":{"Total":2021,"Confirmed":140,"Total/Accumulated":165742,"Confirmed/Accumulated":12163},"Confirmed":3,"MedicalTests":{"Total/Accumulated":1117,"Confirmed/Accumulated":101}},"geometry":{"type":"Point","coordinates":[4.717836481481479,49.63503592592596]}},{"type":"Feature","properties":{"Country/Region":"France","Province/State":"Ariège","Code":"09","Population":{"Total":152398,"Under19":30718,"Under39":28780,"Under59":40432,"Under74":32667,"Over75":19801},"Beds":{"Resuscitation":8,"IntensiveCare":16,"Total":24},"Deaths":36,"Recovered":152,"Severe":47,"Critical":2,"Emergencies":{"Suspected":1,"Total":109,"Severe":1,"Suspected/Accumulated":398,"Total/Accumulated":31682,"Severe/Accumulated":185},"PCRTests":{"Total":1169,"Confirmed":64,"Total/Accumulated":68646,"Confirmed/Accumulated":4270},"Confirmed":3,"MedicalTests":{"Total/Accumulated":943,"Confirmed/Accumulated":7}},"geometry":{"type":"Point","coordinates":[1.5308575113122171,42.951783619909506]}},{"type":"Feature","properties":{"Country/Region":"France","Province/State":"Aube","Code":"10","Population":{"Total":309907,"Under19":74513,"Under39":69749,"Under59":77945,"Under74":56336,"Over75":31364},"Beds":{"Resuscitation":12,"IntensiveCare":36,"Total":48},"Deaths":272,"Recovered":1154,"Severe":90,"Critical":10,"Emergencies":{"Suspected":5,"Total":161,"Severe":4,"Suspected/Accumulated":1472,"Total/Accumulated":48986,"Severe/Accumulated":798},"MedicalActs":{"Suspected":3,"Total":129,"Suspected/Accumulated":1360,"Total/Accumulated":33415},"PCRTests":{"Total":1655,"Confirmed":112,"Total/Accumulated":146189,"Confirmed/Accumulated":10731},"Confirmed":14,"MedicalTests":{"Total/Accumulated":3836,"Confirmed/Accumulated":370}},"geometry":{"type":"Point","coordinates":[4.115386826086957,48.290927782608684]}},{"type":"Feature","properties":{"Country/Region":"France","Province/State":"Aude","Code":"11","Population":{"Total":372705,"Under19":78644,"Under39":70170,"Under59":96929,"Under74":80039,"Over75":46923},"Beds":{"Resuscitation":16,"IntensiveCare":44,"Total":60},"Deaths":148,"Recovered":546,"Severe":91,"Critical":10,"Emergencies":{"Suspected":5,"Total":266,"Severe":1,"Suspected/Accumulated":894,"Total/Accumulated":79590,"Severe/Accumulated":456},"PCRTests":{"Total":2610,"Confirmed":152,"Total/Accumulated":178585,"Confirmed/Accumulated":9278},"Confirmed":44,"MedicalTests":{"Total/Accumulated":3464,"Confirmed/Accumulated":194}},"geometry":{"type":"Point","coordinates":[2.3518425641025638,43.13299722222223]}},{"type":"Feature","properties":{"Country/Region":"France","Province/State":"Aveyron","Code":"12","Population":{"Total":278360,"Under19":55940,"Under39":51027,"Under59":73060,"Under74":59454,"Over75":38879},"Beds":{"Resuscitation":11,"IntensiveCare":32,"Total":43},"Deaths":124,"Recovered":495,"Severe":101,"Critical":6,"Emergencies":{"Suspected":1,"Total":118,"Severe":1,"Suspected/Accumulated":77,"Total/Accumulated":35772,"Severe/Accumulated":33},"PCRTests":{"Total":1572,"Confirmed":98,"Total/Accumulated":142753,"Confirmed/Accumulated":8735},"Confirmed":29,"MedicalTests":{"Total/Accumulated":118,"Confirmed/Accumulated":5}},"geometry":{"type":"Point","coordinates":[2.66545315960912,44.28474130293157]}},{"type":"Feature","properties":{"Country/Region":"France","Province/State":"Bouches-du-Rhône","Code":"13","Population":{"Total":2034469,"Under19":480915,"Under39":483747,"Under59":522289,"Under74":342385,"Over75":205133},"Beds":{"Resuscitation":281,"IntensiveCare":476,"Total":757},"Deaths":1887,"Recovered":11337,"Severe":991,"Critical":169,"Emergencies":{"Suspected":46,"Total":1174,"Severe":32,"Suspected/Accumulated":11144,"Total/Accumulated":373007,"Severe/Accumulated":6107},"MedicalActs":{"Suspected":10,"Total":234,"Suspected/Accumulated":3462,"Total/Accumulated":60926},"PCRTests":{"Total":20970,"Confirmed":1484,"Total/Accumulated":1592911,"Confirmed/Accumulated":115139},"Confirmed":827,"MedicalTests":{"Total/Accumulated":53325,"Confirmed/Accumulated":3187}},"geometry":{"type":"Point","coordinates":[5.098567400881058,43.49901925110133]}},{"type":"Feature","properties":{"Country/Region":"France","Province/State":"Calvados","Code":"14","Population":{"Total":691453,"Under19":160392,"Under39":155359,"Under59":174249,"Under74":130972,"Over75":70481},"Beds":{"Resuscitation":91,"IntensiveCare":128,"Total":219},"Deaths":285,"Recovered":1151,"Severe":198,"Critical":24,"Emergencies":{"Suspected":6,"Total":415,"Severe":1,"Suspected/Accumulated":2394,"Total/Accumulated":116665,"Severe/Accumulated":980},"MedicalActs":{"Suspected":10,"Total":341,"Suspected/Accumulated":4123,"Total/Accumulated":81563},"PCRTests":{"Total":3974,"Confirmed":191,"Total/Accumulated":355491,"Confirmed/Accumulated":18683},"Confirmed":147,"MedicalTests":{"Total/Accumulated":1704,"Confirmed/Accumulated":157}},"geometry":{"type":"Point","coordinates":[-0.4028230593607306,49.05443785388125]}},{"type":"Feature","properties":{"Country/Region":"France","Province/State":"Cantal","Code":"15","Population":{"Total":142811,"Under19":26571,"Under39":24954,"Under59":38397,"Under74":32697,"Over75":20192},"Beds":{"Resuscitation":8,"IntensiveCare":30,"Total":38},"Deaths":65,"Recovered":310,"Severe":56,"Critical":5,"Emergencies":{"Suspected":2,"Total":48,"Severe":1,"Suspected/Accumulated":378,"Total/Accumulated":22183,"Severe/Accumulated":224},"PCRTests":{"Total":963,"Confirmed":57,"Total/Accumulated":76358,"Confirmed/Accumulated":3732},"Confirmed":33,"MedicalTests":{"Total/Accumulated":648,"Confirmed/Accumulated":44}},"geometry":{"type":"Point","coordinates":[2.7066918215613374,45.02447219330856]}},{"type":"Feature","properties":{"Country/Region":"France","Province/State":"Charente","Code":"16","Population":{"Total":348180,"Under19":71324,"Under39":69355,"Under59":91186,"Under74":72860,"Over75":43455},"Beds":{"Resuscitation":12,"IntensiveCare":36,"Total":48},"Deaths":66,"Recovered":257,"Severe":32,"Critical":4,"Emergencies":{"Suspected":2,"Total":264,"Severe":1,"Suspected/Accumulated":956,"Total/Accumulated":68577,"Severe/Accumulated":375},"PCRTests":{"Total":1249,"Confirmed":88,"Total/Accumulated":120601,"Confirmed/Accumulated":6275},"Confirmed":10,"MedicalTests":{"Total/Accumulated":899,"Confirmed/Accumulated":21}},"geometry":{"type":"Point","coordinates":[0.2054574390243902,45.733938821138196]}},{"type":"Feature","properties":{"Country/Region":"France","Province/State":"Charente-Maritime","Code":"17","Population":{"Total":647080,"Under19":130618,"Under39":119836,"Under59":164314,"Under74":146996,"Over75":85316},"Beds":{"Resuscitation":30,"IntensiveCare":72,"Total":102},"Deaths":118,"Recovered":452,"Severe":50,"Critical":6,"Emergencies":{"Suspected":2,"Total":431,"Severe":2,"Suspected/Accumulated":1886,"Total/Accumulated":130470,"Severe/Accumulated":843},"MedicalActs":{"Suspected":4,"Total":36,"Suspected/Accumulated":699,"Total/Accumulated":14110},"PCRTests":{"Total":3303,"Confirmed":112,"Total/Accumulated":232775,"Confirmed/Accumulated":7116},"Confirmed":49,"MedicalTests":{"Total/Accumulated":8110,"Confirmed/Accumulated":167}},"geometry":{"type":"Point","coordinates":[-0.734802142857143,45.8164405357143]}},{"type":"Feature","properties":{"Country/Region":"France","Province/State":"Cher","Code":"18","Population":{"Total":296404,"Under19":61933,"Under39":57193,"Under59":76912,"Under74":62985,"Over75":37381},"Beds":{"Resuscitation":12,"IntensiveCare":32,"Total":44},"Deaths":315,"Recovered":776,"Severe":199,"Critical":9,"Emergencies":{"Suspected":4,"Total":99,"Severe":2,"Suspected/Accumulated":2403,"Total/Accumulated":36757,"Severe/Accumulated":101},"MedicalActs":{"Suspected":8,"Total":151,"Suspected/Accumulated":1711,"Total/Accumulated":48990},"PCRTests":{"Total":1524,"Confirmed":120,"Total/Accumulated":122621,"Confirmed/Accumulated":10199},"Confirmed":25,"MedicalTests":{"Total/Accumulated":3157,"Confirmed/Accumulated":334}},"geometry":{"type":"Point","coordinates":[2.420866293436294,47.03802115830117]}},{"type":"Feature","properties":{"Country/Region":"France","Province/State":"Corrèze","Code":"19","Population":{"Total":240336,"Under19":48146,"Under39":45056,"Under59":62186,"Under74":52206,"Over75":32742},"Beds":{"Resuscitation":15,"IntensiveCare":42,"Total":57},"Deaths":93,"Recovered":411,"Severe":35,"Critical":5,"Emergencies":{"Suspected":5,"Total":182,"Severe":5,"Suspected/Accumulated":1013,"Total/Accumulated":50808,"Severe/Accumulated":754},"PCRTests":{"Total":1344,"Confirmed":64,"Total/Accumulated":101952,"Confirmed/Accumulated":5047},"Confirmed":23,"MedicalTests":{"Total/Accumulated":315,"Confirmed/Accumulated":17}},"geometry":{"type":"Point","coordinates":[1.8952178059071727,45.37689915611812]}},{"type":"Feature","properties":{"Country/Region":"France","Province/State":"Côte-d'Or","Code":"21","Population":{"Total":532886,"Under19":121633,"Under39":128314,"Under59":134514,"Under74":95451,"Over75":52974},"Beds":{"Resuscitation":57,"IntensiveCare":190,"Total":247},"Deaths":597,"Recovered":2159,"Severe":379,"Critical":37,"Emergencies":{"Suspected":5,"Total":245,"Severe":4,"Suspected/Accumulated":3255,"Total/Accumulated":80809,"Severe/Accumulated":1385},"MedicalActs":{"Suspected":2,"Total":93,"Suspected/Accumulated":1969,"Total/Accumulated":26169},"PCRTests":{"Total":3594,"Confirmed":264,"Total/Accumulated":295652,"Confirmed/Accumulated":23203},"Confirmed":1,"MedicalTests":{"Total/Accumulated":1228,"Confirmed/Accumulated":98}},"geometry":{"type":"Point","coordinates":[4.781845107913668,47.44940406474819]}},{"type":"Feature","properties":{"Country/Region":"France","Province/State":"Côtes-d'Armor","Code":"22","Population":{"Total":596186,"Under19":131217,"Under39":108675,"Under59":153257,"Under74":128481,"Over75":74556},"Beds":{"Resuscitation":14,"IntensiveCare":32,"Total":46},"Deaths":111,"Recovered":568,"Severe":58,"Critical":2,"Emergencies":{"Total":353,"Suspected/Accumulated":1436,"Total/Accumulated":90788,"Severe/Accumulated":1143},"PCRTests":{"Total":2468,"Confirmed":74,"Total/Accumulated":239884,"Confirmed/Accumulated":8947},"Confirmed":107,"MedicalTests":{"Total/Accumulated":177,"Confirmed/Accumulated":3}},"geometry":{"type":"Point","coordinates":[-2.8283123411371243,48.47540434782613]}},{"type":"Feature","properties":{"Country/Region":"France","Province/State":"Creuse","Code":"23","Population":{"Total":116270,"Under19":20766,"Under39":19388,"Under59":30402,"Under74":28640,"Over75":17074},"Beds":{"Resuscitation":8,"IntensiveCare":16,"Total":24},"Deaths":53,"Recovered":288,"Severe":27,"Critical":4,"Emergencies":{"Suspected":1,"Total":59,"Severe":1,"Suspected/Accumulated":504,"Total/Accumulated":19542,"Severe/Accumulated":154},"PCRTests":{"Total":651,"Confirmed":39,"Total/Accumulated":53805,"Confirmed/Accumulated":2927},"Confirmed":12,"MedicalTests":{"Total/Accumulated":1152,"Confirmed/Accumulated":11}},"geometry":{"type":"Point","coordinates":[1.9795267256637192,46.07153353982301]}},{"type":"Feature","properties":{"Country/Region":"France","Province/State":"Dordogne","Code":"24","Population":{"Total":408393,"Under19":76430,"Under39":70201,"Under59":107402,"Under74":96538,"Over75":57822},"Beds":{"Resuscitation":19,"IntensiveCare":36,"Total":55},"Deaths":55,"Recovered":321,"Severe":80,"Critical":7,"Emergencies":{"Suspected":8,"Total":187,"Severe":3,"Suspected/Accumulated":1475,"Total/Accumulated":55288,"Severe/Accumulated":890},"PCRTests":{"Total":2047,"Confirmed":153,"Total/Accumulated":159653,"Confirmed/Accumulated":8044},"Confirmed":13,"MedicalTests":{"Total/Accumulated":586,"Confirmed/Accumulated":26}},"geometry":{"type":"Point","coordinates":[0.7502005172413793,45.100126827586195]}},{"type":"Feature","properties":{"Country/Region":"France","Province/State":"Doubs","Code":"25","Population":{"Total":539449,"Under19":132582,"Under39":130504,"Under59":135120,"Under74":90502,"Over75":50741},"Beds":{"Resuscitation":40,"IntensiveCare":262,"Total":302},"Deaths":319,"Recovered":1354,"Severe":204,"Critical":49,"Emergencies":{"Suspected":10,"Total":240,"Severe":5,"Suspected/Accumulated":2585,"Total/Accumulated":66126,"Severe/Accumulated":1096},"MedicalActs":{"Suspected":6,"Total":90,"Suspected/Accumulated":1443,"Total/Accumulated":31466},"PCRTests":{"Total":3264,"Confirmed":327,"Total/Accumulated":291853,"Confirmed/Accumulated":28059},"MedicalTests":{"Total/Accumulated":2111,"Confirmed/Accumulated":213}},"geometry":{"type":"Point","coordinates":[6.359828136363636,47.17302813636364]}},{"type":"Feature","properties":{"Country/Region":"France","Province/State":"Drôme","Code":"26","Population":{"Total":520560,"Under19":125073,"Under39":110455,"Under59":134338,"Under74":95865,"Over75":54829},"Beds":{"Resuscitation":24,"IntensiveCare":68,"Total":92},"Deaths":430,"Recovered":1614,"Severe":212,"Critical":29,"Emergencies":{"Suspected":15,"Total":265,"Severe":11,"Suspected/Accumulated":3150,"Total/Accumulated":87437,"Severe/Accumulated":1506},"PCRTests":{"Total":2907,"Confirmed":278,"Total/Accumulated":252541,"Confirmed/Accumulated":24303},"Confirmed":119,"MedicalTests":{"Total/Accumulated":2066,"Confirmed/Accumulated":135}},"geometry":{"type":"Point","coordinates":[5.213618019801983,44.63170462046205]}},{"type":"Feature","properties":{"Country/Region":"France","Province/State":"Eure","Code":"27","Population":{"Total":600687,"Under19":151745,"Under39":128858,"Under59":160781,"Under74":106586,"Over75":52717},"Beds":{"Resuscitation":12,"IntensiveCare":44,"Total":56},"Deaths":254,"Recovered":867,"Severe":188,"Critical":12,"Emergencies":{"Suspected":3,"Total":229,"Severe":2,"Suspected/Accumulated":1102,"Total/Accumulated":52152,"Severe/Accumulated":264},"PCRTests":{"Total":2363,"Confirmed":141,"Total/Accumulated":208135,"Confirmed/Accumulated":16212},"Confirmed":71,"MedicalTests":{"Total/Accumulated":5764,"Confirmed/Accumulated":580}},"geometry":{"type":"Point","coordinates":[0.9927279220779222,49.13064012987015]}},{"type":"Feature","properties":{"Country/Region":"France","Province/State":"Eure-et-Loir","Code":"28","Population":{"Total":429425,"Under19":106266,"Under39":90617,"Under59":113525,"Under74":76422,"Over75":42595},"Beds":{"Resuscitation":20,"IntensiveCare":44,"Total":64},"Deaths":276,"Recovered":1372,"Severe":178,"Critical":15,"Emergencies":{"Suspected":6,"Total":305,"Severe":2,"Suspected/Accumulated":1380,"Total/Accumulated":89543,"Severe/Accumulated":469},"PCRTests":{"Total":1859,"Confirmed":107,"Total/Accumulated":164588,"Confirmed/Accumulated":11134},"Confirmed":104,"MedicalTests":{"Total/Accumulated":4351,"Confirmed/Accumulated":653}},"geometry":{"type":"Point","coordinates":[1.3718229302325597,48.39856558139533]}},{"type":"Feature","properties":{"Country/Region":"France","Province/State":"Finistère","Code":"29","Population":{"Total":906554,"Under19":201332,"Under39":189857,"Under59":237308,"Under74":178715,"Over75":99342},"Beds":{"Resuscitation":66,"IntensiveCare":142,"Total":208},"Deaths":136,"Recovered":543,"Severe":109,"Critical":10,"Emergencies":{"Suspected":1,"Total":601,"Severe":1,"Suspected/Accumulated":737,"Total/Accumulated":175077,"Severe/Accumulated":242},"MedicalActs":{"Suspected":4,"Total":170,"Suspected/Accumulated":1638,"Total/Accumulated":39718},"PCRTests":{"Total":4023,"Confirmed":115,"Total/Accumulated":347925,"Confirmed/Accumulated":11354},"Confirmed":230,"MedicalTests":{"Total/Accumulated":44,"Confirmed/Accumulated":9}},"geometry":{"type":"Point","coordinates":[-4.16814140056023,48.26300924369748]}},{"type":"Feature","properties":{"Country/Region":"France","Province/State":"Gard","Code":"30","Population":{"Total":748468,"Under19":170615,"Under39":154480,"Under59":195429,"Under74":147114,"Over75":80830},"Beds":{"Resuscitation":49,"IntensiveCare":108,"Total":157},"Deaths":345,"Recovered":1472,"Severe":192,"Critical":25,"Emergencies":{"Suspected":16,"Total":433,"Severe":8,"Suspected/Accumulated":2277,"Total/Accumulated":130157,"Severe/Accumulated":995},"MedicalActs":{"Suspected":5,"Total":55,"Suspected/Accumulated":1514,"Total/Accumulated":21966},"PCRTests":{"Total":4389,"Confirmed":310,"Total/Accumulated":371516,"Confirmed/Accumulated":31213},"Confirmed":44,"MedicalTests":{"Total/Accumulated":11845,"Confirmed/Accumulated":327}},"geometry":{"type":"Point","coordinates":[4.0572744791666695,44.00851614583332]}},{"type":"Feature","properties":{"Country/Region":"France","Province/State":"Haute-Garonne","Code":"31","Population":{"Total":1400935,"Under19":335750,"Under39":398589,"Under59":358515,"Under74":197921,"Over75":110160},"Beds":{"Resuscitation":161,"IntensiveCare":430,"Total":591},"Deaths":391,"Recovered":2634,"Severe":296,"Critical":50,"Emergencies":{"Suspected":21,"Total":678,"Severe":16,"Suspected/Accumulated":5348,"Total/Accumulated":211214,"Severe/Accumulated":3086},"MedicalActs":{"Suspected":6,"Total":98,"Suspected/Accumulated":3081,"Total/Accumulated":40959},"PCRTests":{"Total":8721,"Confirmed":593,"Total/Accumulated":773886,"Confirmed/Accumulated":51427},"Confirmed":72,"MedicalTests":{"Total/Accumulated":11810,"Confirmed/Accumulated":341}},"geometry":{"type":"Point","coordinates":[1.1686918356164382,43.33252969863011]}},{"type":"Feature","properties":{"Country/Region":"France","Province/State":"Gers","Code":"32","Population":{"Total":190040,"Under19":37581,"Under39":32714,"Under59":51231,"Under74":41871,"Over75":26643},"Beds":{"Resuscitation":8,"IntensiveCare":8,"Total":16},"Deaths":63,"Recovered":193,"Severe":43,"Emergencies":{"Suspected":1,"Total":74,"Severe":1,"Suspected/Accumulated":718,"Total/Accumulated":21809,"Severe/Accumulated":513},"PCRTests":{"Total":1284,"Confirmed":63,"Total/Accumulated":79463,"Confirmed/Accumulated":5010},"Confirmed":14,"MedicalTests":{"Total/Accumulated":2554,"Confirmed/Accumulated":185}},"geometry":{"type":"Point","coordinates":[0.447782880658436,43.70601049382714]}},{"type":"Feature","properties":{"Country/Region":"France","Province/State":"Gironde","Code":"33","Population":{"Total":1633440,"Under19":380317,"Under39":415128,"Under59":425319,"Under74":267580,"Over75":145096},"Beds":{"Resuscitation":183,"IntensiveCare":262,"Total":445},"Deaths":523,"Recovered":2735,"Severe":393,"Critical":82,"Emergencies":{"Suspected":16,"Total":825,"Severe":11,"Suspected/Accumulated":5970,"Total/Accumulated":250190,"Severe/Accumulated":2678},"MedicalActs":{"Suspected":20,"Total":785,"Suspected/Accumulated":10064,"Total/Accumulated":215236},"PCRTests":{"Total":8479,"Confirmed":547,"Total/Accumulated":767860,"Confirmed/Accumulated":43602},"Confirmed":106,"MedicalTests":{"Total/Accumulated":8091,"Confirmed/Accumulated":348}},"geometry":{"type":"Point","coordinates":[-0.41644369747899174,44.756299705882356]}},{"type":"Feature","properties":{"Country/Region":"France","Province/State":"Hérault","Code":"34","Population":{"Total":1176145,"Under19":268258,"Under39":286299,"Under59":292794,"Under74":208723,"Over75":120071},"Beds":{"Resuscitation":124,"IntensiveCare":342,"Total":466},"Deaths":513,"Recovered":2493,"Severe":162,"Critical":30,"Emergencies":{"Suspected":11,"Total":701,"Severe":6,"Suspected/Accumulated":4106,"Total/Accumulated":237344,"Severe/Accumulated":1456},"MedicalActs":{"Suspected":8,"Total":151,"Suspected/Accumulated":1651,"Total/Accumulated":31349},"PCRTests":{"Total":7202,"Confirmed":471,"Total/Accumulated":666002,"Confirmed/Accumulated":42328},"Confirmed":171,"MedicalTests":{"Total/Accumulated":38656,"Confirmed/Accumulated":1264}},"geometry":{"type":"Point","coordinates":[3.2725271495327104,43.601788971962634]}},{"type":"Feature","properties":{"Country/Region":"France","Province/State":"Ille-et-Vilaine","Code":"35","Population":{"Total":1082073,"Under19":274429,"Under39":270693,"Under59":278610,"Under74":165623,"Over75":92718},"Beds":{"Resuscitation":60,"IntensiveCare":224,"Total":284},"Deaths":305,"Recovered":1417,"Severe":247,"Critical":15,"Emergencies":{"Suspected":6,"Total":587,"Severe":5,"Suspected/Accumulated":2879,"Total/Accumulated":163363,"Severe/Accumulated":1717},"MedicalActs":{"Suspected":7,"Total":143,"Suspected/Accumulated":2502,"Total/Accumulated":48019},"PCRTests":{"Total":5407,"Confirmed":357,"Total/Accumulated":462809,"Confirmed/Accumulated":27835},"Confirmed":208,"MedicalTests":{"Total/Accumulated":429,"Confirmed/Accumulated":10}},"geometry":{"type":"Point","coordinates":[-1.7401927338129495,48.18315345323742]}},{"type":"Feature","properties":{"Country/Region":"France","Province/State":"Indre","Code":"36","Population":{"Total":217139,"Under19":42951,"Under39":38506,"Under59":56292,"Under74":48986,"Over75":30404},"Beds":{"Resuscitation":10,"IntensiveCare":18,"Total":28},"Deaths":152,"Recovered":492,"Severe":56,"Critical":4,"Emergencies":{"Total":128,"Suspected/Accumulated":287,"Total/Accumulated":28458,"Severe/Accumulated":162},"PCRTests":{"Total":1214,"Confirmed":94,"Total/Accumulated":76474,"Confirmed/Accumulated":5064},"Confirmed":80,"MedicalTests":{"Total/Accumulated":3671,"Confirmed/Accumulated":373}},"geometry":{"type":"Point","coordinates":[1.576445147679325,46.764304345991526]}},{"type":"Feature","properties":{"Country/Region":"France","Province/State":"Indre-et-Loire","Code":"37","Population":{"Total":605380,"Under19":142122,"Under39":136574,"Under59":153731,"Under74":108623,"Over75":64330},"Beds":{"Resuscitation":79,"IntensiveCare":116,"Total":195},"Deaths":239,"Recovered":937,"Severe":159,"Critical":34,"Emergencies":{"Suspected":2,"Total":205,"Suspected/Accumulated":1511,"Total/Accumulated":85699,"Severe/Accumulated":508},"MedicalActs":{"Suspected":4,"Total":138,"Suspected/Accumulated":1973,"Total/Accumulated":46782},"PCRTests":{"Total":3233,"Confirmed":250,"Total/Accumulated":290973,"Confirmed/Accumulated":17310},"Confirmed":123,"MedicalTests":{"Total/Accumulated":4143,"Confirmed/Accumulated":118}},"geometry":{"type":"Point","coordinates":[0.6915947413793099,47.23521443965518]}},{"type":"Feature","properties":{"Country/Region":"France","Province/State":"Isère","Code":"38","Population":{"Total":1264979,"Under19":319977,"Under39":298730,"Under59":332378,"Under74":201842,"Over75":112052},"Beds":{"Resuscitation":74,"IntensiveCare":178,"Total":252},"Deaths":1034,"Recovered":4075,"Severe":789,"Critical":56,"Emergencies":{"Suspected":10,"Total":636,"Severe":7,"Suspected/Accumulated":5564,"Total/Accumulated":216085,"Severe/Accumulated":2561},"MedicalActs":{"Suspected":7,"Total":230,"Suspected/Accumulated":5401,"Total/Accumulated":55575},"PCRTests":{"Total":6109,"Confirmed":583,"Total/Accumulated":655036,"Confirmed/Accumulated":79589},"Confirmed":190,"MedicalTests":{"Total/Accumulated":1901,"Confirmed/Accumulated":138}},"geometry":{"type":"Point","coordinates":[5.557470704225359,45.27668616197182]}},{"type":"Feature","properties":{"Country/Region":"France","Province/State":"Jura","Code":"39","Population":{"Total":257849,"Under19":57639,"Under39":51064,"Under59":68521,"Under74":50575,"Over75":30050},"Beds":{"Resuscitation":8,"IntensiveCare":18,"Total":26},"Deaths":283,"Recovered":1051,"Severe":258,"Critical":9,"Emergencies":{"Suspected":13,"Total":136,"Severe":8,"Suspected/Accumulated":1843,"Total/Accumulated":53777,"Severe/Accumulated":880},"PCRTests":{"Total":1993,"Confirmed":178,"Total/Accumulated":137457,"Confirmed/Accumulated":13344},"MedicalTests":{"Total/Accumulated":1465,"Confirmed/Accumulated":150}},"geometry":{"type":"Point","coordinates":[5.6395758823529425,46.756161447963784]}},{"type":"Feature","properties":{"Country/Region":"France","Province/State":"Landes","Code":"40","Population":{"Total":411979,"Under19":85144,"Under39":78495,"Under59":112191,"Under74":86896,"Over75":49253},"Beds":{"Resuscitation":14,"IntensiveCare":32,"Total":46},"Deaths":120,"Recovered":424,"Severe":135,"Critical":8,"Emergencies":{"Suspected":6,"Total":178,"Severe":4,"Suspected/Accumulated":1143,"Total/Accumulated":56087,"Severe/Accumulated":741},"PCRTests":{"Total":2269,"Confirmed":155,"Total/Accumulated":184147,"Confirmed/Accumulated":11758},"Confirmed":20,"MedicalTests":{"Total/Accumulated":870,"Confirmed/Accumulated":24}},"geometry":{"type":"Point","coordinates":[-0.5772234449760769,43.8801859808612]}},{"type":"Feature","properties":{"Country/Region":"France","Province/State":"Loir-et-Cher","Code":"41","Population":{"Total":327835,"Under19":72953,"Under39":62903,"Under59":86073,"Under74":65923,"Over75":39983},"Beds":{"Resuscitation":12,"IntensiveCare":16,"Total":28},"Deaths":172,"Recovered":732,"Severe":128,"Critical":9,"Emergencies":{"Suspected":5,"Total":217,"Severe":1,"Suspected/Accumulated":1636,"Total/Accumulated":63804,"Severe/Accumulated":261},"PCRTests":{"Total":1528,"Confirmed":73,"Total/Accumulated":117824,"Confirmed/Accumulated":8118},"Confirmed":55,"MedicalTests":{"Total/Accumulated":1428,"Confirmed/Accumulated":55}},"geometry":{"type":"Point","coordinates":[1.3938662132352944,47.653275698529406]}},{"type":"Feature","properties":{"Country/Region":"France","Province/State":"Loire","Code":"42","Population":{"Total":764737,"Under19":186049,"Under39":167975,"Under59":190702,"Under74":136240,"Over75":83771},"Beds":{"Resuscitation":70,"IntensiveCare":120,"Total":190},"Deaths":879,"Recovered":3372,"Severe":412,"Critical":43,"Emergencies":{"Suspected":11,"Total":590,"Severe":7,"Suspected/Accumulated":4769,"Total/Accumulated":180659,"Severe/Accumulated":2883},"MedicalActs":{"Suspected":9,"Total":110,"Suspected/Accumulated":2743,"Total/Accumulated":35316},"PCRTests":{"Total":4195,"Confirmed":350,"Total/Accumulated":454066,"Confirmed/Accumulated":56863},"Confirmed":363,"MedicalTests":{"Total/Accumulated":719,"Confirmed/Accumulated":46}},"geometry":{"type":"Point","coordinates":[4.189998267716536,45.74292366141733]}},{"type":"Feature","properties":{"Country/Region":"France","Province/State":"Haute-Loire","Code":"43","Population":{"Total":226901,"Under19":49659,"Under39":43248,"Under59":60903,"Under74":46857,"Over75":26234},"Beds":{"Resuscitation":8,"IntensiveCare":20,"Total":28},"Deaths":156,"Recovered":710,"Severe":170,"Critical":3,"Emergencies":{"Suspected":1,"Total":22,"Severe":1,"Suspected/Accumulated":88,"Total/Accumulated":7939,"Severe/Accumulated":56},"PCRTests":{"Total":1109,"Confirmed":117,"Total/Accumulated":115858,"Confirmed/Accumulated":14112},"Confirmed":23,"MedicalTests":{"Total/Accumulated":1400,"Confirmed/Accumulated":50}},"geometry":{"type":"Point","coordinates":[3.7869054017857136,45.15054486607143]}},{"type":"Feature","properties":{"Country/Region":"France","Province/State":"Loire-Atlantique","Code":"44","Population":{"Total":1437137,"Under19":363681,"Under39":357664,"Under59":368059,"Under74":227458,"Over75":120275},"Beds":{"Resuscitation":77,"IntensiveCare":262,"Total":339},"Deaths":433,"Recovered":1927,"Severe":193,"Critical":23,"Emergencies":{"Suspected":8,"Total":504,"Severe":4,"Suspected/Accumulated":3868,"Total/Accumulated":146011,"Severe/Accumulated":2259},"MedicalActs":{"Suspected":23,"Total":553,"Suspected/Accumulated":8283,"Total/Accumulated":152544},"PCRTests":{"Total":6104,"Confirmed":312,"Total/Accumulated":634383,"Confirmed/Accumulated":36508},"Confirmed":633,"MedicalTests":{"Total/Accumulated":844,"Confirmed/Accumulated":39}},"geometry":{"type":"Point","coordinates":[-1.6902253409090902,47.33230598484852]}},{"type":"Feature","properties":{"Country/Region":"France","Province/State":"Loiret","Code":"45","Population":{"Total":682890,"Under19":172345,"Under39":155348,"Under59":174617,"Under74":115984,"Over75":64596},"Beds":{"Resuscitation":47,"IntensiveCare":120,"Total":167},"Deaths":263,"Recovered":1508,"Severe":222,"Critical":44,"Emergencies":{"Suspected":5,"Total":327,"Severe":3,"Suspected/Accumulated":2303,"Total/Accumulated":104942,"Severe/Accumulated":1185},"MedicalActs":{"Total":43,"Suspected/Accumulated":1013,"Total/Accumulated":15624},"PCRTests":{"Total":3264,"Confirmed":262,"Total/Accumulated":356835,"Confirmed/Accumulated":26030},"Confirmed":258,"MedicalTests":{"Total/Accumulated":3447,"Confirmed/Accumulated":325}},"geometry":{"type":"Point","coordinates":[2.383405222672066,47.91302979757084]}},{"type":"Feature","properties":{"Country/Region":"France","Province/State":"Lot","Code":"46","Population":{"Total":173166,"Under19":31861,"Under39":29365,"Under59":44533,"Under74":41623,"Over75":25784},"Beds":{"Resuscitation":8,"IntensiveCare":8,"Total":16},"Deaths":51,"Recovered":179,"Severe":22,"Emergencies":{"Total":92,"Suspected/Accumulated":425,"Total/Accumulated":35910,"Severe/Accumulated":127},"PCRTests":{"Total":1023,"Confirmed":38,"Total/Accumulated":63370,"Confirmed/Accumulated":3037},"Confirmed":4,"MedicalTests":{"Total/Accumulated":612,"Confirmed/Accumulated":19}},"geometry":{"type":"Point","coordinates":[1.5901290212765966,44.59231876595746]}},{"type":"Feature","properties":{"Country/Region":"France","Province/State":"Lot-et-Garonne","Code":"47","Population":{"Total":330336,"Under19":69990,"Under39":64149,"Under59":84272,"Under74":68912,"Over75":43013},"Beds":{"Resuscitation":11,"IntensiveCare":36,"Total":47},"Deaths":93,"Recovered":430,"Severe":45,"Critical":5,"Emergencies":{"Suspected":4,"Total":226,"Severe":2,"Suspected/Accumulated":1644,"Total/Accumulated":64796,"Severe/Accumulated":647},"PCRTests":{"Total":1661,"Confirmed":129,"Total/Accumulated":131854,"Confirmed/Accumulated":9071},"Confirmed":65,"MedicalTests":{"Total/Accumulated":1173,"Confirmed/Accumulated":16}},"geometry":{"type":"Point","coordinates":[0.4871552444444442,44.39576413333333]}},{"type":"Feature","properties":{"Country/Region":"France","Province/State":"Lozère","Code":"48","Population":{"Total":76286,"Under19":15582,"Under39":14895,"Under59":20255,"Under74":15962,"Over75":9592},"Beds":{"Resuscitation":3,"IntensiveCare":0,"Total":3},"Deaths":65,"Recovered":206,"Severe":43,"Critical":3,"Emergencies":{"Suspected":2,"Total":24,"Severe":1,"Suspected/Accumulated":190,"Total/Accumulated":8284,"Severe/Accumulated":78},"PCRTests":{"Total":329,"Confirmed":31,"Total/Accumulated":33438,"Confirmed/Accumulated":3188},"Confirmed":8,"MedicalTests":{"Total/Accumulated":657,"Confirmed/Accumulated":4}},"geometry":{"type":"Point","coordinates":[3.494722131979694,44.51333609137059]}},{"type":"Feature","properties":{"Country/Region":"France","Province/State":"Maine-et-Loire","Code":"49","Population":{"Total":815881,"Under19":204162,"Under39":184600,"Under59":204421,"Under74":138603,"Over75":84095},"Beds":{"Resuscitation":61,"IntensiveCare":196,"Total":257},"Deaths":418,"Recovered":1780,"Severe":201,"Critical":22,"Emergencies":{"Suspected":3,"Total":396,"Severe":1,"Suspected/Accumulated":2384,"Total/Accumulated":104549,"Severe/Accumulated":1159},"PCRTests":{"Total":4312,"Confirmed":191,"Total/Accumulated":363299,"Confirmed/Accumulated":24677},"Confirmed":222,"MedicalTests":{"Total/Accumulated":145,"Confirmed/Accumulated":13}},"geometry":{"type":"Point","coordinates":[-0.6000336862745095,47.406434431372546]}},{"type":"Feature","properties":{"Country/Region":"France","Province/State":"Manche","Code":"50","Population":{"Total":490669,"Under19":105402,"Under39":96439,"Under59":126734,"Under74":101121,"Over75":60973},"Beds":{"Resuscitation":28,"IntensiveCare":52,"Total":80},"Deaths":145,"Recovered":598,"Severe":93,"Critical":9,"Emergencies":{"Suspected":8,"Total":343,"Severe":8,"Suspected/Accumulated":1401,"Total/Accumulated":101909,"Severe/Accumulated":1197},"MedicalActs":{"Suspected":15,"Total":146,"Suspected/Accumulated":2980,"Total/Accumulated":34148},"PCRTests":{"Total":2608,"Confirmed":171,"Total/Accumulated":172949,"Confirmed/Accumulated":8430},"Confirmed":107,"MedicalTests":{"Total/Accumulated":1735,"Confirmed/Accumulated":120}},"geometry":{"type":"Point","coordinates":[-1.3097769083969464,49.05127938931302]}},{"type":"Feature","properties":{"Country/Region":"France","Province/State":"Marne","Code":"51","Population":{"Total":563823,"Under19":136695,"Under39":137533,"Under59":142415,"Under74":97015,"Over75":50165},"Beds":{"Resuscitation":54,"IntensiveCare":78,"Total":132},"Deaths":508,"Recovered":1931,"Severe":376,"Critical":27,"Emergencies":{"Suspected":8,"Total":268,"Severe":3,"Suspected/Accumulated":1564,"Total/Accumulated":86174,"Severe/Accumulated":806},"MedicalActs":{"Total":26,"Suspected/Accumulated":589,"Total/Accumulated":10881},"PCRTests":{"Total":3392,"Confirmed":244,"Total/Accumulated":271422,"Confirmed/Accumulated":18110},"Confirmed":37,"MedicalTests":{"Total/Accumulated":1760,"Confirmed/Accumulated":353}},"geometry":{"type":"Point","coordinates":[4.209888097014927,48.936171417910444]}},{"type":"Feature","properties":{"Country/Region":"France","Province/State":"Haute-Marne","Code":"52","Population":{"Total":169250,"Under19":34865,"Under39":34065,"Under59":44268,"Under74":35981,"Over75":20071},"Beds":{"Resuscitation":8,"IntensiveCare":12,"Total":20},"Deaths":218,"Recovered":652,"Severe":148,"Critical":9,"Emergencies":{"Suspected":3,"Total":77,"Severe":2,"Suspected/Accumulated":1201,"Total/Accumulated":31293,"Severe/Accumulated":437},"PCRTests":{"Total":1312,"Confirmed":93,"Total/Accumulated":82639,"Confirmed/Accumulated":7244},"Confirmed":7,"MedicalTests":{"Total/Accumulated":223,"Confirmed/Accumulated":37}},"geometry":{"type":"Point","coordinates":[5.203108577075099,48.126414822134386]}},{"type":"Feature","properties":{"Country/Region":"France","Province/State":"Mayenne","Code":"53","Population":{"Total":305365,"Under19":74868,"Under39":61839,"Under59":78619,"Under74":55705,"Over75":34334},"Beds":{"Resuscitation":8,"IntensiveCare":16,"Total":24},"Deaths":170,"Recovered":699,"Severe":104,"Critical":10,"Emergencies":{"Suspected":2,"Total":164,"Suspected/Accumulated":1620,"Total/Accumulated":44842,"Severe/Accumulated":535},"PCRTests":{"Total":1026,"Confirmed":93,"Total/Accumulated":162181,"Confirmed/Accumulated":9484},"Confirmed":182,"MedicalTests":{"Total/Accumulated":521,"Confirmed/Accumulated":14}},"geometry":{"type":"Point","coordinates":[-0.6361607305936071,48.153668493150704]}},{"type":"Feature","properties":{"Country/Region":"France","Province/State":"Meurthe-et-Moselle","Code":"54","Population":{"Total":730398,"Under19":170693,"Under39":185629,"Under59":182526,"Under74":124808,"Over75":66742},"Beds":{"Resuscitation":83,"IntensiveCare":172,"Total":255},"Deaths":723,"Recovered":2521,"Severe":467,"Critical":60,"Emergencies":{"Suspected":14,"Total":327,"Severe":9,"Suspected/Accumulated":3053,"Total/Accumulated":110589,"Severe/Accumulated":1560},"MedicalActs":{"Suspected":4,"Total":95,"Suspected/Accumulated":3015,"Total/Accumulated":38959},"PCRTests":{"Total":5587,"Confirmed":395,"Total/Accumulated":475056,"Confirmed/Accumulated":28692},"Confirmed":85,"MedicalTests":{"Total/Accumulated":2356,"Confirmed/Accumulated":186}},"geometry":{"type":"Point","coordinates":[6.092894571428565,48.892416158730185]}},{"type":"Feature","properties":{"Country/Region":"France","Province/State":"Meuse","Code":"55","Population":{"Total":181641,"Under19":40375,"Under39":37641,"Under59":47696,"Under74":36898,"Over75":19031},"Beds":{"Resuscitation":8,"IntensiveCare":20,"Total":28},"Deaths":240,"Recovered":837,"Severe":108,"Critical":8,"Emergencies":{"Suspected":3,"Total":100,"Severe":2,"Suspected/Accumulated":697,"Total/Accumulated":28587,"Severe/Accumulated":388},"PCRTests":{"Total":1182,"Confirmed":109,"Total/Accumulated":93705,"Confirmed/Accumulated":6449},"Confirmed":18,"MedicalTests":{"Total/Accumulated":808,"Confirmed/Accumulated":77}},"geometry":{"type":"Point","coordinates":[5.380316626506025,49.03635373493975]}},{"type":"Feature","properties":{"Country/Region":"France","Province/State":"Morbihan","Code":"56","Population":{"Total":755566,"Under19":166653,"Under39":145287,"Under59":197813,"Under74":159285,"Over75":86528},"Beds":{"Resuscitation":22,"IntensiveCare":64,"Total":86},"Deaths":218,"Recovered":979,"Severe":158,"Critical":11,"Emergencies":{"Suspected":22,"Total":402,"Severe":4,"Suspected/Accumulated":4884,"Total/Accumulated":111448,"Severe/Accumulated":878},"MedicalActs":{"Suspected":3,"Total":87,"Suspected/Accumulated":1063,"Total/Accumulated":25290},"PCRTests":{"Total":3129,"Confirmed":158,"Total/Accumulated":265167,"Confirmed/Accumulated":11384},"Confirmed":313,"MedicalTests":{"Total/Accumulated":48,"Confirmed/Accumulated":3}},"geometry":{"type":"Point","coordinates":[-2.8780210594315263,47.764317932816574]}},{"type":"Feature","properties":{"Country/Region":"France","Province/State":"Moselle","Code":"57","Population":{"Total":1035866,"Under19":229681,"Under39":243525,"Under59":278966,"Under74":186864,"Over75":96830},"Beds":{"Resuscitation":88,"IntensiveCare":112,"Total":200},"Deaths":1458,"Recovered":4316,"Severe":500,"Critical":55,"Emergencies":{"Suspected":23,"Total":584,"Severe":16,"Suspected/Accumulated":7505,"Total/Accumulated":189337,"Severe/Accumulated":3711},"PCRTests":{"Total":6743,"Confirmed":531,"Total/Accumulated":579723,"Confirmed/Accumulated":38264},"Confirmed":295,"MedicalTests":{"Total/Accumulated":3848,"Confirmed/Accumulated":665}},"geometry":{"type":"Point","coordinates":[6.73973678343949,49.04168831210189]}},{"type":"Feature","properties":{"Country/Region":"France","Province/State":"Nièvre","Code":"58","Population":{"Total":199596,"Under19":38191,"Under39":34484,"Under59":50426,"Under74":47745,"Over75":28750},"Beds":{"Resuscitation":12,"IntensiveCare":32,"Total":44},"Deaths":122,"Recovered":386,"Severe":117,"Critical":2,"Emergencies":{"Suspected":2,"Total":161,"Severe":1,"Suspected/Accumulated":1390,"Total/Accumulated":50647,"Severe/Accumulated":545},"PCRTests":{"Total":1301,"Confirmed":143,"Total/Accumulated":98113,"Confirmed/Accumulated":6331},"Confirmed":2,"MedicalTests":{"Total/Accumulated":2556,"Confirmed/Accumulated":167}},"geometry":{"type":"Point","coordinates":[3.547376999999999,47.143300999999994]}},{"type":"Feature","properties":{"Country/Region":"France","Province/State":"Nord","Code":"59","Population":{"Total":2588988,"Under19":675470,"Under39":665053,"Under59":646791,"Under74":405380,"Over75":196294},"Beds":{"Resuscitation":225,"IntensiveCare":698,"Total":923},"Deaths":2042,"Recovered":8847,"Severe":852,"Critical":107,"Emergencies":{"Suspected":38,"Total":1764,"Severe":27,"Suspected/Accumulated":12255,"Total/Accumulated":488835,"Severe/Accumulated":5179},"MedicalActs":{"Suspected":15,"Total":481,"Suspected/Accumulated":7277,"Total/Accumulated":137773},"PCRTests":{"Total":17584,"Confirmed":922,"Total/Accumulated":1636927,"Confirmed/Accumulated":146949},"Confirmed":39,"MedicalTests":{"Total/Accumulated":5598,"Confirmed/Accumulated":535}},"geometry":{"type":"Point","coordinates":[3.1893953197674403,50.453616308139516]}},{"type":"Feature","properties":{"Country/Region":"France","Province/State":"Oise","Code":"60","Population":{"Total":825077,"Under19":214776,"Under39":193026,"Under59":221783,"Under74":134365,"Over75":61127},"Beds":{"Resuscitation":36,"IntensiveCare":92,"Total":128},"Deaths":680,"Recovered":2216,"Severe":378,"Critical":25,"Emergencies":{"Suspected":6,"Total":161,"Severe":4,"Suspected/Accumulated":1256,"Total/Accumulated":47102,"Severe/Accumulated":662},"PCRTests":{"Total":4359,"Confirmed":359,"Total/Accumulated":341518,"Confirmed/Accumulated":28425},"Confirmed":210,"MedicalTests":{"Total/Accumulated":10089,"Confirmed/Accumulated":1313}},"geometry":{"type":"Point","coordinates":[2.463008007117438,49.41459999999999]}},{"type":"Feature","properties":{"Country/Region":"France","Province/State":"Orne","Code":"61","Population":{"Total":276903,"Under19":59830,"Under39":51781,"Under59":70741,"Under74":58679,"Over75":35872},"Beds":{"Resuscitation":16,"IntensiveCare":24,"Total":40},"Deaths":198,"Recovered":780,"Severe":174,"Critical":11,"Emergencies":{"Total":272,"Suspected/Accumulated":588,"Total/Accumulated":58926,"Severe/Accumulated":171},"PCRTests":{"Total":1988,"Confirmed":111,"Total/Accumulated":136667,"Confirmed/Accumulated":8269},"Confirmed":28,"MedicalTests":{"Total/Accumulated":1414,"Confirmed/Accumulated":96}},"geometry":{"type":"Point","coordinates":[0.01997467181467186,48.611762664092666]}},{"type":"Feature","properties":{"Country/Region":"France","Province/State":"Pas-de-Calais","Code":"62","Population":{"Total":1452778,"Under19":367229,"Under39":336274,"Under59":374200,"Under74":255788,"Over75":119287},"Beds":{"Resuscitation":85,"IntensiveCare":274,"Total":359},"Deaths":955,"Recovered":4108,"Severe":505,"Critical":67,"Emergencies":{"Suspected":5,"Total":350,"Severe":1,"Suspected/Accumulated":2250,"Total/Accumulated":134195,"Severe/Accumulated":510},"PCRTests":{"Total":8772,"Confirmed":508,"Total/Accumulated":733553,"Confirmed/Accumulated":59852},"Confirmed":8,"MedicalTests":{"Total/Accumulated":6968,"Confirmed/Accumulated":567}},"geometry":{"type":"Point","coordinates":[2.4712310954063605,50.40984130742051]}},{"type":"Feature","properties":{"Country/Region":"France","Province/State":"Puy-de-Dôme","Code":"63","Population":{"Total":660240,"Under19":147680,"Under39":153022,"Under59":169492,"Under74":122442,"Over75":67604},"Beds":{"Resuscitation":77,"IntensiveCare":104,"Total":181},"Deaths":394,"Recovered":1337,"Severe":309,"Critical":20,"Emergencies":{"Total":127,"Suspected/Accumulated":1074,"Total/Accumulated":44939,"Severe/Accumulated":582},"MedicalActs":{"Suspected":6,"Total":88,"Suspected/Accumulated":1898,"Total/Accumulated":26966},"PCRTests":{"Total":4094,"Confirmed":239,"Total/Accumulated":380300,"Confirmed/Accumulated":26373},"Confirmed":105,"MedicalTests":{"Total/Accumulated":8601,"Confirmed/Accumulated":234}},"geometry":{"type":"Point","coordinates":[3.143235039370079,45.73685830708661]}},{"type":"Feature","properties":{"Country/Region":"France","Province/State":"Pyrénées-Atlantiques","Code":"64","Population":{"Total":683169,"Under19":144945,"Under39":141910,"Under59":182850,"Under74":130868,"Over75":82596},"Beds":{"Resuscitation":35,"IntensiveCare":110,"Total":145},"Deaths":323,"Recovered":1352,"Severe":161,"Critical":14,"Emergencies":{"Suspected":5,"Total":397,"Severe":2,"Suspected/Accumulated":1593,"Total/Accumulated":135219,"Severe/Accumulated":884},"MedicalActs":{"Suspected":19,"Total":316,"Suspected/Accumulated":6268,"Total/Accumulated":90722},"PCRTests":{"Total":4868,"Confirmed":209,"Total/Accumulated":390827,"Confirmed/Accumulated":24619},"Confirmed":41,"MedicalTests":{"Total/Accumulated":9041,"Confirmed/Accumulated":231}},"geometry":{"type":"Point","coordinates":[-0.7610906397306391,43.26238828282827]}},{"type":"Feature","properties":{"Country/Region":"France","Province/State":"Hautes-Pyrénées","Code":"65","Population":{"Total":226839,"Under19":44839,"Under39":42373,"Under59":59329,"Under74":49523,"Over75":30775},"Beds":{"Resuscitation":12,"IntensiveCare":44,"Total":56},"Deaths":135,"Recovered":648,"Severe":68,"Critical":15,"Emergencies":{"Suspected":2,"Total":128,"Severe":1,"Suspected/Accumulated":116,"Total/Accumulated":32582,"Severe/Accumulated":54},"PCRTests":{"Total":1300,"Confirmed":91,"Total/Accumulated":114540,"Confirmed/Accumulated":9385},"Confirmed":11,"MedicalTests":{"Total/Accumulated":2990,"Confirmed/Accumulated":182}},"geometry":{"type":"Point","coordinates":[0.15248105932203385,43.134416483050856]}},{"type":"Feature","properties":{"Country/Region":"France","Province/State":"Pyrénées-Orientales","Code":"66","Population":{"Total":479000,"Under19":102236,"Under39":93899,"Under59":121501,"Under74":99671,"Over75":61693},"Beds":{"Resuscitation":32,"IntensiveCare":64,"Total":96},"Deaths":131,"Recovered":642,"Severe":55,"Critical":6,"Emergencies":{"Suspected":5,"Total":321,"Severe":3,"Suspected/Accumulated":905,"Total/Accumulated":99353,"Severe/Accumulated":424},"MedicalActs":{"Suspected":8,"Total":100,"Suspected/Accumulated":1220,"Total/Accumulated":33096},"PCRTests":{"Total":3647,"Confirmed":193,"Total/Accumulated":229466,"Confirmed/Accumulated":13085},"Confirmed":35,"MedicalTests":{"Total/Accumulated":5770,"Confirmed/Accumulated":35}},"geometry":{"type":"Point","coordinates":[2.4354706043956034,42.554231208791215]}},{"type":"Feature","properties":{"Country/Region":"France","Province/State":"Bas-Rhin","Code":"67","Population":{"Total":1132607,"Under19":258105,"Under39":285390,"Under59":300661,"Under74":188150,"Over75":100301},"Beds":{"Resuscitation":122,"IntensiveCare":208,"Total":330},"Deaths":1091,"Recovered":4450,"Severe":453,"Critical":62,"Emergencies":{"Suspected":15,"Total":411,"Severe":12,"Suspected/Accumulated":4197,"Total/Accumulated":126243,"Severe/Accumulated":2708},"MedicalActs":{"Suspected":9,"Total":204,"Suspected/Accumulated":5197,"Total/Accumulated":85983},"PCRTests":{"Total":7747,"Confirmed":574,"Total/Accumulated":717605,"Confirmed/Accumulated":42599},"Confirmed":376,"MedicalTests":{"Total/Accumulated":3888,"Confirmed/Accumulated":553}},"geometry":{"type":"Point","coordinates":[7.447409099526063,48.70509469194314]}},{"type":"Feature","properties":{"Country/Region":"France","Province/State":"Haut-Rhin","Code":"68","Population":{"Total":763204,"Under19":175817,"Under39":172286,"Under59":209152,"Under74":134185,"Over75":71764},"Beds":{"Resuscitation":70,"IntensiveCare":136,"Total":206},"Deaths":1090,"Recovered":4277,"Severe":498,"Critical":55,"Emergencies":{"Suspected":12,"Total":405,"Severe":11,"Suspected/Accumulated":4542,"Total/Accumulated":120047,"Severe/Accumulated":2921},"MedicalActs":{"Suspected":10,"Total":112,"Suspected/Accumulated":3502,"Total/Accumulated":34182},"PCRTests":{"Total":4880,"Confirmed":323,"Total/Accumulated":398441,"Confirmed/Accumulated":25588},"Confirmed":700,"MedicalTests":{"Total/Accumulated":4045,"Confirmed/Accumulated":960}},"geometry":{"type":"Point","coordinates":[7.263731571428571,47.83921192857142]}},{"type":"Feature","properties":{"Country/Region":"France","Province/State":"Rhône","Code":"69","Population":{"Total":1876051,"Under19":478142,"Under39":523161,"Under59":455898,"Under74":259877,"Over75":158973},"Beds":{"Resuscitation":192,"IntensiveCare":422,"Total":614},"Deaths":1964,"Recovered":9243,"Severe":949,"Critical":131,"Emergencies":{"Suspected":40,"Total":1106,"Severe":19,"Suspected/Accumulated":12652,"Total/Accumulated":323777,"Severe/Accumulated":6020},"MedicalActs":{"Suspected":16,"Total":367,"Suspected/Accumulated":8611,"Total/Accumulated":99357},"PCRTests":{"Total":10515,"Confirmed":876,"Total/Accumulated":1199509,"Confirmed/Accumulated":126439},"Confirmed":532,"MedicalTests":{"Total/Accumulated":2582,"Confirmed/Accumulated":345}},"geometry":{"type":"Point","coordinates":[4.660707512690354,45.8811785786802]}},{"type":"Feature","properties":{"Country/Region":"France","Province/State":"Haute-Saône","Code":"70","Population":{"Total":233194,"Under19":52426,"Under39":45311,"Under59":62843,"Under74":47643,"Over75":24971},"Beds":{"Resuscitation":12,"IntensiveCare":24,"Total":36},"Deaths":154,"Recovered":683,"Severe":87,"Critical":7,"Emergencies":{"Suspected":5,"Total":115,"Severe":3,"Suspected/Accumulated":1344,"Total/Accumulated":35739,"Severe/Accumulated":776},"PCRTests":{"Total":1492,"Confirmed":133,"Total/Accumulated":115570,"Confirmed/Accumulated":8732},"MedicalTests":{"Total/Accumulated":3094,"Confirmed/Accumulated":278}},"geometry":{"type":"Point","coordinates":[6.0410172972972935,47.62793234234234]}},{"type":"Feature","properties":{"Country/Region":"France","Province/State":"Saône-et-Loire","Code":"71","Population":{"Total":547824,"Under19":117389,"Under39":104206,"Under59":141715,"Under74":114530,"Over75":69984},"Beds":{"Resuscitation":26,"IntensiveCare":44,"Total":70},"Deaths":671,"Recovered":2552,"Severe":424,"Critical":29,"Emergencies":{"Suspected":22,"Total":382,"Severe":18,"Suspected/Accumulated":6058,"Total/Accumulated":115698,"Severe/Accumulated":2993},"PCRTests":{"Total":3723,"Confirmed":353,"Total/Accumulated":281387,"Confirmed/Accumulated":27634},"MedicalTests":{"Total/Accumulated":3733,"Confirmed/Accumulated":254}},"geometry":{"type":"Point","coordinates":[4.528318691588785,46.63876112149533]}},{"type":"Feature","properties":{"Country/Region":"France","Province/State":"Sarthe","Code":"72","Population":{"Total":560227,"Under19":135636,"Under39":116946,"Under59":143032,"Under74":103587,"Over75":61026},"Beds":{"Resuscitation":17,"IntensiveCare":54,"Total":71},"Deaths":305,"Recovered":1366,"Severe":223,"Critical":9,"Emergencies":{"Suspected":29,"Total":319,"Severe":20,"Suspected/Accumulated":5301,"Total/Accumulated":99827,"Severe/Accumulated":3294},"PCRTests":{"Total":2928,"Confirmed":70,"Total/Accumulated":259335,"Confirmed/Accumulated":15387},"Confirmed":422,"MedicalTests":{"Total/Accumulated":84,"Confirmed/Accumulated":3}},"geometry":{"type":"Point","coordinates":[0.1986467741935485,47.9763005529954]}},{"type":"Feature","properties":{"Country/Region":"France","Province/State":"Savoie","Code":"73","Population":{"Total":432548,"Under19":98346,"Under39":96013,"Under59":117417,"Under74":76722,"Over75":44050},"Beds":{"Resuscitation":18,"IntensiveCare":36,"Total":54},"Deaths":507,"Recovered":1848,"Severe":136,"Critical":15,"Emergencies":{"Suspected":3,"Total":125,"Severe":2,"Suspected/Accumulated":2010,"Total/Accumulated":56373,"Severe/Accumulated":748},"MedicalActs":{"Suspected":14,"Total":113,"Suspected/Accumulated":2748,"Total/Accumulated":28985},"PCRTests":{"Total":2073,"Confirmed":150,"Total/Accumulated":224774,"Confirmed/Accumulated":26365},"Confirmed":114,"MedicalTests":{"Total/Accumulated":373,"Confirmed/Accumulated":39}},"geometry":{"type":"Point","coordinates":[6.4038603585657325,45.50301760956176]}},{"type":"Feature","properties":{"Country/Region":"France","Province/State":"Haute-Savoie","Code":"74","Population":{"Total":828405,"Under19":203837,"Under39":209477,"Under59":227355,"Under74":122439,"Over75":65297},"Beds":{"Resuscitation":34,"IntensiveCare":82,"Total":116},"Deaths":660,"Recovered":3082,"Severe":336,"Critical":32,"Emergencies":{"Suspected":20,"Total":601,"Severe":11,"Suspected/Accumulated":7337,"Total/Accumulated":188187,"Severe/Accumulated":2748},"MedicalActs":{"Suspected":12,"Total":106,"Suspected/Accumulated":3477,"Total/Accumulated":40773},"PCRTests":{"Total":4085,"Confirmed":342,"Total/Accumulated":414988,"Confirmed/Accumulated":52580},"Confirmed":310,"MedicalTests":{"Total/Accumulated":3391,"Confirmed/Accumulated":605}},"geometry":{"type":"Point","coordinates":[6.452374226804124,46.01403216494844]}},{"type":"Feature","properties":{"Country/Region":"France","Province/State":"Paris","Code":"75","Population":{"Total":2148271,"Under19":406652,"Under39":718825,"Under59":536676,"Under74":311978,"Over75":174140},"Beds":{"Resuscitation":389,"IntensiveCare":1082,"Total":1471},"Deaths":2749,"Recovered":11488,"Severe":750,"Critical":128,"Emergencies":{"Suspected":25,"Total":1242,"Severe":14,"Suspected/Accumulated":23649,"Total/Accumulated":364653,"Severe/Accumulated":6693},"MedicalActs":{"Suspected":34,"Total":925,"Suspected/Accumulated":16416,"Total/Accumulated":213293},"PCRTests":{"Total":17984,"Confirmed":965,"Total/Accumulated":1675035,"Confirmed/Accumulated":115791},"Confirmed":126,"MedicalTests":{"Total/Accumulated":17676,"Confirmed/Accumulated":4072}},"geometry":{"type":"Point","coordinates":[2.3550152173913044,48.8535647826087]}},{"type":"Feature","properties":{"Country/Region":"France","Province/State":"Seine-Maritime","Code":"76","Population":{"Total":1243788,"Under19":303968,"Under39":294607,"Under59":310458,"Under74":218116,"Over75":116639},"Beds":{"Resuscitation":93,"IntensiveCare":300,"Total":393},"Deaths":740,"Recovered":2781,"Severe":630,"Critical":47,"Emergencies":{"Suspected":11,"Total":1083,"Severe":5,"Suspected/Accumulated":4309,"Total/Accumulated":253856,"Severe/Accumulated":2056},"MedicalActs":{"Suspected":6,"Total":98,"Suspected/Accumulated":2587,"Total/Accumulated":27441},"PCRTests":{"Total":7397,"Confirmed":547,"Total/Accumulated":609478,"Confirmed/Accumulated":44126},"Confirmed":233,"MedicalTests":{"Total/Accumulated":6636,"Confirmed/Accumulated":432}},"geometry":{"type":"Point","coordinates":[1.114674462365592,49.5942889784946]}},{"type":"Feature","properties":{"Country/Region":"France","Province/State":"Seine-et-Marne","Code":"77","Population":{"Total":1423607,"Under19":392025,"Under39":357752,"Under59":382068,"Under74":199768,"Over75":91994},"Beds":{"Resuscitation":77,"IntensiveCare":100,"Total":177},"Deaths":1229,"Recovered":5108,"Severe":376,"Critical":63,"Emergencies":{"Suspected":11,"Total":524,"Severe":6,"Suspected/Accumulated":5638,"Total/Accumulated":151764,"Severe/Accumulated":2535},"MedicalActs":{"Suspected":13,"Total":271,"Suspected/Accumulated":4920,"Total/Accumulated":66563},"PCRTests":{"Total":6897,"Confirmed":504,"Total/Accumulated":631452,"Confirmed/Accumulated":54244},"Confirmed":42,"MedicalTests":{"Total/Accumulated":9452,"Confirmed/Accumulated":1736}},"geometry":{"type":"Point","coordinates":[2.9385241532258073,48.61862185483869]}},{"type":"Feature","properties":{"Country/Region":"France","Province/State":"Yvelines","Code":"78","Population":{"Total":1448625,"Under19":385814,"Under39":341694,"Under59":394186,"Under74":209492,"Over75":117439},"Beds":{"Resuscitation":84,"IntensiveCare":204,"Total":288},"Deaths":1124,"Recovered":4811,"Severe":659,"Critical":52,"Emergencies":{"Suspected":10,"Total":796,"Severe":2,"Suspected/Accumulated":6807,"Total/Accumulated":220381,"Severe/Accumulated":2256},"MedicalActs":{"Suspected":10,"Total":153,"Suspected/Accumulated":4601,"Total/Accumulated":43229},"PCRTests":{"Total":7229,"Confirmed":465,"Total/Accumulated":685138,"Confirmed/Accumulated":55726},"Confirmed":70,"MedicalTests":{"Total/Accumulated":8274,"Confirmed/Accumulated":1214}},"geometry":{"type":"Point","coordinates":[1.8294258823529415,48.80823257352944]}},{"type":"Feature","properties":{"Country/Region":"France","Province/State":"Deux-Sèvres","Code":"79","Population":{"Total":372627,"Under19":85106,"Under39":73604,"Under59":98839,"Under74":72067,"Over75":43011},"Beds":{"Resuscitation":8,"IntensiveCare":36,"Total":44},"Deaths":116,"Recovered":399,"Severe":127,"Critical":6,"Emergencies":{"Suspected":6,"Total":178,"Severe":2,"Suspected/Accumulated":936,"Total/Accumulated":62524,"Severe/Accumulated":420},"PCRTests":{"Total":2715,"Confirmed":171,"Total/Accumulated":173001,"Confirmed/Accumulated":9339},"Confirmed":11,"MedicalTests":{"Total/Accumulated":81,"Confirmed/Accumulated":5}},"geometry":{"type":"Point","coordinates":[-0.29978133828996273,46.53994301115242]}},{"type":"Feature","properties":{"Country/Region":"France","Province/State":"Somme","Code":"80","Population":{"Total":569769,"Under19":138211,"Under39":134953,"Under59":144752,"Under74":100734,"Over75":51119},"Beds":{"Resuscitation":58,"IntensiveCare":164,"Total":222},"Deaths":475,"Recovered":1416,"Severe":275,"Critical":24,"Emergencies":{"Suspected":13,"Total":376,"Severe":8,"Suspected/Accumulated":2553,"Total/Accumulated":103036,"Severe/Accumulated":1111},"MedicalActs":{"Suspected":19,"Total":281,"Suspected/Accumulated":4043,"Total/Accumulated":65524},"PCRTests":{"Total":3644,"Confirmed":386,"Total/Accumulated":246581,"Confirmed/Accumulated":16101},"Confirmed":54,"MedicalTests":{"Total/Accumulated":6063,"Confirmed/Accumulated":539}},"geometry":{"type":"Point","coordinates":[2.3486719850187256,49.97418277153558]}},{"type":"Feature","properties":{"Country/Region":"France","Province/State":"Tarn","Code":"81","Population":{"Total":387898,"Under19":84873,"Under39":74511,"Under59":102349,"Under74":77279,"Over75":48886},"Beds":{"Resuscitation":24,"IntensiveCare":70,"Total":94},"Deaths":174,"Recovered":638,"Severe":144,"Critical":22,"Emergencies":{"Suspected":3,"Total":268,"Severe":3,"Suspected/Accumulated":1494,"Total/Accumulated":78826,"Severe/Accumulated":561},"PCRTests":{"Total":2216,"Confirmed":210,"Total/Accumulated":177444,"Confirmed/Accumulated":14131},"Confirmed":14,"MedicalTests":{"Total/Accumulated":2180,"Confirmed/Accumulated":44}},"geometry":{"type":"Point","coordinates":[2.1808796818181815,43.78627254545453]}},{"type":"Feature","properties":{"Country/Region":"France","Province/State":"Tarn-et-Garonne","Code":"82","Population":{"Total":262618,"Under19":63559,"Under39":53023,"Under59":70354,"Under74":48046,"Over75":27636},"Beds":{"Resuscitation":18,"IntensiveCare":40,"Total":58},"Deaths":94,"Recovered":442,"Severe":38,"Critical":3,"Emergencies":{"Suspected":8,"Total":148,"Severe":4,"Suspected/Accumulated":2274,"Total/Accumulated":49790,"Severe/Accumulated":1078},"PCRTests":{"Total":1105,"Confirmed":68,"Total/Accumulated":118700,"Confirmed/Accumulated":8216},"Confirmed":11,"MedicalTests":{"Total/Accumulated":2144,"Confirmed/Accumulated":73}},"geometry":{"type":"Point","coordinates":[1.3350866094420606,44.1164032618026]}},{"type":"Feature","properties":{"Country/Region":"France","Province/State":"Var","Code":"83","Population":{"Total":1073836,"Under19":224216,"Under39":215361,"Under59":276842,"Under74":218239,"Over75":139178},"Beds":{"Resuscitation":60,"IntensiveCare":84,"Total":144},"Deaths":537,"Recovered":2652,"Severe":365,"Critical":38,"Emergencies":{"Suspected":15,"Total":624,"Severe":10,"Suspected/Accumulated":4805,"Total/Accumulated":199891,"Severe/Accumulated":2843},"MedicalActs":{"Suspected":38,"Total":484,"Suspected/Accumulated":9310,"Total/Accumulated":134577},"PCRTests":{"Total":9600,"Confirmed":699,"Total/Accumulated":637682,"Confirmed/Accumulated":41486},"Confirmed":186,"MedicalTests":{"Total/Accumulated":11196,"Confirmed/Accumulated":470}},"geometry":{"type":"Point","coordinates":[6.2341132170542615,43.37767961240309]}},{"type":"Feature","properties":{"Country/Region":"France","Province/State":"Vaucluse","Code":"84","Population":{"Total":560997,"Under19":132211,"Under39":118607,"Under59":147247,"Under74":103567,"Over75":59365},"Beds":{"Resuscitation":16,"IntensiveCare":60,"Total":76},"Deaths":476,"Recovered":1859,"Severe":287,"Critical":16,"Emergencies":{"Suspected":16,"Total":402,"Severe":12,"Suspected/Accumulated":2953,"Total/Accumulated":131615,"Severe/Accumulated":1854},"MedicalActs":{"Total":29,"Suspected/Accumulated":375,"Total/Accumulated":10430},"PCRTests":{"Total":3831,"Confirmed":340,"Total/Accumulated":284571,"Confirmed/Accumulated":26323},"Confirmed":45,"MedicalTests":{"Total/Accumulated":8198,"Confirmed/Accumulated":217}},"geometry":{"type":"Point","coordinates":[5.137687100591716,44.08826047337278]}},{"type":"Feature","properties":{"Country/Region":"France","Province/State":"Vendée","Code":"85","Population":{"Total":683187,"Under19":155162,"Under39":132680,"Under59":176377,"Under74":142178,"Over75":76790},"Beds":{"Resuscitation":18,"IntensiveCare":44,"Total":62},"Deaths":133,"Recovered":756,"Severe":93,"Critical":9,"Emergencies":{"Suspected":3,"Total":376,"Severe":2,"Suspected/Accumulated":1746,"Total/Accumulated":113915,"Severe/Accumulated":868},"PCRTests":{"Total":4419,"Confirmed":197,"Total/Accumulated":287309,"Confirmed/Accumulated":14048},"Confirmed":147,"MedicalTests":{"Total/Accumulated":347,"Confirmed/Accumulated":9}},"geometry":{"type":"Point","coordinates":[-1.3851340601503754,46.70726116541352]}},{"type":"Feature","properties":{"Country/Region":"France","Province/State":"Vienne","Code":"86","Population":{"Total":437398,"Under19":101362,"Under39":100176,"Under59":108284,"Under74":79480,"Over75":48096},"Beds":{"Resuscitation":53,"IntensiveCare":124,"Total":177},"Deaths":139,"Recovered":588,"Severe":36,"Critical":7,"Emergencies":{"Suspected":1,"Total":261,"Severe":1,"Suspected/Accumulated":945,"Total/Accumulated":66721,"Severe/Accumulated":526},"PCRTests":{"Total":1750,"Confirmed":79,"Total/Accumulated":189790,"Confirmed/Accumulated":9795},"Confirmed":53,"MedicalTests":{"Total/Accumulated":1102,"Confirmed/Accumulated":28}},"geometry":{"type":"Point","coordinates":[0.42368070921985806,46.57872638297872]}},{"type":"Feature","properties":{"Country/Region":"France","Province/State":"Haute-Vienne","Code":"87","Population":{"Total":370774,"Under19":79173,"Under39":77448,"Under59":94509,"Under74":74186,"Over75":45458},"Beds":{"Resuscitation":24,"IntensiveCare":144,"Total":168},"Deaths":188,"Recovered":620,"Severe":71,"Critical":5,"Emergencies":{"Suspected":4,"Total":306,"Severe":2,"Suspected/Accumulated":1054,"Total/Accumulated":76511,"Severe/Accumulated":612},"MedicalActs":{"Suspected":11,"Total":180,"Suspected/Accumulated":2060,"Total/Accumulated":46224},"PCRTests":{"Total":1677,"Confirmed":78,"Total/Accumulated":150959,"Confirmed/Accumulated":9970},"Confirmed":21,"MedicalTests":{"Total/Accumulated":1623,"Confirmed/Accumulated":67}},"geometry":{"type":"Point","coordinates":[1.2410431872509962,45.895894860557746]}},{"type":"Feature","properties":{"Country/Region":"France","Province/State":"Vosges","Code":"88","Population":{"Total":359520,"Under19":77042,"Under39":70274,"Under59":94740,"Under74":75920,"Over75":41544},"Beds":{"Resuscitation":8,"IntensiveCare":24,"Total":32},"Deaths":564,"Recovered":1612,"Severe":262,"Critical":19,"Emergencies":{"Suspected":6,"Total":232,"Severe":4,"Suspected/Accumulated":3874,"Total/Accumulated":77162,"Severe/Accumulated":1498},"PCRTests":{"Total":2410,"Confirmed":191,"Total/Accumulated":190743,"Confirmed/Accumulated":13290},"Confirmed":66,"MedicalTests":{"Total/Accumulated":3101,"Confirmed/Accumulated":400}},"geometry":{"type":"Point","coordinates":[6.2957204247104235,48.23006027027029]}},{"type":"Feature","properties":{"Country/Region":"France","Province/State":"Yonne","Code":"89","Population":{"Total":332096,"Under19":73991,"Under39":64975,"Under59":86159,"Under74":68966,"Over75":38005},"Beds":{"Resuscitation":18,"IntensiveCare":32,"Total":50},"Deaths":290,"Recovered":1145,"Severe":198,"Critical":18,"Emergencies":{"Suspected":4,"Total":290,"Severe":3,"Suspected/Accumulated":3455,"Total/Accumulated":90321,"Severe/Accumulated":1192},"MedicalActs":{"Suspected":6,"Total":86,"Suspected/Accumulated":2427,"Total/Accumulated":23667},"PCRTests":{"Total":1864,"Confirmed":129,"Total/Accumulated":175671,"Confirmed/Accumulated":14327},"MedicalTests":{"Total/Accumulated":633,"Confirmed/Accumulated":62}},"geometry":{"type":"Point","coordinates":[3.57333820338983,47.84307762711864]}},{"type":"Feature","properties":{"Country/Region":"France","Province/State":"Territoire de Belfort","Code":"90","Population":{"Total":140145,"Under19":33166,"Under39":32553,"Under59":36366,"Under74":24639,"Over75":13421},"Beds":{"Resuscitation":25,"IntensiveCare":40,"Total":65},"Deaths":427,"Recovered":1192,"Severe":177,"Critical":22,"Emergencies":{"Suspected":8,"Total":132,"Severe":5,"Suspected/Accumulated":1907,"Total/Accumulated":46385,"Severe/Accumulated":1116},"PCRTests":{"Total":880,"Confirmed":118,"Total/Accumulated":72074,"Confirmed/Accumulated":5512},"MedicalTests":{"Total/Accumulated":853,"Confirmed/Accumulated":108}},"geometry":{"type":"Point","coordinates":[6.93897388888889,47.60873597222223]}},{"type":"Feature","properties":{"Country/Region":"France","Province/State":"Essonne","Code":"91","Population":{"Total":1319401,"Under19":360333,"Under39":338878,"Under59":349395,"Under74":176919,"Over75":93876},"Beds":{"Resuscitation":97,"IntensiveCare":164,"Total":261},"Deaths":1071,"Recovered":5176,"Severe":538,"Critical":64,"Emergencies":{"Suspected":22,"Total":646,"Severe":8,"Suspected/Accumulated":7242,"Total/Accumulated":161377,"Severe/Accumulated":2253},"MedicalActs":{"Suspected":10,"Total":136,"Suspected/Accumulated":2955,"Total/Accumulated":38735},"PCRTests":{"Total":6461,"Confirmed":481,"Total/Accumulated":609024,"Confirmed/Accumulated":52599},"Confirmed":30,"MedicalTests":{"Total/Accumulated":13409,"Confirmed/Accumulated":2366}},"geometry":{"type":"Point","coordinates":[2.2519983333333338,48.50948216666667]}},{"type":"Feature","properties":{"Country/Region":"France","Province/State":"Hauts-de-Seine","Code":"92","Population":{"Total":1613762,"Under19":393984,"Under39":457571,"Under59":428782,"Under74":211036,"Over75":122389},"Beds":{"Resuscitation":184,"IntensiveCare":276,"Total":460},"Deaths":1656,"Recovered":8443,"Severe":782,"Critical":104,"Emergencies":{"Suspected":11,"Total":869,"Severe":3,"Suspected/Accumulated":7334,"Total/Accumulated":232895,"Severe/Accumulated":2447},"PCRTests":{"Total":10713,"Confirmed":708,"Total/Accumulated":1023377,"Confirmed/Accumulated":74892},"Confirmed":59,"MedicalTests":{"Total/Accumulated":11950,"Confirmed/Accumulated":2683}},"geometry":{"type":"Point","coordinates":[2.2538900000000006,48.84266823529411]}},{"type":"Feature","properties":{"Country/Region":"France","Province/State":"Seine-Saint-Denis","Code":"93","Population":{"Total":1670149,"Under19":485032,"Under39":478299,"Under59":428192,"Under74":194935,"Over75":83691},"Beds":{"Resuscitation":100,"IntensiveCare":218,"Total":318},"Deaths":1553,"Recovered":7664,"Severe":680,"Critical":61,"Emergencies":{"Suspected":35,"Total":953,"Severe":11,"Suspected/Accumulated":12773,"Total/Accumulated":259586,"Severe/Accumulated":2981},"PCRTests":{"Total":8197,"Confirmed":661,"Total/Accumulated":788113,"Confirmed/Accumulated":79966},"Confirmed":45,"MedicalTests":{"Total/Accumulated":8715,"Confirmed/Accumulated":2518}},"geometry":{"type":"Point","coordinates":[2.474763409090909,48.91863045454546]}},{"type":"Feature","properties":{"Country/Region":"France","Province/State":"Val-de-Marne","Code":"94","Population":{"Total":1406041,"Under19":359600,"Under39":390124,"Under59":368199,"Under74":187814,"Over75":100304},"Beds":{"Resuscitation":156,"IntensiveCare":338,"Total":494},"Deaths":1910,"Recovered":8295,"Severe":503,"Critical":56,"Emergencies":{"Suspected":22,"Total":947,"Severe":6,"Suspected/Accumulated":12880,"Total/Accumulated":259968,"Severe/Accumulated":4652},"PCRTests":{"Total":8289,"Confirmed":634,"Total/Accumulated":772263,"Confirmed/Accumulated":69071},"Confirmed":48,"MedicalTests":{"Total/Accumulated":8850,"Confirmed/Accumulated":1817}},"geometry":{"type":"Point","coordinates":[2.47453725,48.775524499999996]}},{"type":"Feature","properties":{"Country/Region":"France","Province/State":"Val-d'Oise","Code":"95","Population":{"Total":1248354,"Under19":357525,"Under39":326622,"Under59":322949,"Under74":166265,"Over75":74993},"Beds":{"Resuscitation":60,"IntensiveCare":130,"Total":190},"Deaths":1239,"Recovered":5144,"Severe":457,"Critical":31,"Emergencies":{"Suspected":27,"Total":821,"Severe":11,"Suspected/Accumulated":14253,"Total/Accumulated":232222,"Severe/Accumulated":4896},"MedicalActs":{"Suspected":7,"Total":301,"Suspected/Accumulated":4834,"Total/Accumulated":74463},"PCRTests":{"Total":6567,"Confirmed":572,"Total/Accumulated":608125,"Confirmed/Accumulated":60174},"Confirmed":60,"MedicalTests":{"Total/Accumulated":7014,"Confirmed/Accumulated":1871}},"geometry":{"type":"Point","coordinates":[2.092522396694214,49.08765355371902]}},{"type":"Feature","properties":{"Country/Region":"France","Province/State":"La Réunion","Code":"974","Population":{"Total":859959,"Under19":256143,"Under39":202783,"Under59":239212,"Under74":117045,"Over75":44776},"Beds":{"Resuscitation":52,"IntensiveCare":154,"Total":206},"Deaths":53,"Recovered":725,"Severe":50,"Critical":3,"Emergencies":{"Suspected":5,"Total":401,"Severe":3,"Suspected/Accumulated":897,"Total/Accumulated":119480,"Severe/Accumulated":525},"PCRTests":{"Total":2739,"Confirmed":50,"Total/Accumulated":327272,"Confirmed/Accumulated":9444},"MedicalTests":{"Total/Accumulated":19,"Confirmed/Accumulated":1}},"geometry":{"type":"Point","coordinates":[55.52943947368424,-21.1374047368421]}}]}