{"type":"FeatureCollection","features":[{"type":"Feature","properties":{"Country/Region":"France","Province/State":"Guadeloupe","Code":"971","Population":{"Total":376879,"Under19":90617,"Under39":71707,"Under59":109452,"Under74":70936,"Over75":34167},"Beds":{"Resuscitation":27,"IntensiveCare":68,"Total":95},"Deaths":107,"Recovered":456,"Severe":187,"Critical":23,"Emergencies":{"Suspected":7,"Total":262,"Severe":5,"Suspected/Accumulated":1375,"Total/Accumulated":46201,"Severe/Accumulated":623},"PCRTests":{"Total":570,"Confirmed":91,"Total/Accumulated":55672,"Confirmed/Accumulated":6868},"Confirmed":106,"MedicalTests":{"Total/Accumulated":51,"Confirmed/Accumulated":17}},"geometry":{"type":"Point","coordinates":[-61.493846272189366,16.20469674556213]}},{"type":"Feature","properties":{"Country/Region":"France","Province/State":"Martinique","Code":"972","Population":{"Total":358749,"Under19":77005,"Under39":65776,"Under59":105638,"Under74":72163,"Over75":38167},"Beds":{"Resuscitation":26,"IntensiveCare":58,"Total":84},"Deaths":24,"Recovered":147,"Severe":52,"Critical":19,"MedicalActs":{"Suspected":4,"Total":162,"Suspected/Accumulated":428,"Total/Accumulated":24304},"PCRTests":{"Total":701,"Confirmed":107,"Total/Accumulated":57397,"Confirmed/Accumulated":2446},"Confirmed":16,"MedicalTests":{"Total/Accumulated":29,"Confirmed/Accumulated":6}},"geometry":{"type":"Point","coordinates":[-60.98265692913386,14.6217557480315]}},{"type":"Feature","properties":{"Country/Region":"France","Province/State":"Guyane","Code":"973","Population":{"Total":290691,"Under19":120681,"Under39":80023,"Under59":61783,"Under74":22111,"Over75":6093},"Beds":{"Resuscitation":13,"IntensiveCare":12,"Total":25},"Deaths":65,"Recovered":1753,"Severe":19,"Critical":5,"Emergencies":{"Suspected":2,"Total":236,"Severe":2,"Suspected/Accumulated":1957,"Total/Accumulated":43122,"Severe/Accumulated":923},"PCRTests":{"Total":394,"Confirmed":22,"Total/Accumulated":63200,"Confirmed/Accumulated":8908},"Confirmed":43,"MedicalTests":{"Total/Accumulated":35,"Confirmed/Accumulated":4}},"geometry":{"type":"Point","coordinates":[-53.41731165390502,3.588901056661561]}},{"type":"Feature","properties":{"Country/Region":"France","Province/State":"Mayotte","Code":"976","Population":{"Total":279471,"Under19":150257,"Under39":74348,"Under59":42900,"Under74":9521,"Over75":2445},"Beds":{"Resuscitation":6,"IntensiveCare":0,"Total":6},"Deaths":29,"Recovered":464,"Severe":10,"Critical":3,"Emergencies":{"Suspected":1,"Total":88,"Suspected/Accumulated":1920,"Total/Accumulated":23724,"Severe/Accumulated":263},"PCRTests":{"Total":203,"Confirmed":27,"Total/Accumulated":23396,"Confirmed/Accumulated":2351},"Confirmed":128,"MedicalTests":{"Total/Accumulated":4,"Confirmed/Accumulated":1}},"geometry":{"type":"Point","coordinates":[45.14160071428572,-12.835344166666673]}},{"type":"Feature","properties":{"Country/Region":"France","Province/State":"Ain","Code":"01","Population":{"Total":656955,"Under19":167666,"Under39":151084,"Under59":179469,"Under74":104453,"Over75":54283},"Beds":{"Resuscitation":22,"IntensiveCare":20,"Total":42},"Deaths":115,"Recovered":530,"Severe":45,"Critical":8,"Emergencies":{"Suspected":12,"Total":283,"Severe":7,"Suspected/Accumulated":1414,"Total/Accumulated":55968,"Severe/Accumulated":554},"PCRTests":{"Total":2273,"Confirmed":366,"Total/Accumulated":102471,"Confirmed/Accumulated":5878},"Confirmed":118,"MedicalTests":{"Total/Accumulated":3606,"Confirmed/Accumulated":382}},"geometry":{"type":"Point","coordinates":[5.430359734513273,46.106026415929215]}},{"type":"Feature","properties":{"Country/Region":"France","Province/State":"Aisne","Code":"02","Population":{"Total":526050,"Under19":129852,"Under39":114042,"Under59":135164,"Under74":98046,"Over75":48946},"Beds":{"Resuscitation":34,"IntensiveCare":110,"Total":144},"Deaths":295,"Recovered":1208,"Severe":52,"Critical":4,"Emergencies":{"Suspected":10,"Total":405,"Severe":5,"Suspected/Accumulated":3544,"Total/Accumulated":80283,"Severe/Accumulated":1106},"MedicalActs":{"Suspected":13,"Total":264,"Suspected/Accumulated":1668,"Total/Accumulated":51906},"PCRTests":{"Total":1415,"Confirmed":169,"Total/Accumulated":62694,"Confirmed/Accumulated":2494},"Confirmed":59,"MedicalTests":{"Total/Accumulated":3072,"Confirmed/Accumulated":456}},"geometry":{"type":"Point","coordinates":[3.5153965625000003,49.457888298611124]}},{"type":"Feature","properties":{"Country/Region":"France","Province/State":"Allier","Code":"03","Population":{"Total":331315,"Under19":66659,"Under39":61490,"Under59":85304,"Under74":72079,"Over75":45783},"Beds":{"Resuscitation":24,"IntensiveCare":56,"Total":80},"Deaths":48,"Recovered":263,"Severe":42,"Critical":3,"Emergencies":{"Suspected":4,"Total":154,"Severe":4,"Suspected/Accumulated":1244,"Total/Accumulated":38849,"Severe/Accumulated":698},"PCRTests":{"Total":838,"Confirmed":98,"Total/Accumulated":48250,"Confirmed/Accumulated":1181},"Confirmed":38,"MedicalTests":{"Total/Accumulated":1177,"Confirmed/Accumulated":12}},"geometry":{"type":"Point","coordinates":[3.1778756690140857,46.39097419014088]}},{"type":"Feature","properties":{"Country/Region":"France","Province/State":"Alpes-de-Haute-Provence","Code":"04","Population":{"Total":165197,"Under19":34281,"Under39":30814,"Under59":43423,"Under74":35681,"Over75":20998},"Beds":{"Resuscitation":6,"IntensiveCare":0,"Total":6},"Deaths":17,"Recovered":169,"Severe":15,"Critical":3,"Emergencies":{"Suspected":4,"Total":163,"Severe":1,"Suspected/Accumulated":421,"Total/Accumulated":35834,"Severe/Accumulated":168},"PCRTests":{"Total":470,"Confirmed":54,"Total/Accumulated":28668,"Confirmed/Accumulated":964},"Confirmed":22,"MedicalTests":{"Total/Accumulated":1722,"Confirmed/Accumulated":63}},"geometry":{"type":"Point","coordinates":[6.294359440298507,44.152788992537346]}},{"type":"Feature","properties":{"Country/Region":"France","Province/State":"Hautes-Alpes","Code":"05","Population":{"Total":141756,"Under19":30280,"Under39":27715,"Under59":37829,"Under74":29047,"Over75":16885},"Beds":{"Resuscitation":8,"IntensiveCare":0,"Total":8},"Deaths":22,"Recovered":166,"Severe":29,"Critical":3,"Emergencies":{"Suspected":6,"Total":88,"Severe":4,"Suspected/Accumulated":1181,"Total/Accumulated":34053,"Severe/Accumulated":222},"PCRTests":{"Total":303,"Confirmed":48,"Total/Accumulated":17809,"Confirmed/Accumulated":851},"Confirmed":42,"MedicalTests":{"Total/Accumulated":658,"Confirmed/Accumulated":4}},"geometry":{"type":"Point","coordinates":[6.205986298932386,44.64177099644131]}},{"type":"Feature","properties":{"Country/Region":"France","Province/State":"Alpes-Maritimes","Code":"06","Population":{"Total":1079396,"Under19":226862,"Under39":232814,"Under59":282249,"Under74":198428,"Over75":139043},"Beds":{"Resuscitation":89,"IntensiveCare":182,"Total":271},"Deaths":231,"Recovered":1232,"Severe":136,"Critical":21,"Emergencies":{"Suspected":15,"Total":844,"Severe":9,"Suspected/Accumulated":4124,"Total/Accumulated":181834,"Severe/Accumulated":2181},"MedicalActs":{"Suspected":9,"Total":169,"Suspected/Accumulated":2588,"Total/Accumulated":35875},"PCRTests":{"Total":2770,"Confirmed":284,"Total/Accumulated":250212,"Confirmed/Accumulated":12484},"Confirmed":194,"MedicalTests":{"Total/Accumulated":5759,"Confirmed/Accumulated":263}},"geometry":{"type":"Point","coordinates":[7.093963618090453,43.90811477386935]}},{"type":"Feature","properties":{"Country/Region":"France","Province/State":"Corse-du-Sud","Code":"2A","Population":{"Total":162421,"Under19":31630,"Under39":34910,"Under59":45312,"Under74":31004,"Over75":19565},"Beds":{"Resuscitation":10,"IntensiveCare":30,"Total":40},"Deaths":50,"Recovered":176,"Severe":11,"Critical":2,"Emergencies":{"Suspected":1,"Total":114,"Severe":1,"Suspected/Accumulated":196,"Total/Accumulated":24058,"Severe/Accumulated":152},"MedicalActs":{"Suspected":21,"Total":124,"Suspected/Accumulated":1032,"Total/Accumulated":15898},"PCRTests":{"Total":429,"Confirmed":59,"Total/Accumulated":34804,"Confirmed/Accumulated":1062},"Confirmed":207},"geometry":{"type":"Point","coordinates":[8.933891598360661,41.87995627049185]}},{"type":"Feature","properties":{"Country/Region":"France","Province/State":"Haute-Corse","Code":"2B","Population":{"Total":182258,"Under19":36925,"Under39":42075,"Under59":47863,"Under74":34671,"Over75":20724},"Beds":{"Resuscitation":8,"IntensiveCare":12,"Total":20},"Deaths":16,"Recovered":135,"Severe":21,"Critical":4,"Emergencies":{"Suspected":5,"Total":123,"Severe":2,"Suspected/Accumulated":2179,"Total/Accumulated":29200,"Severe/Accumulated":2005},"PCRTests":{"Total":610,"Confirmed":73,"Total/Accumulated":36102,"Confirmed/Accumulated":1047},"Confirmed":56},"geometry":{"type":"Point","coordinates":[9.12993101604278,42.44040566844919]}},{"type":"Feature","properties":{"Country/Region":"France","Province/State":"Ardèche","Code":"07","Population":{"Total":326875,"Under19":70594,"Under39":61093,"Under59":88160,"Under74":68490,"Over75":38538},"Beds":{"Resuscitation":8,"IntensiveCare":0,"Total":8},"Deaths":122,"Recovered":474,"Severe":21,"Critical":7,"Emergencies":{"Suspected":10,"Total":219,"Severe":1,"Suspected/Accumulated":951,"Total/Accumulated":42455,"Severe/Accumulated":217},"PCRTests":{"Total":1073,"Confirmed":188,"Total/Accumulated":42836,"Confirmed/Accumulated":1927},"Confirmed":128,"MedicalTests":{"Total/Accumulated":1210,"Confirmed/Accumulated":123}},"geometry":{"type":"Point","coordinates":[4.425911157407411,44.77470101851853]}},{"type":"Feature","properties":{"Country/Region":"France","Province/State":"Ardennes","Code":"08","Population":{"Total":265531,"Under19":60337,"Under39":55870,"Under59":70459,"Under74":52021,"Over75":26844},"Beds":{"Resuscitation":12,"IntensiveCare":42,"Total":54},"Deaths":65,"Recovered":243,"Severe":13,"Critical":3,"Emergencies":{"Suspected":1,"Total":208,"Severe":1,"Suspected/Accumulated":283,"Total/Accumulated":44617,"Severe/Accumulated":76},"PCRTests":{"Total":700,"Confirmed":68,"Total/Accumulated":44553,"Confirmed/Accumulated":1084},"Confirmed":3,"MedicalTests":{"Total/Accumulated":1117,"Confirmed/Accumulated":101}},"geometry":{"type":"Point","coordinates":[4.717836481481479,49.63503592592596]}},{"type":"Feature","properties":{"Country/Region":"France","Province/State":"Ariège","Code":"09","Population":{"Total":152398,"Under19":30718,"Under39":28780,"Under59":40432,"Under74":32667,"Over75":19801},"Beds":{"Resuscitation":8,"IntensiveCare":16,"Total":24},"Deaths":3,"Recovered":47,"Severe":14,"Critical":5,"Emergencies":{"Suspected":1,"Total":96,"Suspected/Accumulated":268,"Total/Accumulated":23882,"Severe/Accumulated":113},"PCRTests":{"Total":468,"Confirmed":90,"Total/Accumulated":23928,"Confirmed/Accumulated":1164},"Confirmed":3,"MedicalTests":{"Total/Accumulated":943,"Confirmed/Accumulated":7}},"geometry":{"type":"Point","coordinates":[1.5308575113122171,42.951783619909506]}},{"type":"Feature","properties":{"Country/Region":"France","Province/State":"Aube","Code":"10","Population":{"Total":309907,"Under19":74513,"Under39":69749,"Under59":77945,"Under74":56336,"Over75":31364},"Beds":{"Resuscitation":12,"IntensiveCare":36,"Total":48},"Deaths":139,"Recovered":691,"Severe":19,"Critical":3,"Emergencies":{"Suspected":5,"Total":172,"Severe":1,"Suspected/Accumulated":891,"Total/Accumulated":36005,"Severe/Accumulated":419},"MedicalActs":{"Suspected":5,"Total":123,"Suspected/Accumulated":843,"Total/Accumulated":23630},"PCRTests":{"Total":901,"Confirmed":80,"Total/Accumulated":46256,"Confirmed/Accumulated":1575},"Confirmed":14,"MedicalTests":{"Total/Accumulated":3836,"Confirmed/Accumulated":370}},"geometry":{"type":"Point","coordinates":[4.115386826086957,48.290927782608684]}},{"type":"Feature","properties":{"Country/Region":"France","Province/State":"Aude","Code":"11","Population":{"Total":372705,"Under19":78644,"Under39":70170,"Under59":96929,"Under74":80039,"Over75":46923},"Beds":{"Resuscitation":16,"IntensiveCare":44,"Total":60},"Deaths":63,"Recovered":266,"Severe":12,"Critical":4,"Emergencies":{"Suspected":2,"Total":290,"Severe":1,"Suspected/Accumulated":576,"Total/Accumulated":59000,"Severe/Accumulated":245},"PCRTests":{"Total":903,"Confirmed":89,"Total/Accumulated":59244,"Confirmed/Accumulated":1978},"Confirmed":44,"MedicalTests":{"Total/Accumulated":3464,"Confirmed/Accumulated":194}},"geometry":{"type":"Point","coordinates":[2.3518425641025638,43.13299722222223]}},{"type":"Feature","properties":{"Country/Region":"France","Province/State":"Aveyron","Code":"12","Population":{"Total":278360,"Under19":55940,"Under39":51027,"Under59":73060,"Under74":59454,"Over75":38879},"Beds":{"Resuscitation":11,"IntensiveCare":32,"Total":43},"Deaths":28,"Recovered":184,"Severe":28,"Critical":2,"Emergencies":{"Total":100,"Suspected/Accumulated":42,"Total/Accumulated":26988,"Severe/Accumulated":13},"PCRTests":{"Total":869,"Confirmed":94,"Total/Accumulated":48367,"Confirmed/Accumulated":1986},"Confirmed":29,"MedicalTests":{"Total/Accumulated":118,"Confirmed/Accumulated":5}},"geometry":{"type":"Point","coordinates":[2.66545315960912,44.28474130293157]}},{"type":"Feature","properties":{"Country/Region":"France","Province/State":"Bouches-du-Rhône","Code":"13","Population":{"Total":2034469,"Under19":480915,"Under39":483747,"Under59":522289,"Under74":342385,"Over75":205133},"Beds":{"Resuscitation":281,"IntensiveCare":476,"Total":757},"Deaths":731,"Recovered":5663,"Severe":576,"Critical":146,"Emergencies":{"Suspected":51,"Total":1176,"Severe":24,"Suspected/Accumulated":6204,"Total/Accumulated":274609,"Severe/Accumulated":3129},"MedicalActs":{"Suspected":16,"Total":209,"Suspected/Accumulated":2417,"Total/Accumulated":43543},"PCRTests":{"Total":7989,"Confirmed":1140,"Total/Accumulated":644237,"Confirmed/Accumulated":40658},"Confirmed":827,"MedicalTests":{"Total/Accumulated":53325,"Confirmed/Accumulated":3187}},"geometry":{"type":"Point","coordinates":[5.098567400881058,43.49901925110133]}},{"type":"Feature","properties":{"Country/Region":"France","Province/State":"Calvados","Code":"14","Population":{"Total":691453,"Under19":160392,"Under39":155359,"Under59":174249,"Under74":130972,"Over75":70481},"Beds":{"Resuscitation":91,"IntensiveCare":128,"Total":219},"Deaths":91,"Recovered":426,"Severe":61,"Critical":17,"Emergencies":{"Suspected":6,"Total":420,"Severe":3,"Suspected/Accumulated":1684,"Total/Accumulated":85802,"Severe/Accumulated":588},"MedicalActs":{"Suspected":19,"Total":293,"Suspected/Accumulated":3013,"Total/Accumulated":56653},"PCRTests":{"Total":1964,"Confirmed":248,"Total/Accumulated":138416,"Confirmed/Accumulated":4218},"Confirmed":147,"MedicalTests":{"Total/Accumulated":1704,"Confirmed/Accumulated":157}},"geometry":{"type":"Point","coordinates":[-0.4028230593607306,49.05443785388125]}},{"type":"Feature","properties":{"Country/Region":"France","Province/State":"Cantal","Code":"15","Population":{"Total":142811,"Under19":26571,"Under39":24954,"Under59":38397,"Under74":32697,"Over75":20192},"Beds":{"Resuscitation":8,"IntensiveCare":30,"Total":38},"Deaths":16,"Recovered":75,"Severe":37,"Critical":3,"Emergencies":{"Suspected":2,"Total":65,"Suspected/Accumulated":237,"Total/Accumulated":16779,"Severe/Accumulated":122},"PCRTests":{"Total":364,"Confirmed":22,"Total/Accumulated":19772,"Confirmed/Accumulated":552},"Confirmed":33,"MedicalTests":{"Total/Accumulated":648,"Confirmed/Accumulated":44}},"geometry":{"type":"Point","coordinates":[2.7066918215613374,45.02447219330856]}},{"type":"Feature","properties":{"Country/Region":"France","Province/State":"Charente","Code":"16","Population":{"Total":348180,"Under19":71324,"Under39":69355,"Under59":91186,"Under74":72860,"Over75":43455},"Beds":{"Resuscitation":12,"IntensiveCare":36,"Total":48},"Deaths":16,"Recovered":74,"Severe":6,"Critical":2,"Emergencies":{"Total":210,"Suspected/Accumulated":719,"Total/Accumulated":49540,"Severe/Accumulated":240},"PCRTests":{"Total":572,"Confirmed":30,"Total/Accumulated":37495,"Confirmed/Accumulated":1090},"Confirmed":10,"MedicalTests":{"Total/Accumulated":899,"Confirmed/Accumulated":21}},"geometry":{"type":"Point","coordinates":[0.2054574390243902,45.733938821138196]}},{"type":"Feature","properties":{"Country/Region":"France","Province/State":"Charente-Maritime","Code":"17","Population":{"Total":647080,"Under19":130618,"Under39":119836,"Under59":164314,"Under74":146996,"Over75":85316},"Beds":{"Resuscitation":30,"IntensiveCare":72,"Total":102},"Deaths":58,"Recovered":183,"Severe":18,"Critical":4,"Emergencies":{"Suspected":3,"Total":396,"Severe":2,"Suspected/Accumulated":1401,"Total/Accumulated":97361,"Severe/Accumulated":516},"MedicalActs":{"Suspected":5,"Total":31,"Suspected/Accumulated":477,"Total/Accumulated":10200},"PCRTests":{"Total":975,"Confirmed":66,"Total/Accumulated":66278,"Confirmed/Accumulated":1338},"Confirmed":49,"MedicalTests":{"Total/Accumulated":8110,"Confirmed/Accumulated":167}},"geometry":{"type":"Point","coordinates":[-0.734802142857143,45.8164405357143]}},{"type":"Feature","properties":{"Country/Region":"France","Province/State":"Cher","Code":"18","Population":{"Total":296404,"Under19":61933,"Under39":57193,"Under59":76912,"Under74":62985,"Over75":37381},"Beds":{"Resuscitation":12,"IntensiveCare":32,"Total":44},"Deaths":100,"Recovered":235,"Severe":21,"Critical":3,"Emergencies":{"Suspected":2,"Total":116,"Suspected/Accumulated":1795,"Total/Accumulated":27577,"Severe/Accumulated":27},"MedicalActs":{"Suspected":18,"Total":228,"Suspected/Accumulated":1027,"Total/Accumulated":34608},"PCRTests":{"Total":644,"Confirmed":73,"Total/Accumulated":37267,"Confirmed/Accumulated":1048},"Confirmed":25,"MedicalTests":{"Total/Accumulated":3157,"Confirmed/Accumulated":334}},"geometry":{"type":"Point","coordinates":[2.420866293436294,47.03802115830117]}},{"type":"Feature","properties":{"Country/Region":"France","Province/State":"Corrèze","Code":"19","Population":{"Total":240336,"Under19":48146,"Under39":45056,"Under59":62186,"Under74":52206,"Over75":32742},"Beds":{"Resuscitation":15,"IntensiveCare":42,"Total":57},"Deaths":43,"Recovered":179,"Severe":19,"Critical":3,"Emergencies":{"Suspected":4,"Total":177,"Severe":1,"Suspected/Accumulated":622,"Total/Accumulated":37165,"Severe/Accumulated":471},"PCRTests":{"Total":425,"Confirmed":17,"Total/Accumulated":35794,"Confirmed/Accumulated":853},"Confirmed":23,"MedicalTests":{"Total/Accumulated":315,"Confirmed/Accumulated":17}},"geometry":{"type":"Point","coordinates":[1.8952178059071727,45.37689915611812]}},{"type":"Feature","properties":{"Country/Region":"France","Province/State":"Côte-d'Or","Code":"21","Population":{"Total":532886,"Under19":121633,"Under39":128314,"Under59":134514,"Under74":95451,"Over75":52974},"Beds":{"Resuscitation":57,"IntensiveCare":190,"Total":247},"Deaths":264,"Recovered":1019,"Severe":48,"Critical":11,"Emergencies":{"Suspected":8,"Total":266,"Severe":4,"Suspected/Accumulated":2039,"Total/Accumulated":58549,"Severe/Accumulated":784},"MedicalActs":{"Suspected":5,"Total":71,"Suspected/Accumulated":1308,"Total/Accumulated":17953},"PCRTests":{"Total":1517,"Confirmed":164,"Total/Accumulated":107012,"Confirmed/Accumulated":4611},"Confirmed":1,"MedicalTests":{"Total/Accumulated":1228,"Confirmed/Accumulated":98}},"geometry":{"type":"Point","coordinates":[4.781845107913668,47.44940406474819]}},{"type":"Feature","properties":{"Country/Region":"France","Province/State":"Côtes-d'Armor","Code":"22","Population":{"Total":596186,"Under19":131217,"Under39":108675,"Under59":153257,"Under74":128481,"Over75":74556},"Beds":{"Resuscitation":14,"IntensiveCare":32,"Total":46},"Deaths":43,"Recovered":263,"Severe":17,"Critical":2,"Emergencies":{"Suspected":1,"Total":325,"Severe":1,"Suspected/Accumulated":1035,"Total/Accumulated":64224,"Severe/Accumulated":798},"PCRTests":{"Total":1204,"Confirmed":85,"Total/Accumulated":92614,"Confirmed/Accumulated":1943},"Confirmed":107,"MedicalTests":{"Total/Accumulated":177,"Confirmed/Accumulated":3}},"geometry":{"type":"Point","coordinates":[-2.8283123411371243,48.47540434782613]}},{"type":"Feature","properties":{"Country/Region":"France","Province/State":"Creuse","Code":"23","Population":{"Total":116270,"Under19":20766,"Under39":19388,"Under59":30402,"Under74":28640,"Over75":17074},"Beds":{"Resuscitation":8,"IntensiveCare":16,"Total":24},"Deaths":16,"Recovered":93,"Severe":4,"Critical":2,"Emergencies":{"Total":42,"Suspected/Accumulated":394,"Total/Accumulated":14482,"Severe/Accumulated":88},"PCRTests":{"Total":356,"Confirmed":22,"Total/Accumulated":17072,"Confirmed/Accumulated":329},"Confirmed":12,"MedicalTests":{"Total/Accumulated":1152,"Confirmed/Accumulated":11}},"geometry":{"type":"Point","coordinates":[1.9795267256637192,46.07153353982301]}},{"type":"Feature","properties":{"Country/Region":"France","Province/State":"Dordogne","Code":"24","Population":{"Total":408393,"Under19":76430,"Under39":70201,"Under59":107402,"Under74":96538,"Over75":57822},"Beds":{"Resuscitation":19,"IntensiveCare":36,"Total":55},"Deaths":14,"Recovered":118,"Severe":18,"Critical":1,"Emergencies":{"Suspected":4,"Total":159,"Severe":4,"Suspected/Accumulated":985,"Total/Accumulated":40555,"Severe/Accumulated":514},"PCRTests":{"Total":774,"Confirmed":62,"Total/Accumulated":54115,"Confirmed/Accumulated":1378},"Confirmed":13,"MedicalTests":{"Total/Accumulated":586,"Confirmed/Accumulated":26}},"geometry":{"type":"Point","coordinates":[0.7502005172413793,45.100126827586195]}},{"type":"Feature","properties":{"Country/Region":"France","Province/State":"Doubs","Code":"25","Population":{"Total":539449,"Under19":132582,"Under39":130504,"Under59":135120,"Under74":90502,"Over75":50741},"Beds":{"Resuscitation":40,"IntensiveCare":262,"Total":302},"Deaths":154,"Recovered":673,"Severe":15,"Critical":6,"Emergencies":{"Suspected":4,"Total":226,"Severe":4,"Suspected/Accumulated":1691,"Total/Accumulated":47901,"Severe/Accumulated":644},"MedicalActs":{"Suspected":5,"Total":99,"Suspected/Accumulated":878,"Total/Accumulated":22633},"PCRTests":{"Total":1346,"Confirmed":135,"Total/Accumulated":94563,"Confirmed/Accumulated":2824},"MedicalTests":{"Total/Accumulated":2111,"Confirmed/Accumulated":213}},"geometry":{"type":"Point","coordinates":[6.359828136363636,47.17302813636364]}},{"type":"Feature","properties":{"Country/Region":"France","Province/State":"Drôme","Code":"26","Population":{"Total":520560,"Under19":125073,"Under39":110455,"Under59":134338,"Under74":95865,"Over75":54829},"Beds":{"Resuscitation":24,"IntensiveCare":68,"Total":92},"Deaths":135,"Recovered":592,"Severe":52,"Critical":11,"Emergencies":{"Suspected":13,"Total":315,"Severe":8,"Suspected/Accumulated":1721,"Total/Accumulated":63809,"Severe/Accumulated":675},"PCRTests":{"Total":1607,"Confirmed":198,"Total/Accumulated":70920,"Confirmed/Accumulated":3316},"Confirmed":119,"MedicalTests":{"Total/Accumulated":2066,"Confirmed/Accumulated":135}},"geometry":{"type":"Point","coordinates":[5.213618019801983,44.63170462046205]}},{"type":"Feature","properties":{"Country/Region":"France","Province/State":"Eure","Code":"27","Population":{"Total":600687,"Under19":151745,"Under39":128858,"Under59":160781,"Under74":106586,"Over75":52717},"Beds":{"Resuscitation":12,"IntensiveCare":44,"Total":56},"Deaths":99,"Recovered":344,"Severe":75,"Critical":8,"Emergencies":{"Suspected":1,"Total":125,"Suspected/Accumulated":779,"Total/Accumulated":38805,"Severe/Accumulated":156},"PCRTests":{"Total":1167,"Confirmed":155,"Total/Accumulated":69826,"Confirmed/Accumulated":3566},"Confirmed":71,"MedicalTests":{"Total/Accumulated":5764,"Confirmed/Accumulated":580}},"geometry":{"type":"Point","coordinates":[0.9927279220779222,49.13064012987015]}},{"type":"Feature","properties":{"Country/Region":"France","Province/State":"Eure-et-Loir","Code":"28","Population":{"Total":429425,"Under19":106266,"Under39":90617,"Under59":113525,"Under74":76422,"Over75":42595},"Beds":{"Resuscitation":20,"IntensiveCare":44,"Total":64},"Deaths":148,"Recovered":654,"Severe":41,"Critical":9,"Emergencies":{"Suspected":2,"Total":334,"Severe":2,"Suspected/Accumulated":833,"Total/Accumulated":65038,"Severe/Accumulated":263},"PCRTests":{"Total":885,"Confirmed":105,"Total/Accumulated":57664,"Confirmed/Accumulated":2164},"Confirmed":104,"MedicalTests":{"Total/Accumulated":4351,"Confirmed/Accumulated":653}},"geometry":{"type":"Point","coordinates":[1.3718229302325597,48.39856558139533]}},{"type":"Feature","properties":{"Country/Region":"France","Province/State":"Finistère","Code":"29","Population":{"Total":906554,"Under19":201332,"Under39":189857,"Under59":237308,"Under74":178715,"Over75":99342},"Beds":{"Resuscitation":66,"IntensiveCare":142,"Total":208},"Deaths":48,"Recovered":237,"Severe":25,"Critical":2,"Emergencies":{"Suspected":1,"Total":599,"Suspected/Accumulated":563,"Total/Accumulated":129252,"Severe/Accumulated":158},"MedicalActs":{"Suspected":2,"Total":153,"Suspected/Accumulated":1127,"Total/Accumulated":28456},"PCRTests":{"Total":2140,"Confirmed":95,"Total/Accumulated":139836,"Confirmed/Accumulated":2887},"Confirmed":230,"MedicalTests":{"Total/Accumulated":44,"Confirmed/Accumulated":9}},"geometry":{"type":"Point","coordinates":[-4.16814140056023,48.26300924369748]}},{"type":"Feature","properties":{"Country/Region":"France","Province/State":"Gard","Code":"30","Population":{"Total":748468,"Under19":170615,"Under39":154480,"Under59":195429,"Under74":147114,"Over75":80830},"Beds":{"Resuscitation":49,"IntensiveCare":108,"Total":157},"Deaths":116,"Recovered":495,"Severe":91,"Critical":27,"Emergencies":{"Suspected":2,"Total":442,"Suspected/Accumulated":1053,"Total/Accumulated":95203,"Severe/Accumulated":349},"MedicalActs":{"Suspected":3,"Total":56,"Suspected/Accumulated":991,"Total/Accumulated":15919},"PCRTests":{"Total":2138,"Confirmed":318,"Total/Accumulated":128685,"Confirmed/Accumulated":7350},"Confirmed":44,"MedicalTests":{"Total/Accumulated":11845,"Confirmed/Accumulated":327}},"geometry":{"type":"Point","coordinates":[4.0572744791666695,44.00851614583332]}},{"type":"Feature","properties":{"Country/Region":"France","Province/State":"Haute-Garonne","Code":"31","Population":{"Total":1400935,"Under19":335750,"Under39":398589,"Under59":358515,"Under74":197921,"Over75":110160},"Beds":{"Resuscitation":161,"IntensiveCare":430,"Total":591},"Deaths":119,"Recovered":1139,"Severe":148,"Critical":44,"Emergencies":{"Suspected":27,"Total":671,"Severe":15,"Suspected/Accumulated":3958,"Total/Accumulated":154409,"Severe/Accumulated":2186},"MedicalActs":{"Suspected":12,"Total":80,"Suspected/Accumulated":2242,"Total/Accumulated":28983},"PCRTests":{"Total":4944,"Confirmed":701,"Total/Accumulated":318319,"Confirmed/Accumulated":20652},"Confirmed":72,"MedicalTests":{"Total/Accumulated":11810,"Confirmed/Accumulated":341}},"geometry":{"type":"Point","coordinates":[1.1686918356164382,43.33252969863011]}},{"type":"Feature","properties":{"Country/Region":"France","Province/State":"Gers","Code":"32","Population":{"Total":190040,"Under19":37581,"Under39":32714,"Under59":51231,"Under74":41871,"Over75":26643},"Beds":{"Resuscitation":8,"IntensiveCare":8,"Total":16},"Deaths":31,"Recovered":103,"Severe":16,"Critical":2,"Emergencies":{"Suspected":1,"Total":63,"Severe":1,"Suspected/Accumulated":553,"Total/Accumulated":16168,"Severe/Accumulated":389},"PCRTests":{"Total":455,"Confirmed":53,"Total/Accumulated":28357,"Confirmed/Accumulated":1318},"Confirmed":14,"MedicalTests":{"Total/Accumulated":2554,"Confirmed/Accumulated":185}},"geometry":{"type":"Point","coordinates":[0.447782880658436,43.70601049382714]}},{"type":"Feature","properties":{"Country/Region":"France","Province/State":"Gironde","Code":"33","Population":{"Total":1633440,"Under19":380317,"Under39":415128,"Under59":425319,"Under74":267580,"Over75":145096},"Beds":{"Resuscitation":183,"IntensiveCare":262,"Total":445},"Deaths":213,"Recovered":1390,"Severe":195,"Critical":28,"Emergencies":{"Suspected":14,"Total":803,"Severe":7,"Suspected/Accumulated":4480,"Total/Accumulated":183513,"Severe/Accumulated":1798},"MedicalActs":{"Suspected":36,"Total":713,"Suspected/Accumulated":7908,"Total/Accumulated":152969},"PCRTests":{"Total":3368,"Confirmed":322,"Total/Accumulated":318987,"Confirmed/Accumulated":17310},"Confirmed":106,"MedicalTests":{"Total/Accumulated":8091,"Confirmed/Accumulated":348}},"geometry":{"type":"Point","coordinates":[-0.41644369747899174,44.756299705882356]}},{"type":"Feature","properties":{"Country/Region":"France","Province/State":"Hérault","Code":"34","Population":{"Total":1176145,"Under19":268258,"Under39":286299,"Under59":292794,"Under74":208723,"Over75":120071},"Beds":{"Resuscitation":124,"IntensiveCare":342,"Total":466},"Deaths":159,"Recovered":1027,"Severe":183,"Critical":50,"Emergencies":{"Suspected":24,"Total":779,"Severe":12,"Suspected/Accumulated":2550,"Total/Accumulated":175743,"Severe/Accumulated":846},"MedicalActs":{"Suspected":6,"Total":93,"Suspected/Accumulated":1163,"Total/Accumulated":21730},"PCRTests":{"Total":3943,"Confirmed":483,"Total/Accumulated":255307,"Confirmed/Accumulated":12812},"Confirmed":171,"MedicalTests":{"Total/Accumulated":38656,"Confirmed/Accumulated":1264}},"geometry":{"type":"Point","coordinates":[3.2725271495327104,43.601788971962634]}},{"type":"Feature","properties":{"Country/Region":"France","Province/State":"Ille-et-Vilaine","Code":"35","Population":{"Total":1082073,"Under19":274429,"Under39":270693,"Under59":278610,"Under74":165623,"Over75":92718},"Beds":{"Resuscitation":60,"IntensiveCare":224,"Total":284},"Deaths":105,"Recovered":632,"Severe":84,"Critical":13,"Emergencies":{"Suspected":9,"Total":588,"Severe":8,"Suspected/Accumulated":2142,"Total/Accumulated":119009,"Severe/Accumulated":1174},"MedicalActs":{"Suspected":5,"Total":127,"Suspected/Accumulated":1810,"Total/Accumulated":34642},"PCRTests":{"Total":2567,"Confirmed":239,"Total/Accumulated":186177,"Confirmed/Accumulated":8978},"Confirmed":208,"MedicalTests":{"Total/Accumulated":429,"Confirmed/Accumulated":10}},"geometry":{"type":"Point","coordinates":[-1.7401927338129495,48.18315345323742]}},{"type":"Feature","properties":{"Country/Region":"France","Province/State":"Indre","Code":"36","Population":{"Total":217139,"Under19":42951,"Under39":38506,"Under59":56292,"Under74":48986,"Over75":30404},"Beds":{"Resuscitation":10,"IntensiveCare":18,"Total":28},"Deaths":82,"Recovered":209,"Severe":11,"Critical":3,"Emergencies":{"Suspected":1,"Total":73,"Severe":1,"Suspected/Accumulated":137,"Total/Accumulated":20630,"Severe/Accumulated":64},"PCRTests":{"Total":344,"Confirmed":26,"Total/Accumulated":22655,"Confirmed/Accumulated":600},"Confirmed":80,"MedicalTests":{"Total/Accumulated":3671,"Confirmed/Accumulated":373}},"geometry":{"type":"Point","coordinates":[1.576445147679325,46.764304345991526]}},{"type":"Feature","properties":{"Country/Region":"France","Province/State":"Indre-et-Loire","Code":"37","Population":{"Total":605380,"Under19":142122,"Under39":136574,"Under59":153731,"Under74":108623,"Over75":64330},"Beds":{"Resuscitation":79,"IntensiveCare":116,"Total":195},"Deaths":103,"Recovered":468,"Severe":39,"Critical":13,"Emergencies":{"Suspected":5,"Total":202,"Severe":3,"Suspected/Accumulated":1225,"Total/Accumulated":66458,"Severe/Accumulated":432},"MedicalActs":{"Suspected":5,"Total":166,"Suspected/Accumulated":1285,"Total/Accumulated":33080},"PCRTests":{"Total":1963,"Confirmed":203,"Total/Accumulated":111164,"Confirmed/Accumulated":4175},"Confirmed":123,"MedicalTests":{"Total/Accumulated":4143,"Confirmed/Accumulated":118}},"geometry":{"type":"Point","coordinates":[0.6915947413793099,47.23521443965518]}},{"type":"Feature","properties":{"Country/Region":"France","Province/State":"Isère","Code":"38","Population":{"Total":1264979,"Under19":319977,"Under39":298730,"Under59":332378,"Under74":201842,"Over75":112052},"Beds":{"Resuscitation":74,"IntensiveCare":178,"Total":252},"Deaths":191,"Recovered":1041,"Severe":218,"Critical":36,"Emergencies":{"Suspected":24,"Total":768,"Severe":12,"Suspected/Accumulated":2502,"Total/Accumulated":157705,"Severe/Accumulated":943},"MedicalActs":{"Suspected":37,"Total":170,"Suspected/Accumulated":3389,"Total/Accumulated":38616},"PCRTests":{"Total":4406,"Confirmed":1037,"Total/Accumulated":193834,"Confirmed/Accumulated":15460},"Confirmed":190,"MedicalTests":{"Total/Accumulated":1901,"Confirmed/Accumulated":138}},"geometry":{"type":"Point","coordinates":[5.557470704225359,45.27668616197182]}},{"type":"Feature","properties":{"Country/Region":"France","Province/State":"Jura","Code":"39","Population":{"Total":257849,"Under19":57639,"Under39":51064,"Under59":68521,"Under74":50575,"Over75":30050},"Beds":{"Resuscitation":8,"IntensiveCare":18,"Total":26},"Deaths":61,"Recovered":342,"Severe":21,"Critical":1,"Emergencies":{"Suspected":7,"Total":162,"Severe":4,"Suspected/Accumulated":965,"Total/Accumulated":40312,"Severe/Accumulated":349},"PCRTests":{"Total":685,"Confirmed":105,"Total/Accumulated":39544,"Confirmed/Accumulated":1100},"MedicalTests":{"Total/Accumulated":1465,"Confirmed/Accumulated":150}},"geometry":{"type":"Point","coordinates":[5.6395758823529425,46.756161447963784]}},{"type":"Feature","properties":{"Country/Region":"France","Province/State":"Landes","Code":"40","Population":{"Total":411979,"Under19":85144,"Under39":78495,"Under59":112191,"Under74":86896,"Over75":49253},"Beds":{"Resuscitation":14,"IntensiveCare":32,"Total":46},"Deaths":17,"Recovered":101,"Severe":37,"Critical":4,"Emergencies":{"Suspected":3,"Total":179,"Severe":1,"Suspected/Accumulated":712,"Total/Accumulated":41552,"Severe/Accumulated":425},"PCRTests":{"Total":1009,"Confirmed":108,"Total/Accumulated":63362,"Confirmed/Accumulated":2452},"Confirmed":20,"MedicalTests":{"Total/Accumulated":870,"Confirmed/Accumulated":24}},"geometry":{"type":"Point","coordinates":[-0.5772234449760769,43.8801859808612]}},{"type":"Feature","properties":{"Country/Region":"France","Province/State":"Loir-et-Cher","Code":"41","Population":{"Total":327835,"Under19":72953,"Under39":62903,"Under59":86073,"Under74":65923,"Over75":39983},"Beds":{"Resuscitation":12,"IntensiveCare":16,"Total":28},"Deaths":70,"Recovered":372,"Severe":17,"Critical":1,"Emergencies":{"Suspected":5,"Total":193,"Severe":1,"Suspected/Accumulated":990,"Total/Accumulated":46425,"Severe/Accumulated":125},"PCRTests":{"Total":647,"Confirmed":53,"Total/Accumulated":36576,"Confirmed/Accumulated":1219},"Confirmed":55,"MedicalTests":{"Total/Accumulated":1428,"Confirmed/Accumulated":55}},"geometry":{"type":"Point","coordinates":[1.3938662132352944,47.653275698529406]}},{"type":"Feature","properties":{"Country/Region":"France","Province/State":"Loire","Code":"42","Population":{"Total":764737,"Under19":186049,"Under39":167975,"Under59":190702,"Under74":136240,"Over75":83771},"Beds":{"Resuscitation":70,"IntensiveCare":120,"Total":190},"Deaths":293,"Recovered":1269,"Severe":252,"Critical":40,"Emergencies":{"Suspected":28,"Total":618,"Severe":14,"Suspected/Accumulated":2460,"Total/Accumulated":133785,"Severe/Accumulated":1304},"MedicalActs":{"Suspected":17,"Total":126,"Suspected/Accumulated":1198,"Total/Accumulated":24509},"PCRTests":{"Total":3676,"Confirmed":889,"Total/Accumulated":145477,"Confirmed/Accumulated":11307},"Confirmed":363,"MedicalTests":{"Total/Accumulated":719,"Confirmed/Accumulated":46}},"geometry":{"type":"Point","coordinates":[4.189998267716536,45.74292366141733]}},{"type":"Feature","properties":{"Country/Region":"France","Province/State":"Haute-Loire","Code":"43","Population":{"Total":226901,"Under19":49659,"Under39":43248,"Under59":60903,"Under74":46857,"Over75":26234},"Beds":{"Resuscitation":8,"IntensiveCare":20,"Total":28},"Deaths":20,"Recovered":144,"Severe":16,"Critical":3,"Emergencies":{"Total":32,"Suspected/Accumulated":26,"Total/Accumulated":5935,"Severe/Accumulated":12},"PCRTests":{"Total":826,"Confirmed":147,"Total/Accumulated":33340,"Confirmed/Accumulated":1850},"Confirmed":23,"MedicalTests":{"Total/Accumulated":1400,"Confirmed/Accumulated":50}},"geometry":{"type":"Point","coordinates":[3.7869054017857136,45.15054486607143]}},{"type":"Feature","properties":{"Country/Region":"France","Province/State":"Loire-Atlantique","Code":"44","Population":{"Total":1437137,"Under19":363681,"Under39":357664,"Under59":368059,"Under74":227458,"Over75":120275},"Beds":{"Resuscitation":77,"IntensiveCare":262,"Total":339},"Deaths":190,"Recovered":906,"Severe":88,"Critical":13,"Emergencies":{"Suspected":10,"Total":527,"Severe":5,"Suspected/Accumulated":3059,"Total/Accumulated":106431,"Severe/Accumulated":1712},"MedicalActs":{"Suspected":27,"Total":491,"Suspected/Accumulated":6278,"Total/Accumulated":109278},"PCRTests":{"Total":3939,"Confirmed":365,"Total/Accumulated":233831,"Confirmed/Accumulated":8946},"Confirmed":633,"MedicalTests":{"Total/Accumulated":844,"Confirmed/Accumulated":39}},"geometry":{"type":"Point","coordinates":[-1.6902253409090902,47.33230598484852]}},{"type":"Feature","properties":{"Country/Region":"France","Province/State":"Loiret","Code":"45","Population":{"Total":682890,"Under19":172345,"Under39":155348,"Under59":174617,"Under74":115984,"Over75":64596},"Beds":{"Resuscitation":47,"IntensiveCare":120,"Total":167},"Deaths":114,"Recovered":753,"Severe":59,"Critical":14,"Emergencies":{"Suspected":6,"Total":371,"Severe":4,"Suspected/Accumulated":1543,"Total/Accumulated":76712,"Severe/Accumulated":771},"MedicalActs":{"Suspected":10,"Total":60,"Suspected/Accumulated":666,"Total/Accumulated":10998},"PCRTests":{"Total":1814,"Confirmed":237,"Total/Accumulated":137829,"Confirmed/Accumulated":5856},"Confirmed":258,"MedicalTests":{"Total/Accumulated":3447,"Confirmed/Accumulated":325}},"geometry":{"type":"Point","coordinates":[2.383405222672066,47.91302979757084]}},{"type":"Feature","properties":{"Country/Region":"France","Province/State":"Lot","Code":"46","Population":{"Total":173166,"Under19":31861,"Under39":29365,"Under59":44533,"Under74":41623,"Over75":25784},"Beds":{"Resuscitation":8,"IntensiveCare":8,"Total":16},"Deaths":22,"Recovered":132,"Severe":4,"Critical":1,"Emergencies":{"Total":106,"Suspected/Accumulated":351,"Total/Accumulated":26527,"Severe/Accumulated":85},"PCRTests":{"Total":313,"Confirmed":27,"Total/Accumulated":21707,"Confirmed/Accumulated":576},"Confirmed":4,"MedicalTests":{"Total/Accumulated":612,"Confirmed/Accumulated":19}},"geometry":{"type":"Point","coordinates":[1.5901290212765966,44.59231876595746]}},{"type":"Feature","properties":{"Country/Region":"France","Province/State":"Lot-et-Garonne","Code":"47","Population":{"Total":330336,"Under19":69990,"Under39":64149,"Under59":84272,"Under74":68912,"Over75":43013},"Beds":{"Resuscitation":11,"IntensiveCare":36,"Total":47},"Deaths":16,"Recovered":130,"Severe":24,"Critical":5,"Emergencies":{"Suspected":3,"Total":190,"Severe":2,"Suspected/Accumulated":1117,"Total/Accumulated":47307,"Severe/Accumulated":352},"PCRTests":{"Total":651,"Confirmed":70,"Total/Accumulated":37602,"Confirmed/Accumulated":1774},"Confirmed":65,"MedicalTests":{"Total/Accumulated":1173,"Confirmed/Accumulated":16}},"geometry":{"type":"Point","coordinates":[0.4871552444444442,44.39576413333333]}},{"type":"Feature","properties":{"Country/Region":"France","Province/State":"Lozère","Code":"48","Population":{"Total":76286,"Under19":15582,"Under39":14895,"Under59":20255,"Under74":15962,"Over75":9592},"Beds":{"Resuscitation":3,"IntensiveCare":0,"Total":3},"Deaths":6,"Recovered":36,"Severe":10,"Emergencies":{"Suspected":1,"Total":41,"Suspected/Accumulated":61,"Total/Accumulated":6356,"Severe/Accumulated":16},"PCRTests":{"Total":172,"Confirmed":45,"Total/Accumulated":10464,"Confirmed/Accumulated":430},"Confirmed":8,"MedicalTests":{"Total/Accumulated":657,"Confirmed/Accumulated":4}},"geometry":{"type":"Point","coordinates":[3.494722131979694,44.51333609137059]}},{"type":"Feature","properties":{"Country/Region":"France","Province/State":"Maine-et-Loire","Code":"49","Population":{"Total":815881,"Under19":204162,"Under39":184600,"Under59":204421,"Under74":138603,"Over75":84095},"Beds":{"Resuscitation":61,"IntensiveCare":196,"Total":257},"Deaths":154,"Recovered":796,"Severe":53,"Critical":9,"Emergencies":{"Suspected":1,"Total":348,"Severe":1,"Suspected/Accumulated":1819,"Total/Accumulated":75847,"Severe/Accumulated":808},"PCRTests":{"Total":1980,"Confirmed":232,"Total/Accumulated":132599,"Confirmed/Accumulated":5397},"Confirmed":222,"MedicalTests":{"Total/Accumulated":145,"Confirmed/Accumulated":13}},"geometry":{"type":"Point","coordinates":[-0.6000336862745095,47.406434431372546]}},{"type":"Feature","properties":{"Country/Region":"France","Province/State":"Manche","Code":"50","Population":{"Total":490669,"Under19":105402,"Under39":96439,"Under59":126734,"Under74":101121,"Over75":60973},"Beds":{"Resuscitation":28,"IntensiveCare":52,"Total":80},"Deaths":55,"Recovered":208,"Severe":22,"Critical":2,"Emergencies":{"Suspected":7,"Total":398,"Severe":6,"Suspected/Accumulated":891,"Total/Accumulated":75092,"Severe/Accumulated":758},"MedicalActs":{"Suspected":13,"Total":143,"Suspected/Accumulated":1938,"Total/Accumulated":23704},"PCRTests":{"Total":963,"Confirmed":59,"Total/Accumulated":61422,"Confirmed/Accumulated":1301},"Confirmed":107,"MedicalTests":{"Total/Accumulated":1735,"Confirmed/Accumulated":120}},"geometry":{"type":"Point","coordinates":[-1.3097769083969464,49.05127938931302]}},{"type":"Feature","properties":{"Country/Region":"France","Province/State":"Marne","Code":"51","Population":{"Total":563823,"Under19":136695,"Under39":137533,"Under59":142415,"Under74":97015,"Over75":50165},"Beds":{"Resuscitation":54,"IntensiveCare":78,"Total":132},"Deaths":288,"Recovered":1135,"Severe":47,"Critical":10,"Emergencies":{"Suspected":7,"Total":326,"Severe":5,"Suspected/Accumulated":1036,"Total/Accumulated":62219,"Severe/Accumulated":488},"MedicalActs":{"Suspected":7,"Total":25,"Suspected/Accumulated":389,"Total/Accumulated":7749},"PCRTests":{"Total":1536,"Confirmed":132,"Total/Accumulated":101257,"Confirmed/Accumulated":3801},"Confirmed":37,"MedicalTests":{"Total/Accumulated":1760,"Confirmed/Accumulated":353}},"geometry":{"type":"Point","coordinates":[4.209888097014927,48.936171417910444]}},{"type":"Feature","properties":{"Country/Region":"France","Province/State":"Haute-Marne","Code":"52","Population":{"Total":169250,"Under19":34865,"Under39":34065,"Under59":44268,"Under74":35981,"Over75":20071},"Beds":{"Resuscitation":8,"IntensiveCare":12,"Total":20},"Deaths":94,"Recovered":286,"Severe":21,"Critical":1,"Emergencies":{"Total":104,"Suspected/Accumulated":825,"Total/Accumulated":23509,"Severe/Accumulated":199},"PCRTests":{"Total":378,"Confirmed":42,"Total/Accumulated":23223,"Confirmed/Accumulated":683},"Confirmed":7,"MedicalTests":{"Total/Accumulated":223,"Confirmed/Accumulated":37}},"geometry":{"type":"Point","coordinates":[5.203108577075099,48.126414822134386]}},{"type":"Feature","properties":{"Country/Region":"France","Province/State":"Mayenne","Code":"53","Population":{"Total":305365,"Under19":74868,"Under39":61839,"Under59":78619,"Under74":55705,"Over75":34334},"Beds":{"Resuscitation":8,"IntensiveCare":16,"Total":24},"Deaths":49,"Recovered":276,"Severe":13,"Critical":1,"Emergencies":{"Suspected":7,"Total":180,"Severe":1,"Suspected/Accumulated":1052,"Total/Accumulated":31545,"Severe/Accumulated":308},"PCRTests":{"Total":671,"Confirmed":58,"Total/Accumulated":84921,"Confirmed/Accumulated":2655},"Confirmed":182,"MedicalTests":{"Total/Accumulated":521,"Confirmed/Accumulated":14}},"geometry":{"type":"Point","coordinates":[-0.6361607305936071,48.153668493150704]}},{"type":"Feature","properties":{"Country/Region":"France","Province/State":"Meurthe-et-Moselle","Code":"54","Population":{"Total":730398,"Under19":170693,"Under39":185629,"Under59":182526,"Under74":124808,"Over75":66742},"Beds":{"Resuscitation":83,"IntensiveCare":172,"Total":255},"Deaths":375,"Recovered":1389,"Severe":47,"Critical":7,"Emergencies":{"Suspected":4,"Total":413,"Severe":4,"Suspected/Accumulated":1663,"Total/Accumulated":80465,"Severe/Accumulated":803},"MedicalActs":{"Suspected":6,"Total":96,"Suspected/Accumulated":1951,"Total/Accumulated":27541},"PCRTests":{"Total":2293,"Confirmed":213,"Total/Accumulated":168701,"Confirmed/Accumulated":4771},"Confirmed":85,"MedicalTests":{"Total/Accumulated":2356,"Confirmed/Accumulated":186}},"geometry":{"type":"Point","coordinates":[6.092894571428565,48.892416158730185]}},{"type":"Feature","properties":{"Country/Region":"France","Province/State":"Meuse","Code":"55","Population":{"Total":181641,"Under19":40375,"Under39":37641,"Under59":47696,"Under74":36898,"Over75":19031},"Beds":{"Resuscitation":8,"IntensiveCare":20,"Total":28},"Deaths":106,"Recovered":518,"Severe":20,"Critical":1,"Emergencies":{"Suspected":1,"Total":102,"Severe":1,"Suspected/Accumulated":461,"Total/Accumulated":20848,"Severe/Accumulated":221},"PCRTests":{"Total":343,"Confirmed":23,"Total/Accumulated":31840,"Confirmed/Accumulated":696},"Confirmed":18,"MedicalTests":{"Total/Accumulated":808,"Confirmed/Accumulated":77}},"geometry":{"type":"Point","coordinates":[5.380316626506025,49.03635373493975]}},{"type":"Feature","properties":{"Country/Region":"France","Province/State":"Morbihan","Code":"56","Population":{"Total":755566,"Under19":166653,"Under39":145287,"Under59":197813,"Under74":159285,"Over75":86528},"Beds":{"Resuscitation":22,"IntensiveCare":64,"Total":86},"Deaths":102,"Recovered":502,"Severe":67,"Critical":5,"Emergencies":{"Suspected":15,"Total":355,"Severe":3,"Suspected/Accumulated":3620,"Total/Accumulated":80642,"Severe/Accumulated":561},"MedicalActs":{"Suspected":3,"Total":72,"Suspected/Accumulated":739,"Total/Accumulated":18255},"PCRTests":{"Total":1330,"Confirmed":74,"Total/Accumulated":99967,"Confirmed/Accumulated":2677},"Confirmed":313,"MedicalTests":{"Total/Accumulated":48,"Confirmed/Accumulated":3}},"geometry":{"type":"Point","coordinates":[-2.8780210594315263,47.764317932816574]}},{"type":"Feature","properties":{"Country/Region":"France","Province/State":"Moselle","Code":"57","Population":{"Total":1035866,"Under19":229681,"Under39":243525,"Under59":278966,"Under74":186864,"Over75":96830},"Beds":{"Resuscitation":88,"IntensiveCare":112,"Total":200},"Deaths":871,"Recovered":2737,"Severe":65,"Critical":11,"Emergencies":{"Suspected":10,"Total":633,"Severe":4,"Suspected/Accumulated":5295,"Total/Accumulated":138609,"Severe/Accumulated":2375},"PCRTests":{"Total":2668,"Confirmed":185,"Total/Accumulated":187551,"Confirmed/Accumulated":4494},"Confirmed":295,"MedicalTests":{"Total/Accumulated":3848,"Confirmed/Accumulated":665}},"geometry":{"type":"Point","coordinates":[6.73973678343949,49.04168831210189]}},{"type":"Feature","properties":{"Country/Region":"France","Province/State":"Nièvre","Code":"58","Population":{"Total":199596,"Under19":38191,"Under39":34484,"Under59":50426,"Under74":47745,"Over75":28750},"Beds":{"Resuscitation":12,"IntensiveCare":32,"Total":44},"Deaths":29,"Recovered":119,"Severe":11,"Critical":3,"Emergencies":{"Suspected":4,"Total":168,"Severe":3,"Suspected/Accumulated":1095,"Total/Accumulated":37247,"Severe/Accumulated":428},"PCRTests":{"Total":369,"Confirmed":33,"Total/Accumulated":30984,"Confirmed/Accumulated":727},"Confirmed":2,"MedicalTests":{"Total/Accumulated":2556,"Confirmed/Accumulated":167}},"geometry":{"type":"Point","coordinates":[3.547376999999999,47.143300999999994]}},{"type":"Feature","properties":{"Country/Region":"France","Province/State":"Nord","Code":"59","Population":{"Total":2588988,"Under19":675470,"Under39":665053,"Under59":646791,"Under74":405380,"Over75":196294},"Beds":{"Resuscitation":225,"IntensiveCare":698,"Total":923},"Deaths":760,"Recovered":3315,"Severe":529,"Critical":87,"Emergencies":{"Suspected":47,"Total":1601,"Severe":23,"Suspected/Accumulated":8117,"Total/Accumulated":358071,"Severe/Accumulated":3013},"MedicalActs":{"Suspected":41,"Total":519,"Suspected/Accumulated":4707,"Total/Accumulated":96967},"PCRTests":{"Total":11089,"Confirmed":1958,"Total/Accumulated":637554,"Confirmed/Accumulated":43079},"Confirmed":39,"MedicalTests":{"Total/Accumulated":5598,"Confirmed/Accumulated":535}},"geometry":{"type":"Point","coordinates":[3.1893953197674403,50.453616308139516]}},{"type":"Feature","properties":{"Country/Region":"France","Province/State":"Oise","Code":"60","Population":{"Total":825077,"Under19":214776,"Under39":193026,"Under59":221783,"Under74":134365,"Over75":61127},"Beds":{"Resuscitation":36,"IntensiveCare":92,"Total":128},"Deaths":441,"Recovered":1353,"Severe":118,"Critical":16,"Emergencies":{"Suspected":6,"Total":143,"Severe":4,"Suspected/Accumulated":845,"Total/Accumulated":35946,"Severe/Accumulated":445},"PCRTests":{"Total":2377,"Confirmed":340,"Total/Accumulated":117908,"Confirmed/Accumulated":6299},"Confirmed":210,"MedicalTests":{"Total/Accumulated":10089,"Confirmed/Accumulated":1313}},"geometry":{"type":"Point","coordinates":[2.463008007117438,49.41459999999999]}},{"type":"Feature","properties":{"Country/Region":"France","Province/State":"Orne","Code":"61","Population":{"Total":276903,"Under19":59830,"Under39":51781,"Under59":70741,"Under74":58679,"Over75":35872},"Beds":{"Resuscitation":16,"IntensiveCare":24,"Total":40},"Deaths":49,"Recovered":292,"Severe":21,"Critical":3,"Emergencies":{"Total":228,"Suspected/Accumulated":390,"Total/Accumulated":40011,"Severe/Accumulated":53},"PCRTests":{"Total":541,"Confirmed":33,"Total/Accumulated":44280,"Confirmed/Accumulated":1130},"Confirmed":28,"MedicalTests":{"Total/Accumulated":1414,"Confirmed/Accumulated":96}},"geometry":{"type":"Point","coordinates":[0.01997467181467186,48.611762664092666]}},{"type":"Feature","properties":{"Country/Region":"France","Province/State":"Pas-de-Calais","Code":"62","Population":{"Total":1452778,"Under19":367229,"Under39":336274,"Under59":374200,"Under74":255788,"Over75":119287},"Beds":{"Resuscitation":85,"IntensiveCare":274,"Total":359},"Deaths":362,"Recovered":1715,"Severe":186,"Critical":28,"Emergencies":{"Suspected":4,"Total":427,"Severe":1,"Suspected/Accumulated":1207,"Total/Accumulated":97906,"Severe/Accumulated":240},"PCRTests":{"Total":4167,"Confirmed":529,"Total/Accumulated":260892,"Confirmed/Accumulated":12727},"Confirmed":8,"MedicalTests":{"Total/Accumulated":6968,"Confirmed/Accumulated":567}},"geometry":{"type":"Point","coordinates":[2.4712310954063605,50.40984130742051]}},{"type":"Feature","properties":{"Country/Region":"France","Province/State":"Puy-de-Dôme","Code":"63","Population":{"Total":660240,"Under19":147680,"Under39":153022,"Under59":169492,"Under74":122442,"Over75":67604},"Beds":{"Resuscitation":77,"IntensiveCare":104,"Total":181},"Deaths":68,"Recovered":292,"Severe":77,"Critical":8,"Emergencies":{"Suspected":7,"Total":160,"Severe":6,"Suspected/Accumulated":630,"Total/Accumulated":33876,"Severe/Accumulated":296},"MedicalActs":{"Suspected":9,"Total":87,"Suspected/Accumulated":1055,"Total/Accumulated":19164},"PCRTests":{"Total":2213,"Confirmed":301,"Total/Accumulated":118550,"Confirmed/Accumulated":4976},"Confirmed":105,"MedicalTests":{"Total/Accumulated":8601,"Confirmed/Accumulated":234}},"geometry":{"type":"Point","coordinates":[3.143235039370079,45.73685830708661]}},{"type":"Feature","properties":{"Country/Region":"France","Province/State":"Pyrénées-Atlantiques","Code":"64","Population":{"Total":683169,"Under19":144945,"Under39":141910,"Under59":182850,"Under74":130868,"Over75":82596},"Beds":{"Resuscitation":35,"IntensiveCare":110,"Total":145},"Deaths":42,"Recovered":326,"Severe":58,"Critical":8,"Emergencies":{"Suspected":3,"Total":455,"Severe":1,"Suspected/Accumulated":976,"Total/Accumulated":100667,"Severe/Accumulated":459},"MedicalActs":{"Suspected":30,"Total":247,"Suspected/Accumulated":4792,"Total/Accumulated":65252},"PCRTests":{"Total":1884,"Confirmed":214,"Total/Accumulated":132900,"Confirmed/Accumulated":4991},"Confirmed":41,"MedicalTests":{"Total/Accumulated":9041,"Confirmed/Accumulated":231}},"geometry":{"type":"Point","coordinates":[-0.7610906397306391,43.26238828282827]}},{"type":"Feature","properties":{"Country/Region":"France","Province/State":"Hautes-Pyrénées","Code":"65","Population":{"Total":226839,"Under19":44839,"Under39":42373,"Under59":59329,"Under74":49523,"Over75":30775},"Beds":{"Resuscitation":12,"IntensiveCare":44,"Total":56},"Deaths":27,"Recovered":182,"Severe":12,"Critical":3,"Emergencies":{"Total":100,"Suspected/Accumulated":47,"Total/Accumulated":24004,"Severe/Accumulated":21},"PCRTests":{"Total":591,"Confirmed":83,"Total/Accumulated":36874,"Confirmed/Accumulated":1358},"Confirmed":11,"MedicalTests":{"Total/Accumulated":2990,"Confirmed/Accumulated":182}},"geometry":{"type":"Point","coordinates":[0.15248105932203385,43.134416483050856]}},{"type":"Feature","properties":{"Country/Region":"France","Province/State":"Pyrénées-Orientales","Code":"66","Population":{"Total":479000,"Under19":102236,"Under39":93899,"Under59":121501,"Under74":99671,"Over75":61693},"Beds":{"Resuscitation":32,"IntensiveCare":64,"Total":96},"Deaths":40,"Recovered":337,"Severe":27,"Critical":6,"Emergencies":{"Suspected":4,"Total":324,"Severe":3,"Suspected/Accumulated":552,"Total/Accumulated":74042,"Severe/Accumulated":228},"MedicalActs":{"Suspected":2,"Total":96,"Suspected/Accumulated":913,"Total/Accumulated":23761},"PCRTests":{"Total":1674,"Confirmed":232,"Total/Accumulated":81927,"Confirmed/Accumulated":3655},"Confirmed":35,"MedicalTests":{"Total/Accumulated":5770,"Confirmed/Accumulated":35}},"geometry":{"type":"Point","coordinates":[2.4354706043956034,42.554231208791215]}},{"type":"Feature","properties":{"Country/Region":"France","Province/State":"Bas-Rhin","Code":"67","Population":{"Total":1132607,"Under19":258105,"Under39":285390,"Under59":300661,"Under74":188150,"Over75":100301},"Beds":{"Resuscitation":122,"IntensiveCare":208,"Total":330},"Deaths":713,"Recovered":2932,"Severe":51,"Critical":11,"Emergencies":{"Suspected":6,"Total":470,"Severe":4,"Suspected/Accumulated":2823,"Total/Accumulated":91360,"Severe/Accumulated":1732},"MedicalActs":{"Suspected":10,"Total":247,"Suspected/Accumulated":3959,"Total/Accumulated":61561},"PCRTests":{"Total":3649,"Confirmed":308,"Total/Accumulated":253371,"Confirmed/Accumulated":6160},"Confirmed":376,"MedicalTests":{"Total/Accumulated":3888,"Confirmed/Accumulated":553}},"geometry":{"type":"Point","coordinates":[7.447409099526063,48.70509469194314]}},{"type":"Feature","properties":{"Country/Region":"France","Province/State":"Haut-Rhin","Code":"68","Population":{"Total":763204,"Under19":175817,"Under39":172286,"Under59":209152,"Under74":134185,"Over75":71764},"Beds":{"Resuscitation":70,"IntensiveCare":136,"Total":206},"Deaths":844,"Recovered":3264,"Severe":32,"Critical":5,"Emergencies":{"Suspected":6,"Total":413,"Severe":3,"Suspected/Accumulated":3357,"Total/Accumulated":86563,"Severe/Accumulated":2095},"MedicalActs":{"Suspected":10,"Total":94,"Suspected/Accumulated":2596,"Total/Accumulated":24126},"PCRTests":{"Total":1784,"Confirmed":126,"Total/Accumulated":138421,"Confirmed/Accumulated":3228},"Confirmed":700,"MedicalTests":{"Total/Accumulated":4045,"Confirmed/Accumulated":960}},"geometry":{"type":"Point","coordinates":[7.263731571428571,47.83921192857142]}},{"type":"Feature","properties":{"Country/Region":"France","Province/State":"Rhône","Code":"69","Population":{"Total":1876051,"Under19":478142,"Under39":523161,"Under59":455898,"Under74":259877,"Over75":158973},"Beds":{"Resuscitation":192,"IntensiveCare":422,"Total":614},"Deaths":776,"Recovered":4092,"Severe":494,"Critical":97,"Emergencies":{"Suspected":56,"Total":1024,"Severe":33,"Suspected/Accumulated":7503,"Total/Accumulated":231880,"Severe/Accumulated":3095},"MedicalActs":{"Suspected":66,"Total":360,"Suspected/Accumulated":6353,"Total/Accumulated":70107},"PCRTests":{"Total":9090,"Confirmed":1848,"Total/Accumulated":422266,"Confirmed/Accumulated":33710},"Confirmed":532,"MedicalTests":{"Total/Accumulated":2582,"Confirmed/Accumulated":345}},"geometry":{"type":"Point","coordinates":[4.660707512690354,45.8811785786802]}},{"type":"Feature","properties":{"Country/Region":"France","Province/State":"Haute-Saône","Code":"70","Population":{"Total":233194,"Under19":52426,"Under39":45311,"Under59":62843,"Under74":47643,"Over75":24971},"Beds":{"Resuscitation":12,"IntensiveCare":24,"Total":36},"Deaths":78,"Recovered":316,"Severe":10,"Critical":1,"Emergencies":{"Suspected":1,"Total":114,"Suspected/Accumulated":980,"Total/Accumulated":26477,"Severe/Accumulated":558},"PCRTests":{"Total":519,"Confirmed":43,"Total/Accumulated":36513,"Confirmed/Accumulated":645},"MedicalTests":{"Total/Accumulated":3094,"Confirmed/Accumulated":278}},"geometry":{"type":"Point","coordinates":[6.0410172972972935,47.62793234234234]}},{"type":"Feature","properties":{"Country/Region":"France","Province/State":"Saône-et-Loire","Code":"71","Population":{"Total":547824,"Under19":117389,"Under39":104206,"Under59":141715,"Under74":114530,"Over75":69984},"Beds":{"Resuscitation":26,"IntensiveCare":44,"Total":70},"Deaths":223,"Recovered":889,"Severe":75,"Critical":8,"Emergencies":{"Suspected":17,"Total":366,"Severe":11,"Suspected/Accumulated":3691,"Total/Accumulated":85789,"Severe/Accumulated":1604},"PCRTests":{"Total":1895,"Confirmed":321,"Total/Accumulated":86253,"Confirmed/Accumulated":3941},"MedicalTests":{"Total/Accumulated":3733,"Confirmed/Accumulated":254}},"geometry":{"type":"Point","coordinates":[4.528318691588785,46.63876112149533]}},{"type":"Feature","properties":{"Country/Region":"France","Province/State":"Sarthe","Code":"72","Population":{"Total":560227,"Under19":135636,"Under39":116946,"Under59":143032,"Under74":103587,"Over75":61026},"Beds":{"Resuscitation":17,"IntensiveCare":54,"Total":71},"Deaths":99,"Recovered":535,"Severe":56,"Critical":3,"Emergencies":{"Suspected":10,"Total":344,"Severe":4,"Suspected/Accumulated":3615,"Total/Accumulated":72419,"Severe/Accumulated":2183},"PCRTests":{"Total":1189,"Confirmed":118,"Total/Accumulated":103165,"Confirmed/Accumulated":4079},"Confirmed":422,"MedicalTests":{"Total/Accumulated":84,"Confirmed/Accumulated":3}},"geometry":{"type":"Point","coordinates":[0.1986467741935485,47.9763005529954]}},{"type":"Feature","properties":{"Country/Region":"France","Province/State":"Savoie","Code":"73","Population":{"Total":432548,"Under19":98346,"Under39":96013,"Under59":117417,"Under74":76722,"Over75":44050},"Beds":{"Resuscitation":18,"IntensiveCare":36,"Total":54},"Deaths":88,"Recovered":496,"Severe":44,"Critical":4,"Emergencies":{"Suspected":8,"Total":166,"Suspected/Accumulated":875,"Total/Accumulated":42703,"Severe/Accumulated":292},"MedicalActs":{"Suspected":15,"Total":121,"Suspected/Accumulated":1350,"Total/Accumulated":19750},"PCRTests":{"Total":1580,"Confirmed":259,"Total/Accumulated":62911,"Confirmed/Accumulated":3003},"Confirmed":114,"MedicalTests":{"Total/Accumulated":373,"Confirmed/Accumulated":39}},"geometry":{"type":"Point","coordinates":[6.4038603585657325,45.50301760956176]}},{"type":"Feature","properties":{"Country/Region":"France","Province/State":"Haute-Savoie","Code":"74","Population":{"Total":828405,"Under19":203837,"Under39":209477,"Under59":227355,"Under74":122439,"Over75":65297},"Beds":{"Resuscitation":34,"IntensiveCare":82,"Total":116},"Deaths":178,"Recovered":1029,"Severe":44,"Critical":4,"Emergencies":{"Suspected":24,"Total":655,"Severe":6,"Suspected/Accumulated":3458,"Total/Accumulated":140105,"Severe/Accumulated":966},"MedicalActs":{"Suspected":10,"Total":131,"Suspected/Accumulated":1972,"Total/Accumulated":29629},"PCRTests":{"Total":2037,"Confirmed":306,"Total/Accumulated":117176,"Confirmed/Accumulated":4793},"Confirmed":310,"MedicalTests":{"Total/Accumulated":3391,"Confirmed/Accumulated":605}},"geometry":{"type":"Point","coordinates":[6.452374226804124,46.01403216494844]}},{"type":"Feature","properties":{"Country/Region":"France","Province/State":"Paris","Code":"75","Population":{"Total":2148271,"Under19":406652,"Under39":718825,"Under59":536676,"Under74":311978,"Over75":174140},"Beds":{"Resuscitation":389,"IntensiveCare":1082,"Total":1471},"Deaths":1938,"Recovered":7597,"Severe":583,"Critical":133,"Emergencies":{"Suspected":75,"Total":1280,"Severe":24,"Suspected/Accumulated":20159,"Total/Accumulated":266442,"Severe/Accumulated":4817},"MedicalActs":{"Suspected":128,"Total":843,"Suspected/Accumulated":12505,"Total/Accumulated":147195},"PCRTests":{"Total":10901,"Confirmed":1739,"Total/Accumulated":647405,"Confirmed/Accumulated":50872},"Confirmed":126,"MedicalTests":{"Total/Accumulated":17676,"Confirmed/Accumulated":4072}},"geometry":{"type":"Point","coordinates":[2.3550152173913044,48.8535647826087]}},{"type":"Feature","properties":{"Country/Region":"France","Province/State":"Seine-Maritime","Code":"76","Population":{"Total":1243788,"Under19":303968,"Under39":294607,"Under59":310458,"Under74":218116,"Over75":116639},"Beds":{"Resuscitation":93,"IntensiveCare":300,"Total":393},"Deaths":214,"Recovered":1053,"Severe":203,"Critical":36,"Emergencies":{"Suspected":16,"Total":917,"Severe":10,"Suspected/Accumulated":2750,"Total/Accumulated":183983,"Severe/Accumulated":1322},"MedicalActs":{"Suspected":11,"Total":89,"Suspected/Accumulated":1900,"Total/Accumulated":18977},"PCRTests":{"Total":3572,"Confirmed":486,"Total/Accumulated":213048,"Confirmed/Accumulated":12125},"Confirmed":233,"MedicalTests":{"Total/Accumulated":6636,"Confirmed/Accumulated":432}},"geometry":{"type":"Point","coordinates":[1.114674462365592,49.5942889784946]}},{"type":"Feature","properties":{"Country/Region":"France","Province/State":"Seine-et-Marne","Code":"77","Population":{"Total":1423607,"Under19":392025,"Under39":357752,"Under59":382068,"Under74":199768,"Over75":91994},"Beds":{"Resuscitation":77,"IntensiveCare":100,"Total":177},"Deaths":754,"Recovered":3240,"Severe":172,"Critical":47,"Emergencies":{"Suspected":22,"Total":550,"Severe":8,"Suspected/Accumulated":4061,"Total/Accumulated":110607,"Severe/Accumulated":1813},"MedicalActs":{"Suspected":30,"Total":210,"Suspected/Accumulated":3358,"Total/Accumulated":45972},"PCRTests":{"Total":3745,"Confirmed":736,"Total/Accumulated":244478,"Confirmed/Accumulated":15116},"Confirmed":42,"MedicalTests":{"Total/Accumulated":9452,"Confirmed/Accumulated":1736}},"geometry":{"type":"Point","coordinates":[2.9385241532258073,48.61862185483869]}},{"type":"Feature","properties":{"Country/Region":"France","Province/State":"Yvelines","Code":"78","Population":{"Total":1448625,"Under19":385814,"Under39":341694,"Under59":394186,"Under74":209492,"Over75":117439},"Beds":{"Resuscitation":84,"IntensiveCare":204,"Total":288},"Deaths":584,"Recovered":2899,"Severe":272,"Critical":32,"Emergencies":{"Suspected":39,"Total":787,"Severe":9,"Suspected/Accumulated":4713,"Total/Accumulated":158573,"Severe/Accumulated":1476},"MedicalActs":{"Suspected":33,"Total":145,"Suspected/Accumulated":3273,"Total/Accumulated":30122},"PCRTests":{"Total":4649,"Confirmed":788,"Total/Accumulated":254658,"Confirmed/Accumulated":16997},"Confirmed":70,"MedicalTests":{"Total/Accumulated":8274,"Confirmed/Accumulated":1214}},"geometry":{"type":"Point","coordinates":[1.8294258823529415,48.80823257352944]}},{"type":"Feature","properties":{"Country/Region":"France","Province/State":"Deux-Sèvres","Code":"79","Population":{"Total":372627,"Under19":85106,"Under39":73604,"Under59":98839,"Under74":72067,"Over75":43011},"Beds":{"Resuscitation":8,"IntensiveCare":36,"Total":44},"Deaths":25,"Recovered":84,"Severe":6,"Critical":1,"Emergencies":{"Suspected":1,"Total":228,"Suspected/Accumulated":588,"Total/Accumulated":46188,"Severe/Accumulated":188},"PCRTests":{"Total":642,"Confirmed":44,"Total/Accumulated":52696,"Confirmed/Accumulated":1277},"Confirmed":11,"MedicalTests":{"Total/Accumulated":81,"Confirmed/Accumulated":5}},"geometry":{"type":"Point","coordinates":[-0.29978133828996273,46.53994301115242]}},{"type":"Feature","properties":{"Country/Region":"France","Province/State":"Somme","Code":"80","Population":{"Total":569769,"Under19":138211,"Under39":134953,"Under59":144752,"Under74":100734,"Over75":51119},"Beds":{"Resuscitation":58,"IntensiveCare":164,"Total":222},"Deaths":245,"Recovered":823,"Severe":68,"Critical":16,"Emergencies":{"Suspected":10,"Total":365,"Severe":5,"Suspected/Accumulated":1899,"Total/Accumulated":74813,"Severe/Accumulated":772},"MedicalActs":{"Suspected":13,"Total":238,"Suspected/Accumulated":2999,"Total/Accumulated":46796},"PCRTests":{"Total":1443,"Confirmed":139,"Total/Accumulated":87198,"Confirmed/Accumulated":3298},"Confirmed":54,"MedicalTests":{"Total/Accumulated":6063,"Confirmed/Accumulated":539}},"geometry":{"type":"Point","coordinates":[2.3486719850187256,49.97418277153558]}},{"type":"Feature","properties":{"Country/Region":"France","Province/State":"Tarn","Code":"81","Population":{"Total":387898,"Under19":84873,"Under39":74511,"Under59":102349,"Under74":77279,"Over75":48886},"Beds":{"Resuscitation":24,"IntensiveCare":70,"Total":94},"Deaths":28,"Recovered":177,"Severe":60,"Critical":6,"Emergencies":{"Suspected":5,"Total":267,"Severe":3,"Suspected/Accumulated":963,"Total/Accumulated":58286,"Severe/Accumulated":265},"PCRTests":{"Total":1235,"Confirmed":215,"Total/Accumulated":63171,"Confirmed/Accumulated":3382},"Confirmed":14,"MedicalTests":{"Total/Accumulated":2180,"Confirmed/Accumulated":44}},"geometry":{"type":"Point","coordinates":[2.1808796818181815,43.78627254545453]}},{"type":"Feature","properties":{"Country/Region":"France","Province/State":"Tarn-et-Garonne","Code":"82","Population":{"Total":262618,"Under19":63559,"Under39":53023,"Under59":70354,"Under74":48046,"Over75":27636},"Beds":{"Resuscitation":18,"IntensiveCare":40,"Total":58},"Deaths":11,"Recovered":86,"Severe":26,"Critical":9,"Emergencies":{"Suspected":14,"Total":195,"Severe":5,"Suspected/Accumulated":1278,"Total/Accumulated":36341,"Severe/Accumulated":502},"PCRTests":{"Total":754,"Confirmed":117,"Total/Accumulated":46570,"Confirmed/Accumulated":2355},"Confirmed":11,"MedicalTests":{"Total/Accumulated":2144,"Confirmed/Accumulated":73}},"geometry":{"type":"Point","coordinates":[1.3350866094420606,44.1164032618026]}},{"type":"Feature","properties":{"Country/Region":"France","Province/State":"Var","Code":"83","Population":{"Total":1073836,"Under19":224216,"Under39":215361,"Under59":276842,"Under74":218239,"Over75":139178},"Beds":{"Resuscitation":60,"IntensiveCare":84,"Total":144},"Deaths":166,"Recovered":1238,"Severe":64,"Critical":15,"Emergencies":{"Suspected":9,"Total":634,"Severe":6,"Suspected/Accumulated":2835,"Total/Accumulated":150023,"Severe/Accumulated":1546},"MedicalActs":{"Suspected":40,"Total":474,"Suspected/Accumulated":6558,"Total/Accumulated":95880},"PCRTests":{"Total":2831,"Confirmed":299,"Total/Accumulated":215507,"Confirmed/Accumulated":7885},"Confirmed":186,"MedicalTests":{"Total/Accumulated":11196,"Confirmed/Accumulated":470}},"geometry":{"type":"Point","coordinates":[6.2341132170542615,43.37767961240309]}},{"type":"Feature","properties":{"Country/Region":"France","Province/State":"Vaucluse","Code":"84","Population":{"Total":560997,"Under19":132211,"Under39":118607,"Under59":147247,"Under74":103567,"Over75":59365},"Beds":{"Resuscitation":16,"IntensiveCare":60,"Total":76},"Deaths":70,"Recovered":438,"Severe":119,"Critical":13,"Emergencies":{"Suspected":20,"Total":449,"Severe":8,"Suspected/Accumulated":1281,"Total/Accumulated":98059,"Severe/Accumulated":721},"MedicalActs":{"Suspected":2,"Total":23,"Suspected/Accumulated":229,"Total/Accumulated":7602},"PCRTests":{"Total":1798,"Confirmed":239,"Total/Accumulated":90961,"Confirmed/Accumulated":4872},"Confirmed":45,"MedicalTests":{"Total/Accumulated":8198,"Confirmed/Accumulated":217}},"geometry":{"type":"Point","coordinates":[5.137687100591716,44.08826047337278]}},{"type":"Feature","properties":{"Country/Region":"France","Province/State":"Vendée","Code":"85","Population":{"Total":683187,"Under19":155162,"Under39":132680,"Under59":176377,"Under74":142178,"Over75":76790},"Beds":{"Resuscitation":18,"IntensiveCare":44,"Total":62},"Deaths":46,"Recovered":320,"Severe":16,"Critical":5,"Emergencies":{"Suspected":3,"Total":422,"Severe":3,"Suspected/Accumulated":1325,"Total/Accumulated":83103,"Severe/Accumulated":623},"PCRTests":{"Total":1394,"Confirmed":90,"Total/Accumulated":95208,"Confirmed/Accumulated":2201},"Confirmed":147,"MedicalTests":{"Total/Accumulated":347,"Confirmed/Accumulated":9}},"geometry":{"type":"Point","coordinates":[-1.3851340601503754,46.70726116541352]}},{"type":"Feature","properties":{"Country/Region":"France","Province/State":"Vienne","Code":"86","Population":{"Total":437398,"Under19":101362,"Under39":100176,"Under59":108284,"Under74":79480,"Over75":48096},"Beds":{"Resuscitation":53,"IntensiveCare":124,"Total":177},"Deaths":44,"Recovered":181,"Severe":6,"Critical":1,"Emergencies":{"Suspected":1,"Total":246,"Suspected/Accumulated":635,"Total/Accumulated":48886,"Severe/Accumulated":297},"PCRTests":{"Total":857,"Confirmed":54,"Total/Accumulated":66987,"Confirmed/Accumulated":2184},"Confirmed":53,"MedicalTests":{"Total/Accumulated":1102,"Confirmed/Accumulated":28}},"geometry":{"type":"Point","coordinates":[0.42368070921985806,46.57872638297872]}},{"type":"Feature","properties":{"Country/Region":"France","Province/State":"Haute-Vienne","Code":"87","Population":{"Total":370774,"Under19":79173,"Under39":77448,"Under59":94509,"Under74":74186,"Over75":45458},"Beds":{"Resuscitation":24,"IntensiveCare":144,"Total":168},"Deaths":41,"Recovered":175,"Severe":43,"Critical":4,"Emergencies":{"Suspected":3,"Total":288,"Severe":1,"Suspected/Accumulated":565,"Total/Accumulated":54789,"Severe/Accumulated":298},"MedicalActs":{"Suspected":18,"Total":179,"Suspected/Accumulated":1261,"Total/Accumulated":31867},"PCRTests":{"Total":1104,"Confirmed":128,"Total/Accumulated":50186,"Confirmed/Accumulated":2107},"Confirmed":21,"MedicalTests":{"Total/Accumulated":1623,"Confirmed/Accumulated":67}},"geometry":{"type":"Point","coordinates":[1.2410431872509962,45.895894860557746]}},{"type":"Feature","properties":{"Country/Region":"France","Province/State":"Vosges","Code":"88","Population":{"Total":359520,"Under19":77042,"Under39":70274,"Under59":94740,"Under74":75920,"Over75":41544},"Beds":{"Resuscitation":8,"IntensiveCare":24,"Total":32},"Deaths":269,"Recovered":775,"Severe":7,"Critical":2,"Emergencies":{"Suspected":2,"Total":237,"Suspected/Accumulated":2910,"Total/Accumulated":57123,"Severe/Accumulated":1014},"PCRTests":{"Total":826,"Confirmed":59,"Total/Accumulated":58472,"Confirmed/Accumulated":1127},"Confirmed":66,"MedicalTests":{"Total/Accumulated":3101,"Confirmed/Accumulated":400}},"geometry":{"type":"Point","coordinates":[6.2957204247104235,48.23006027027029]}},{"type":"Feature","properties":{"Country/Region":"France","Province/State":"Yonne","Code":"89","Population":{"Total":332096,"Under19":73991,"Under39":64975,"Under59":86159,"Under74":68966,"Over75":38005},"Beds":{"Resuscitation":18,"IntensiveCare":32,"Total":50},"Deaths":95,"Recovered":462,"Severe":22,"Critical":5,"Emergencies":{"Suspected":9,"Total":313,"Severe":2,"Suspected/Accumulated":2323,"Total/Accumulated":66102,"Severe/Accumulated":633},"MedicalActs":{"Suspected":14,"Total":97,"Suspected/Accumulated":1559,"Total/Accumulated":15997},"PCRTests":{"Total":719,"Confirmed":101,"Total/Accumulated":57182,"Confirmed/Accumulated":1842},"MedicalTests":{"Total/Accumulated":633,"Confirmed/Accumulated":62}},"geometry":{"type":"Point","coordinates":[3.57333820338983,47.84307762711864]}},{"type":"Feature","properties":{"Country/Region":"France","Province/State":"Territoire de Belfort","Code":"90","Population":{"Total":140145,"Under19":33166,"Under39":32553,"Under59":36366,"Under74":24639,"Over75":13421},"Beds":{"Resuscitation":25,"IntensiveCare":40,"Total":65},"Deaths":202,"Recovered":583,"Severe":16,"Critical":6,"Emergencies":{"Suspected":2,"Total":155,"Severe":2,"Suspected/Accumulated":1045,"Total/Accumulated":33681,"Severe/Accumulated":591},"PCRTests":{"Total":244,"Confirmed":9,"Total/Accumulated":24237,"Confirmed/Accumulated":520},"MedicalTests":{"Total/Accumulated":853,"Confirmed/Accumulated":108}},"geometry":{"type":"Point","coordinates":[6.93897388888889,47.60873597222223]}},{"type":"Feature","properties":{"Country/Region":"France","Province/State":"Essonne","Code":"91","Population":{"Total":1319401,"Under19":360333,"Under39":338878,"Under59":349395,"Under74":176919,"Over75":93876},"Beds":{"Resuscitation":97,"IntensiveCare":164,"Total":261},"Deaths":665,"Recovered":3223,"Severe":216,"Critical":54,"Emergencies":{"Suspected":38,"Total":541,"Severe":11,"Suspected/Accumulated":5366,"Total/Accumulated":117004,"Severe/Accumulated":1505},"MedicalActs":{"Suspected":21,"Total":139,"Suspected/Accumulated":1929,"Total/Accumulated":27325},"PCRTests":{"Total":4367,"Confirmed":746,"Total/Accumulated":240239,"Confirmed/Accumulated":16267},"Confirmed":30,"MedicalTests":{"Total/Accumulated":13409,"Confirmed/Accumulated":2366}},"geometry":{"type":"Point","coordinates":[2.2519983333333338,48.50948216666667]}},{"type":"Feature","properties":{"Country/Region":"France","Province/State":"Hauts-de-Seine","Code":"92","Population":{"Total":1613762,"Under19":393984,"Under39":457571,"Under59":428782,"Under74":211036,"Over75":122389},"Beds":{"Resuscitation":184,"IntensiveCare":276,"Total":460},"Deaths":1182,"Recovered":5784,"Severe":405,"Critical":73,"Emergencies":{"Suspected":39,"Total":918,"Severe":15,"Suspected/Accumulated":5359,"Total/Accumulated":163881,"Severe/Accumulated":1573},"PCRTests":{"Total":7224,"Confirmed":1162,"Total/Accumulated":412566,"Confirmed/Accumulated":28940},"Confirmed":59,"MedicalTests":{"Total/Accumulated":11950,"Confirmed/Accumulated":2683}},"geometry":{"type":"Point","coordinates":[2.2538900000000006,48.84266823529411]}},{"type":"Feature","properties":{"Country/Region":"France","Province/State":"Seine-Saint-Denis","Code":"93","Population":{"Total":1670149,"Under19":485032,"Under39":478299,"Under59":428192,"Under74":194935,"Over75":83691},"Beds":{"Resuscitation":100,"IntensiveCare":218,"Total":318},"Deaths":1102,"Recovered":5034,"Severe":468,"Critical":75,"Emergencies":{"Suspected":71,"Total":939,"Severe":13,"Suspected/Accumulated":8738,"Total/Accumulated":185929,"Severe/Accumulated":1862},"PCRTests":{"Total":5250,"Confirmed":1130,"Total/Accumulated":336046,"Confirmed/Accumulated":27796},"Confirmed":45,"MedicalTests":{"Total/Accumulated":8715,"Confirmed/Accumulated":2518}},"geometry":{"type":"Point","coordinates":[2.474763409090909,48.91863045454546]}},{"type":"Feature","properties":{"Country/Region":"France","Province/State":"Val-de-Marne","Code":"94","Population":{"Total":1406041,"Under19":359600,"Under39":390124,"Under59":368199,"Under74":187814,"Over75":100304},"Beds":{"Resuscitation":156,"IntensiveCare":338,"Total":494},"Deaths":1305,"Recovered":5316,"Severe":429,"Critical":61,"Emergencies":{"Suspected":56,"Total":856,"Severe":26,"Suspected/Accumulated":10145,"Total/Accumulated":187064,"Severe/Accumulated":3511},"PCRTests":{"Total":5306,"Confirmed":972,"Total/Accumulated":314274,"Confirmed/Accumulated":24256},"Confirmed":48,"MedicalTests":{"Total/Accumulated":8850,"Confirmed/Accumulated":1817}},"geometry":{"type":"Point","coordinates":[2.47453725,48.775524499999996]}},{"type":"Feature","properties":{"Country/Region":"France","Province/State":"Val-d'Oise","Code":"95","Population":{"Total":1248354,"Under19":357525,"Under39":326622,"Under59":322949,"Under74":166265,"Over75":74993},"Beds":{"Resuscitation":60,"IntensiveCare":130,"Total":190},"Deaths":793,"Recovered":3332,"Severe":205,"Critical":36,"Emergencies":{"Suspected":59,"Total":832,"Severe":21,"Suspected/Accumulated":10817,"Total/Accumulated":165263,"Severe/Accumulated":3470},"MedicalActs":{"Suspected":29,"Total":301,"Suspected/Accumulated":3541,"Total/Accumulated":50606},"PCRTests":{"Total":4627,"Confirmed":883,"Total/Accumulated":247593,"Confirmed/Accumulated":18973},"Confirmed":60,"MedicalTests":{"Total/Accumulated":7014,"Confirmed/Accumulated":1871}},"geometry":{"type":"Point","coordinates":[2.092522396694214,49.08765355371902]}},{"type":"Feature","properties":{"Country/Region":"France","Province/State":"La Réunion","Code":"974","Population":{"Total":859959,"Under19":256143,"Under39":202783,"Under59":239212,"Under74":117045,"Over75":44776},"Beds":{"Resuscitation":52,"IntensiveCare":154,"Total":206},"Deaths":24,"Recovered":435,"Severe":50,"Critical":11,"Emergencies":{"Suspected":1,"Total":345,"Severe":1,"Suspected/Accumulated":534,"Total/Accumulated":86002,"Severe/Accumulated":327},"PCRTests":{"Total":1201,"Confirmed":54,"Total/Accumulated":180262,"Confirmed/Accumulated":4504},"MedicalTests":{"Total/Accumulated":19,"Confirmed/Accumulated":1}},"geometry":{"type":"Point","coordinates":[55.52943947368424,-21.1374047368421]}}]}