{"type":"FeatureCollection","features":[{"type":"Feature","properties":{"Country/Region":"France","Province/State":"Guadeloupe","Code":"971","Population":{"Total":376879,"Under19":90617,"Under39":71707,"Under59":109452,"Under74":70936,"Over75":34167},"Beds":{"Resuscitation":27,"IntensiveCare":68,"Total":95},"Deaths":99,"Recovered":417,"Severe":185,"Critical":26,"Emergencies":{"Suspected":18,"Total":223,"Severe":5,"Suspected/Accumulated":1326,"Total/Accumulated":45280,"Severe/Accumulated":594},"PCRTests":{"Total":453,"Confirmed":71,"Total/Accumulated":54266,"Confirmed/Accumulated":6633},"Confirmed":106,"MedicalTests":{"Total/Accumulated":51,"Confirmed/Accumulated":17}},"geometry":{"type":"Point","coordinates":[-61.493846272189366,16.20469674556213]}},{"type":"Feature","properties":{"Country/Region":"France","Province/State":"Martinique","Code":"972","Population":{"Total":358749,"Under19":77005,"Under39":65776,"Under59":105638,"Under74":72163,"Over75":38167},"Beds":{"Resuscitation":26,"IntensiveCare":58,"Total":84},"Deaths":22,"Recovered":144,"Severe":47,"Critical":18,"MedicalActs":{"Suspected":6,"Total":145,"Suspected/Accumulated":412,"Total/Accumulated":23898},"PCRTests":{"Total":757,"Confirmed":101,"Total/Accumulated":55676,"Confirmed/Accumulated":2190},"Confirmed":16,"MedicalTests":{"Total/Accumulated":29,"Confirmed/Accumulated":6}},"geometry":{"type":"Point","coordinates":[-60.98265692913386,14.6217557480315]}},{"type":"Feature","properties":{"Country/Region":"France","Province/State":"Guyane","Code":"973","Population":{"Total":290691,"Under19":120681,"Under39":80023,"Under59":61783,"Under74":22111,"Over75":6093},"Beds":{"Resuscitation":13,"IntensiveCare":12,"Total":25},"Deaths":65,"Recovered":1740,"Severe":23,"Critical":6,"Emergencies":{"Suspected":6,"Total":262,"Severe":2,"Suspected/Accumulated":1949,"Total/Accumulated":42221,"Severe/Accumulated":920},"PCRTests":{"Total":379,"Confirmed":20,"Total/Accumulated":62185,"Confirmed/Accumulated":8859},"Confirmed":43,"MedicalTests":{"Total/Accumulated":35,"Confirmed/Accumulated":4}},"geometry":{"type":"Point","coordinates":[-53.41731165390502,3.588901056661561]}},{"type":"Feature","properties":{"Country/Region":"France","Province/State":"Mayotte","Code":"976","Population":{"Total":279471,"Under19":150257,"Under39":74348,"Under59":42900,"Under74":9521,"Over75":2445},"Beds":{"Resuscitation":6,"IntensiveCare":0,"Total":6},"Deaths":29,"Recovered":462,"Severe":9,"Critical":4,"Emergencies":{"Suspected":1,"Total":100,"Severe":1,"Suspected/Accumulated":1918,"Total/Accumulated":23322,"Severe/Accumulated":263},"PCRTests":{"Total":203,"Confirmed":35,"Total/Accumulated":22614,"Confirmed/Accumulated":2275},"Confirmed":128,"MedicalTests":{"Total/Accumulated":4,"Confirmed/Accumulated":1}},"geometry":{"type":"Point","coordinates":[45.14160071428572,-12.835344166666673]}},{"type":"Feature","properties":{"Country/Region":"France","Province/State":"Ain","Code":"01","Population":{"Total":656955,"Under19":167666,"Under39":151084,"Under59":179469,"Under74":104453,"Over75":54283},"Beds":{"Resuscitation":22,"IntensiveCare":20,"Total":42},"Deaths":113,"Recovered":521,"Severe":40,"Critical":9,"Emergencies":{"Suspected":3,"Total":295,"Severe":2,"Suspected/Accumulated":1378,"Total/Accumulated":54925,"Severe/Accumulated":538},"PCRTests":{"Total":1763,"Confirmed":291,"Total/Accumulated":96878,"Confirmed/Accumulated":4921},"Confirmed":118,"MedicalTests":{"Total/Accumulated":3606,"Confirmed/Accumulated":382}},"geometry":{"type":"Point","coordinates":[5.430359734513273,46.106026415929215]}},{"type":"Feature","properties":{"Country/Region":"France","Province/State":"Aisne","Code":"02","Population":{"Total":526050,"Under19":129852,"Under39":114042,"Under59":135164,"Under74":98046,"Over75":48946},"Beds":{"Resuscitation":34,"IntensiveCare":110,"Total":144},"Deaths":290,"Recovered":1193,"Severe":51,"Critical":5,"Emergencies":{"Suspected":8,"Total":440,"Severe":3,"Suspected/Accumulated":3501,"Total/Accumulated":78731,"Severe/Accumulated":1093},"MedicalActs":{"Suspected":3,"Total":262,"Suspected/Accumulated":1630,"Total/Accumulated":50804},"PCRTests":{"Total":975,"Confirmed":101,"Total/Accumulated":59249,"Confirmed/Accumulated":2120},"Confirmed":59,"MedicalTests":{"Total/Accumulated":3072,"Confirmed/Accumulated":456}},"geometry":{"type":"Point","coordinates":[3.5153965625000003,49.457888298611124]}},{"type":"Feature","properties":{"Country/Region":"France","Province/State":"Allier","Code":"03","Population":{"Total":331315,"Under19":66659,"Under39":61490,"Under59":85304,"Under74":72079,"Over75":45783},"Beds":{"Resuscitation":24,"IntensiveCare":56,"Total":80},"Deaths":46,"Recovered":256,"Severe":22,"Critical":2,"Emergencies":{"Suspected":7,"Total":189,"Severe":3,"Suspected/Accumulated":1234,"Total/Accumulated":38203,"Severe/Accumulated":690},"PCRTests":{"Total":1008,"Confirmed":77,"Total/Accumulated":45989,"Confirmed/Accumulated":968},"Confirmed":38,"MedicalTests":{"Total/Accumulated":1177,"Confirmed/Accumulated":12}},"geometry":{"type":"Point","coordinates":[3.1778756690140857,46.39097419014088]}},{"type":"Feature","properties":{"Country/Region":"France","Province/State":"Alpes-de-Haute-Provence","Code":"04","Population":{"Total":165197,"Under19":34281,"Under39":30814,"Under59":43423,"Under74":35681,"Over75":20998},"Beds":{"Resuscitation":6,"IntensiveCare":0,"Total":6},"Deaths":17,"Recovered":167,"Severe":10,"Emergencies":{"Suspected":3,"Total":194,"Severe":1,"Suspected/Accumulated":410,"Total/Accumulated":35143,"Severe/Accumulated":163},"PCRTests":{"Total":312,"Confirmed":31,"Total/Accumulated":27647,"Confirmed/Accumulated":848},"Confirmed":22,"MedicalTests":{"Total/Accumulated":1722,"Confirmed/Accumulated":63}},"geometry":{"type":"Point","coordinates":[6.294359440298507,44.152788992537346]}},{"type":"Feature","properties":{"Country/Region":"France","Province/State":"Hautes-Alpes","Code":"05","Population":{"Total":141756,"Under19":30280,"Under39":27715,"Under59":37829,"Under74":29047,"Over75":16885},"Beds":{"Resuscitation":8,"IntensiveCare":0,"Total":8},"Deaths":22,"Recovered":162,"Severe":22,"Critical":2,"Emergencies":{"Suspected":1,"Total":129,"Severe":1,"Suspected/Accumulated":1159,"Total/Accumulated":33513,"Severe/Accumulated":216},"PCRTests":{"Total":365,"Confirmed":54,"Total/Accumulated":16691,"Confirmed/Accumulated":688},"Confirmed":42,"MedicalTests":{"Total/Accumulated":658,"Confirmed/Accumulated":4}},"geometry":{"type":"Point","coordinates":[6.205986298932386,44.64177099644131]}},{"type":"Feature","properties":{"Country/Region":"France","Province/State":"Alpes-Maritimes","Code":"06","Population":{"Total":1079396,"Under19":226862,"Under39":232814,"Under59":282249,"Under74":198428,"Over75":139043},"Beds":{"Resuscitation":89,"IntensiveCare":182,"Total":271},"Deaths":225,"Recovered":1199,"Severe":120,"Critical":19,"Emergencies":{"Suspected":14,"Total":860,"Severe":9,"Suspected/Accumulated":4052,"Total/Accumulated":178494,"Severe/Accumulated":2143},"MedicalActs":{"Suspected":13,"Total":161,"Suspected/Accumulated":2526,"Total/Accumulated":35145},"PCRTests":{"Total":2447,"Confirmed":213,"Total/Accumulated":243094,"Confirmed/Accumulated":11677},"Confirmed":194,"MedicalTests":{"Total/Accumulated":5759,"Confirmed/Accumulated":263}},"geometry":{"type":"Point","coordinates":[7.093963618090453,43.90811477386935]}},{"type":"Feature","properties":{"Country/Region":"France","Province/State":"Corse-du-Sud","Code":"2A","Population":{"Total":162421,"Under19":31630,"Under39":34910,"Under59":45312,"Under74":31004,"Over75":19565},"Beds":{"Resuscitation":10,"IntensiveCare":30,"Total":40},"Deaths":50,"Recovered":173,"Severe":11,"Critical":3,"Emergencies":{"Total":95,"Suspected/Accumulated":190,"Total/Accumulated":23652,"Severe/Accumulated":146},"MedicalActs":{"Suspected":1,"Total":129,"Suspected/Accumulated":990,"Total/Accumulated":15361},"PCRTests":{"Total":370,"Confirmed":28,"Total/Accumulated":33673,"Confirmed/Accumulated":937},"Confirmed":207},"geometry":{"type":"Point","coordinates":[8.933891598360661,41.87995627049185]}},{"type":"Feature","properties":{"Country/Region":"France","Province/State":"Haute-Corse","Code":"2B","Population":{"Total":182258,"Under19":36925,"Under39":42075,"Under59":47863,"Under74":34671,"Over75":20724},"Beds":{"Resuscitation":8,"IntensiveCare":12,"Total":20},"Deaths":16,"Recovered":132,"Severe":19,"Critical":4,"Emergencies":{"Suspected":2,"Total":129,"Suspected/Accumulated":2167,"Total/Accumulated":28692,"Severe/Accumulated":1999},"PCRTests":{"Total":556,"Confirmed":44,"Total/Accumulated":34621,"Confirmed/Accumulated":882},"Confirmed":56},"geometry":{"type":"Point","coordinates":[9.12993101604278,42.44040566844919]}},{"type":"Feature","properties":{"Country/Region":"France","Province/State":"Ardèche","Code":"07","Population":{"Total":326875,"Under19":70594,"Under39":61093,"Under59":88160,"Under74":68490,"Over75":38538},"Beds":{"Resuscitation":8,"IntensiveCare":0,"Total":8},"Deaths":121,"Recovered":473,"Severe":12,"Critical":5,"Emergencies":{"Suspected":1,"Total":207,"Suspected/Accumulated":926,"Total/Accumulated":41694,"Severe/Accumulated":207},"PCRTests":{"Total":908,"Confirmed":116,"Total/Accumulated":39959,"Confirmed/Accumulated":1449},"Confirmed":128,"MedicalTests":{"Total/Accumulated":1210,"Confirmed/Accumulated":123}},"geometry":{"type":"Point","coordinates":[4.425911157407411,44.77470101851853]}},{"type":"Feature","properties":{"Country/Region":"France","Province/State":"Ardennes","Code":"08","Population":{"Total":265531,"Under19":60337,"Under39":55870,"Under59":70459,"Under74":52021,"Over75":26844},"Beds":{"Resuscitation":12,"IntensiveCare":42,"Total":54},"Deaths":65,"Recovered":240,"Severe":12,"Critical":2,"Emergencies":{"Suspected":1,"Total":208,"Suspected/Accumulated":279,"Total/Accumulated":43795,"Severe/Accumulated":72},"PCRTests":{"Total":739,"Confirmed":69,"Total/Accumulated":42501,"Confirmed/Accumulated":892},"Confirmed":3,"MedicalTests":{"Total/Accumulated":1117,"Confirmed/Accumulated":101}},"geometry":{"type":"Point","coordinates":[4.717836481481479,49.63503592592596]}},{"type":"Feature","properties":{"Country/Region":"France","Province/State":"Ariège","Code":"09","Population":{"Total":152398,"Under19":30718,"Under39":28780,"Under59":40432,"Under74":32667,"Over75":19801},"Beds":{"Resuscitation":8,"IntensiveCare":16,"Total":24},"Deaths":3,"Recovered":46,"Severe":10,"Critical":6,"Emergencies":{"Suspected":3,"Total":101,"Suspected/Accumulated":260,"Total/Accumulated":23432,"Severe/Accumulated":108},"PCRTests":{"Total":361,"Confirmed":55,"Total/Accumulated":22829,"Confirmed/Accumulated":927},"Confirmed":3,"MedicalTests":{"Total/Accumulated":943,"Confirmed/Accumulated":7}},"geometry":{"type":"Point","coordinates":[1.5308575113122171,42.951783619909506]}},{"type":"Feature","properties":{"Country/Region":"France","Province/State":"Aube","Code":"10","Population":{"Total":309907,"Under19":74513,"Under39":69749,"Under59":77945,"Under74":56336,"Over75":31364},"Beds":{"Resuscitation":12,"IntensiveCare":36,"Total":48},"Deaths":138,"Recovered":685,"Severe":20,"Critical":4,"Emergencies":{"Suspected":1,"Total":173,"Suspected/Accumulated":880,"Total/Accumulated":35309,"Severe/Accumulated":415},"MedicalActs":{"Suspected":8,"Total":125,"Suspected/Accumulated":813,"Total/Accumulated":23131},"PCRTests":{"Total":883,"Confirmed":88,"Total/Accumulated":43930,"Confirmed/Accumulated":1353},"Confirmed":14,"MedicalTests":{"Total/Accumulated":3836,"Confirmed/Accumulated":370}},"geometry":{"type":"Point","coordinates":[4.115386826086957,48.290927782608684]}},{"type":"Feature","properties":{"Country/Region":"France","Province/State":"Aude","Code":"11","Population":{"Total":372705,"Under19":78644,"Under39":70170,"Under59":96929,"Under74":80039,"Over75":46923},"Beds":{"Resuscitation":16,"IntensiveCare":44,"Total":60},"Deaths":62,"Recovered":263,"Severe":11,"Critical":3,"Emergencies":{"Total":310,"Suspected/Accumulated":564,"Total/Accumulated":57839,"Severe/Accumulated":238},"PCRTests":{"Total":1011,"Confirmed":68,"Total/Accumulated":56724,"Confirmed/Accumulated":1734},"Confirmed":44,"MedicalTests":{"Total/Accumulated":3464,"Confirmed/Accumulated":194}},"geometry":{"type":"Point","coordinates":[2.3518425641025638,43.13299722222223]}},{"type":"Feature","properties":{"Country/Region":"France","Province/State":"Aveyron","Code":"12","Population":{"Total":278360,"Under19":55940,"Under39":51027,"Under59":73060,"Under74":59454,"Over75":38879},"Beds":{"Resuscitation":11,"IntensiveCare":32,"Total":43},"Deaths":26,"Recovered":182,"Severe":20,"Critical":3,"Emergencies":{"Suspected":2,"Total":124,"Severe":2,"Suspected/Accumulated":41,"Total/Accumulated":26565,"Severe/Accumulated":12},"PCRTests":{"Total":911,"Confirmed":168,"Total/Accumulated":45537,"Confirmed/Accumulated":1641},"Confirmed":29,"MedicalTests":{"Total/Accumulated":118,"Confirmed/Accumulated":5}},"geometry":{"type":"Point","coordinates":[2.66545315960912,44.28474130293157]}},{"type":"Feature","properties":{"Country/Region":"France","Province/State":"Bouches-du-Rhône","Code":"13","Population":{"Total":2034469,"Under19":480915,"Under39":483747,"Under59":522289,"Under74":342385,"Over75":205133},"Beds":{"Resuscitation":281,"IntensiveCare":476,"Total":757},"Deaths":708,"Recovered":5507,"Severe":544,"Critical":138,"Emergencies":{"Suspected":45,"Total":1248,"Severe":22,"Suspected/Accumulated":6015,"Total/Accumulated":269648,"Severe/Accumulated":3028},"MedicalActs":{"Suspected":4,"Total":152,"Suspected/Accumulated":2367,"Total/Accumulated":42635},"PCRTests":{"Total":8473,"Confirmed":984,"Total/Accumulated":624626,"Confirmed/Accumulated":37959},"Confirmed":827,"MedicalTests":{"Total/Accumulated":53325,"Confirmed/Accumulated":3187}},"geometry":{"type":"Point","coordinates":[5.098567400881058,43.49901925110133]}},{"type":"Feature","properties":{"Country/Region":"France","Province/State":"Calvados","Code":"14","Population":{"Total":691453,"Under19":160392,"Under39":155359,"Under59":174249,"Under74":130972,"Over75":70481},"Beds":{"Resuscitation":91,"IntensiveCare":128,"Total":219},"Deaths":90,"Recovered":415,"Severe":43,"Critical":12,"Emergencies":{"Total":441,"Suspected/Accumulated":1660,"Total/Accumulated":84197,"Severe/Accumulated":575},"MedicalActs":{"Suspected":12,"Total":283,"Suspected/Accumulated":2940,"Total/Accumulated":55321},"PCRTests":{"Total":1995,"Confirmed":198,"Total/Accumulated":133100,"Confirmed/Accumulated":3585},"Confirmed":147,"MedicalTests":{"Total/Accumulated":1704,"Confirmed/Accumulated":157}},"geometry":{"type":"Point","coordinates":[-0.4028230593607306,49.05443785388125]}},{"type":"Feature","properties":{"Country/Region":"France","Province/State":"Cantal","Code":"15","Population":{"Total":142811,"Under19":26571,"Under39":24954,"Under59":38397,"Under74":32697,"Over75":20192},"Beds":{"Resuscitation":8,"IntensiveCare":30,"Total":38},"Deaths":16,"Recovered":73,"Severe":30,"Critical":1,"Emergencies":{"Total":58,"Suspected/Accumulated":232,"Total/Accumulated":16496,"Severe/Accumulated":121},"PCRTests":{"Total":591,"Confirmed":30,"Total/Accumulated":18665,"Confirmed/Accumulated":458},"Confirmed":33,"MedicalTests":{"Total/Accumulated":648,"Confirmed/Accumulated":44}},"geometry":{"type":"Point","coordinates":[2.7066918215613374,45.02447219330856]}},{"type":"Feature","properties":{"Country/Region":"France","Province/State":"Charente","Code":"16","Population":{"Total":348180,"Under19":71324,"Under39":69355,"Under59":91186,"Under74":72860,"Over75":43455},"Beds":{"Resuscitation":12,"IntensiveCare":36,"Total":48},"Deaths":14,"Recovered":73,"Severe":2,"Critical":2,"Emergencies":{"Suspected":2,"Total":248,"Severe":2,"Suspected/Accumulated":715,"Total/Accumulated":48655,"Severe/Accumulated":238},"PCRTests":{"Total":560,"Confirmed":36,"Total/Accumulated":35533,"Confirmed/Accumulated":977},"Confirmed":10,"MedicalTests":{"Total/Accumulated":899,"Confirmed/Accumulated":21}},"geometry":{"type":"Point","coordinates":[0.2054574390243902,45.733938821138196]}},{"type":"Feature","properties":{"Country/Region":"France","Province/State":"Charente-Maritime","Code":"17","Population":{"Total":647080,"Under19":130618,"Under39":119836,"Under59":164314,"Under74":146996,"Over75":85316},"Beds":{"Resuscitation":30,"IntensiveCare":72,"Total":102},"Deaths":57,"Recovered":173,"Severe":29,"Critical":5,"Emergencies":{"Suspected":1,"Total":450,"Severe":1,"Suspected/Accumulated":1383,"Total/Accumulated":95707,"Severe/Accumulated":504},"MedicalActs":{"Total":28,"Suspected/Accumulated":464,"Total/Accumulated":10002},"PCRTests":{"Total":958,"Confirmed":35,"Total/Accumulated":63282,"Confirmed/Accumulated":1173},"Confirmed":49,"MedicalTests":{"Total/Accumulated":8110,"Confirmed/Accumulated":167}},"geometry":{"type":"Point","coordinates":[-0.734802142857143,45.8164405357143]}},{"type":"Feature","properties":{"Country/Region":"France","Province/State":"Cher","Code":"18","Population":{"Total":296404,"Under19":61933,"Under39":57193,"Under59":76912,"Under74":62985,"Over75":37381},"Beds":{"Resuscitation":12,"IntensiveCare":32,"Total":44},"Deaths":96,"Recovered":230,"Severe":24,"Critical":2,"Emergencies":{"Total":112,"Suspected/Accumulated":1772,"Total/Accumulated":27116,"Severe/Accumulated":26},"MedicalActs":{"Suspected":12,"Total":239,"Suspected/Accumulated":984,"Total/Accumulated":33753},"PCRTests":{"Total":566,"Confirmed":41,"Total/Accumulated":35586,"Confirmed/Accumulated":866},"Confirmed":25,"MedicalTests":{"Total/Accumulated":3157,"Confirmed/Accumulated":334}},"geometry":{"type":"Point","coordinates":[2.420866293436294,47.03802115830117]}},{"type":"Feature","properties":{"Country/Region":"France","Province/State":"Corrèze","Code":"19","Population":{"Total":240336,"Under19":48146,"Under39":45056,"Under59":62186,"Under74":52206,"Over75":32742},"Beds":{"Resuscitation":15,"IntensiveCare":42,"Total":57},"Deaths":43,"Recovered":177,"Severe":13,"Critical":3,"Emergencies":{"Suspected":1,"Total":187,"Suspected/Accumulated":615,"Total/Accumulated":36430,"Severe/Accumulated":468},"PCRTests":{"Total":502,"Confirmed":23,"Total/Accumulated":34322,"Confirmed/Accumulated":777},"Confirmed":23,"MedicalTests":{"Total/Accumulated":315,"Confirmed/Accumulated":17}},"geometry":{"type":"Point","coordinates":[1.8952178059071727,45.37689915611812]}},{"type":"Feature","properties":{"Country/Region":"France","Province/State":"Côte-d'Or","Code":"21","Population":{"Total":532886,"Under19":121633,"Under39":128314,"Under59":134514,"Under74":95451,"Over75":52974},"Beds":{"Resuscitation":57,"IntensiveCare":190,"Total":247},"Deaths":263,"Recovered":1014,"Severe":28,"Critical":6,"Emergencies":{"Suspected":7,"Total":326,"Severe":3,"Suspected/Accumulated":2010,"Total/Accumulated":57436,"Severe/Accumulated":769},"MedicalActs":{"Suspected":3,"Total":97,"Suspected/Accumulated":1277,"Total/Accumulated":17536},"PCRTests":{"Total":1418,"Confirmed":148,"Total/Accumulated":102859,"Confirmed/Accumulated":4151},"Confirmed":1,"MedicalTests":{"Total/Accumulated":1228,"Confirmed/Accumulated":98}},"geometry":{"type":"Point","coordinates":[4.781845107913668,47.44940406474819]}},{"type":"Feature","properties":{"Country/Region":"France","Province/State":"Côtes-d'Armor","Code":"22","Population":{"Total":596186,"Under19":131217,"Under39":108675,"Under59":153257,"Under74":128481,"Over75":74556},"Beds":{"Resuscitation":14,"IntensiveCare":32,"Total":46},"Deaths":43,"Recovered":261,"Severe":13,"Critical":4,"Emergencies":{"Suspected":1,"Total":337,"Severe":1,"Suspected/Accumulated":1030,"Total/Accumulated":62905,"Severe/Accumulated":793},"PCRTests":{"Total":1017,"Confirmed":67,"Total/Accumulated":89183,"Confirmed/Accumulated":1665},"Confirmed":107,"MedicalTests":{"Total/Accumulated":177,"Confirmed/Accumulated":3}},"geometry":{"type":"Point","coordinates":[-2.8283123411371243,48.47540434782613]}},{"type":"Feature","properties":{"Country/Region":"France","Province/State":"Creuse","Code":"23","Population":{"Total":116270,"Under19":20766,"Under39":19388,"Under59":30402,"Under74":28640,"Over75":17074},"Beds":{"Resuscitation":8,"IntensiveCare":16,"Total":24},"Deaths":16,"Recovered":93,"Severe":3,"Critical":2,"Emergencies":{"Total":63,"Suspected/Accumulated":394,"Total/Accumulated":14243,"Severe/Accumulated":88},"PCRTests":{"Total":254,"Confirmed":18,"Total/Accumulated":16180,"Confirmed/Accumulated":259},"Confirmed":12,"MedicalTests":{"Total/Accumulated":1152,"Confirmed/Accumulated":11}},"geometry":{"type":"Point","coordinates":[1.9795267256637192,46.07153353982301]}},{"type":"Feature","properties":{"Country/Region":"France","Province/State":"Dordogne","Code":"24","Population":{"Total":408393,"Under19":76430,"Under39":70201,"Under59":107402,"Under74":96538,"Over75":57822},"Beds":{"Resuscitation":19,"IntensiveCare":36,"Total":55},"Deaths":14,"Recovered":116,"Severe":14,"Critical":1,"Emergencies":{"Suspected":2,"Total":170,"Severe":1,"Suspected/Accumulated":969,"Total/Accumulated":39885,"Severe/Accumulated":498},"PCRTests":{"Total":767,"Confirmed":52,"Total/Accumulated":52071,"Confirmed/Accumulated":1224},"Confirmed":13,"MedicalTests":{"Total/Accumulated":586,"Confirmed/Accumulated":26}},"geometry":{"type":"Point","coordinates":[0.7502005172413793,45.100126827586195]}},{"type":"Feature","properties":{"Country/Region":"France","Province/State":"Doubs","Code":"25","Population":{"Total":539449,"Under19":132582,"Under39":130504,"Under59":135120,"Under74":90502,"Over75":50741},"Beds":{"Resuscitation":40,"IntensiveCare":262,"Total":302},"Deaths":154,"Recovered":668,"Severe":15,"Critical":7,"Emergencies":{"Suspected":4,"Total":237,"Severe":2,"Suspected/Accumulated":1674,"Total/Accumulated":46939,"Severe/Accumulated":638},"MedicalActs":{"Suspected":2,"Total":73,"Suspected/Accumulated":857,"Total/Accumulated":22176},"PCRTests":{"Total":1143,"Confirmed":83,"Total/Accumulated":90866,"Confirmed/Accumulated":2463},"MedicalTests":{"Total/Accumulated":2111,"Confirmed/Accumulated":213}},"geometry":{"type":"Point","coordinates":[6.359828136363636,47.17302813636364]}},{"type":"Feature","properties":{"Country/Region":"France","Province/State":"Drôme","Code":"26","Population":{"Total":520560,"Under19":125073,"Under39":110455,"Under59":134338,"Under74":95865,"Over75":54829},"Beds":{"Resuscitation":24,"IntensiveCare":68,"Total":92},"Deaths":133,"Recovered":579,"Severe":41,"Critical":8,"Emergencies":{"Suspected":12,"Total":312,"Severe":9,"Suspected/Accumulated":1690,"Total/Accumulated":62550,"Severe/Accumulated":657},"PCRTests":{"Total":1501,"Confirmed":191,"Total/Accumulated":66841,"Confirmed/Accumulated":2828},"Confirmed":119,"MedicalTests":{"Total/Accumulated":2066,"Confirmed/Accumulated":135}},"geometry":{"type":"Point","coordinates":[5.213618019801983,44.63170462046205]}},{"type":"Feature","properties":{"Country/Region":"France","Province/State":"Eure","Code":"27","Population":{"Total":600687,"Under19":151745,"Under39":128858,"Under59":160781,"Under74":106586,"Over75":52717},"Beds":{"Resuscitation":12,"IntensiveCare":44,"Total":56},"Deaths":98,"Recovered":334,"Severe":71,"Critical":11,"Emergencies":{"Suspected":1,"Total":188,"Suspected/Accumulated":761,"Total/Accumulated":38030,"Severe/Accumulated":152},"PCRTests":{"Total":1024,"Confirmed":125,"Total/Accumulated":66848,"Confirmed/Accumulated":3136},"Confirmed":71,"MedicalTests":{"Total/Accumulated":5764,"Confirmed/Accumulated":580}},"geometry":{"type":"Point","coordinates":[0.9927279220779222,49.13064012987015]}},{"type":"Feature","properties":{"Country/Region":"France","Province/State":"Eure-et-Loir","Code":"28","Population":{"Total":429425,"Under19":106266,"Under39":90617,"Under59":113525,"Under74":76422,"Over75":42595},"Beds":{"Resuscitation":20,"IntensiveCare":44,"Total":64},"Deaths":148,"Recovered":647,"Severe":30,"Critical":3,"Emergencies":{"Suspected":5,"Total":356,"Severe":2,"Suspected/Accumulated":818,"Total/Accumulated":63805,"Severe/Accumulated":258},"PCRTests":{"Total":859,"Confirmed":78,"Total/Accumulated":55252,"Confirmed/Accumulated":1922},"Confirmed":104,"MedicalTests":{"Total/Accumulated":4351,"Confirmed/Accumulated":653}},"geometry":{"type":"Point","coordinates":[1.3718229302325597,48.39856558139533]}},{"type":"Feature","properties":{"Country/Region":"France","Province/State":"Finistère","Code":"29","Population":{"Total":906554,"Under19":201332,"Under39":189857,"Under59":237308,"Under74":178715,"Over75":99342},"Beds":{"Resuscitation":66,"IntensiveCare":142,"Total":208},"Deaths":48,"Recovered":231,"Severe":25,"Critical":3,"Emergencies":{"Suspected":2,"Total":609,"Suspected/Accumulated":561,"Total/Accumulated":126838,"Severe/Accumulated":158},"MedicalActs":{"Suspected":16,"Total":117,"Suspected/Accumulated":1104,"Total/Accumulated":27883},"PCRTests":{"Total":2044,"Confirmed":111,"Total/Accumulated":134412,"Confirmed/Accumulated":2591},"Confirmed":230,"MedicalTests":{"Total/Accumulated":44,"Confirmed/Accumulated":9}},"geometry":{"type":"Point","coordinates":[-4.16814140056023,48.26300924369748]}},{"type":"Feature","properties":{"Country/Region":"France","Province/State":"Gard","Code":"30","Population":{"Total":748468,"Under19":170615,"Under39":154480,"Under59":195429,"Under74":147114,"Over75":80830},"Beds":{"Resuscitation":49,"IntensiveCare":108,"Total":157},"Deaths":112,"Recovered":476,"Severe":84,"Critical":21,"Emergencies":{"Suspected":7,"Total":465,"Severe":4,"Suspected/Accumulated":1027,"Total/Accumulated":93390,"Severe/Accumulated":340},"MedicalActs":{"Suspected":2,"Total":64,"Suspected/Accumulated":959,"Total/Accumulated":15595},"PCRTests":{"Total":2225,"Confirmed":292,"Total/Accumulated":123115,"Confirmed/Accumulated":6472},"Confirmed":44,"MedicalTests":{"Total/Accumulated":11845,"Confirmed/Accumulated":327}},"geometry":{"type":"Point","coordinates":[4.0572744791666695,44.00851614583332]}},{"type":"Feature","properties":{"Country/Region":"France","Province/State":"Haute-Garonne","Code":"31","Population":{"Total":1400935,"Under19":335750,"Under39":398589,"Under59":358515,"Under74":197921,"Over75":110160},"Beds":{"Resuscitation":161,"IntensiveCare":430,"Total":591},"Deaths":116,"Recovered":1067,"Severe":144,"Critical":40,"Emergencies":{"Suspected":19,"Total":753,"Severe":14,"Suspected/Accumulated":3871,"Total/Accumulated":151552,"Severe/Accumulated":2138},"MedicalActs":{"Suspected":9,"Total":108,"Suspected/Accumulated":2180,"Total/Accumulated":28366},"PCRTests":{"Total":4550,"Confirmed":646,"Total/Accumulated":305888,"Confirmed/Accumulated":18721},"Confirmed":72,"MedicalTests":{"Total/Accumulated":11810,"Confirmed/Accumulated":341}},"geometry":{"type":"Point","coordinates":[1.1686918356164382,43.33252969863011]}},{"type":"Feature","properties":{"Country/Region":"France","Province/State":"Gers","Code":"32","Population":{"Total":190040,"Under19":37581,"Under39":32714,"Under59":51231,"Under74":41871,"Over75":26643},"Beds":{"Resuscitation":8,"IntensiveCare":8,"Total":16},"Deaths":29,"Recovered":102,"Severe":12,"Critical":1,"Emergencies":{"Suspected":1,"Total":85,"Severe":1,"Suspected/Accumulated":548,"Total/Accumulated":15903,"Severe/Accumulated":384},"PCRTests":{"Total":441,"Confirmed":52,"Total/Accumulated":27231,"Confirmed/Accumulated":1181},"Confirmed":14,"MedicalTests":{"Total/Accumulated":2554,"Confirmed/Accumulated":185}},"geometry":{"type":"Point","coordinates":[0.447782880658436,43.70601049382714]}},{"type":"Feature","properties":{"Country/Region":"France","Province/State":"Gironde","Code":"33","Population":{"Total":1633440,"Under19":380317,"Under39":415128,"Under59":425319,"Under74":267580,"Over75":145096},"Beds":{"Resuscitation":183,"IntensiveCare":262,"Total":445},"Deaths":208,"Recovered":1352,"Severe":180,"Critical":26,"Emergencies":{"Suspected":12,"Total":881,"Severe":4,"Suspected/Accumulated":4429,"Total/Accumulated":180172,"Severe/Accumulated":1771},"MedicalActs":{"Suspected":26,"Total":732,"Suspected/Accumulated":7795,"Total/Accumulated":149878},"PCRTests":{"Total":3488,"Confirmed":298,"Total/Accumulated":309896,"Confirmed/Accumulated":16386},"Confirmed":106,"MedicalTests":{"Total/Accumulated":8091,"Confirmed/Accumulated":348}},"geometry":{"type":"Point","coordinates":[-0.41644369747899174,44.756299705882356]}},{"type":"Feature","properties":{"Country/Region":"France","Province/State":"Hérault","Code":"34","Population":{"Total":1176145,"Under19":268258,"Under39":286299,"Under59":292794,"Under74":208723,"Over75":120071},"Beds":{"Resuscitation":124,"IntensiveCare":342,"Total":466},"Deaths":155,"Recovered":999,"Severe":153,"Critical":47,"Emergencies":{"Suspected":30,"Total":818,"Severe":4,"Suspected/Accumulated":2476,"Total/Accumulated":172590,"Severe/Accumulated":817},"MedicalActs":{"Suspected":11,"Total":141,"Suspected/Accumulated":1123,"Total/Accumulated":21295},"PCRTests":{"Total":3906,"Confirmed":432,"Total/Accumulated":244772,"Confirmed/Accumulated":11445},"Confirmed":171,"MedicalTests":{"Total/Accumulated":38656,"Confirmed/Accumulated":1264}},"geometry":{"type":"Point","coordinates":[3.2725271495327104,43.601788971962634]}},{"type":"Feature","properties":{"Country/Region":"France","Province/State":"Ille-et-Vilaine","Code":"35","Population":{"Total":1082073,"Under19":274429,"Under39":270693,"Under59":278610,"Under74":165623,"Over75":92718},"Beds":{"Resuscitation":60,"IntensiveCare":224,"Total":284},"Deaths":104,"Recovered":623,"Severe":67,"Critical":6,"Emergencies":{"Suspected":3,"Total":644,"Severe":1,"Suspected/Accumulated":2113,"Total/Accumulated":116687,"Severe/Accumulated":1151},"MedicalActs":{"Suspected":3,"Total":136,"Suspected/Accumulated":1786,"Total/Accumulated":33944},"PCRTests":{"Total":2506,"Confirmed":241,"Total/Accumulated":178766,"Confirmed/Accumulated":8152},"Confirmed":208,"MedicalTests":{"Total/Accumulated":429,"Confirmed/Accumulated":10}},"geometry":{"type":"Point","coordinates":[-1.7401927338129495,48.18315345323742]}},{"type":"Feature","properties":{"Country/Region":"France","Province/State":"Indre","Code":"36","Population":{"Total":217139,"Under19":42951,"Under39":38506,"Under59":56292,"Under74":48986,"Over75":30404},"Beds":{"Resuscitation":10,"IntensiveCare":18,"Total":28},"Deaths":82,"Recovered":204,"Severe":12,"Critical":4,"Emergencies":{"Total":106,"Suspected/Accumulated":133,"Total/Accumulated":20267,"Severe/Accumulated":61},"PCRTests":{"Total":342,"Confirmed":24,"Total/Accumulated":21737,"Confirmed/Accumulated":523},"Confirmed":80,"MedicalTests":{"Total/Accumulated":3671,"Confirmed/Accumulated":373}},"geometry":{"type":"Point","coordinates":[1.576445147679325,46.764304345991526]}},{"type":"Feature","properties":{"Country/Region":"France","Province/State":"Indre-et-Loire","Code":"37","Population":{"Total":605380,"Under19":142122,"Under39":136574,"Under59":153731,"Under74":108623,"Over75":64330},"Beds":{"Resuscitation":79,"IntensiveCare":116,"Total":195},"Deaths":103,"Recovered":454,"Severe":39,"Critical":9,"Emergencies":{"Suspected":3,"Total":338,"Severe":3,"Suspected/Accumulated":1209,"Total/Accumulated":65292,"Severe/Accumulated":425},"MedicalActs":{"Suspected":7,"Total":173,"Suspected/Accumulated":1258,"Total/Accumulated":32348},"PCRTests":{"Total":1768,"Confirmed":141,"Total/Accumulated":106246,"Confirmed/Accumulated":3659},"Confirmed":123,"MedicalTests":{"Total/Accumulated":4143,"Confirmed/Accumulated":118}},"geometry":{"type":"Point","coordinates":[0.6915947413793099,47.23521443965518]}},{"type":"Feature","properties":{"Country/Region":"France","Province/State":"Isère","Code":"38","Population":{"Total":1264979,"Under19":319977,"Under39":298730,"Under59":332378,"Under74":201842,"Over75":112052},"Beds":{"Resuscitation":74,"IntensiveCare":178,"Total":252},"Deaths":188,"Recovered":998,"Severe":160,"Critical":30,"Emergencies":{"Suspected":32,"Total":851,"Severe":12,"Suspected/Accumulated":2411,"Total/Accumulated":154570,"Severe/Accumulated":898},"MedicalActs":{"Suspected":48,"Total":212,"Suspected/Accumulated":3208,"Total/Accumulated":37803},"PCRTests":{"Total":3956,"Confirmed":748,"Total/Accumulated":183274,"Confirmed/Accumulated":13193},"Confirmed":190,"MedicalTests":{"Total/Accumulated":1901,"Confirmed/Accumulated":138}},"geometry":{"type":"Point","coordinates":[5.557470704225359,45.27668616197182]}},{"type":"Feature","properties":{"Country/Region":"France","Province/State":"Jura","Code":"39","Population":{"Total":257849,"Under19":57639,"Under39":51064,"Under59":68521,"Under74":50575,"Over75":30050},"Beds":{"Resuscitation":8,"IntensiveCare":18,"Total":26},"Deaths":61,"Recovered":341,"Severe":10,"Critical":1,"Emergencies":{"Suspected":3,"Total":154,"Severe":2,"Suspected/Accumulated":940,"Total/Accumulated":39571,"Severe/Accumulated":339},"PCRTests":{"Total":570,"Confirmed":75,"Total/Accumulated":37919,"Confirmed/Accumulated":882},"MedicalTests":{"Total/Accumulated":1465,"Confirmed/Accumulated":150}},"geometry":{"type":"Point","coordinates":[5.6395758823529425,46.756161447963784]}},{"type":"Feature","properties":{"Country/Region":"France","Province/State":"Landes","Code":"40","Population":{"Total":411979,"Under19":85144,"Under39":78495,"Under59":112191,"Under74":86896,"Over75":49253},"Beds":{"Resuscitation":14,"IntensiveCare":32,"Total":46},"Deaths":15,"Recovered":95,"Severe":27,"Critical":5,"Emergencies":{"Suspected":6,"Total":166,"Severe":6,"Suspected/Accumulated":699,"Total/Accumulated":40824,"Severe/Accumulated":419},"PCRTests":{"Total":869,"Confirmed":86,"Total/Accumulated":60695,"Confirmed/Accumulated":2142},"Confirmed":20,"MedicalTests":{"Total/Accumulated":870,"Confirmed/Accumulated":24}},"geometry":{"type":"Point","coordinates":[-0.5772234449760769,43.8801859808612]}},{"type":"Feature","properties":{"Country/Region":"France","Province/State":"Loir-et-Cher","Code":"41","Population":{"Total":327835,"Under19":72953,"Under39":62903,"Under59":86073,"Under74":65923,"Over75":39983},"Beds":{"Resuscitation":12,"IntensiveCare":16,"Total":28},"Deaths":70,"Recovered":366,"Severe":15,"Critical":2,"Emergencies":{"Suspected":3,"Total":216,"Suspected/Accumulated":978,"Total/Accumulated":45542,"Severe/Accumulated":123},"PCRTests":{"Total":656,"Confirmed":41,"Total/Accumulated":35097,"Confirmed/Accumulated":1083},"Confirmed":55,"MedicalTests":{"Total/Accumulated":1428,"Confirmed/Accumulated":55}},"geometry":{"type":"Point","coordinates":[1.3938662132352944,47.653275698529406]}},{"type":"Feature","properties":{"Country/Region":"France","Province/State":"Loire","Code":"42","Population":{"Total":764737,"Under19":186049,"Under39":167975,"Under59":190702,"Under74":136240,"Over75":83771},"Beds":{"Resuscitation":70,"IntensiveCare":120,"Total":190},"Deaths":287,"Recovered":1218,"Severe":197,"Critical":33,"Emergencies":{"Suspected":34,"Total":656,"Severe":17,"Suspected/Accumulated":2360,"Total/Accumulated":131261,"Severe/Accumulated":1254},"MedicalActs":{"Suspected":19,"Total":123,"Suspected/Accumulated":1119,"Total/Accumulated":23867},"PCRTests":{"Total":3262,"Confirmed":699,"Total/Accumulated":136093,"Confirmed/Accumulated":9149},"Confirmed":363,"MedicalTests":{"Total/Accumulated":719,"Confirmed/Accumulated":46}},"geometry":{"type":"Point","coordinates":[4.189998267716536,45.74292366141733]}},{"type":"Feature","properties":{"Country/Region":"France","Province/State":"Haute-Loire","Code":"43","Population":{"Total":226901,"Under19":49659,"Under39":43248,"Under59":60903,"Under74":46857,"Over75":26234},"Beds":{"Resuscitation":8,"IntensiveCare":20,"Total":28},"Deaths":20,"Recovered":136,"Severe":14,"Critical":1,"Emergencies":{"Total":21,"Suspected/Accumulated":25,"Total/Accumulated":5819,"Severe/Accumulated":11},"PCRTests":{"Total":835,"Confirmed":128,"Total/Accumulated":31262,"Confirmed/Accumulated":1509},"Confirmed":23,"MedicalTests":{"Total/Accumulated":1400,"Confirmed/Accumulated":50}},"geometry":{"type":"Point","coordinates":[3.7869054017857136,45.15054486607143]}},{"type":"Feature","properties":{"Country/Region":"France","Province/State":"Loire-Atlantique","Code":"44","Population":{"Total":1437137,"Under19":363681,"Under39":357664,"Under59":368059,"Under74":227458,"Over75":120275},"Beds":{"Resuscitation":77,"IntensiveCare":262,"Total":339},"Deaths":185,"Recovered":890,"Severe":78,"Critical":8,"Emergencies":{"Suspected":6,"Total":511,"Severe":5,"Suspected/Accumulated":3021,"Total/Accumulated":104318,"Severe/Accumulated":1690},"MedicalActs":{"Suspected":25,"Total":465,"Suspected/Accumulated":6161,"Total/Accumulated":107073},"PCRTests":{"Total":3793,"Confirmed":308,"Total/Accumulated":223347,"Confirmed/Accumulated":7968},"Confirmed":633,"MedicalTests":{"Total/Accumulated":844,"Confirmed/Accumulated":39}},"geometry":{"type":"Point","coordinates":[-1.6902253409090902,47.33230598484852]}},{"type":"Feature","properties":{"Country/Region":"France","Province/State":"Loiret","Code":"45","Population":{"Total":682890,"Under19":172345,"Under39":155348,"Under59":174617,"Under74":115984,"Over75":64596},"Beds":{"Resuscitation":47,"IntensiveCare":120,"Total":167},"Deaths":114,"Recovered":748,"Severe":54,"Critical":14,"Emergencies":{"Suspected":7,"Total":381,"Severe":2,"Suspected/Accumulated":1518,"Total/Accumulated":75178,"Severe/Accumulated":760},"MedicalActs":{"Suspected":1,"Total":38,"Suspected/Accumulated":640,"Total/Accumulated":10732},"PCRTests":{"Total":2016,"Confirmed":202,"Total/Accumulated":132199,"Confirmed/Accumulated":5262},"Confirmed":258,"MedicalTests":{"Total/Accumulated":3447,"Confirmed/Accumulated":325}},"geometry":{"type":"Point","coordinates":[2.383405222672066,47.91302979757084]}},{"type":"Feature","properties":{"Country/Region":"France","Province/State":"Lot","Code":"46","Population":{"Total":173166,"Under19":31861,"Under39":29365,"Under59":44533,"Under74":41623,"Over75":25784},"Beds":{"Resuscitation":8,"IntensiveCare":8,"Total":16},"Deaths":22,"Recovered":132,"Severe":5,"Critical":1,"Emergencies":{"Total":113,"Suspected/Accumulated":351,"Total/Accumulated":26080,"Severe/Accumulated":85},"PCRTests":{"Total":341,"Confirmed":30,"Total/Accumulated":20840,"Confirmed/Accumulated":510},"Confirmed":4,"MedicalTests":{"Total/Accumulated":612,"Confirmed/Accumulated":19}},"geometry":{"type":"Point","coordinates":[1.5901290212765966,44.59231876595746]}},{"type":"Feature","properties":{"Country/Region":"France","Province/State":"Lot-et-Garonne","Code":"47","Population":{"Total":330336,"Under19":69990,"Under39":64149,"Under59":84272,"Under74":68912,"Over75":43013},"Beds":{"Resuscitation":11,"IntensiveCare":36,"Total":47},"Deaths":14,"Recovered":120,"Severe":22,"Critical":5,"Emergencies":{"Suspected":3,"Total":227,"Severe":2,"Suspected/Accumulated":1106,"Total/Accumulated":46480,"Severe/Accumulated":345},"PCRTests":{"Total":682,"Confirmed":70,"Total/Accumulated":35903,"Confirmed/Accumulated":1581},"Confirmed":65,"MedicalTests":{"Total/Accumulated":1173,"Confirmed/Accumulated":16}},"geometry":{"type":"Point","coordinates":[0.4871552444444442,44.39576413333333]}},{"type":"Feature","properties":{"Country/Region":"France","Province/State":"Lozère","Code":"48","Population":{"Total":76286,"Under19":15582,"Under39":14895,"Under59":20255,"Under74":15962,"Over75":9592},"Beds":{"Resuscitation":3,"IntensiveCare":0,"Total":3},"Deaths":1,"Recovered":33,"Severe":7,"Emergencies":{"Total":28,"Suspected/Accumulated":58,"Total/Accumulated":6224,"Severe/Accumulated":15},"PCRTests":{"Total":179,"Confirmed":19,"Total/Accumulated":10021,"Confirmed/Accumulated":352},"Confirmed":8,"MedicalTests":{"Total/Accumulated":657,"Confirmed/Accumulated":4}},"geometry":{"type":"Point","coordinates":[3.494722131979694,44.51333609137059]}},{"type":"Feature","properties":{"Country/Region":"France","Province/State":"Maine-et-Loire","Code":"49","Population":{"Total":815881,"Under19":204162,"Under39":184600,"Under59":204421,"Under74":138603,"Over75":84095},"Beds":{"Resuscitation":61,"IntensiveCare":196,"Total":257},"Deaths":151,"Recovered":779,"Severe":52,"Critical":7,"Emergencies":{"Suspected":4,"Total":365,"Severe":1,"Suspected/Accumulated":1800,"Total/Accumulated":74397,"Severe/Accumulated":799},"PCRTests":{"Total":1874,"Confirmed":170,"Total/Accumulated":127398,"Confirmed/Accumulated":4775},"Confirmed":222,"MedicalTests":{"Total/Accumulated":145,"Confirmed/Accumulated":13}},"geometry":{"type":"Point","coordinates":[-0.6000336862745095,47.406434431372546]}},{"type":"Feature","properties":{"Country/Region":"France","Province/State":"Manche","Code":"50","Population":{"Total":490669,"Under19":105402,"Under39":96439,"Under59":126734,"Under74":101121,"Over75":60973},"Beds":{"Resuscitation":28,"IntensiveCare":52,"Total":80},"Deaths":55,"Recovered":203,"Severe":18,"Critical":2,"Emergencies":{"Suspected":2,"Total":363,"Severe":2,"Suspected/Accumulated":872,"Total/Accumulated":73596,"Severe/Accumulated":742},"MedicalActs":{"Suspected":9,"Total":137,"Suspected/Accumulated":1895,"Total/Accumulated":23145},"PCRTests":{"Total":980,"Confirmed":55,"Total/Accumulated":59005,"Confirmed/Accumulated":1127},"Confirmed":107,"MedicalTests":{"Total/Accumulated":1735,"Confirmed/Accumulated":120}},"geometry":{"type":"Point","coordinates":[-1.3097769083969464,49.05127938931302]}},{"type":"Feature","properties":{"Country/Region":"France","Province/State":"Marne","Code":"51","Population":{"Total":563823,"Under19":136695,"Under39":137533,"Under59":142415,"Under74":97015,"Over75":50165},"Beds":{"Resuscitation":54,"IntensiveCare":78,"Total":132},"Deaths":288,"Recovered":1131,"Severe":44,"Critical":8,"Emergencies":{"Suspected":1,"Total":303,"Suspected/Accumulated":1015,"Total/Accumulated":60985,"Severe/Accumulated":476},"MedicalActs":{"Suspected":1,"Total":27,"Suspected/Accumulated":371,"Total/Accumulated":7584},"PCRTests":{"Total":1468,"Confirmed":130,"Total/Accumulated":97175,"Confirmed/Accumulated":3403},"Confirmed":37,"MedicalTests":{"Total/Accumulated":1760,"Confirmed/Accumulated":353}},"geometry":{"type":"Point","coordinates":[4.209888097014927,48.936171417910444]}},{"type":"Feature","properties":{"Country/Region":"France","Province/State":"Haute-Marne","Code":"52","Population":{"Total":169250,"Under19":34865,"Under39":34065,"Under59":44268,"Under74":35981,"Over75":20071},"Beds":{"Resuscitation":8,"IntensiveCare":12,"Total":20},"Deaths":94,"Recovered":282,"Severe":12,"Critical":1,"Emergencies":{"Suspected":1,"Total":130,"Severe":1,"Suspected/Accumulated":824,"Total/Accumulated":23112,"Severe/Accumulated":198},"PCRTests":{"Total":316,"Confirmed":29,"Total/Accumulated":22265,"Confirmed/Accumulated":590},"Confirmed":7,"MedicalTests":{"Total/Accumulated":223,"Confirmed/Accumulated":37}},"geometry":{"type":"Point","coordinates":[5.203108577075099,48.126414822134386]}},{"type":"Feature","properties":{"Country/Region":"France","Province/State":"Mayenne","Code":"53","Population":{"Total":305365,"Under19":74868,"Under39":61839,"Under59":78619,"Under74":55705,"Over75":34334},"Beds":{"Resuscitation":8,"IntensiveCare":16,"Total":24},"Deaths":49,"Recovered":271,"Severe":9,"Emergencies":{"Suspected":3,"Total":160,"Severe":1,"Suspected/Accumulated":1035,"Total/Accumulated":30781,"Severe/Accumulated":305},"PCRTests":{"Total":639,"Confirmed":75,"Total/Accumulated":82934,"Confirmed/Accumulated":2486},"Confirmed":182,"MedicalTests":{"Total/Accumulated":521,"Confirmed/Accumulated":14}},"geometry":{"type":"Point","coordinates":[-0.6361607305936071,48.153668493150704]}},{"type":"Feature","properties":{"Country/Region":"France","Province/State":"Meurthe-et-Moselle","Code":"54","Population":{"Total":730398,"Under19":170693,"Under39":185629,"Under59":182526,"Under74":124808,"Over75":66742},"Beds":{"Resuscitation":83,"IntensiveCare":172,"Total":255},"Deaths":375,"Recovered":1373,"Severe":45,"Critical":3,"Emergencies":{"Suspected":7,"Total":405,"Severe":5,"Suspected/Accumulated":1642,"Total/Accumulated":78812,"Severe/Accumulated":791},"MedicalActs":{"Suspected":5,"Total":133,"Suspected/Accumulated":1912,"Total/Accumulated":26959},"PCRTests":{"Total":2267,"Confirmed":177,"Total/Accumulated":162738,"Confirmed/Accumulated":4218},"Confirmed":85,"MedicalTests":{"Total/Accumulated":2356,"Confirmed/Accumulated":186}},"geometry":{"type":"Point","coordinates":[6.092894571428565,48.892416158730185]}},{"type":"Feature","properties":{"Country/Region":"France","Province/State":"Meuse","Code":"55","Population":{"Total":181641,"Under19":40375,"Under39":37641,"Under59":47696,"Under74":36898,"Over75":19031},"Beds":{"Resuscitation":8,"IntensiveCare":20,"Total":28},"Deaths":105,"Recovered":515,"Severe":14,"Emergencies":{"Total":90,"Suspected/Accumulated":458,"Total/Accumulated":20455,"Severe/Accumulated":218},"PCRTests":{"Total":380,"Confirmed":25,"Total/Accumulated":30850,"Confirmed/Accumulated":637},"Confirmed":18,"MedicalTests":{"Total/Accumulated":808,"Confirmed/Accumulated":77}},"geometry":{"type":"Point","coordinates":[5.380316626506025,49.03635373493975]}},{"type":"Feature","properties":{"Country/Region":"France","Province/State":"Morbihan","Code":"56","Population":{"Total":755566,"Under19":166653,"Under39":145287,"Under59":197813,"Under74":159285,"Over75":86528},"Beds":{"Resuscitation":22,"IntensiveCare":64,"Total":86},"Deaths":102,"Recovered":479,"Severe":79,"Critical":5,"Emergencies":{"Suspected":20,"Total":396,"Severe":3,"Suspected/Accumulated":3574,"Total/Accumulated":79117,"Severe/Accumulated":552},"MedicalActs":{"Suspected":4,"Total":99,"Suspected/Accumulated":723,"Total/Accumulated":17872},"PCRTests":{"Total":1209,"Confirmed":79,"Total/Accumulated":96244,"Confirmed/Accumulated":2402},"Confirmed":313,"MedicalTests":{"Total/Accumulated":48,"Confirmed/Accumulated":3}},"geometry":{"type":"Point","coordinates":[-2.8780210594315263,47.764317932816574]}},{"type":"Feature","properties":{"Country/Region":"France","Province/State":"Moselle","Code":"57","Population":{"Total":1035866,"Under19":229681,"Under39":243525,"Under59":278966,"Under74":186864,"Over75":96830},"Beds":{"Resuscitation":88,"IntensiveCare":112,"Total":200},"Deaths":870,"Recovered":2731,"Severe":50,"Critical":9,"Emergencies":{"Suspected":5,"Total":675,"Severe":3,"Suspected/Accumulated":5257,"Total/Accumulated":135965,"Severe/Accumulated":2362},"PCRTests":{"Total":2697,"Confirmed":169,"Total/Accumulated":180532,"Confirmed/Accumulated":3943},"Confirmed":295,"MedicalTests":{"Total/Accumulated":3848,"Confirmed/Accumulated":665}},"geometry":{"type":"Point","coordinates":[6.73973678343949,49.04168831210189]}},{"type":"Feature","properties":{"Country/Region":"France","Province/State":"Nièvre","Code":"58","Population":{"Total":199596,"Under19":38191,"Under39":34484,"Under59":50426,"Under74":47745,"Over75":28750},"Beds":{"Resuscitation":12,"IntensiveCare":32,"Total":44},"Deaths":28,"Recovered":117,"Severe":8,"Critical":2,"Emergencies":{"Suspected":2,"Total":146,"Severe":2,"Suspected/Accumulated":1080,"Total/Accumulated":36577,"Severe/Accumulated":419},"PCRTests":{"Total":431,"Confirmed":29,"Total/Accumulated":29826,"Confirmed/Accumulated":637},"Confirmed":2,"MedicalTests":{"Total/Accumulated":2556,"Confirmed/Accumulated":167}},"geometry":{"type":"Point","coordinates":[3.547376999999999,47.143300999999994]}},{"type":"Feature","properties":{"Country/Region":"France","Province/State":"Nord","Code":"59","Population":{"Total":2588988,"Under19":675470,"Under39":665053,"Under59":646791,"Under74":405380,"Over75":196294},"Beds":{"Resuscitation":225,"IntensiveCare":698,"Total":923},"Deaths":741,"Recovered":3209,"Severe":423,"Critical":80,"Emergencies":{"Suspected":37,"Total":1699,"Severe":21,"Suspected/Accumulated":7953,"Total/Accumulated":351333,"Severe/Accumulated":2932},"MedicalActs":{"Suspected":42,"Total":457,"Suspected/Accumulated":4514,"Total/Accumulated":94761},"PCRTests":{"Total":11316,"Confirmed":1775,"Total/Accumulated":605441,"Confirmed/Accumulated":37319},"Confirmed":39,"MedicalTests":{"Total/Accumulated":5598,"Confirmed/Accumulated":535}},"geometry":{"type":"Point","coordinates":[3.1893953197674403,50.453616308139516]}},{"type":"Feature","properties":{"Country/Region":"France","Province/State":"Oise","Code":"60","Population":{"Total":825077,"Under19":214776,"Under39":193026,"Under59":221783,"Under74":134365,"Over75":61127},"Beds":{"Resuscitation":36,"IntensiveCare":92,"Total":128},"Deaths":439,"Recovered":1337,"Severe":108,"Critical":13,"Emergencies":{"Suspected":6,"Total":141,"Severe":4,"Suspected/Accumulated":824,"Total/Accumulated":35390,"Severe/Accumulated":434},"PCRTests":{"Total":2160,"Confirmed":239,"Total/Accumulated":111540,"Confirmed/Accumulated":5414},"Confirmed":210,"MedicalTests":{"Total/Accumulated":10089,"Confirmed/Accumulated":1313}},"geometry":{"type":"Point","coordinates":[2.463008007117438,49.41459999999999]}},{"type":"Feature","properties":{"Country/Region":"France","Province/State":"Orne","Code":"61","Population":{"Total":276903,"Under19":59830,"Under39":51781,"Under59":70741,"Under74":58679,"Over75":35872},"Beds":{"Resuscitation":16,"IntensiveCare":24,"Total":40},"Deaths":48,"Recovered":288,"Severe":21,"Critical":3,"Emergencies":{"Suspected":2,"Total":279,"Severe":1,"Suspected/Accumulated":390,"Total/Accumulated":39077,"Severe/Accumulated":53},"PCRTests":{"Total":609,"Confirmed":50,"Total/Accumulated":42746,"Confirmed/Accumulated":1037},"Confirmed":28,"MedicalTests":{"Total/Accumulated":1414,"Confirmed/Accumulated":96}},"geometry":{"type":"Point","coordinates":[0.01997467181467186,48.611762664092666]}},{"type":"Feature","properties":{"Country/Region":"France","Province/State":"Pas-de-Calais","Code":"62","Population":{"Total":1452778,"Under19":367229,"Under39":336274,"Under59":374200,"Under74":255788,"Over75":119287},"Beds":{"Resuscitation":85,"IntensiveCare":274,"Total":359},"Deaths":356,"Recovered":1684,"Severe":153,"Critical":23,"Emergencies":{"Suspected":5,"Total":471,"Severe":1,"Suspected/Accumulated":1182,"Total/Accumulated":96152,"Severe/Accumulated":238},"PCRTests":{"Total":4320,"Confirmed":471,"Total/Accumulated":249428,"Confirmed/Accumulated":11225},"Confirmed":8,"MedicalTests":{"Total/Accumulated":6968,"Confirmed/Accumulated":567}},"geometry":{"type":"Point","coordinates":[2.4712310954063605,50.40984130742051]}},{"type":"Feature","properties":{"Country/Region":"France","Province/State":"Puy-de-Dôme","Code":"63","Population":{"Total":660240,"Under19":147680,"Under39":153022,"Under59":169492,"Under74":122442,"Over75":67604},"Beds":{"Resuscitation":77,"IntensiveCare":104,"Total":181},"Deaths":64,"Recovered":277,"Severe":55,"Critical":5,"Emergencies":{"Suspected":1,"Total":175,"Severe":1,"Suspected/Accumulated":616,"Total/Accumulated":33205,"Severe/Accumulated":288},"MedicalActs":{"Suspected":20,"Total":108,"Suspected/Accumulated":999,"Total/Accumulated":18750},"PCRTests":{"Total":2472,"Confirmed":236,"Total/Accumulated":112499,"Confirmed/Accumulated":4162},"Confirmed":105,"MedicalTests":{"Total/Accumulated":8601,"Confirmed/Accumulated":234}},"geometry":{"type":"Point","coordinates":[3.143235039370079,45.73685830708661]}},{"type":"Feature","properties":{"Country/Region":"France","Province/State":"Pyrénées-Atlantiques","Code":"64","Population":{"Total":683169,"Under19":144945,"Under39":141910,"Under59":182850,"Under74":130868,"Over75":82596},"Beds":{"Resuscitation":35,"IntensiveCare":110,"Total":145},"Deaths":42,"Recovered":312,"Severe":55,"Critical":7,"Emergencies":{"Suspected":3,"Total":471,"Severe":1,"Suspected/Accumulated":962,"Total/Accumulated":98853,"Severe/Accumulated":452},"MedicalActs":{"Suspected":38,"Total":318,"Suspected/Accumulated":4671,"Total/Accumulated":64008},"PCRTests":{"Total":1922,"Confirmed":151,"Total/Accumulated":127968,"Confirmed/Accumulated":4417},"Confirmed":41,"MedicalTests":{"Total/Accumulated":9041,"Confirmed/Accumulated":231}},"geometry":{"type":"Point","coordinates":[-0.7610906397306391,43.26238828282827]}},{"type":"Feature","properties":{"Country/Region":"France","Province/State":"Hautes-Pyrénées","Code":"65","Population":{"Total":226839,"Under19":44839,"Under39":42373,"Under59":59329,"Under74":49523,"Over75":30775},"Beds":{"Resuscitation":12,"IntensiveCare":44,"Total":56},"Deaths":27,"Recovered":180,"Severe":11,"Critical":4,"Emergencies":{"Total":138,"Suspected/Accumulated":47,"Total/Accumulated":23585,"Severe/Accumulated":21},"PCRTests":{"Total":583,"Confirmed":69,"Total/Accumulated":35455,"Confirmed/Accumulated":1157},"Confirmed":11,"MedicalTests":{"Total/Accumulated":2990,"Confirmed/Accumulated":182}},"geometry":{"type":"Point","coordinates":[0.15248105932203385,43.134416483050856]}},{"type":"Feature","properties":{"Country/Region":"France","Province/State":"Pyrénées-Orientales","Code":"66","Population":{"Total":479000,"Under19":102236,"Under39":93899,"Under59":121501,"Under74":99671,"Over75":61693},"Beds":{"Resuscitation":32,"IntensiveCare":64,"Total":96},"Deaths":40,"Recovered":331,"Severe":26,"Critical":6,"Emergencies":{"Suspected":1,"Total":306,"Severe":1,"Suspected/Accumulated":544,"Total/Accumulated":72774,"Severe/Accumulated":225},"MedicalActs":{"Suspected":4,"Total":104,"Suspected/Accumulated":897,"Total/Accumulated":23251},"PCRTests":{"Total":1486,"Confirmed":184,"Total/Accumulated":77922,"Confirmed/Accumulated":3081},"Confirmed":35,"MedicalTests":{"Total/Accumulated":5770,"Confirmed/Accumulated":35}},"geometry":{"type":"Point","coordinates":[2.4354706043956034,42.554231208791215]}},{"type":"Feature","properties":{"Country/Region":"France","Province/State":"Bas-Rhin","Code":"67","Population":{"Total":1132607,"Under19":258105,"Under39":285390,"Under59":300661,"Under74":188150,"Over75":100301},"Beds":{"Resuscitation":122,"IntensiveCare":208,"Total":330},"Deaths":710,"Recovered":2920,"Severe":48,"Critical":12,"Emergencies":{"Total":416,"Suspected/Accumulated":2798,"Total/Accumulated":89545,"Severe/Accumulated":1722},"MedicalActs":{"Suspected":12,"Total":238,"Suspected/Accumulated":3902,"Total/Accumulated":60276},"PCRTests":{"Total":3592,"Confirmed":244,"Total/Accumulated":243836,"Confirmed/Accumulated":5375},"Confirmed":376,"MedicalTests":{"Total/Accumulated":3888,"Confirmed/Accumulated":553}},"geometry":{"type":"Point","coordinates":[7.447409099526063,48.70509469194314]}},{"type":"Feature","properties":{"Country/Region":"France","Province/State":"Haut-Rhin","Code":"68","Population":{"Total":763204,"Under19":175817,"Under39":172286,"Under59":209152,"Under74":134185,"Over75":71764},"Beds":{"Resuscitation":70,"IntensiveCare":136,"Total":206},"Deaths":843,"Recovered":3259,"Severe":30,"Critical":2,"Emergencies":{"Suspected":5,"Total":436,"Severe":1,"Suspected/Accumulated":3340,"Total/Accumulated":84817,"Severe/Accumulated":2088},"MedicalActs":{"Suspected":6,"Total":93,"Suspected/Accumulated":2556,"Total/Accumulated":23658},"PCRTests":{"Total":1706,"Confirmed":103,"Total/Accumulated":133588,"Confirmed/Accumulated":2828},"Confirmed":700,"MedicalTests":{"Total/Accumulated":4045,"Confirmed/Accumulated":960}},"geometry":{"type":"Point","coordinates":[7.263731571428571,47.83921192857142]}},{"type":"Feature","properties":{"Country/Region":"France","Province/State":"Rhône","Code":"69","Population":{"Total":1876051,"Under19":478142,"Under39":523161,"Under59":455898,"Under74":259877,"Over75":158973},"Beds":{"Resuscitation":192,"IntensiveCare":422,"Total":614},"Deaths":762,"Recovered":4013,"Severe":410,"Critical":83,"Emergencies":{"Suspected":39,"Total":1211,"Severe":14,"Suspected/Accumulated":7289,"Total/Accumulated":227394,"Severe/Accumulated":2997},"MedicalActs":{"Suspected":25,"Total":304,"Suspected/Accumulated":6148,"Total/Accumulated":68715},"PCRTests":{"Total":8257,"Confirmed":1426,"Total/Accumulated":400422,"Confirmed/Accumulated":29448},"Confirmed":532,"MedicalTests":{"Total/Accumulated":2582,"Confirmed/Accumulated":345}},"geometry":{"type":"Point","coordinates":[4.660707512690354,45.8811785786802]}},{"type":"Feature","properties":{"Country/Region":"France","Province/State":"Haute-Saône","Code":"70","Population":{"Total":233194,"Under19":52426,"Under39":45311,"Under59":62843,"Under74":47643,"Over75":24971},"Beds":{"Resuscitation":12,"IntensiveCare":24,"Total":36},"Deaths":78,"Recovered":314,"Severe":4,"Critical":1,"Emergencies":{"Suspected":1,"Total":137,"Severe":1,"Suspected/Accumulated":977,"Total/Accumulated":26024,"Severe/Accumulated":557},"PCRTests":{"Total":508,"Confirmed":18,"Total/Accumulated":35240,"Confirmed/Accumulated":537},"MedicalTests":{"Total/Accumulated":3094,"Confirmed/Accumulated":278}},"geometry":{"type":"Point","coordinates":[6.0410172972972935,47.62793234234234]}},{"type":"Feature","properties":{"Country/Region":"France","Province/State":"Saône-et-Loire","Code":"71","Population":{"Total":547824,"Under19":117389,"Under39":104206,"Under59":141715,"Under74":114530,"Over75":69984},"Beds":{"Resuscitation":26,"IntensiveCare":44,"Total":70},"Deaths":219,"Recovered":879,"Severe":55,"Critical":6,"Emergencies":{"Suspected":18,"Total":414,"Severe":9,"Suspected/Accumulated":3624,"Total/Accumulated":84142,"Severe/Accumulated":1565},"PCRTests":{"Total":2060,"Confirmed":273,"Total/Accumulated":81277,"Confirmed/Accumulated":3187},"MedicalTests":{"Total/Accumulated":3733,"Confirmed/Accumulated":254}},"geometry":{"type":"Point","coordinates":[4.528318691588785,46.63876112149533]}},{"type":"Feature","properties":{"Country/Region":"France","Province/State":"Sarthe","Code":"72","Population":{"Total":560227,"Under19":135636,"Under39":116946,"Under59":143032,"Under74":103587,"Over75":61026},"Beds":{"Resuscitation":17,"IntensiveCare":54,"Total":71},"Deaths":99,"Recovered":518,"Severe":54,"Critical":4,"Emergencies":{"Suspected":12,"Total":351,"Severe":8,"Suspected/Accumulated":3563,"Total/Accumulated":70999,"Severe/Accumulated":2150},"PCRTests":{"Total":1321,"Confirmed":94,"Total/Accumulated":99456,"Confirmed/Accumulated":3734},"Confirmed":422,"MedicalTests":{"Total/Accumulated":84,"Confirmed/Accumulated":3}},"geometry":{"type":"Point","coordinates":[0.1986467741935485,47.9763005529954]}},{"type":"Feature","properties":{"Country/Region":"France","Province/State":"Savoie","Code":"73","Population":{"Total":432548,"Under19":98346,"Under39":96013,"Under59":117417,"Under74":76722,"Over75":44050},"Beds":{"Resuscitation":18,"IntensiveCare":36,"Total":54},"Deaths":83,"Recovered":487,"Severe":31,"Critical":4,"Emergencies":{"Suspected":39,"Total":234,"Severe":4,"Suspected/Accumulated":844,"Total/Accumulated":41982,"Severe/Accumulated":291},"MedicalActs":{"Suspected":6,"Total":112,"Suspected/Accumulated":1289,"Total/Accumulated":19285},"PCRTests":{"Total":1222,"Confirmed":160,"Total/Accumulated":59152,"Confirmed/Accumulated":2382},"Confirmed":114,"MedicalTests":{"Total/Accumulated":373,"Confirmed/Accumulated":39}},"geometry":{"type":"Point","coordinates":[6.4038603585657325,45.50301760956176]}},{"type":"Feature","properties":{"Country/Region":"France","Province/State":"Haute-Savoie","Code":"74","Population":{"Total":828405,"Under19":203837,"Under39":209477,"Under59":227355,"Under74":122439,"Over75":65297},"Beds":{"Resuscitation":34,"IntensiveCare":82,"Total":116},"Deaths":178,"Recovered":1015,"Severe":34,"Critical":1,"Emergencies":{"Suspected":19,"Total":699,"Severe":4,"Suspected/Accumulated":3390,"Total/Accumulated":137423,"Severe/Accumulated":945},"MedicalActs":{"Suspected":8,"Total":133,"Suspected/Accumulated":1920,"Total/Accumulated":28960},"PCRTests":{"Total":1611,"Confirmed":206,"Total/Accumulated":112217,"Confirmed/Accumulated":4088},"Confirmed":310,"MedicalTests":{"Total/Accumulated":3391,"Confirmed/Accumulated":605}},"geometry":{"type":"Point","coordinates":[6.452374226804124,46.01403216494844]}},{"type":"Feature","properties":{"Country/Region":"France","Province/State":"Paris","Code":"75","Population":{"Total":2148271,"Under19":406652,"Under39":718825,"Under59":536676,"Under74":311978,"Over75":174140},"Beds":{"Resuscitation":389,"IntensiveCare":1082,"Total":1471},"Deaths":1913,"Recovered":7489,"Severe":517,"Critical":125,"Emergencies":{"Suspected":61,"Total":1319,"Severe":24,"Suspected/Accumulated":19900,"Total/Accumulated":261406,"Severe/Accumulated":4726},"MedicalActs":{"Suspected":89,"Total":666,"Suspected/Accumulated":12084,"Total/Accumulated":143855},"PCRTests":{"Total":10444,"Confirmed":1630,"Total/Accumulated":618728,"Confirmed/Accumulated":46099},"Confirmed":126,"MedicalTests":{"Total/Accumulated":17676,"Confirmed/Accumulated":4072}},"geometry":{"type":"Point","coordinates":[2.3550152173913044,48.8535647826087]}},{"type":"Feature","properties":{"Country/Region":"France","Province/State":"Seine-Maritime","Code":"76","Population":{"Total":1243788,"Under19":303968,"Under39":294607,"Under59":310458,"Under74":218116,"Over75":116639},"Beds":{"Resuscitation":93,"IntensiveCare":300,"Total":393},"Deaths":206,"Recovered":1035,"Severe":161,"Critical":25,"Emergencies":{"Suspected":16,"Total":985,"Severe":8,"Suspected/Accumulated":2681,"Total/Accumulated":180401,"Severe/Accumulated":1285},"MedicalActs":{"Suspected":11,"Total":85,"Suspected/Accumulated":1859,"Total/Accumulated":18578},"PCRTests":{"Total":3066,"Confirmed":401,"Total/Accumulated":204124,"Confirmed/Accumulated":10750},"Confirmed":233,"MedicalTests":{"Total/Accumulated":6636,"Confirmed/Accumulated":432}},"geometry":{"type":"Point","coordinates":[1.114674462365592,49.5942889784946]}},{"type":"Feature","properties":{"Country/Region":"France","Province/State":"Seine-et-Marne","Code":"77","Population":{"Total":1423607,"Under19":392025,"Under39":357752,"Under59":382068,"Under74":199768,"Over75":91994},"Beds":{"Resuscitation":77,"IntensiveCare":100,"Total":177},"Deaths":744,"Recovered":3195,"Severe":158,"Critical":35,"Emergencies":{"Suspected":16,"Total":390,"Severe":5,"Suspected/Accumulated":3983,"Total/Accumulated":108708,"Severe/Accumulated":1791},"MedicalActs":{"Suspected":19,"Total":227,"Suspected/Accumulated":3214,"Total/Accumulated":44853},"PCRTests":{"Total":3346,"Confirmed":647,"Total/Accumulated":234406,"Confirmed/Accumulated":13332},"Confirmed":42,"MedicalTests":{"Total/Accumulated":9452,"Confirmed/Accumulated":1736}},"geometry":{"type":"Point","coordinates":[2.9385241532258073,48.61862185483869]}},{"type":"Feature","properties":{"Country/Region":"France","Province/State":"Yvelines","Code":"78","Population":{"Total":1448625,"Under19":385814,"Under39":341694,"Under59":394186,"Under74":209492,"Over75":117439},"Beds":{"Resuscitation":84,"IntensiveCare":204,"Total":288},"Deaths":575,"Recovered":2860,"Severe":255,"Critical":27,"Emergencies":{"Suspected":33,"Total":853,"Severe":15,"Suspected/Accumulated":4601,"Total/Accumulated":155411,"Severe/Accumulated":1442},"MedicalActs":{"Suspected":26,"Total":153,"Suspected/Accumulated":3138,"Total/Accumulated":29394},"PCRTests":{"Total":4334,"Confirmed":640,"Total/Accumulated":243316,"Confirmed/Accumulated":15095},"Confirmed":70,"MedicalTests":{"Total/Accumulated":8274,"Confirmed/Accumulated":1214}},"geometry":{"type":"Point","coordinates":[1.8294258823529415,48.80823257352944]}},{"type":"Feature","properties":{"Country/Region":"France","Province/State":"Deux-Sèvres","Code":"79","Population":{"Total":372627,"Under19":85106,"Under39":73604,"Under59":98839,"Under74":72067,"Over75":43011},"Beds":{"Resuscitation":8,"IntensiveCare":36,"Total":44},"Deaths":24,"Recovered":79,"Severe":10,"Critical":1,"Emergencies":{"Suspected":1,"Total":247,"Suspected/Accumulated":587,"Total/Accumulated":45240,"Severe/Accumulated":188},"PCRTests":{"Total":687,"Confirmed":37,"Total/Accumulated":50805,"Confirmed/Accumulated":1138},"Confirmed":11,"MedicalTests":{"Total/Accumulated":81,"Confirmed/Accumulated":5}},"geometry":{"type":"Point","coordinates":[-0.29978133828996273,46.53994301115242]}},{"type":"Feature","properties":{"Country/Region":"France","Province/State":"Somme","Code":"80","Population":{"Total":569769,"Under19":138211,"Under39":134953,"Under59":144752,"Under74":100734,"Over75":51119},"Beds":{"Resuscitation":58,"IntensiveCare":164,"Total":222},"Deaths":243,"Recovered":809,"Severe":66,"Critical":14,"Emergencies":{"Suspected":5,"Total":342,"Severe":2,"Suspected/Accumulated":1874,"Total/Accumulated":73417,"Severe/Accumulated":762},"MedicalActs":{"Suspected":12,"Total":238,"Suspected/Accumulated":2936,"Total/Accumulated":45836},"PCRTests":{"Total":1441,"Confirmed":126,"Total/Accumulated":83651,"Confirmed/Accumulated":2941},"Confirmed":54,"MedicalTests":{"Total/Accumulated":6063,"Confirmed/Accumulated":539}},"geometry":{"type":"Point","coordinates":[2.3486719850187256,49.97418277153558]}},{"type":"Feature","properties":{"Country/Region":"France","Province/State":"Tarn","Code":"81","Population":{"Total":387898,"Under19":84873,"Under39":74511,"Under59":102349,"Under74":77279,"Over75":48886},"Beds":{"Resuscitation":24,"IntensiveCare":70,"Total":94},"Deaths":26,"Recovered":168,"Severe":46,"Critical":9,"Emergencies":{"Suspected":3,"Total":285,"Severe":1,"Suspected/Accumulated":935,"Total/Accumulated":57260,"Severe/Accumulated":249},"PCRTests":{"Total":1242,"Confirmed":210,"Total/Accumulated":60272,"Confirmed/Accumulated":2906},"Confirmed":14,"MedicalTests":{"Total/Accumulated":2180,"Confirmed/Accumulated":44}},"geometry":{"type":"Point","coordinates":[2.1808796818181815,43.78627254545453]}},{"type":"Feature","properties":{"Country/Region":"France","Province/State":"Tarn-et-Garonne","Code":"82","Population":{"Total":262618,"Under19":63559,"Under39":53023,"Under59":70354,"Under74":48046,"Over75":27636},"Beds":{"Resuscitation":18,"IntensiveCare":40,"Total":58},"Deaths":10,"Recovered":76,"Severe":27,"Critical":8,"Emergencies":{"Suspected":14,"Total":194,"Severe":4,"Suspected/Accumulated":1222,"Total/Accumulated":35599,"Severe/Accumulated":478},"PCRTests":{"Total":796,"Confirmed":124,"Total/Accumulated":44552,"Confirmed/Accumulated":2006},"Confirmed":11,"MedicalTests":{"Total/Accumulated":2144,"Confirmed/Accumulated":73}},"geometry":{"type":"Point","coordinates":[1.3350866094420606,44.1164032618026]}},{"type":"Feature","properties":{"Country/Region":"France","Province/State":"Var","Code":"83","Population":{"Total":1073836,"Under19":224216,"Under39":215361,"Under59":276842,"Under74":218239,"Over75":139178},"Beds":{"Resuscitation":60,"IntensiveCare":84,"Total":144},"Deaths":162,"Recovered":1218,"Severe":61,"Critical":18,"Emergencies":{"Suspected":9,"Total":661,"Severe":5,"Suspected/Accumulated":2795,"Total/Accumulated":147383,"Severe/Accumulated":1524},"MedicalActs":{"Suspected":39,"Total":430,"Suspected/Accumulated":6378,"Total/Accumulated":93777},"PCRTests":{"Total":2755,"Confirmed":220,"Total/Accumulated":207929,"Confirmed/Accumulated":7086},"Confirmed":186,"MedicalTests":{"Total/Accumulated":11196,"Confirmed/Accumulated":470}},"geometry":{"type":"Point","coordinates":[6.2341132170542615,43.37767961240309]}},{"type":"Feature","properties":{"Country/Region":"France","Province/State":"Vaucluse","Code":"84","Population":{"Total":560997,"Under19":132211,"Under39":118607,"Under59":147247,"Under74":103567,"Over75":59365},"Beds":{"Resuscitation":16,"IntensiveCare":60,"Total":76},"Deaths":68,"Recovered":425,"Severe":76,"Critical":11,"Emergencies":{"Suspected":10,"Total":444,"Severe":7,"Suspected/Accumulated":1229,"Total/Accumulated":96285,"Severe/Accumulated":700},"MedicalActs":{"Total":19,"Suspected/Accumulated":222,"Total/Accumulated":7385},"PCRTests":{"Total":1532,"Confirmed":221,"Total/Accumulated":86283,"Confirmed/Accumulated":4273},"Confirmed":45,"MedicalTests":{"Total/Accumulated":8198,"Confirmed/Accumulated":217}},"geometry":{"type":"Point","coordinates":[5.137687100591716,44.08826047337278]}},{"type":"Feature","properties":{"Country/Region":"France","Province/State":"Vendée","Code":"85","Population":{"Total":683187,"Under19":155162,"Under39":132680,"Under59":176377,"Under74":142178,"Over75":76790},"Beds":{"Resuscitation":18,"IntensiveCare":44,"Total":62},"Deaths":45,"Recovered":317,"Severe":12,"Critical":3,"Emergencies":{"Suspected":1,"Total":403,"Severe":1,"Suspected/Accumulated":1314,"Total/Accumulated":81526,"Severe/Accumulated":615},"PCRTests":{"Total":1420,"Confirmed":88,"Total/Accumulated":91470,"Confirmed/Accumulated":1883},"Confirmed":147,"MedicalTests":{"Total/Accumulated":347,"Confirmed/Accumulated":9}},"geometry":{"type":"Point","coordinates":[-1.3851340601503754,46.70726116541352]}},{"type":"Feature","properties":{"Country/Region":"France","Province/State":"Vienne","Code":"86","Population":{"Total":437398,"Under19":101362,"Under39":100176,"Under59":108284,"Under74":79480,"Over75":48096},"Beds":{"Resuscitation":53,"IntensiveCare":124,"Total":177},"Deaths":44,"Recovered":179,"Severe":2,"Critical":1,"Emergencies":{"Suspected":1,"Total":244,"Severe":1,"Suspected/Accumulated":630,"Total/Accumulated":47922,"Severe/Accumulated":294},"PCRTests":{"Total":871,"Confirmed":49,"Total/Accumulated":64787,"Confirmed/Accumulated":2007},"Confirmed":53,"MedicalTests":{"Total/Accumulated":1102,"Confirmed/Accumulated":28}},"geometry":{"type":"Point","coordinates":[0.42368070921985806,46.57872638297872]}},{"type":"Feature","properties":{"Country/Region":"France","Province/State":"Haute-Vienne","Code":"87","Population":{"Total":370774,"Under19":79173,"Under39":77448,"Under59":94509,"Under74":74186,"Over75":45458},"Beds":{"Resuscitation":24,"IntensiveCare":144,"Total":168},"Deaths":40,"Recovered":172,"Severe":29,"Critical":4,"Emergencies":{"Suspected":3,"Total":260,"Severe":3,"Suspected/Accumulated":559,"Total/Accumulated":53676,"Severe/Accumulated":294},"MedicalActs":{"Suspected":9,"Total":180,"Suspected/Accumulated":1197,"Total/Accumulated":31164},"PCRTests":{"Total":923,"Confirmed":111,"Total/Accumulated":47265,"Confirmed/Accumulated":1780},"Confirmed":21,"MedicalTests":{"Total/Accumulated":1623,"Confirmed/Accumulated":67}},"geometry":{"type":"Point","coordinates":[1.2410431872509962,45.895894860557746]}},{"type":"Feature","properties":{"Country/Region":"France","Province/State":"Vosges","Code":"88","Population":{"Total":359520,"Under19":77042,"Under39":70274,"Under59":94740,"Under74":75920,"Over75":41544},"Beds":{"Resuscitation":8,"IntensiveCare":24,"Total":32},"Deaths":269,"Recovered":773,"Severe":3,"Emergencies":{"Suspected":3,"Total":244,"Severe":2,"Suspected/Accumulated":2907,"Total/Accumulated":56113,"Severe/Accumulated":1013},"PCRTests":{"Total":803,"Confirmed":66,"Total/Accumulated":56409,"Confirmed/Accumulated":979},"Confirmed":66,"MedicalTests":{"Total/Accumulated":3101,"Confirmed/Accumulated":400}},"geometry":{"type":"Point","coordinates":[6.2957204247104235,48.23006027027029]}},{"type":"Feature","properties":{"Country/Region":"France","Province/State":"Yonne","Code":"89","Population":{"Total":332096,"Under19":73991,"Under39":64975,"Under59":86159,"Under74":68966,"Over75":38005},"Beds":{"Resuscitation":18,"IntensiveCare":32,"Total":50},"Deaths":95,"Recovered":456,"Severe":16,"Critical":5,"Emergencies":{"Suspected":12,"Total":325,"Severe":2,"Suspected/Accumulated":2289,"Total/Accumulated":64847,"Severe/Accumulated":623},"MedicalActs":{"Suspected":11,"Total":64,"Suspected/Accumulated":1504,"Total/Accumulated":15622},"PCRTests":{"Total":694,"Confirmed":74,"Total/Accumulated":55212,"Confirmed/Accumulated":1597},"MedicalTests":{"Total/Accumulated":633,"Confirmed/Accumulated":62}},"geometry":{"type":"Point","coordinates":[3.57333820338983,47.84307762711864]}},{"type":"Feature","properties":{"Country/Region":"France","Province/State":"Territoire de Belfort","Code":"90","Population":{"Total":140145,"Under19":33166,"Under39":32553,"Under59":36366,"Under74":24639,"Over75":13421},"Beds":{"Resuscitation":25,"IntensiveCare":40,"Total":65},"Deaths":202,"Recovered":582,"Severe":12,"Critical":4,"Emergencies":{"Suspected":1,"Total":135,"Suspected/Accumulated":1036,"Total/Accumulated":33048,"Severe/Accumulated":583},"PCRTests":{"Total":263,"Confirmed":11,"Total/Accumulated":23494,"Confirmed/Accumulated":489},"MedicalTests":{"Total/Accumulated":853,"Confirmed/Accumulated":108}},"geometry":{"type":"Point","coordinates":[6.93897388888889,47.60873597222223]}},{"type":"Feature","properties":{"Country/Region":"France","Province/State":"Essonne","Code":"91","Population":{"Total":1319401,"Under19":360333,"Under39":338878,"Under59":349395,"Under74":176919,"Over75":93876},"Beds":{"Resuscitation":97,"IntensiveCare":164,"Total":261},"Deaths":660,"Recovered":3175,"Severe":206,"Critical":49,"Emergencies":{"Suspected":22,"Total":583,"Severe":5,"Suspected/Accumulated":5258,"Total/Accumulated":114669,"Severe/Accumulated":1468},"MedicalActs":{"Suspected":6,"Total":112,"Suspected/Accumulated":1847,"Total/Accumulated":26730},"PCRTests":{"Total":3876,"Confirmed":656,"Total/Accumulated":229359,"Confirmed/Accumulated":14395},"Confirmed":30,"MedicalTests":{"Total/Accumulated":13409,"Confirmed/Accumulated":2366}},"geometry":{"type":"Point","coordinates":[2.2519983333333338,48.50948216666667]}},{"type":"Feature","properties":{"Country/Region":"France","Province/State":"Hauts-de-Seine","Code":"92","Population":{"Total":1613762,"Under19":393984,"Under39":457571,"Under59":428782,"Under74":211036,"Over75":122389},"Beds":{"Resuscitation":184,"IntensiveCare":276,"Total":460},"Deaths":1175,"Recovered":5701,"Severe":364,"Critical":65,"Emergencies":{"Suspected":31,"Total":896,"Severe":14,"Suspected/Accumulated":5212,"Total/Accumulated":160343,"Severe/Accumulated":1512},"PCRTests":{"Total":6424,"Confirmed":960,"Total/Accumulated":394042,"Confirmed/Accumulated":25837},"Confirmed":59,"MedicalTests":{"Total/Accumulated":11950,"Confirmed/Accumulated":2683}},"geometry":{"type":"Point","coordinates":[2.2538900000000006,48.84266823529411]}},{"type":"Feature","properties":{"Country/Region":"France","Province/State":"Seine-Saint-Denis","Code":"93","Population":{"Total":1670149,"Under19":485032,"Under39":478299,"Under59":428192,"Under74":194935,"Over75":83691},"Beds":{"Resuscitation":100,"IntensiveCare":218,"Total":318},"Deaths":1094,"Recovered":4914,"Severe":467,"Critical":58,"Emergencies":{"Suspected":58,"Total":925,"Severe":14,"Suspected/Accumulated":8472,"Total/Accumulated":182110,"Severe/Accumulated":1820},"PCRTests":{"Total":4933,"Confirmed":934,"Total/Accumulated":322625,"Confirmed/Accumulated":24866},"Confirmed":45,"MedicalTests":{"Total/Accumulated":8715,"Confirmed/Accumulated":2518}},"geometry":{"type":"Point","coordinates":[2.474763409090909,48.91863045454546]}},{"type":"Feature","properties":{"Country/Region":"France","Province/State":"Val-de-Marne","Code":"94","Population":{"Total":1406041,"Under19":359600,"Under39":390124,"Under59":368199,"Under74":187814,"Over75":100304},"Beds":{"Resuscitation":156,"IntensiveCare":338,"Total":494},"Deaths":1290,"Recovered":5235,"Severe":410,"Critical":58,"Emergencies":{"Suspected":39,"Total":946,"Severe":13,"Suspected/Accumulated":9972,"Total/Accumulated":183576,"Severe/Accumulated":3448},"PCRTests":{"Total":4692,"Confirmed":798,"Total/Accumulated":300217,"Confirmed/Accumulated":21771},"Confirmed":48,"MedicalTests":{"Total/Accumulated":8850,"Confirmed/Accumulated":1817}},"geometry":{"type":"Point","coordinates":[2.47453725,48.775524499999996]}},{"type":"Feature","properties":{"Country/Region":"France","Province/State":"Val-d'Oise","Code":"95","Population":{"Total":1248354,"Under19":357525,"Under39":326622,"Under59":322949,"Under74":166265,"Over75":74993},"Beds":{"Resuscitation":60,"IntensiveCare":130,"Total":190},"Deaths":788,"Recovered":3277,"Severe":194,"Critical":34,"Emergencies":{"Suspected":33,"Total":891,"Severe":12,"Suspected/Accumulated":10629,"Total/Accumulated":161907,"Severe/Accumulated":3405},"MedicalActs":{"Suspected":29,"Total":235,"Suspected/Accumulated":3395,"Total/Accumulated":49337},"PCRTests":{"Total":3867,"Confirmed":692,"Total/Accumulated":235792,"Confirmed/Accumulated":16736},"Confirmed":60,"MedicalTests":{"Total/Accumulated":7014,"Confirmed/Accumulated":1871}},"geometry":{"type":"Point","coordinates":[2.092522396694214,49.08765355371902]}},{"type":"Feature","properties":{"Country/Region":"France","Province/State":"La Réunion","Code":"974","Population":{"Total":859959,"Under19":256143,"Under39":202783,"Under59":239212,"Under74":117045,"Over75":44776},"Beds":{"Resuscitation":52,"IntensiveCare":154,"Total":206},"Deaths":23,"Recovered":419,"Severe":53,"Critical":11,"Emergencies":{"Suspected":4,"Total":431,"Severe":2,"Suspected/Accumulated":527,"Total/Accumulated":84482,"Severe/Accumulated":322},"PCRTests":{"Total":1521,"Confirmed":68,"Total/Accumulated":176479,"Confirmed/Accumulated":4365},"MedicalTests":{"Total/Accumulated":19,"Confirmed/Accumulated":1}},"geometry":{"type":"Point","coordinates":[55.52943947368424,-21.1374047368421]}}]}