{"type":"FeatureCollection","features":[{"type":"Feature","properties":{"Country/Region":"France","Province/State":"Guadeloupe","Code":"971","Population":{"Total":376879,"Under19":90617,"Under39":71707,"Under59":109452,"Under74":70936,"Over75":34167},"Beds":{"Resuscitation":27,"IntensiveCare":68,"Total":95},"Deaths":17,"Recovered":72,"Severe":16,"Critical":6,"Emergencies":{"Total":166,"Suspected/Accumulated":197,"Total/Accumulated":10767,"Severe/Accumulated":91},"Confirmed":106,"MedicalTests":{"Total/Accumulated":41,"Confirmed/Accumulated":15}},"geometry":{"type":"Point","coordinates":[-61.493846272189366,16.20469674556213]}},{"type":"Feature","properties":{"Country/Region":"France","Province/State":"Martinique","Code":"972","Population":{"Total":358749,"Under19":77005,"Under39":65776,"Under59":105638,"Under74":72163,"Over75":38167},"Beds":{"Resuscitation":26,"IntensiveCare":58,"Total":84},"Deaths":14,"Recovered":77,"Severe":21,"Critical":8,"MedicalActs":{"Total":67,"Suspected/Accumulated":125,"Total/Accumulated":6712},"Confirmed":16,"MedicalTests":{"Total/Accumulated":23,"Confirmed/Accumulated":5}},"geometry":{"type":"Point","coordinates":[-60.98265692913386,14.6217557480315]}},{"type":"Feature","properties":{"Country/Region":"France","Province/State":"Guyane","Code":"973","Population":{"Total":290691,"Under19":120681,"Under39":80023,"Under59":61783,"Under74":22111,"Over75":6093},"Beds":{"Resuscitation":13,"IntensiveCare":12,"Total":25},"Deaths":1,"Recovered":36,"Severe":2,"Emergencies":{"Suspected":5,"Total":135,"Suspected/Accumulated":75,"Total/Accumulated":11368,"Severe/Accumulated":22},"MedicalTests":{"Total":1,"Total/Accumulated":32,"Confirmed/Accumulated":4},"Confirmed":43},"geometry":{"type":"Point","coordinates":[-53.41731165390502,3.588901056661561]}},{"type":"Feature","properties":{"Country/Region":"France","Province/State":"Mayotte","Code":"976","Population":{"Total":279471,"Under19":150257,"Under39":74348,"Under59":42900,"Under74":9521,"Over75":2445},"Beds":{"Resuscitation":6,"IntensiveCare":0,"Total":6},"Deaths":8,"Recovered":97,"Severe":38,"Critical":6,"Emergencies":{"Suspected":13,"Total":96,"Severe":2,"Suspected/Accumulated":524,"Total/Accumulated":6271,"Severe/Accumulated":111},"Confirmed":128,"MedicalTests":{"Total/Accumulated":2,"Confirmed/Accumulated":1}},"geometry":{"type":"Point","coordinates":[45.14160071428572,-12.835344166666673]}},{"type":"Feature","properties":{"Country/Region":"France","Province/State":"Ain","Code":"01","Population":{"Total":656955,"Under19":167666,"Under39":151084,"Under59":179469,"Under74":104453,"Over75":54283},"Beds":{"Resuscitation":22,"IntensiveCare":20,"Total":42},"Deaths":81,"Recovered":264,"Severe":159,"Critical":14,"Emergencies":{"Suspected":4,"Total":107,"Severe":1,"Suspected/Accumulated":883,"Total/Accumulated":12019,"Severe/Accumulated":374},"Confirmed":118,"MedicalTests":{"Total/Accumulated":2516,"Confirmed/Accumulated":362}},"geometry":{"type":"Point","coordinates":[5.430359734513273,46.106026415929215]}},{"type":"Feature","properties":{"Country/Region":"France","Province/State":"Aisne","Code":"02","Population":{"Total":526050,"Under19":129852,"Under39":114042,"Under59":135164,"Under74":98046,"Over75":48946},"Beds":{"Resuscitation":34,"IntensiveCare":110,"Total":144},"Deaths":215,"Recovered":637,"Severe":278,"Critical":36,"Emergencies":{"Suspected":14,"Total":217,"Severe":7,"Suspected/Accumulated":2333,"Total/Accumulated":17513,"Severe/Accumulated":790},"MedicalActs":{"Suspected":1,"Total":107,"Suspected/Accumulated":671,"Total/Accumulated":12762},"Confirmed":59,"MedicalTests":{"Total/Accumulated":1956,"Confirmed/Accumulated":419}},"geometry":{"type":"Point","coordinates":[3.5153965625000003,49.457888298611124]}},{"type":"Feature","properties":{"Country/Region":"France","Province/State":"Allier","Code":"03","Population":{"Total":331315,"Under19":66659,"Under39":61490,"Under59":85304,"Under74":72079,"Over75":45783},"Beds":{"Resuscitation":24,"IntensiveCare":56,"Total":80},"Deaths":27,"Recovered":126,"Severe":44,"Critical":14,"Emergencies":{"Suspected":5,"Total":105,"Severe":4,"Suspected/Accumulated":737,"Total/Accumulated":7550,"Severe/Accumulated":401},"Confirmed":38,"MedicalTests":{"Total/Accumulated":210,"Confirmed/Accumulated":5}},"geometry":{"type":"Point","coordinates":[3.1778756690140857,46.39097419014088]}},{"type":"Feature","properties":{"Country/Region":"France","Province/State":"Alpes-de-Haute-Provence","Code":"04","Population":{"Total":165197,"Under19":34281,"Under39":30814,"Under59":43423,"Under74":35681,"Over75":20998},"Beds":{"Resuscitation":6,"IntensiveCare":0,"Total":6},"Deaths":8,"Recovered":106,"Severe":25,"Critical":2,"Emergencies":{"Suspected":2,"Total":117,"Suspected/Accumulated":205,"Total/Accumulated":7504,"Severe/Accumulated":97},"Confirmed":22,"MedicalTests":{"Total/Accumulated":1162,"Confirmed/Accumulated":56}},"geometry":{"type":"Point","coordinates":[6.294359440298507,44.152788992537346]}},{"type":"Feature","properties":{"Country/Region":"France","Province/State":"Hautes-Alpes","Code":"05","Population":{"Total":141756,"Under19":30280,"Under39":27715,"Under59":37829,"Under74":29047,"Over75":16885},"Beds":{"Resuscitation":8,"IntensiveCare":0,"Total":8},"Deaths":8,"Recovered":99,"Severe":38,"Critical":6,"Emergencies":{"Suspected":2,"Total":97,"Suspected/Accumulated":984,"Total/Accumulated":7331,"Severe/Accumulated":169},"Confirmed":42,"MedicalTests":{"Total/Accumulated":315,"Confirmed/Accumulated":4}},"geometry":{"type":"Point","coordinates":[6.205986298932386,44.64177099644131]}},{"type":"Feature","properties":{"Country/Region":"France","Province/State":"Alpes-Maritimes","Code":"06","Population":{"Total":1079396,"Under19":226862,"Under39":232814,"Under59":282249,"Under74":198428,"Over75":139043},"Beds":{"Resuscitation":89,"IntensiveCare":182,"Total":271},"Deaths":136,"Recovered":484,"Severe":200,"Critical":33,"Emergencies":{"Suspected":31,"Total":593,"Severe":21,"Suspected/Accumulated":2967,"Total/Accumulated":37444,"Severe/Accumulated":1655},"MedicalActs":{"Suspected":13,"Total":145,"Suspected/Accumulated":1062,"Total/Accumulated":10019},"Confirmed":194,"MedicalTests":{"Total/Accumulated":4640,"Confirmed/Accumulated":262}},"geometry":{"type":"Point","coordinates":[7.093963618090453,43.90811477386935]}},{"type":"Feature","properties":{"Country/Region":"France","Province/State":"Corse-du-Sud","Code":"2A","Population":{"Total":162421,"Under19":31630,"Under39":34910,"Under59":45312,"Under74":31004,"Over75":19565},"Beds":{"Resuscitation":10,"IntensiveCare":30,"Total":40},"Deaths":43,"Recovered":100,"Severe":47,"Critical":6,"Emergencies":{"Suspected":2,"Total":66,"Severe":1,"Suspected/Accumulated":115,"Total/Accumulated":3542,"Severe/Accumulated":89},"MedicalActs":{"Suspected":1,"Total":42,"Suspected/Accumulated":434,"Total/Accumulated":2682},"Confirmed":207},"geometry":{"type":"Point","coordinates":[8.933891598360661,41.87995627049185]}},{"type":"Feature","properties":{"Country/Region":"France","Province/State":"Haute-Corse","Code":"2B","Population":{"Total":182258,"Under19":36925,"Under39":42075,"Under59":47863,"Under74":34671,"Over75":20724},"Beds":{"Resuscitation":8,"IntensiveCare":12,"Total":20},"Deaths":8,"Recovered":91,"Severe":9,"Critical":2,"Emergencies":{"Suspected":1,"Total":68,"Severe":1,"Suspected/Accumulated":1712,"Total/Accumulated":6061,"Severe/Accumulated":1674},"Confirmed":56},"geometry":{"type":"Point","coordinates":[9.12993101604278,42.44040566844919]}},{"type":"Feature","properties":{"Country/Region":"France","Province/State":"Ardèche","Code":"07","Population":{"Total":326875,"Under19":70594,"Under39":61093,"Under59":88160,"Under74":68490,"Over75":38538},"Beds":{"Resuscitation":8,"IntensiveCare":0,"Total":8},"Deaths":70,"Recovered":260,"Severe":143,"Critical":11,"Emergencies":{"Suspected":10,"Total":112,"Severe":2,"Suspected/Accumulated":624,"Total/Accumulated":6896,"Severe/Accumulated":141},"Confirmed":128,"MedicalTests":{"Total/Accumulated":637,"Confirmed/Accumulated":119}},"geometry":{"type":"Point","coordinates":[4.425911157407411,44.77470101851853]}},{"type":"Feature","properties":{"Country/Region":"France","Province/State":"Ardennes","Code":"08","Population":{"Total":265531,"Under19":60337,"Under39":55870,"Under59":70459,"Under74":52021,"Over75":26844},"Beds":{"Resuscitation":12,"IntensiveCare":42,"Total":54},"Deaths":45,"Recovered":118,"Severe":47,"Critical":10,"Emergencies":{"Total":127,"Suspected/Accumulated":107,"Total/Accumulated":9665,"Severe/Accumulated":42},"Confirmed":3,"MedicalTests":{"Total/Accumulated":979,"Confirmed/Accumulated":85}},"geometry":{"type":"Point","coordinates":[4.717836481481479,49.63503592592596]}},{"type":"Feature","properties":{"Country/Region":"France","Province/State":"Ariège","Code":"09","Population":{"Total":152398,"Under19":30718,"Under39":28780,"Under59":40432,"Under74":32667,"Over75":19801},"Beds":{"Resuscitation":8,"IntensiveCare":16,"Total":24},"Deaths":2,"Recovered":29,"Severe":7,"Critical":1,"Confirmed":3,"Emergencies":{"Suspected/Accumulated":130,"Total/Accumulated":3973,"Severe/Accumulated":53},"MedicalTests":{"Total/Accumulated":228,"Confirmed/Accumulated":6}},"geometry":{"type":"Point","coordinates":[1.5308575113122171,42.951783619909506]}},{"type":"Feature","properties":{"Country/Region":"France","Province/State":"Aube","Code":"10","Population":{"Total":309907,"Under19":74513,"Under39":69749,"Under59":77945,"Under74":56336,"Over75":31364},"Beds":{"Resuscitation":12,"IntensiveCare":36,"Total":48},"Deaths":112,"Recovered":446,"Severe":220,"Critical":15,"Emergencies":{"Suspected":4,"Total":127,"Severe":4,"Suspected/Accumulated":552,"Total/Accumulated":8560,"Severe/Accumulated":291},"MedicalActs":{"Suspected":5,"Total":84,"Suspected/Accumulated":382,"Total/Accumulated":6156},"Confirmed":14,"MedicalTests":{"Total/Accumulated":2540,"Confirmed/Accumulated":357}},"geometry":{"type":"Point","coordinates":[4.115386826086957,48.290927782608684]}},{"type":"Feature","properties":{"Country/Region":"France","Province/State":"Aude","Code":"11","Population":{"Total":372705,"Under19":78644,"Under39":70170,"Under59":96929,"Under74":80039,"Over75":46923},"Beds":{"Resuscitation":16,"IntensiveCare":44,"Total":60},"Deaths":52,"Recovered":172,"Severe":44,"Critical":3,"Emergencies":{"Suspected":2,"Total":170,"Severe":1,"Suspected/Accumulated":455,"Total/Accumulated":11939,"Severe/Accumulated":195},"Confirmed":44,"MedicalTests":{"Total/Accumulated":2045,"Confirmed/Accumulated":165}},"geometry":{"type":"Point","coordinates":[2.3518425641025638,43.13299722222223]}},{"type":"Feature","properties":{"Country/Region":"France","Province/State":"Aveyron","Code":"12","Population":{"Total":278360,"Under19":55940,"Under39":51027,"Under59":73060,"Under74":59454,"Over75":38879},"Beds":{"Resuscitation":11,"IntensiveCare":32,"Total":43},"Deaths":22,"Recovered":116,"Severe":26,"Critical":2,"Emergencies":{"Total":85,"Suspected/Accumulated":10,"Total/Accumulated":5187,"Severe/Accumulated":3},"Confirmed":29,"MedicalTests":{"Total/Accumulated":57,"Confirmed/Accumulated":5}},"geometry":{"type":"Point","coordinates":[2.66545315960912,44.28474130293157]}},{"type":"Feature","properties":{"Country/Region":"France","Province/State":"Bouches-du-Rhône","Code":"13","Population":{"Total":2034469,"Under19":480915,"Under39":483747,"Under59":522289,"Under74":342385,"Over75":205133},"Beds":{"Resuscitation":281,"IntensiveCare":476,"Total":757},"Deaths":420,"Recovered":2352,"Severe":932,"Critical":160,"Emergencies":{"Suspected":9,"Total":879,"Severe":6,"Suspected/Accumulated":2767,"Total/Accumulated":60247,"Severe/Accumulated":1452},"MedicalActs":{"Suspected":5,"Total":237,"Suspected/Accumulated":939,"Total/Accumulated":12862},"MedicalTests":{"Total":10,"Total/Accumulated":37030,"Confirmed/Accumulated":2980},"Confirmed":827},"geometry":{"type":"Point","coordinates":[5.098567400881058,43.49901925110133]}},{"type":"Feature","properties":{"Country/Region":"France","Province/State":"Calvados","Code":"14","Population":{"Total":691453,"Under19":160392,"Under39":155359,"Under59":174249,"Under74":130972,"Over75":70481},"Beds":{"Resuscitation":91,"IntensiveCare":128,"Total":219},"Deaths":62,"Recovered":178,"Severe":148,"Critical":23,"Emergencies":{"Suspected":4,"Total":235,"Severe":3,"Suspected/Accumulated":1378,"Total/Accumulated":18486,"Severe/Accumulated":442},"MedicalActs":{"Suspected":8,"Total":208,"Suspected/Accumulated":1494,"Total/Accumulated":14966},"Confirmed":147,"MedicalTests":{"Total/Accumulated":1433,"Confirmed/Accumulated":156}},"geometry":{"type":"Point","coordinates":[-0.4028230593607306,49.05443785388125]}},{"type":"Feature","properties":{"Country/Region":"France","Province/State":"Cantal","Code":"15","Population":{"Total":142811,"Under19":26571,"Under39":24954,"Under59":38397,"Under74":32697,"Over75":20192},"Beds":{"Resuscitation":8,"IntensiveCare":30,"Total":38},"Deaths":5,"Recovered":28,"Severe":28,"Critical":4,"Emergencies":{"Suspected":5,"Total":66,"Severe":5,"Suspected/Accumulated":161,"Total/Accumulated":3348,"Severe/Accumulated":85},"MedicalTests":{"Total":1,"Total/Accumulated":311,"Confirmed/Accumulated":32},"Confirmed":33},"geometry":{"type":"Point","coordinates":[2.7066918215613374,45.02447219330856]}},{"type":"Feature","properties":{"Country/Region":"France","Province/State":"Charente","Code":"16","Population":{"Total":348180,"Under19":71324,"Under39":69355,"Under59":91186,"Under74":72860,"Over75":43455},"Beds":{"Resuscitation":12,"IntensiveCare":36,"Total":48},"Deaths":12,"Recovered":42,"Severe":3,"Critical":2,"Emergencies":{"Suspected":2,"Total":123,"Severe":1,"Suspected/Accumulated":500,"Total/Accumulated":9833,"Severe/Accumulated":166},"Confirmed":10,"MedicalTests":{"Total/Accumulated":555,"Confirmed/Accumulated":20}},"geometry":{"type":"Point","coordinates":[0.2054574390243902,45.733938821138196]}},{"type":"Feature","properties":{"Country/Region":"France","Province/State":"Charente-Maritime","Code":"17","Population":{"Total":647080,"Under19":130618,"Under39":119836,"Under59":164314,"Under74":146996,"Over75":85316},"Beds":{"Resuscitation":30,"IntensiveCare":72,"Total":102},"Deaths":43,"Recovered":96,"Severe":60,"Critical":11,"Emergencies":{"Suspected":4,"Total":271,"Severe":2,"Suspected/Accumulated":936,"Total/Accumulated":19264,"Severe/Accumulated":326},"MedicalActs":{"Suspected":2,"Total":50,"Suspected/Accumulated":141,"Total/Accumulated":2630},"Confirmed":49,"MedicalTests":{"Total/Accumulated":6032,"Confirmed/Accumulated":155}},"geometry":{"type":"Point","coordinates":[-0.734802142857143,45.8164405357143]}},{"type":"Feature","properties":{"Country/Region":"France","Province/State":"Cher","Code":"18","Population":{"Total":296404,"Under19":61933,"Under39":57193,"Under59":76912,"Under74":62985,"Over75":37381},"Beds":{"Resuscitation":12,"IntensiveCare":32,"Total":44},"Deaths":60,"Recovered":84,"Severe":91,"Critical":3,"Emergencies":{"Suspected":11,"Total":117,"Severe":1,"Suspected/Accumulated":1146,"Total/Accumulated":6753,"Severe/Accumulated":19},"MedicalActs":{"Suspected":4,"Total":57,"Suspected/Accumulated":256,"Total/Accumulated":7131},"MedicalTests":{"Total":4,"Total/Accumulated":1838,"Confirmed/Accumulated":302},"Confirmed":25},"geometry":{"type":"Point","coordinates":[2.420866293436294,47.03802115830117]}},{"type":"Feature","properties":{"Country/Region":"France","Province/State":"Corrèze","Code":"19","Population":{"Total":240336,"Under19":48146,"Under39":45056,"Under59":62186,"Under74":52206,"Over75":32742},"Beds":{"Resuscitation":15,"IntensiveCare":42,"Total":57},"Deaths":28,"Recovered":70,"Severe":76,"Critical":10,"Emergencies":{"Suspected":2,"Total":108,"Severe":2,"Suspected/Accumulated":466,"Total/Accumulated":7212,"Severe/Accumulated":396},"Confirmed":23,"MedicalTests":{"Total/Accumulated":195,"Confirmed/Accumulated":16}},"geometry":{"type":"Point","coordinates":[1.8952178059071727,45.37689915611812]}},{"type":"Feature","properties":{"Country/Region":"France","Province/State":"Côte-d'Or","Code":"21","Population":{"Total":532886,"Under19":121633,"Under39":128314,"Under59":134514,"Under74":95451,"Over75":52974},"Beds":{"Resuscitation":57,"IntensiveCare":190,"Total":247},"Deaths":220,"Recovered":670,"Severe":276,"Critical":57,"Emergencies":{"Suspected":6,"Total":146,"Severe":4,"Suspected/Accumulated":1136,"Total/Accumulated":11892,"Severe/Accumulated":374},"MedicalActs":{"Suspected":6,"Total":78,"Suspected/Accumulated":676,"Total/Accumulated":4664},"Confirmed":1,"MedicalTests":{"Total/Accumulated":1001,"Confirmed/Accumulated":94}},"geometry":{"type":"Point","coordinates":[4.781845107913668,47.44940406474819]}},{"type":"Feature","properties":{"Country/Region":"France","Province/State":"Côtes-d'Armor","Code":"22","Population":{"Total":596186,"Under19":131217,"Under39":108675,"Under59":153257,"Under74":128481,"Over75":74556},"Beds":{"Resuscitation":14,"IntensiveCare":32,"Total":46},"Deaths":26,"Recovered":136,"Severe":52,"Critical":4,"Emergencies":{"Suspected":3,"Total":156,"Severe":1,"Suspected/Accumulated":508,"Total/Accumulated":11451,"Severe/Accumulated":370},"Confirmed":107,"MedicalTests":{"Total/Accumulated":76,"Confirmed/Accumulated":1}},"geometry":{"type":"Point","coordinates":[-2.8283123411371243,48.47540434782613]}},{"type":"Feature","properties":{"Country/Region":"France","Province/State":"Creuse","Code":"23","Population":{"Total":116270,"Under19":20766,"Under39":19388,"Under59":30402,"Under74":28640,"Over75":17074},"Beds":{"Resuscitation":8,"IntensiveCare":16,"Total":24},"Deaths":5,"Recovered":35,"Severe":23,"Critical":12,"Emergencies":{"Total":48,"Suspected/Accumulated":363,"Total/Accumulated":3419,"Severe/Accumulated":61},"Confirmed":12,"MedicalTests":{"Total/Accumulated":197,"Confirmed/Accumulated":8}},"geometry":{"type":"Point","coordinates":[1.9795267256637192,46.07153353982301]}},{"type":"Feature","properties":{"Country/Region":"France","Province/State":"Dordogne","Code":"24","Population":{"Total":408393,"Under19":76430,"Under39":70201,"Under59":107402,"Under74":96538,"Over75":57822},"Beds":{"Resuscitation":19,"IntensiveCare":36,"Total":55},"Deaths":9,"Recovered":62,"Severe":23,"Critical":1,"Emergencies":{"Suspected":7,"Total":125,"Severe":5,"Suspected/Accumulated":715,"Total/Accumulated":8757,"Severe/Accumulated":371},"Confirmed":13,"MedicalTests":{"Total/Accumulated":523,"Confirmed/Accumulated":25}},"geometry":{"type":"Point","coordinates":[0.7502005172413793,45.100126827586195]}},{"type":"Feature","properties":{"Country/Region":"France","Province/State":"Doubs","Code":"25","Population":{"Total":539449,"Under19":132582,"Under39":130504,"Under59":135120,"Under74":90502,"Over75":50741},"Beds":{"Resuscitation":40,"IntensiveCare":262,"Total":302},"Deaths":118,"Recovered":434,"Severe":156,"Critical":38,"Emergencies":{"Suspected":3,"Total":130,"Severe":2,"Suspected/Accumulated":1318,"Total/Accumulated":10317,"Severe/Accumulated":518},"MedicalActs":{"Suspected":6,"Total":122,"Suspected/Accumulated":370,"Total/Accumulated":6345},"MedicalTests":{"Total":1,"Total/Accumulated":1281,"Confirmed/Accumulated":206}},"geometry":{"type":"Point","coordinates":[6.359828136363636,47.17302813636364]}},{"type":"Feature","properties":{"Country/Region":"France","Province/State":"Drôme","Code":"26","Population":{"Total":520560,"Under19":125073,"Under39":110455,"Under59":134338,"Under74":95865,"Over75":54829},"Beds":{"Resuscitation":24,"IntensiveCare":68,"Total":92},"Deaths":121,"Recovered":405,"Severe":102,"Critical":21,"Emergencies":{"Suspected":12,"Total":219,"Severe":6,"Suspected/Accumulated":1096,"Total/Accumulated":13260,"Severe/Accumulated":455},"MedicalTests":{"Total":1,"Total/Accumulated":1237,"Confirmed/Accumulated":130},"Confirmed":119},"geometry":{"type":"Point","coordinates":[5.213618019801983,44.63170462046205]}},{"type":"Feature","properties":{"Country/Region":"France","Province/State":"Eure","Code":"27","Population":{"Total":600687,"Under19":151745,"Under39":128858,"Under59":160781,"Under74":106586,"Over75":52717},"Beds":{"Resuscitation":12,"IntensiveCare":44,"Total":56},"Deaths":65,"Recovered":96,"Severe":117,"Critical":10,"Emergencies":{"Suspected":2,"Total":125,"Suspected/Accumulated":237,"Total/Accumulated":8492,"Severe/Accumulated":44},"MedicalTests":{"Total":2,"Total/Accumulated":3704,"Confirmed/Accumulated":527},"Confirmed":71},"geometry":{"type":"Point","coordinates":[0.9927279220779222,49.13064012987015]}},{"type":"Feature","properties":{"Country/Region":"France","Province/State":"Eure-et-Loir","Code":"28","Population":{"Total":429425,"Under19":106266,"Under39":90617,"Under59":113525,"Under74":76422,"Over75":42595},"Beds":{"Resuscitation":20,"IntensiveCare":44,"Total":64},"Deaths":95,"Recovered":337,"Severe":218,"Critical":17,"Emergencies":{"Suspected":1,"Total":204,"Severe":1,"Suspected/Accumulated":443,"Total/Accumulated":14175,"Severe/Accumulated":136},"Confirmed":104,"MedicalTests":{"Total/Accumulated":2927,"Confirmed/Accumulated":610}},"geometry":{"type":"Point","coordinates":[1.3718229302325597,48.39856558139533]}},{"type":"Feature","properties":{"Country/Region":"France","Province/State":"Finistère","Code":"29","Population":{"Total":906554,"Under19":201332,"Under39":189857,"Under59":237308,"Under74":178715,"Over75":99342},"Beds":{"Resuscitation":66,"IntensiveCare":142,"Total":208},"Deaths":37,"Recovered":134,"Severe":58,"Critical":13,"Emergencies":{"Suspected":1,"Total":394,"Suspected/Accumulated":344,"Total/Accumulated":27924,"Severe/Accumulated":102},"MedicalActs":{"Suspected":3,"Total":88,"Suspected/Accumulated":266,"Total/Accumulated":7813},"Confirmed":230,"MedicalTests":{"Total/Accumulated":32,"Confirmed/Accumulated":9}},"geometry":{"type":"Point","coordinates":[-4.16814140056023,48.26300924369748]}},{"type":"Feature","properties":{"Country/Region":"France","Province/State":"Gard","Code":"30","Population":{"Total":748468,"Under19":170615,"Under39":154480,"Under59":195429,"Under74":147114,"Over75":80830},"Beds":{"Resuscitation":49,"IntensiveCare":108,"Total":157},"Deaths":61,"Recovered":187,"Severe":128,"Critical":26,"Emergencies":{"Suspected":10,"Total":310,"Severe":7,"Suspected/Accumulated":530,"Total/Accumulated":20941,"Severe/Accumulated":175},"MedicalActs":{"Suspected":6,"Total":70,"Suspected/Accumulated":396,"Total/Accumulated":4401},"MedicalTests":{"Total":13,"Total/Accumulated":6009,"Confirmed/Accumulated":261},"Confirmed":44},"geometry":{"type":"Point","coordinates":[4.0572744791666695,44.00851614583332]}},{"type":"Feature","properties":{"Country/Region":"France","Province/State":"Haute-Garonne","Code":"31","Population":{"Total":1400935,"Under19":335750,"Under39":398589,"Under59":358515,"Under74":197921,"Over75":110160},"Beds":{"Resuscitation":161,"IntensiveCare":430,"Total":591},"Deaths":52,"Recovered":484,"Severe":125,"Critical":40,"Emergencies":{"Suspected":9,"Total":501,"Severe":5,"Suspected/Accumulated":2215,"Total/Accumulated":33137,"Severe/Accumulated":1221},"MedicalActs":{"Suspected":7,"Total":162,"Suspected/Accumulated":875,"Total/Accumulated":8195},"MedicalTests":{"Total":1,"Total/Accumulated":5730,"Confirmed/Accumulated":265},"Confirmed":72},"geometry":{"type":"Point","coordinates":[1.1686918356164382,43.33252969863011]}},{"type":"Feature","properties":{"Country/Region":"France","Province/State":"Gers","Code":"32","Population":{"Total":190040,"Under19":37581,"Under39":32714,"Under59":51231,"Under74":41871,"Over75":26643},"Beds":{"Resuscitation":8,"IntensiveCare":8,"Total":16},"Deaths":18,"Recovered":52,"Severe":28,"Critical":4,"Emergencies":{"Total":52,"Suspected/Accumulated":390,"Total/Accumulated":3715,"Severe/Accumulated":270},"Confirmed":14,"MedicalTests":{"Total/Accumulated":1327,"Confirmed/Accumulated":139}},"geometry":{"type":"Point","coordinates":[0.447782880658436,43.70601049382714]}},{"type":"Feature","properties":{"Country/Region":"France","Province/State":"Gironde","Code":"33","Population":{"Total":1633440,"Under19":380317,"Under39":415128,"Under59":425319,"Under74":267580,"Over75":145096},"Beds":{"Resuscitation":183,"IntensiveCare":262,"Total":445},"Deaths":118,"Recovered":681,"Severe":212,"Critical":45,"Emergencies":{"Suspected":17,"Total":647,"Severe":10,"Suspected/Accumulated":2672,"Total/Accumulated":39502,"Severe/Accumulated":1122},"MedicalActs":{"Suspected":21,"Total":568,"Suspected/Accumulated":3854,"Total/Accumulated":42230},"MedicalTests":{"Total":1,"Total/Accumulated":5469,"Confirmed/Accumulated":339},"Confirmed":106},"geometry":{"type":"Point","coordinates":[-0.41644369747899174,44.756299705882356]}},{"type":"Feature","properties":{"Country/Region":"France","Province/State":"Hérault","Code":"34","Population":{"Total":1176145,"Under19":268258,"Under39":286299,"Under59":292794,"Under74":208723,"Over75":120071},"Beds":{"Resuscitation":124,"IntensiveCare":342,"Total":466},"Deaths":107,"Recovered":550,"Severe":106,"Critical":29,"Emergencies":{"Suspected":5,"Total":522,"Severe":4,"Suspected/Accumulated":1251,"Total/Accumulated":35395,"Severe/Accumulated":521},"MedicalActs":{"Total":50,"Suspected/Accumulated":492,"Total/Accumulated":5663},"MedicalTests":{"Total":53,"Confirmed":5,"Total/Accumulated":20924,"Confirmed/Accumulated":1130},"Confirmed":171},"geometry":{"type":"Point","coordinates":[3.2725271495327104,43.601788971962634]}},{"type":"Feature","properties":{"Country/Region":"France","Province/State":"Ille-et-Vilaine","Code":"35","Population":{"Total":1082073,"Under19":274429,"Under39":270693,"Under59":278610,"Under74":165623,"Over75":92718},"Beds":{"Resuscitation":60,"IntensiveCare":224,"Total":284},"Deaths":74,"Recovered":294,"Severe":136,"Critical":14,"Emergencies":{"Suspected":7,"Total":354,"Severe":2,"Suspected/Accumulated":1508,"Total/Accumulated":26391,"Severe/Accumulated":799},"MedicalActs":{"Suspected":5,"Total":179,"Suspected/Accumulated":555,"Total/Accumulated":9165},"Confirmed":208,"MedicalTests":{"Total/Accumulated":286,"Confirmed/Accumulated":9}},"geometry":{"type":"Point","coordinates":[-1.7401927338129495,48.18315345323742]}},{"type":"Feature","properties":{"Country/Region":"France","Province/State":"Indre","Code":"36","Population":{"Total":217139,"Under19":42951,"Under39":38506,"Under59":56292,"Under74":48986,"Over75":30404},"Beds":{"Resuscitation":10,"IntensiveCare":18,"Total":28},"Deaths":65,"Recovered":63,"Severe":130,"Critical":9,"Emergencies":{"Total":53,"Suspected/Accumulated":63,"Total/Accumulated":4553,"Severe/Accumulated":32},"Confirmed":80,"MedicalTests":{"Total/Accumulated":2178,"Confirmed/Accumulated":355}},"geometry":{"type":"Point","coordinates":[1.576445147679325,46.764304345991526]}},{"type":"Feature","properties":{"Country/Region":"France","Province/State":"Indre-et-Loire","Code":"37","Population":{"Total":605380,"Under19":142122,"Under39":136574,"Under59":153731,"Under74":108623,"Over75":64330},"Beds":{"Resuscitation":79,"IntensiveCare":116,"Total":195},"Deaths":59,"Recovered":212,"Severe":162,"Critical":29,"Emergencies":{"Suspected":11,"Total":192,"Severe":4,"Suspected/Accumulated":736,"Total/Accumulated":14419,"Severe/Accumulated":279},"MedicalActs":{"Suspected":8,"Total":110,"Suspected/Accumulated":402,"Total/Accumulated":7720},"Confirmed":123,"MedicalTests":{"Total/Accumulated":2345,"Confirmed/Accumulated":102}},"geometry":{"type":"Point","coordinates":[0.6915947413793099,47.23521443965518]}},{"type":"Feature","properties":{"Country/Region":"France","Province/State":"Isère","Code":"38","Population":{"Total":1264979,"Under19":319977,"Under39":298730,"Under59":332378,"Under74":201842,"Over75":112052},"Beds":{"Resuscitation":74,"IntensiveCare":178,"Total":252},"Deaths":108,"Recovered":455,"Severe":166,"Critical":25,"Emergencies":{"Suspected":5,"Total":497,"Severe":1,"Suspected/Accumulated":1427,"Total/Accumulated":34906,"Severe/Accumulated":521},"MedicalActs":{"Suspected":3,"Total":163,"Suspected/Accumulated":1013,"Total/Accumulated":9806},"Confirmed":190,"MedicalTests":{"Total/Accumulated":1601,"Confirmed/Accumulated":137}},"geometry":{"type":"Point","coordinates":[5.557470704225359,45.27668616197182]}},{"type":"Feature","properties":{"Country/Region":"France","Province/State":"Jura","Code":"39","Population":{"Total":257849,"Under19":57639,"Under39":51064,"Under59":68521,"Under74":50575,"Over75":30050},"Beds":{"Resuscitation":8,"IntensiveCare":18,"Total":26},"Deaths":46,"Recovered":167,"Severe":98,"Critical":8,"Emergencies":{"Suspected":2,"Total":93,"Severe":1,"Suspected/Accumulated":604,"Total/Accumulated":8361,"Severe/Accumulated":254},"MedicalTests":{"Total/Accumulated":1089,"Confirmed/Accumulated":131}},"geometry":{"type":"Point","coordinates":[5.6395758823529425,46.756161447963784]}},{"type":"Feature","properties":{"Country/Region":"France","Province/State":"Landes","Code":"40","Population":{"Total":411979,"Under19":85144,"Under39":78495,"Under59":112191,"Under74":86896,"Over75":49253},"Beds":{"Resuscitation":14,"IntensiveCare":32,"Total":46},"Deaths":10,"Recovered":54,"Severe":22,"Critical":3,"Emergencies":{"Suspected":4,"Total":148,"Severe":2,"Suspected/Accumulated":444,"Total/Accumulated":8213,"Severe/Accumulated":281},"Confirmed":20,"MedicalTests":{"Total/Accumulated":422,"Confirmed/Accumulated":21}},"geometry":{"type":"Point","coordinates":[-0.5772234449760769,43.8801859808612]}},{"type":"Feature","properties":{"Country/Region":"France","Province/State":"Loir-et-Cher","Code":"41","Population":{"Total":327835,"Under19":72953,"Under39":62903,"Under59":86073,"Under74":65923,"Over75":39983},"Beds":{"Resuscitation":12,"IntensiveCare":16,"Total":28},"Deaths":48,"Recovered":134,"Severe":142,"Critical":12,"Emergencies":{"Suspected":10,"Total":128,"Suspected/Accumulated":602,"Total/Accumulated":9947,"Severe/Accumulated":59},"Confirmed":55,"MedicalTests":{"Total/Accumulated":396,"Confirmed/Accumulated":39}},"geometry":{"type":"Point","coordinates":[1.3938662132352944,47.653275698529406]}},{"type":"Feature","properties":{"Country/Region":"France","Province/State":"Loire","Code":"42","Population":{"Total":764737,"Under19":186049,"Under39":167975,"Under59":190702,"Under74":136240,"Over75":83771},"Beds":{"Resuscitation":70,"IntensiveCare":120,"Total":190},"Deaths":192,"Recovered":626,"Severe":394,"Critical":60,"Emergencies":{"Suspected":10,"Total":328,"Severe":4,"Suspected/Accumulated":1455,"Total/Accumulated":27663,"Severe/Accumulated":847},"MedicalActs":{"Suspected":1,"Total":70,"Suspected/Accumulated":369,"Total/Accumulated":6308},"Confirmed":363,"MedicalTests":{"Total/Accumulated":545,"Confirmed/Accumulated":43}},"geometry":{"type":"Point","coordinates":[4.189998267716536,45.74292366141733]}},{"type":"Feature","properties":{"Country/Region":"France","Province/State":"Haute-Loire","Code":"43","Population":{"Total":226901,"Under19":49659,"Under39":43248,"Under59":60903,"Under74":46857,"Over75":26234},"Beds":{"Resuscitation":8,"IntensiveCare":20,"Total":28},"Deaths":11,"Recovered":72,"Severe":30,"Critical":1,"Emergencies":{"Total":6,"Suspected/Accumulated":13,"Total/Accumulated":1201,"Severe/Accumulated":6},"MedicalTests":{"Total":1,"Total/Accumulated":549,"Confirmed/Accumulated":42},"Confirmed":23},"geometry":{"type":"Point","coordinates":[3.7869054017857136,45.15054486607143]}},{"type":"Feature","properties":{"Country/Region":"France","Province/State":"Loire-Atlantique","Code":"44","Population":{"Total":1437137,"Under19":363681,"Under39":357664,"Under59":368059,"Under74":227458,"Over75":120275},"Beds":{"Resuscitation":77,"IntensiveCare":262,"Total":339},"Deaths":128,"Recovered":426,"Severe":214,"Critical":22,"Emergencies":{"Suspected":8,"Total":308,"Severe":7,"Suspected/Accumulated":2009,"Total/Accumulated":23373,"Severe/Accumulated":1032},"MedicalActs":{"Suspected":16,"Total":439,"Suspected/Accumulated":2436,"Total/Accumulated":27700},"Confirmed":633,"MedicalTests":{"Total/Accumulated":457,"Confirmed/Accumulated":38}},"geometry":{"type":"Point","coordinates":[-1.6902253409090902,47.33230598484852]}},{"type":"Feature","properties":{"Country/Region":"France","Province/State":"Loiret","Code":"45","Population":{"Total":682890,"Under19":172345,"Under39":155348,"Under59":174617,"Under74":115984,"Over75":64596},"Beds":{"Resuscitation":47,"IntensiveCare":120,"Total":167},"Deaths":74,"Recovered":402,"Severe":249,"Critical":45,"Emergencies":{"Suspected":9,"Total":282,"Severe":6,"Suspected/Accumulated":802,"Total/Accumulated":17480,"Severe/Accumulated":473},"MedicalActs":{"Suspected":3,"Total":58,"Suspected/Accumulated":181,"Total/Accumulated":2640},"Confirmed":258,"MedicalTests":{"Total/Accumulated":2453,"Confirmed/Accumulated":310}},"geometry":{"type":"Point","coordinates":[2.383405222672066,47.91302979757084]}},{"type":"Feature","properties":{"Country/Region":"France","Province/State":"Lot","Code":"46","Population":{"Total":173166,"Under19":31861,"Under39":29365,"Under59":44533,"Under74":41623,"Over75":25784},"Beds":{"Resuscitation":8,"IntensiveCare":8,"Total":16},"Deaths":19,"Recovered":132,"Severe":15,"Critical":1,"Emergencies":{"Total":76,"Suspected/Accumulated":253,"Total/Accumulated":5317,"Severe/Accumulated":63},"Confirmed":4,"MedicalTests":{"Total/Accumulated":272,"Confirmed/Accumulated":19}},"geometry":{"type":"Point","coordinates":[1.5901290212765966,44.59231876595746]}},{"type":"Feature","properties":{"Country/Region":"France","Province/State":"Lot-et-Garonne","Code":"47","Population":{"Total":330336,"Under19":69990,"Under39":64149,"Under59":84272,"Under74":68912,"Over75":43013},"Beds":{"Resuscitation":11,"IntensiveCare":36,"Total":47},"Deaths":7,"Recovered":43,"Severe":30,"Critical":3,"Emergencies":{"Suspected":6,"Total":168,"Severe":2,"Suspected/Accumulated":806,"Total/Accumulated":10632,"Severe/Accumulated":203},"Confirmed":65,"MedicalTests":{"Total/Accumulated":524,"Confirmed/Accumulated":14}},"geometry":{"type":"Point","coordinates":[0.4871552444444442,44.39576413333333]}},{"type":"Feature","properties":{"Country/Region":"France","Province/State":"Lozère","Code":"48","Population":{"Total":76286,"Under19":15582,"Under39":14895,"Under59":20255,"Under74":15962,"Over75":9592},"Beds":{"Resuscitation":3,"IntensiveCare":0,"Total":3},"Deaths":1,"Recovered":18,"Severe":2,"Emergencies":{"Total":10,"Suspected/Accumulated":42,"Total/Accumulated":1495,"Severe/Accumulated":8},"MedicalTests":{"Total":1,"Total/Accumulated":76,"Confirmed/Accumulated":3},"Confirmed":8},"geometry":{"type":"Point","coordinates":[3.494722131979694,44.51333609137059]}},{"type":"Feature","properties":{"Country/Region":"France","Province/State":"Maine-et-Loire","Code":"49","Population":{"Total":815881,"Under19":204162,"Under39":184600,"Under59":204421,"Under74":138603,"Over75":84095},"Beds":{"Resuscitation":61,"IntensiveCare":196,"Total":257},"Deaths":101,"Recovered":401,"Severe":156,"Critical":21,"Emergencies":{"Suspected":9,"Total":238,"Severe":7,"Suspected/Accumulated":1278,"Total/Accumulated":17439,"Severe/Accumulated":529},"Confirmed":222,"MedicalTests":{"Total/Accumulated":117,"Confirmed/Accumulated":13}},"geometry":{"type":"Point","coordinates":[-0.6000336862745095,47.406434431372546]}},{"type":"Feature","properties":{"Country/Region":"France","Province/State":"Manche","Code":"50","Population":{"Total":490669,"Under19":105402,"Under39":96439,"Under59":126734,"Under74":101121,"Over75":60973},"Beds":{"Resuscitation":28,"IntensiveCare":52,"Total":80},"Deaths":41,"Recovered":100,"Severe":54,"Critical":8,"Emergencies":{"Suspected":2,"Total":214,"Severe":2,"Suspected/Accumulated":415,"Total/Accumulated":15312,"Severe/Accumulated":324},"MedicalActs":{"Suspected":2,"Total":75,"Suspected/Accumulated":386,"Total/Accumulated":5814},"Confirmed":107,"MedicalTests":{"Total/Accumulated":1509,"Confirmed/Accumulated":118}},"geometry":{"type":"Point","coordinates":[-1.3097769083969464,49.05127938931302]}},{"type":"Feature","properties":{"Country/Region":"France","Province/State":"Marne","Code":"51","Population":{"Total":563823,"Under19":136695,"Under39":137533,"Under59":142415,"Under74":97015,"Over75":50165},"Beds":{"Resuscitation":54,"IntensiveCare":78,"Total":132},"Deaths":216,"Recovered":713,"Severe":328,"Critical":31,"Emergencies":{"Suspected":2,"Total":170,"Severe":2,"Suspected/Accumulated":696,"Total/Accumulated":13141,"Severe/Accumulated":321},"MedicalActs":{"Total":38,"Suspected/Accumulated":173,"Total/Accumulated":2081},"Confirmed":37,"MedicalTests":{"Total/Accumulated":1691,"Confirmed/Accumulated":350}},"geometry":{"type":"Point","coordinates":[4.209888097014927,48.936171417910444]}},{"type":"Feature","properties":{"Country/Region":"France","Province/State":"Haute-Marne","Code":"52","Population":{"Total":169250,"Under19":34865,"Under39":34065,"Under59":44268,"Under74":35981,"Over75":20071},"Beds":{"Resuscitation":8,"IntensiveCare":12,"Total":20},"Deaths":58,"Recovered":147,"Severe":69,"Critical":17,"Emergencies":{"Suspected":4,"Total":52,"Suspected/Accumulated":583,"Total/Accumulated":5406,"Severe/Accumulated":155},"Confirmed":7,"MedicalTests":{"Total/Accumulated":170,"Confirmed/Accumulated":37}},"geometry":{"type":"Point","coordinates":[5.203108577075099,48.126414822134386]}},{"type":"Feature","properties":{"Country/Region":"France","Province/State":"Mayenne","Code":"53","Population":{"Total":305365,"Under19":74868,"Under39":61839,"Under59":78619,"Under74":55705,"Over75":34334},"Beds":{"Resuscitation":8,"IntensiveCare":16,"Total":24},"Deaths":34,"Recovered":87,"Severe":81,"Critical":6,"Emergencies":{"Suspected":6,"Total":74,"Severe":4,"Suspected/Accumulated":375,"Total/Accumulated":3586,"Severe/Accumulated":149},"Confirmed":182,"MedicalTests":{"Total/Accumulated":289,"Confirmed/Accumulated":10}},"geometry":{"type":"Point","coordinates":[-0.6361607305936071,48.153668493150704]}},{"type":"Feature","properties":{"Country/Region":"France","Province/State":"Meurthe-et-Moselle","Code":"54","Population":{"Total":730398,"Under19":170693,"Under39":185629,"Under59":182526,"Under74":124808,"Over75":66742},"Beds":{"Resuscitation":83,"IntensiveCare":172,"Total":255},"Deaths":289,"Recovered":764,"Severe":362,"Critical":81,"Emergencies":{"Suspected":6,"Total":262,"Severe":1,"Suspected/Accumulated":1178,"Total/Accumulated":17571,"Severe/Accumulated":569},"MedicalActs":{"Suspected":12,"Total":149,"Suspected/Accumulated":860,"Total/Accumulated":8241},"Confirmed":85,"MedicalTests":{"Total/Accumulated":2024,"Confirmed/Accumulated":183}},"geometry":{"type":"Point","coordinates":[6.092894571428565,48.892416158730185]}},{"type":"Feature","properties":{"Country/Region":"France","Province/State":"Meuse","Code":"55","Population":{"Total":181641,"Under19":40375,"Under39":37641,"Under59":47696,"Under74":36898,"Over75":19031},"Beds":{"Resuscitation":8,"IntensiveCare":20,"Total":28},"Deaths":86,"Recovered":278,"Severe":140,"Critical":13,"Emergencies":{"Suspected":1,"Total":62,"Suspected/Accumulated":344,"Total/Accumulated":4431,"Severe/Accumulated":168},"Confirmed":18,"MedicalTests":{"Total/Accumulated":723,"Confirmed/Accumulated":72}},"geometry":{"type":"Point","coordinates":[5.380316626506025,49.03635373493975]}},{"type":"Feature","properties":{"Country/Region":"France","Province/State":"Morbihan","Code":"56","Population":{"Total":755566,"Under19":166653,"Under39":145287,"Under59":197813,"Under74":159285,"Over75":86528},"Beds":{"Resuscitation":22,"IntensiveCare":64,"Total":86},"Deaths":82,"Recovered":298,"Severe":123,"Critical":14,"Emergencies":{"Suspected":7,"Total":279,"Severe":5,"Suspected/Accumulated":1690,"Total/Accumulated":18747,"Severe/Accumulated":287},"MedicalActs":{"Suspected":4,"Total":63,"Suspected/Accumulated":126,"Total/Accumulated":4143},"Confirmed":313,"MedicalTests":{"Total/Accumulated":39,"Confirmed/Accumulated":3}},"geometry":{"type":"Point","coordinates":[-2.8780210594315263,47.764317932816574]}},{"type":"Feature","properties":{"Country/Region":"France","Province/State":"Moselle","Code":"57","Population":{"Total":1035866,"Under19":229681,"Under39":243525,"Under59":278966,"Under74":186864,"Over75":96830},"Beds":{"Resuscitation":88,"IntensiveCare":112,"Total":200},"Deaths":677,"Recovered":1689,"Severe":748,"Critical":89,"Emergencies":{"Suspected":14,"Total":403,"Severe":3,"Suspected/Accumulated":3872,"Total/Accumulated":31551,"Severe/Accumulated":1827},"Confirmed":295,"MedicalTests":{"Total/Accumulated":3554,"Confirmed/Accumulated":658}},"geometry":{"type":"Point","coordinates":[6.73973678343949,49.04168831210189]}},{"type":"Feature","properties":{"Country/Region":"France","Province/State":"Nièvre","Code":"58","Population":{"Total":199596,"Under19":38191,"Under39":34484,"Under59":50426,"Under74":47745,"Over75":28750},"Beds":{"Resuscitation":12,"IntensiveCare":32,"Total":44},"Deaths":23,"Recovered":48,"Severe":49,"Critical":4,"Emergencies":{"Suspected":1,"Total":118,"Severe":1,"Suspected/Accumulated":866,"Total/Accumulated":8334,"Severe/Accumulated":309},"Confirmed":2,"MedicalTests":{"Total/Accumulated":1486,"Confirmed/Accumulated":154}},"geometry":{"type":"Point","coordinates":[3.547376999999999,47.143300999999994]}},{"type":"Feature","properties":{"Country/Region":"France","Province/State":"Nord","Code":"59","Population":{"Total":2588988,"Under19":675470,"Under39":665053,"Under59":646791,"Under74":405380,"Over75":196294},"Beds":{"Resuscitation":225,"IntensiveCare":698,"Total":923},"Deaths":445,"Recovered":1358,"Severe":863,"Critical":165,"Emergencies":{"Suspected":41,"Total":1122,"Severe":17,"Suspected/Accumulated":5136,"Total/Accumulated":79918,"Severe/Accumulated":1845},"MedicalActs":{"Suspected":7,"Total":254,"Suspected/Accumulated":1385,"Total/Accumulated":24136},"Confirmed":39,"MedicalTests":{"Total/Accumulated":2876,"Confirmed/Accumulated":417}},"geometry":{"type":"Point","coordinates":[3.1893953197674403,50.453616308139516]}},{"type":"Feature","properties":{"Country/Region":"France","Province/State":"Oise","Code":"60","Population":{"Total":825077,"Under19":214776,"Under39":193026,"Under59":221783,"Under74":134365,"Over75":61127},"Beds":{"Resuscitation":36,"IntensiveCare":92,"Total":128},"Deaths":337,"Recovered":775,"Severe":415,"Critical":39,"Emergencies":{"Suspected":4,"Total":94,"Severe":2,"Suspected/Accumulated":500,"Total/Accumulated":9005,"Severe/Accumulated":249},"MedicalTests":{"Total":3,"Total/Accumulated":5079,"Confirmed/Accumulated":1159},"Confirmed":210},"geometry":{"type":"Point","coordinates":[2.463008007117438,49.41459999999999]}},{"type":"Feature","properties":{"Country/Region":"France","Province/State":"Orne","Code":"61","Population":{"Total":276903,"Under19":59830,"Under39":51781,"Under59":70741,"Under74":58679,"Over75":35872},"Beds":{"Resuscitation":16,"IntensiveCare":24,"Total":40},"Deaths":28,"Recovered":156,"Severe":66,"Critical":10,"Emergencies":{"Suspected":3,"Total":113,"Severe":1,"Suspected/Accumulated":284,"Total/Accumulated":9396,"Severe/Accumulated":42},"Confirmed":28,"MedicalTests":{"Total/Accumulated":855,"Confirmed/Accumulated":87}},"geometry":{"type":"Point","coordinates":[0.01997467181467186,48.611762664092666]}},{"type":"Feature","properties":{"Country/Region":"France","Province/State":"Pas-de-Calais","Code":"62","Population":{"Total":1452778,"Under19":367229,"Under39":336274,"Under59":374200,"Under74":255788,"Over75":119287},"Beds":{"Resuscitation":85,"IntensiveCare":274,"Total":359},"Deaths":231,"Recovered":873,"Severe":413,"Critical":69,"Emergencies":{"Suspected":2,"Total":221,"Suspected/Accumulated":751,"Total/Accumulated":18715,"Severe/Accumulated":152},"Confirmed":8,"MedicalTests":{"Total/Accumulated":3192,"Confirmed/Accumulated":500}},"geometry":{"type":"Point","coordinates":[2.4712310954063605,50.40984130742051]}},{"type":"Feature","properties":{"Country/Region":"France","Province/State":"Puy-de-Dôme","Code":"63","Population":{"Total":660240,"Under19":147680,"Under39":153022,"Under59":169492,"Under74":122442,"Over75":67604},"Beds":{"Resuscitation":77,"IntensiveCare":104,"Total":181},"Deaths":36,"Recovered":134,"Severe":42,"Critical":15,"Emergencies":{"Suspected":1,"Total":80,"Severe":1,"Suspected/Accumulated":447,"Total/Accumulated":7270,"Severe/Accumulated":210},"MedicalActs":{"Suspected":2,"Total":78,"Suspected/Accumulated":268,"Total/Accumulated":5217},"MedicalTests":{"Total":6,"Confirmed":1,"Total/Accumulated":4653,"Confirmed/Accumulated":215},"Confirmed":105},"geometry":{"type":"Point","coordinates":[3.143235039370079,45.73685830708661]}},{"type":"Feature","properties":{"Country/Region":"France","Province/State":"Pyrénées-Atlantiques","Code":"64","Population":{"Total":683169,"Under19":144945,"Under39":141910,"Under59":182850,"Under74":130868,"Over75":82596},"Beds":{"Resuscitation":35,"IntensiveCare":110,"Total":145},"Deaths":25,"Recovered":171,"Severe":45,"Critical":5,"Emergencies":{"Suspected":1,"Total":279,"Severe":1,"Suspected/Accumulated":608,"Total/Accumulated":18212,"Severe/Accumulated":245},"MedicalActs":{"Suspected":7,"Total":225,"Suspected/Accumulated":1384,"Total/Accumulated":15600},"Confirmed":41,"MedicalTests":{"Total/Accumulated":4360,"Confirmed/Accumulated":182}},"geometry":{"type":"Point","coordinates":[-0.7610906397306391,43.26238828282827]}},{"type":"Feature","properties":{"Country/Region":"France","Province/State":"Hautes-Pyrénées","Code":"65","Population":{"Total":226839,"Under19":44839,"Under39":42373,"Under59":59329,"Under74":49523,"Over75":30775},"Beds":{"Resuscitation":12,"IntensiveCare":44,"Total":56},"Deaths":21,"Recovered":96,"Severe":65,"Critical":5,"Emergencies":{"Total":53,"Suspected/Accumulated":36,"Total/Accumulated":4321,"Severe/Accumulated":15},"Confirmed":11,"MedicalTests":{"Total/Accumulated":1879,"Confirmed/Accumulated":176}},"geometry":{"type":"Point","coordinates":[0.15248105932203385,43.134416483050856]}},{"type":"Feature","properties":{"Country/Region":"France","Province/State":"Pyrénées-Orientales","Code":"66","Population":{"Total":479000,"Under19":102236,"Under39":93899,"Under59":121501,"Under74":99671,"Over75":61693},"Beds":{"Resuscitation":32,"IntensiveCare":64,"Total":96},"Deaths":33,"Recovered":262,"Severe":14,"Critical":8,"Emergencies":{"Suspected":1,"Total":221,"Suspected/Accumulated":359,"Total/Accumulated":14674,"Severe/Accumulated":159},"MedicalActs":{"Suspected":7,"Total":113,"Suspected/Accumulated":490,"Total/Accumulated":6198},"Confirmed":35,"MedicalTests":{"Total/Accumulated":2152,"Confirmed/Accumulated":34}},"geometry":{"type":"Point","coordinates":[2.4354706043956034,42.554231208791215]}},{"type":"Feature","properties":{"Country/Region":"France","Province/State":"Bas-Rhin","Code":"67","Population":{"Total":1132607,"Under19":258105,"Under39":285390,"Under59":300661,"Under74":188150,"Over75":100301},"Beds":{"Resuscitation":122,"IntensiveCare":208,"Total":330},"Deaths":542,"Recovered":1740,"Severe":837,"Critical":142,"Emergencies":{"Suspected":12,"Total":236,"Severe":8,"Suspected/Accumulated":2169,"Total/Accumulated":20447,"Severe/Accumulated":1380},"MedicalActs":{"Suspected":14,"Total":305,"Suspected/Accumulated":2331,"Total/Accumulated":18795},"Confirmed":376,"MedicalTests":{"Total/Accumulated":2027,"Confirmed/Accumulated":472}},"geometry":{"type":"Point","coordinates":[7.447409099526063,48.70509469194314]}},{"type":"Feature","properties":{"Country/Region":"France","Province/State":"Haut-Rhin","Code":"68","Population":{"Total":763204,"Under19":175817,"Under39":172286,"Under59":209152,"Under74":134185,"Over75":71764},"Beds":{"Resuscitation":70,"IntensiveCare":136,"Total":206},"Deaths":696,"Recovered":1946,"Severe":834,"Critical":93,"Emergencies":{"Suspected":5,"Total":253,"Severe":3,"Suspected/Accumulated":2843,"Total/Accumulated":18851,"Severe/Accumulated":1815},"MedicalActs":{"Suspected":11,"Total":112,"Suspected/Accumulated":1550,"Total/Accumulated":7345},"MedicalTests":{"Total":1,"Total/Accumulated":3413,"Confirmed/Accumulated":942},"Confirmed":700},"geometry":{"type":"Point","coordinates":[7.263731571428571,47.83921192857142]}},{"type":"Feature","properties":{"Country/Region":"France","Province/State":"Rhône","Code":"69","Population":{"Total":1876051,"Under19":478142,"Under39":523161,"Under59":455898,"Under74":259877,"Over75":158973},"Beds":{"Resuscitation":192,"IntensiveCare":422,"Total":614},"Deaths":529,"Recovered":1865,"Severe":1104,"Critical":158,"Emergencies":{"Suspected":14,"Total":646,"Severe":7,"Suspected/Accumulated":4546,"Total/Accumulated":49778,"Severe/Accumulated":2091},"MedicalActs":{"Suspected":19,"Total":293,"Suspected/Accumulated":2535,"Total/Accumulated":19854},"Confirmed":532,"MedicalTests":{"Total/Accumulated":2376,"Confirmed/Accumulated":335}},"geometry":{"type":"Point","coordinates":[4.660707512690354,45.8811785786802]}},{"type":"Feature","properties":{"Country/Region":"France","Province/State":"Haute-Saône","Code":"70","Population":{"Total":233194,"Under19":52426,"Under39":45311,"Under59":62843,"Under74":47643,"Over75":24971},"Beds":{"Resuscitation":12,"IntensiveCare":24,"Total":36},"Deaths":71,"Recovered":174,"Severe":100,"Critical":7,"Emergencies":{"Suspected":2,"Total":83,"Severe":1,"Suspected/Accumulated":868,"Total/Accumulated":5893,"Severe/Accumulated":500},"MedicalTests":{"Total/Accumulated":1536,"Confirmed/Accumulated":265}},"geometry":{"type":"Point","coordinates":[6.0410172972972935,47.62793234234234]}},{"type":"Feature","properties":{"Country/Region":"France","Province/State":"Saône-et-Loire","Code":"71","Population":{"Total":547824,"Under19":117389,"Under39":104206,"Under59":141715,"Under74":114530,"Over75":69984},"Beds":{"Resuscitation":26,"IntensiveCare":44,"Total":70},"Deaths":163,"Recovered":456,"Severe":229,"Critical":25,"Emergencies":{"Suspected":11,"Total":233,"Severe":5,"Suspected/Accumulated":2575,"Total/Accumulated":17783,"Severe/Accumulated":1135},"MedicalTests":{"Total/Accumulated":2643,"Confirmed/Accumulated":242}},"geometry":{"type":"Point","coordinates":[4.528318691588785,46.63876112149533]}},{"type":"Feature","properties":{"Country/Region":"France","Province/State":"Sarthe","Code":"72","Population":{"Total":560227,"Under19":135636,"Under39":116946,"Under59":143032,"Under74":103587,"Over75":61026},"Beds":{"Resuscitation":17,"IntensiveCare":54,"Total":71},"Deaths":57,"Recovered":232,"Severe":129,"Critical":9,"Emergencies":{"Suspected":11,"Total":208,"Severe":9,"Suspected/Accumulated":1658,"Total/Accumulated":16256,"Severe/Accumulated":862},"Confirmed":422,"MedicalTests":{"Total/Accumulated":41,"Confirmed/Accumulated":3}},"geometry":{"type":"Point","coordinates":[0.1986467741935485,47.9763005529954]}},{"type":"Feature","properties":{"Country/Region":"France","Province/State":"Savoie","Code":"73","Population":{"Total":432548,"Under19":98346,"Under39":96013,"Under59":117417,"Under74":76722,"Over75":44050},"Beds":{"Resuscitation":18,"IntensiveCare":36,"Total":54},"Deaths":45,"Recovered":326,"Severe":69,"Critical":9,"Emergencies":{"Total":129,"Suspected/Accumulated":486,"Total/Accumulated":8976,"Severe/Accumulated":205},"MedicalActs":{"Suspected":6,"Total":80,"Suspected/Accumulated":529,"Total/Accumulated":5108},"Confirmed":114,"MedicalTests":{"Total/Accumulated":331,"Confirmed/Accumulated":39}},"geometry":{"type":"Point","coordinates":[6.4038603585657325,45.50301760956176]}},{"type":"Feature","properties":{"Country/Region":"France","Province/State":"Haute-Savoie","Code":"74","Population":{"Total":828405,"Under19":203837,"Under39":209477,"Under59":227355,"Under74":122439,"Over75":65297},"Beds":{"Resuscitation":34,"IntensiveCare":82,"Total":116},"Deaths":141,"Recovered":657,"Severe":201,"Critical":26,"Emergencies":{"Suspected":9,"Total":339,"Severe":4,"Suspected/Accumulated":1859,"Total/Accumulated":29482,"Severe/Accumulated":674},"MedicalActs":{"Suspected":3,"Total":95,"Suspected/Accumulated":730,"Total/Accumulated":7120},"Confirmed":310,"MedicalTests":{"Total/Accumulated":3060,"Confirmed/Accumulated":593}},"geometry":{"type":"Point","coordinates":[6.452374226804124,46.01403216494844]}},{"type":"Feature","properties":{"Country/Region":"France","Province/State":"Paris","Code":"75","Population":{"Total":2148271,"Under19":406652,"Under39":718825,"Under59":536676,"Under74":311978,"Over75":174140},"Beds":{"Resuscitation":389,"IntensiveCare":1082,"Total":1471},"Deaths":1493,"Recovered":4229,"Severe":2177,"Critical":430,"Emergencies":{"Suspected":58,"Total":726,"Severe":6,"Suspected/Accumulated":14444,"Total/Accumulated":65513,"Severe/Accumulated":3725},"MedicalActs":{"Suspected":34,"Total":604,"Suspected/Accumulated":5755,"Total/Accumulated":44941},"MedicalTests":{"Total":12,"Confirmed":2,"Total/Accumulated":14167,"Confirmed/Accumulated":3915},"Confirmed":126},"geometry":{"type":"Point","coordinates":[2.3550152173913044,48.8535647826087]}},{"type":"Feature","properties":{"Country/Region":"France","Province/State":"Seine-Maritime","Code":"76","Population":{"Total":1243788,"Under19":303968,"Under39":294607,"Under59":310458,"Under74":218116,"Over75":116639},"Beds":{"Resuscitation":93,"IntensiveCare":300,"Total":393},"Deaths":155,"Recovered":566,"Severe":190,"Critical":35,"Emergencies":{"Suspected":9,"Total":562,"Severe":6,"Suspected/Accumulated":1392,"Total/Accumulated":40041,"Severe/Accumulated":541},"MedicalActs":{"Suspected":4,"Total":52,"Suspected/Accumulated":364,"Total/Accumulated":4546},"Confirmed":233,"MedicalTests":{"Total/Accumulated":3200,"Confirmed/Accumulated":390}},"geometry":{"type":"Point","coordinates":[1.114674462365592,49.5942889784946]}},{"type":"Feature","properties":{"Country/Region":"France","Province/State":"Seine-et-Marne","Code":"77","Population":{"Total":1423607,"Under19":392025,"Under39":357752,"Under59":382068,"Under74":199768,"Over75":91994},"Beds":{"Resuscitation":77,"IntensiveCare":100,"Total":177},"Deaths":506,"Recovered":1762,"Severe":653,"Critical":126,"Emergencies":{"Suspected":10,"Total":349,"Severe":6,"Suspected/Accumulated":2732,"Total/Accumulated":25134,"Severe/Accumulated":1333},"MedicalActs":{"Suspected":12,"Total":155,"Suspected/Accumulated":1299,"Total/Accumulated":12449},"Confirmed":42,"MedicalTests":{"Total/Accumulated":7510,"Confirmed/Accumulated":1661}},"geometry":{"type":"Point","coordinates":[2.9385241532258073,48.61862185483869]}},{"type":"Feature","properties":{"Country/Region":"France","Province/State":"Yvelines","Code":"78","Population":{"Total":1448625,"Under19":385814,"Under39":341694,"Under59":394186,"Under74":209492,"Over75":117439},"Beds":{"Resuscitation":84,"IntensiveCare":204,"Total":288},"Deaths":432,"Recovered":1470,"Severe":797,"Critical":91,"Emergencies":{"Suspected":11,"Total":431,"Severe":3,"Suspected/Accumulated":2518,"Total/Accumulated":35078,"Severe/Accumulated":962},"MedicalActs":{"Suspected":5,"Total":149,"Suspected/Accumulated":1153,"Total/Accumulated":8879},"Confirmed":70,"MedicalTests":{"Total/Accumulated":5036,"Confirmed/Accumulated":1110}},"geometry":{"type":"Point","coordinates":[1.8294258823529415,48.80823257352944]}},{"type":"Feature","properties":{"Country/Region":"France","Province/State":"Deux-Sèvres","Code":"79","Population":{"Total":372627,"Under19":85106,"Under39":73604,"Under59":98839,"Under74":72067,"Over75":43011},"Beds":{"Resuscitation":8,"IntensiveCare":36,"Total":44},"Deaths":19,"Recovered":46,"Severe":16,"Critical":2,"Emergencies":{"Suspected":1,"Total":132,"Severe":1,"Suspected/Accumulated":299,"Total/Accumulated":10001,"Severe/Accumulated":124},"Confirmed":11,"MedicalTests":{"Total/Accumulated":37,"Confirmed/Accumulated":5}},"geometry":{"type":"Point","coordinates":[-0.29978133828996273,46.53994301115242]}},{"type":"Feature","properties":{"Country/Region":"France","Province/State":"Somme","Code":"80","Population":{"Total":569769,"Under19":138211,"Under39":134953,"Under59":144752,"Under74":100734,"Over75":51119},"Beds":{"Resuscitation":58,"IntensiveCare":164,"Total":222},"Deaths":182,"Recovered":528,"Severe":255,"Critical":40,"Emergencies":{"Suspected":9,"Total":229,"Severe":4,"Suspected/Accumulated":1322,"Total/Accumulated":17155,"Severe/Accumulated":597},"MedicalActs":{"Suspected":6,"Total":112,"Suspected/Accumulated":1380,"Total/Accumulated":11761},"MedicalTests":{"Total":2,"Total/Accumulated":2931,"Confirmed/Accumulated":472},"Confirmed":54},"geometry":{"type":"Point","coordinates":[2.3486719850187256,49.97418277153558]}},{"type":"Feature","properties":{"Country/Region":"France","Province/State":"Tarn","Code":"81","Population":{"Total":387898,"Under19":84873,"Under39":74511,"Under59":102349,"Under74":77279,"Over75":48886},"Beds":{"Resuscitation":24,"IntensiveCare":70,"Total":94},"Deaths":20,"Recovered":79,"Severe":38,"Critical":10,"Emergencies":{"Total":164,"Suspected/Accumulated":602,"Total/Accumulated":11960,"Severe/Accumulated":160},"Confirmed":14,"MedicalTests":{"Total/Accumulated":950,"Confirmed/Accumulated":42}},"geometry":{"type":"Point","coordinates":[2.1808796818181815,43.78627254545453]}},{"type":"Feature","properties":{"Country/Region":"France","Province/State":"Tarn-et-Garonne","Code":"82","Population":{"Total":262618,"Under19":63559,"Under39":53023,"Under59":70354,"Under74":48046,"Over75":27636},"Beds":{"Resuscitation":18,"IntensiveCare":40,"Total":58},"Deaths":4,"Recovered":32,"Severe":12,"Critical":6,"Emergencies":{"Total":120,"Suspected/Accumulated":579,"Total/Accumulated":7139,"Severe/Accumulated":202},"Confirmed":11,"MedicalTests":{"Total/Accumulated":1191,"Confirmed/Accumulated":70}},"geometry":{"type":"Point","coordinates":[1.3350866094420606,44.1164032618026]}},{"type":"Feature","properties":{"Country/Region":"France","Province/State":"Var","Code":"83","Population":{"Total":1073836,"Under19":224216,"Under39":215361,"Under59":276842,"Under74":218239,"Over75":139178},"Beds":{"Resuscitation":60,"IntensiveCare":84,"Total":144},"Deaths":113,"Recovered":685,"Severe":236,"Critical":30,"Emergencies":{"Suspected":7,"Total":441,"Severe":6,"Suspected/Accumulated":1831,"Total/Accumulated":29345,"Severe/Accumulated":1045},"MedicalActs":{"Suspected":12,"Total":315,"Suspected/Accumulated":2827,"Total/Accumulated":24383},"MedicalTests":{"Total":3,"Total/Accumulated":7780,"Confirmed/Accumulated":417},"Confirmed":186},"geometry":{"type":"Point","coordinates":[6.2341132170542615,43.37767961240309]}},{"type":"Feature","properties":{"Country/Region":"France","Province/State":"Vaucluse","Code":"84","Population":{"Total":560997,"Under19":132211,"Under39":118607,"Under59":147247,"Under74":103567,"Over75":59365},"Beds":{"Resuscitation":16,"IntensiveCare":60,"Total":76},"Deaths":28,"Recovered":178,"Severe":72,"Critical":6,"Emergencies":{"Suspected":4,"Total":257,"Severe":4,"Suspected/Accumulated":659,"Total/Accumulated":20275,"Severe/Accumulated":402},"MedicalActs":{"Total":46,"Suspected/Accumulated":63,"Total/Accumulated":1703},"Confirmed":45,"MedicalTests":{"Total/Accumulated":5423,"Confirmed/Accumulated":201}},"geometry":{"type":"Point","coordinates":[5.137687100591716,44.08826047337278]}},{"type":"Feature","properties":{"Country/Region":"France","Province/State":"Vendée","Code":"85","Population":{"Total":683187,"Under19":155162,"Under39":132680,"Under59":176377,"Under74":142178,"Over75":76790},"Beds":{"Resuscitation":18,"IntensiveCare":44,"Total":62},"Deaths":31,"Recovered":145,"Severe":49,"Critical":12,"Emergencies":{"Suspected":4,"Total":192,"Severe":3,"Suspected/Accumulated":782,"Total/Accumulated":15996,"Severe/Accumulated":357},"Confirmed":147,"MedicalTests":{"Total/Accumulated":156,"Confirmed/Accumulated":9}},"geometry":{"type":"Point","coordinates":[-1.3851340601503754,46.70726116541352]}},{"type":"Feature","properties":{"Country/Region":"France","Province/State":"Vienne","Code":"86","Population":{"Total":437398,"Under19":101362,"Under39":100176,"Under59":108284,"Under74":79480,"Over75":48096},"Beds":{"Resuscitation":53,"IntensiveCare":124,"Total":177},"Deaths":31,"Recovered":91,"Severe":45,"Critical":9,"Emergencies":{"Suspected":1,"Total":127,"Severe":1,"Suspected/Accumulated":376,"Total/Accumulated":10279,"Severe/Accumulated":179},"MedicalTests":{"Total":1,"Total/Accumulated":194,"Confirmed/Accumulated":24},"Confirmed":53},"geometry":{"type":"Point","coordinates":[0.42368070921985806,46.57872638297872]}},{"type":"Feature","properties":{"Country/Region":"France","Province/State":"Haute-Vienne","Code":"87","Population":{"Total":370774,"Under19":79173,"Under39":77448,"Under59":94509,"Under74":74186,"Over75":45458},"Beds":{"Resuscitation":24,"IntensiveCare":144,"Total":168},"Deaths":22,"Recovered":95,"Severe":37,"Critical":6,"Emergencies":{"Suspected":4,"Total":183,"Severe":1,"Suspected/Accumulated":337,"Total/Accumulated":12389,"Severe/Accumulated":206},"MedicalActs":{"Suspected":3,"Total":111,"Suspected/Accumulated":496,"Total/Accumulated":8038},"Confirmed":21,"MedicalTests":{"Total/Accumulated":899,"Confirmed/Accumulated":62}},"geometry":{"type":"Point","coordinates":[1.2410431872509962,45.895894860557746]}},{"type":"Feature","properties":{"Country/Region":"France","Province/State":"Vosges","Code":"88","Population":{"Total":359520,"Under19":77042,"Under39":70274,"Under59":94740,"Under74":75920,"Over75":41544},"Beds":{"Resuscitation":8,"IntensiveCare":24,"Total":32},"Deaths":237,"Recovered":477,"Severe":213,"Critical":13,"Emergencies":{"Suspected":9,"Total":167,"Severe":3,"Suspected/Accumulated":2362,"Total/Accumulated":13090,"Severe/Accumulated":835},"Confirmed":66,"MedicalTests":{"Total/Accumulated":1216,"Confirmed/Accumulated":369}},"geometry":{"type":"Point","coordinates":[6.2957204247104235,48.23006027027029]}},{"type":"Feature","properties":{"Country/Region":"France","Province/State":"Yonne","Code":"89","Population":{"Total":332096,"Under19":73991,"Under39":64975,"Under59":86159,"Under74":68966,"Over75":38005},"Beds":{"Resuscitation":18,"IntensiveCare":32,"Total":50},"Deaths":64,"Recovered":173,"Severe":106,"Critical":18,"Emergencies":{"Suspected":9,"Total":179,"Severe":5,"Suspected/Accumulated":1284,"Total/Accumulated":14444,"Severe/Accumulated":338},"MedicalActs":{"Suspected":15,"Total":75,"Suspected/Accumulated":519,"Total/Accumulated":3976},"MedicalTests":{"Total/Accumulated":515,"Confirmed/Accumulated":55}},"geometry":{"type":"Point","coordinates":[3.57333820338983,47.84307762711864]}},{"type":"Feature","properties":{"Country/Region":"France","Province/State":"Territoire de Belfort","Code":"90","Population":{"Total":140145,"Under19":33166,"Under39":32553,"Under59":36366,"Under74":24639,"Over75":13421},"Beds":{"Resuscitation":25,"IntensiveCare":40,"Total":65},"Deaths":151,"Recovered":374,"Severe":129,"Critical":17,"Emergencies":{"Suspected":2,"Total":106,"Severe":1,"Suspected/Accumulated":862,"Total/Accumulated":6847,"Severe/Accumulated":491},"MedicalTests":{"Total/Accumulated":539,"Confirmed/Accumulated":105}},"geometry":{"type":"Point","coordinates":[6.93897388888889,47.60873597222223]}},{"type":"Feature","properties":{"Country/Region":"France","Province/State":"Essonne","Code":"91","Population":{"Total":1319401,"Under19":360333,"Under39":338878,"Under59":349395,"Under74":176919,"Over75":93876},"Beds":{"Resuscitation":97,"IntensiveCare":164,"Total":261},"Deaths":423,"Recovered":1249,"Severe":1178,"Critical":147,"Emergencies":{"Suspected":23,"Total":340,"Severe":5,"Suspected/Accumulated":3472,"Total/Accumulated":27404,"Severe/Accumulated":1046},"MedicalActs":{"Suspected":5,"Total":140,"Suspected/Accumulated":851,"Total/Accumulated":7942},"MedicalTests":{"Total":4,"Confirmed":1,"Total/Accumulated":9250,"Confirmed/Accumulated":2202},"Confirmed":30},"geometry":{"type":"Point","coordinates":[2.2519983333333338,48.50948216666667]}},{"type":"Feature","properties":{"Country/Region":"France","Province/State":"Hauts-de-Seine","Code":"92","Population":{"Total":1613762,"Under19":393984,"Under39":457571,"Under59":428782,"Under74":211036,"Over75":122389},"Beds":{"Resuscitation":184,"IntensiveCare":276,"Total":460},"Deaths":887,"Recovered":2875,"Severe":1738,"Critical":247,"Emergencies":{"Suspected":13,"Total":473,"Severe":5,"Suspected/Accumulated":3488,"Total/Accumulated":37234,"Severe/Accumulated":1069},"MedicalTests":{"Total":6,"Total/Accumulated":8784,"Confirmed/Accumulated":2588},"Confirmed":59},"geometry":{"type":"Point","coordinates":[2.2538900000000006,48.84266823529411]}},{"type":"Feature","properties":{"Country/Region":"France","Province/State":"Seine-Saint-Denis","Code":"93","Population":{"Total":1670149,"Under19":485032,"Under39":478299,"Under59":428192,"Under74":194935,"Over75":83691},"Beds":{"Resuscitation":100,"IntensiveCare":218,"Total":318},"Deaths":845,"Recovered":2275,"Severe":1429,"Critical":178,"Emergencies":{"Suspected":8,"Total":474,"Severe":3,"Suspected/Accumulated":4679,"Total/Accumulated":42944,"Severe/Accumulated":1307},"MedicalTests":{"Total":1,"Total/Accumulated":6900,"Confirmed/Accumulated":2445},"Confirmed":45},"geometry":{"type":"Point","coordinates":[2.474763409090909,48.91863045454546]}},{"type":"Feature","properties":{"Country/Region":"France","Province/State":"Val-de-Marne","Code":"94","Population":{"Total":1406041,"Under19":359600,"Under39":390124,"Under59":368199,"Under74":187814,"Over75":100304},"Beds":{"Resuscitation":156,"IntensiveCare":338,"Total":494},"Deaths":949,"Recovered":2471,"Severe":1830,"Critical":241,"Emergencies":{"Suspected":30,"Total":601,"Severe":8,"Suspected/Accumulated":6822,"Total/Accumulated":45822,"Severe/Accumulated":2767},"MedicalTests":{"Total":1,"Total/Accumulated":6386,"Confirmed/Accumulated":1717},"Confirmed":48},"geometry":{"type":"Point","coordinates":[2.47453725,48.775524499999996]}},{"type":"Feature","properties":{"Country/Region":"France","Province/State":"Val-d'Oise","Code":"95","Population":{"Total":1248354,"Under19":357525,"Under39":326622,"Under59":322949,"Under74":166265,"Over75":74993},"Beds":{"Resuscitation":60,"IntensiveCare":130,"Total":190},"Deaths":581,"Recovered":1725,"Severe":883,"Critical":90,"Emergencies":{"Suspected":31,"Total":462,"Severe":9,"Suspected/Accumulated":6955,"Total/Accumulated":39049,"Severe/Accumulated":2422},"MedicalActs":{"Suspected":7,"Total":157,"Suspected/Accumulated":1703,"Total/Accumulated":14487},"MedicalTests":{"Total":1,"Total/Accumulated":5532,"Confirmed/Accumulated":1803},"Confirmed":60},"geometry":{"type":"Point","coordinates":[2.092522396694214,49.08765355371902]}},{"type":"Feature","properties":{"Country/Region":"France","Province/State":"La Réunion","Code":"974","Population":{"Total":859959,"Under19":256143,"Under39":202783,"Under59":239212,"Under74":117045,"Over75":44776},"Beds":{"Resuscitation":52,"IntensiveCare":154,"Total":206},"Recovered":111,"Severe":4,"Critical":2,"Emergencies":{"Total":334,"Suspected/Accumulated":247,"Total/Accumulated":21846,"Severe/Accumulated":172},"MedicalTests":{"Total/Accumulated":12,"Confirmed/Accumulated":1}},"geometry":{"type":"Point","coordinates":[55.52943947368424,-21.1374047368421]}}]}