{"type":"FeatureCollection","features":[{"type":"Feature","properties":{"Country/Region":"France","Province/State":"Guadeloupe","Code":"971","Population":{"Total":376879,"Under19":90617,"Under39":71707,"Under59":109452,"Under74":70936,"Over75":34167},"Beds":{"Resuscitation":27,"IntensiveCare":68,"Total":95},"Deaths":10,"Recovered":50,"Severe":33,"Critical":19,"Emergencies":{"Suspected":3,"Total":118,"Severe":2,"Suspected/Accumulated":135,"Total/Accumulated":7214,"Severe/Accumulated":54},"MedicalTests":{"Total":1,"Total/Accumulated":26,"Confirmed/Accumulated":12},"Confirmed":106},"geometry":{"type":"Point","coordinates":[-61.493846272189366,16.20469674556213]}},{"type":"Feature","properties":{"Country/Region":"France","Province/State":"Martinique","Code":"972","Population":{"Total":358749,"Under19":77005,"Under39":65776,"Under59":105638,"Under74":72163,"Over75":38167},"Beds":{"Resuscitation":26,"IntensiveCare":58,"Total":84},"Deaths":5,"Recovered":48,"Severe":44,"Critical":16,"MedicalActs":{"Suspected":4,"Total":93,"Suspected/Accumulated":62,"Total/Accumulated":4667},"MedicalTests":{"Total":1,"Total/Accumulated":15,"Confirmed/Accumulated":4},"Confirmed":16},"geometry":{"type":"Point","coordinates":[-60.98265692913386,14.6217557480315]}},{"type":"Feature","properties":{"Country/Region":"France","Province/State":"Guyane","Code":"973","Population":{"Total":290691,"Under19":120681,"Under39":80023,"Under59":61783,"Under74":22111,"Over75":6093},"Beds":{"Resuscitation":13,"IntensiveCare":12,"Total":25},"Recovered":15,"Severe":9,"Critical":1,"Emergencies":{"Suspected":2,"Total":145,"Severe":2,"Suspected/Accumulated":38,"Total/Accumulated":8001,"Severe/Accumulated":10},"Confirmed":43,"MedicalTests":{"Total/Accumulated":26,"Confirmed/Accumulated":4}},"geometry":{"type":"Point","coordinates":[-53.41731165390502,3.588901056661561]}},{"type":"Feature","properties":{"Country/Region":"France","Province/State":"Mayotte","Code":"976","Population":{"Total":279471,"Under19":150257,"Under39":74348,"Under59":42900,"Under74":9521,"Over75":2445},"Beds":{"Resuscitation":6,"IntensiveCare":0,"Total":6},"Deaths":2,"Recovered":26,"Severe":20,"Critical":4,"Emergencies":{"Suspected":12,"Total":72,"Severe":3,"Suspected/Accumulated":184,"Total/Accumulated":3920,"Severe/Accumulated":43},"Confirmed":128,"MedicalTests":{"Total/Accumulated":2,"Confirmed/Accumulated":1}},"geometry":{"type":"Point","coordinates":[45.14160071428572,-12.835344166666673]}},{"type":"Feature","properties":{"Country/Region":"France","Province/State":"Ain","Code":"01","Population":{"Total":656955,"Under19":167666,"Under39":151084,"Under59":179469,"Under74":104453,"Over75":54283},"Beds":{"Resuscitation":22,"IntensiveCare":20,"Total":42},"Deaths":40,"Recovered":119,"Severe":128,"Critical":28,"Emergencies":{"Suspected":20,"Total":195,"Severe":6,"Suspected/Accumulated":677,"Total/Accumulated":8412,"Severe/Accumulated":281},"MedicalTests":{"Total":75,"Confirmed":10,"Total/Accumulated":832,"Confirmed/Accumulated":154},"Confirmed":118},"geometry":{"type":"Point","coordinates":[5.430359734513273,46.106026415929215]}},{"type":"Feature","properties":{"Country/Region":"France","Province/State":"Aisne","Code":"02","Population":{"Total":526050,"Under19":129852,"Under39":114042,"Under59":135164,"Under74":98046,"Over75":48946},"Beds":{"Resuscitation":34,"IntensiveCare":110,"Total":144},"Deaths":136,"Recovered":263,"Severe":280,"Critical":44,"Emergencies":{"Suspected":57,"Total":266,"Severe":17,"Suspected/Accumulated":1567,"Total/Accumulated":11618,"Severe/Accumulated":491},"MedicalActs":{"Suspected":6,"Total":134,"Suspected/Accumulated":534,"Total/Accumulated":9747},"MedicalTests":{"Total":69,"Confirmed":15,"Total/Accumulated":934,"Confirmed/Accumulated":300},"Confirmed":59},"geometry":{"type":"Point","coordinates":[3.5153965625000003,49.457888298611124]}},{"type":"Feature","properties":{"Country/Region":"France","Province/State":"Allier","Code":"03","Population":{"Total":331315,"Under19":66659,"Under39":61490,"Under59":85304,"Under74":72079,"Over75":45783},"Beds":{"Resuscitation":24,"IntensiveCare":56,"Total":80},"Deaths":10,"Recovered":72,"Severe":56,"Critical":22,"Emergencies":{"Suspected":14,"Total":108,"Severe":4,"Suspected/Accumulated":565,"Total/Accumulated":5175,"Severe/Accumulated":317},"MedicalTests":{"Total":5,"Total/Accumulated":65,"Confirmed/Accumulated":4},"Confirmed":38},"geometry":{"type":"Point","coordinates":[3.1778756690140857,46.39097419014088]}},{"type":"Feature","properties":{"Country/Region":"France","Province/State":"Alpes-de-Haute-Provence","Code":"04","Population":{"Total":165197,"Under19":34281,"Under39":30814,"Under59":43423,"Under74":35681,"Over75":20998},"Beds":{"Resuscitation":6,"IntensiveCare":0,"Total":6},"Deaths":4,"Recovered":60,"Severe":35,"Critical":4,"Emergencies":{"Suspected":4,"Total":110,"Severe":2,"Suspected/Accumulated":146,"Total/Accumulated":4974,"Severe/Accumulated":73},"MedicalTests":{"Total":18,"Confirmed":2,"Total/Accumulated":417,"Confirmed/Accumulated":31},"Confirmed":22},"geometry":{"type":"Point","coordinates":[6.294359440298507,44.152788992537346]}},{"type":"Feature","properties":{"Country/Region":"France","Province/State":"Hautes-Alpes","Code":"05","Population":{"Total":141756,"Under19":30280,"Under39":27715,"Under59":37829,"Under74":29047,"Over75":16885},"Beds":{"Resuscitation":8,"IntensiveCare":0,"Total":8},"Deaths":2,"Recovered":65,"Severe":52,"Critical":15,"Emergencies":{"Suspected":44,"Total":125,"Suspected/Accumulated":710,"Total/Accumulated":5011,"Severe/Accumulated":145},"MedicalTests":{"Total":9,"Total/Accumulated":86,"Confirmed/Accumulated":2},"Confirmed":42},"geometry":{"type":"Point","coordinates":[6.205986298932386,44.64177099644131]}},{"type":"Feature","properties":{"Country/Region":"France","Province/State":"Alpes-Maritimes","Code":"06","Population":{"Total":1079396,"Under19":226862,"Under39":232814,"Under59":282249,"Under74":198428,"Over75":139043},"Beds":{"Resuscitation":89,"IntensiveCare":182,"Total":271},"Deaths":63,"Recovered":231,"Severe":278,"Critical":83,"Emergencies":{"Suspected":40,"Total":534,"Severe":26,"Suspected/Accumulated":2092,"Total/Accumulated":24808,"Severe/Accumulated":1183},"MedicalActs":{"Suspected":25,"Total":138,"Suspected/Accumulated":715,"Total/Accumulated":6598},"MedicalTests":{"Total":343,"Confirmed":10,"Total/Accumulated":2860,"Confirmed/Accumulated":235},"Confirmed":194},"geometry":{"type":"Point","coordinates":[7.093963618090453,43.90811477386935]}},{"type":"Feature","properties":{"Country/Region":"France","Province/State":"Corse-du-Sud","Code":"2A","Population":{"Total":162421,"Under19":31630,"Under39":34910,"Under59":45312,"Under74":31004,"Over75":19565},"Beds":{"Resuscitation":10,"IntensiveCare":30,"Total":40},"Deaths":32,"Recovered":51,"Severe":72,"Critical":14,"Emergencies":{"Suspected":2,"Total":47,"Severe":1,"Suspected/Accumulated":89,"Total/Accumulated":2308,"Severe/Accumulated":69},"MedicalActs":{"Suspected":3,"Total":22,"Suspected/Accumulated":351,"Total/Accumulated":1910},"Confirmed":207},"geometry":{"type":"Point","coordinates":[8.933891598360661,41.87995627049185]}},{"type":"Feature","properties":{"Country/Region":"France","Province/State":"Haute-Corse","Code":"2B","Population":{"Total":182258,"Under19":36925,"Under39":42075,"Under59":47863,"Under74":34671,"Over75":20724},"Beds":{"Resuscitation":8,"IntensiveCare":12,"Total":20},"Deaths":3,"Recovered":70,"Severe":6,"Critical":1,"Emergencies":{"Suspected":16,"Total":74,"Severe":16,"Suspected/Accumulated":1230,"Total/Accumulated":4055,"Severe/Accumulated":1202},"Confirmed":56},"geometry":{"type":"Point","coordinates":[9.12993101604278,42.44040566844919]}},{"type":"Feature","properties":{"Country/Region":"France","Province/State":"Ardèche","Code":"07","Population":{"Total":326875,"Under19":70594,"Under39":61093,"Under59":88160,"Under74":68490,"Over75":38538},"Beds":{"Resuscitation":8,"IntensiveCare":0,"Total":8},"Deaths":40,"Recovered":176,"Severe":105,"Critical":24,"Emergencies":{"Suspected":15,"Total":96,"Severe":2,"Suspected/Accumulated":413,"Total/Accumulated":4588,"Severe/Accumulated":82},"MedicalTests":{"Total":15,"Total/Accumulated":311,"Confirmed/Accumulated":82},"Confirmed":128},"geometry":{"type":"Point","coordinates":[4.425911157407411,44.77470101851853]}},{"type":"Feature","properties":{"Country/Region":"France","Province/State":"Ardennes","Code":"08","Population":{"Total":265531,"Under19":60337,"Under39":55870,"Under59":70459,"Under74":52021,"Over75":26844},"Beds":{"Resuscitation":12,"IntensiveCare":42,"Total":54},"Deaths":11,"Recovered":52,"Severe":74,"Critical":16,"Emergencies":{"Suspected":6,"Total":132,"Suspected/Accumulated":46,"Total/Accumulated":6467,"Severe/Accumulated":26},"MedicalTests":{"Total":21,"Total/Accumulated":374,"Confirmed/Accumulated":51},"Confirmed":3},"geometry":{"type":"Point","coordinates":[4.717836481481479,49.63503592592596]}},{"type":"Feature","properties":{"Country/Region":"France","Province/State":"Ariège","Code":"09","Population":{"Total":152398,"Under19":30718,"Under39":28780,"Under59":40432,"Under74":32667,"Over75":19801},"Beds":{"Resuscitation":8,"IntensiveCare":16,"Total":24},"Deaths":1,"Recovered":15,"Severe":15,"Critical":4,"Emergencies":{"Suspected":4,"Total":84,"Severe":2,"Suspected/Accumulated":114,"Total/Accumulated":3281,"Severe/Accumulated":44},"MedicalTests":{"Total":41,"Total/Accumulated":123,"Confirmed/Accumulated":7},"Confirmed":3},"geometry":{"type":"Point","coordinates":[1.5308575113122171,42.951783619909506]}},{"type":"Feature","properties":{"Country/Region":"France","Province/State":"Aube","Code":"10","Population":{"Total":309907,"Under19":74513,"Under39":69749,"Under59":77945,"Under74":56336,"Over75":31364},"Beds":{"Resuscitation":12,"IntensiveCare":36,"Total":48},"Deaths":59,"Recovered":196,"Severe":213,"Critical":27,"Emergencies":{"Suspected":14,"Total":104,"Severe":10,"Suspected/Accumulated":436,"Total/Accumulated":5755,"Severe/Accumulated":201},"MedicalActs":{"Suspected":9,"Total":78,"Suspected/Accumulated":288,"Total/Accumulated":4457},"MedicalTests":{"Total":132,"Confirmed":26,"Total/Accumulated":1178,"Confirmed/Accumulated":247},"Confirmed":14},"geometry":{"type":"Point","coordinates":[4.115386826086957,48.290927782608684]}},{"type":"Feature","properties":{"Country/Region":"France","Province/State":"Aude","Code":"11","Population":{"Total":372705,"Under19":78644,"Under39":70170,"Under59":96929,"Under74":80039,"Over75":46923},"Beds":{"Resuscitation":16,"IntensiveCare":44,"Total":60},"Deaths":37,"Recovered":91,"Severe":63,"Critical":15,"Emergencies":{"Suspected":9,"Total":171,"Severe":5,"Suspected/Accumulated":391,"Total/Accumulated":7949,"Severe/Accumulated":157},"MedicalTests":{"Total":102,"Confirmed":16,"Total/Accumulated":1157,"Confirmed/Accumulated":164},"Confirmed":44},"geometry":{"type":"Point","coordinates":[2.3518425641025638,43.13299722222223]}},{"type":"Feature","properties":{"Country/Region":"France","Province/State":"Aveyron","Code":"12","Population":{"Total":278360,"Under19":55940,"Under39":51027,"Under59":73060,"Under74":59454,"Over75":38879},"Beds":{"Resuscitation":11,"IntensiveCare":32,"Total":43},"Deaths":17,"Recovered":56,"Severe":50,"Critical":8,"Emergencies":{"Total":65,"Suspected/Accumulated":8,"Total/Accumulated":3400,"Severe/Accumulated":1},"MedicalTests":{"Total":1,"Total/Accumulated":29,"Confirmed/Accumulated":3},"Confirmed":29},"geometry":{"type":"Point","coordinates":[2.66545315960912,44.28474130293157]}},{"type":"Feature","properties":{"Country/Region":"France","Province/State":"Bouches-du-Rhône","Code":"13","Population":{"Total":2034469,"Under19":480915,"Under39":483747,"Under59":522289,"Under74":342385,"Over75":205133},"Beds":{"Resuscitation":281,"IntensiveCare":476,"Total":757},"Deaths":160,"Recovered":1167,"Severe":1089,"Critical":267,"Emergencies":{"Suspected":58,"Total":806,"Severe":32,"Suspected/Accumulated":2028,"Total/Accumulated":40553,"Severe/Accumulated":1061},"MedicalActs":{"Suspected":20,"Total":181,"Suspected/Accumulated":712,"Total/Accumulated":8550},"MedicalTests":{"Total":1663,"Confirmed":156,"Total/Accumulated":17677,"Confirmed/Accumulated":2274},"Confirmed":827},"geometry":{"type":"Point","coordinates":[5.098567400881058,43.49901925110133]}},{"type":"Feature","properties":{"Country/Region":"France","Province/State":"Calvados","Code":"14","Population":{"Total":691453,"Under19":160392,"Under39":155359,"Under59":174249,"Under74":130972,"Over75":70481},"Beds":{"Resuscitation":91,"IntensiveCare":128,"Total":219},"Deaths":32,"Recovered":72,"Severe":165,"Critical":59,"Emergencies":{"Suspected":31,"Total":284,"Severe":20,"Suspected/Accumulated":1040,"Total/Accumulated":12375,"Severe/Accumulated":291},"MedicalActs":{"Suspected":14,"Total":149,"Suspected/Accumulated":1233,"Total/Accumulated":10785},"MedicalTests":{"Total":151,"Confirmed":2,"Total/Accumulated":979,"Confirmed/Accumulated":125},"Confirmed":147},"geometry":{"type":"Point","coordinates":[-0.4028230593607306,49.05443785388125]}},{"type":"Feature","properties":{"Country/Region":"France","Province/State":"Cantal","Code":"15","Population":{"Total":142811,"Under19":26571,"Under39":24954,"Under59":38397,"Under74":32697,"Over75":20192},"Beds":{"Resuscitation":8,"IntensiveCare":30,"Total":38},"Recovered":9,"Severe":27,"Critical":8,"Emergencies":{"Total":51,"Suspected/Accumulated":121,"Total/Accumulated":2235,"Severe/Accumulated":60},"MedicalTests":{"Total":10,"Total/Accumulated":126,"Confirmed/Accumulated":11},"Confirmed":33},"geometry":{"type":"Point","coordinates":[2.7066918215613374,45.02447219330856]}},{"type":"Feature","properties":{"Country/Region":"France","Province/State":"Charente","Code":"16","Population":{"Total":348180,"Under19":71324,"Under39":69355,"Under59":91186,"Under74":72860,"Over75":43455},"Beds":{"Resuscitation":12,"IntensiveCare":36,"Total":48},"Deaths":9,"Recovered":30,"Severe":10,"Critical":4,"Emergencies":{"Suspected":14,"Total":135,"Severe":4,"Suspected/Accumulated":347,"Total/Accumulated":6415,"Severe/Accumulated":104},"MedicalTests":{"Total":15,"Confirmed":2,"Total/Accumulated":195,"Confirmed/Accumulated":19},"Confirmed":10},"geometry":{"type":"Point","coordinates":[0.2054574390243902,45.733938821138196]}},{"type":"Feature","properties":{"Country/Region":"France","Province/State":"Charente-Maritime","Code":"17","Population":{"Total":647080,"Under19":130618,"Under39":119836,"Under59":164314,"Under74":146996,"Over75":85316},"Beds":{"Resuscitation":30,"IntensiveCare":72,"Total":102},"Deaths":21,"Recovered":56,"Severe":78,"Critical":21,"Emergencies":{"Suspected":15,"Total":271,"Severe":5,"Suspected/Accumulated":706,"Total/Accumulated":12517,"Severe/Accumulated":219},"MedicalActs":{"Total":16,"Suspected/Accumulated":95,"Total/Accumulated":1728},"MedicalTests":{"Total":101,"Confirmed":3,"Total/Accumulated":1438,"Confirmed/Accumulated":76},"Confirmed":49},"geometry":{"type":"Point","coordinates":[-0.734802142857143,45.8164405357143]}},{"type":"Feature","properties":{"Country/Region":"France","Province/State":"Cher","Code":"18","Population":{"Total":296404,"Under19":61933,"Under39":57193,"Under59":76912,"Under74":62985,"Over75":37381},"Beds":{"Resuscitation":12,"IntensiveCare":32,"Total":44},"Deaths":28,"Recovered":30,"Severe":66,"Critical":14,"Emergencies":{"Suspected":50,"Total":114,"Suspected/Accumulated":505,"Total/Accumulated":4108,"Severe/Accumulated":11},"MedicalActs":{"Suspected":1,"Total":50,"Suspected/Accumulated":137,"Total/Accumulated":5444},"MedicalTests":{"Total":66,"Confirmed":14,"Total/Accumulated":803,"Confirmed/Accumulated":226},"Confirmed":25},"geometry":{"type":"Point","coordinates":[2.420866293436294,47.03802115830117]}},{"type":"Feature","properties":{"Country/Region":"France","Province/State":"Corrèze","Code":"19","Population":{"Total":240336,"Under19":48146,"Under39":45056,"Under59":62186,"Under74":52206,"Over75":32742},"Beds":{"Resuscitation":15,"IntensiveCare":42,"Total":57},"Deaths":12,"Recovered":34,"Severe":39,"Critical":10,"Emergencies":{"Suspected":4,"Total":110,"Severe":4,"Suspected/Accumulated":351,"Total/Accumulated":4635,"Severe/Accumulated":317},"MedicalTests":{"Total":3,"Confirmed":1,"Total/Accumulated":114,"Confirmed/Accumulated":13},"Confirmed":23},"geometry":{"type":"Point","coordinates":[1.8952178059071727,45.37689915611812]}},{"type":"Feature","properties":{"Country/Region":"France","Province/State":"Côte-d'Or","Code":"21","Population":{"Total":532886,"Under19":121633,"Under39":128314,"Under59":134514,"Under74":95451,"Over75":52974},"Beds":{"Resuscitation":57,"IntensiveCare":190,"Total":247},"Deaths":102,"Recovered":370,"Severe":350,"Critical":79,"Emergencies":{"Suspected":41,"Total":169,"Severe":11,"Suspected/Accumulated":705,"Total/Accumulated":8090,"Severe/Accumulated":282},"MedicalActs":{"Suspected":6,"Total":32,"Suspected/Accumulated":541,"Total/Accumulated":3480},"MedicalTests":{"Total":24,"Confirmed":2,"Total/Accumulated":379,"Confirmed/Accumulated":74},"Confirmed":1},"geometry":{"type":"Point","coordinates":[4.781845107913668,47.44940406474819]}},{"type":"Feature","properties":{"Country/Region":"France","Province/State":"Côtes-d'Armor","Code":"22","Population":{"Total":596186,"Under19":131217,"Under39":108675,"Under59":153257,"Under74":128481,"Over75":74556},"Beds":{"Resuscitation":14,"IntensiveCare":32,"Total":46},"Deaths":17,"Recovered":54,"Severe":70,"Critical":11,"Emergencies":{"Suspected":11,"Total":158,"Severe":10,"Suspected/Accumulated":270,"Total/Accumulated":7537,"Severe/Accumulated":167},"MedicalTests":{"Total":4,"Total/Accumulated":35},"Confirmed":107},"geometry":{"type":"Point","coordinates":[-2.8283123411371243,48.47540434782613]}},{"type":"Feature","properties":{"Country/Region":"France","Province/State":"Creuse","Code":"23","Population":{"Total":116270,"Under19":20766,"Under39":19388,"Under59":30402,"Under74":28640,"Over75":17074},"Beds":{"Resuscitation":8,"IntensiveCare":16,"Total":24},"Deaths":4,"Recovered":9,"Severe":29,"Critical":13,"Emergencies":{"Suspected":3,"Total":53,"Severe":1,"Suspected/Accumulated":342,"Total/Accumulated":2301,"Severe/Accumulated":41},"MedicalTests":{"Total":8,"Total/Accumulated":52,"Confirmed/Accumulated":5},"Confirmed":12},"geometry":{"type":"Point","coordinates":[1.9795267256637192,46.07153353982301]}},{"type":"Feature","properties":{"Country/Region":"France","Province/State":"Dordogne","Code":"24","Population":{"Total":408393,"Under19":76430,"Under39":70201,"Under59":107402,"Under74":96538,"Over75":57822},"Beds":{"Resuscitation":19,"IntensiveCare":36,"Total":55},"Deaths":1,"Recovered":27,"Severe":26,"Critical":5,"Emergencies":{"Suspected":11,"Total":137,"Severe":7,"Suspected/Accumulated":498,"Total/Accumulated":5602,"Severe/Accumulated":194},"MedicalTests":{"Total":34,"Total/Accumulated":393,"Confirmed/Accumulated":25},"Confirmed":13},"geometry":{"type":"Point","coordinates":[0.7502005172413793,45.100126827586195]}},{"type":"Feature","properties":{"Country/Region":"France","Province/State":"Doubs","Code":"25","Population":{"Total":539449,"Under19":132582,"Under39":130504,"Under59":135120,"Under74":90502,"Over75":50741},"Beds":{"Resuscitation":40,"IntensiveCare":262,"Total":302},"Deaths":65,"Recovered":234,"Severe":190,"Critical":75,"Emergencies":{"Suspected":20,"Total":142,"Severe":15,"Suspected/Accumulated":1069,"Total/Accumulated":6840,"Severe/Accumulated":395},"MedicalActs":{"Suspected":4,"Total":48,"Suspected/Accumulated":297,"Total/Accumulated":4483},"MedicalTests":{"Total":43,"Confirmed":11,"Total/Accumulated":532,"Confirmed/Accumulated":144}},"geometry":{"type":"Point","coordinates":[6.359828136363636,47.17302813636364]}},{"type":"Feature","properties":{"Country/Region":"France","Province/State":"Drôme","Code":"26","Population":{"Total":520560,"Under19":125073,"Under39":110455,"Under59":134338,"Under74":95865,"Over75":54829},"Beds":{"Resuscitation":24,"IntensiveCare":68,"Total":92},"Deaths":73,"Recovered":193,"Severe":230,"Critical":61,"Emergencies":{"Suspected":19,"Total":196,"Severe":8,"Suspected/Accumulated":831,"Total/Accumulated":8883,"Severe/Accumulated":349},"MedicalTests":{"Total":27,"Total/Accumulated":601,"Confirmed/Accumulated":104},"Confirmed":119},"geometry":{"type":"Point","coordinates":[5.213618019801983,44.63170462046205]}},{"type":"Feature","properties":{"Country/Region":"France","Province/State":"Eure","Code":"27","Population":{"Total":600687,"Under19":151745,"Under39":128858,"Under59":160781,"Under74":106586,"Over75":52717},"Beds":{"Resuscitation":12,"IntensiveCare":44,"Total":56},"Deaths":33,"Recovered":47,"Severe":87,"Critical":8,"Emergencies":{"Suspected":8,"Total":118,"Severe":2,"Suspected/Accumulated":163,"Total/Accumulated":5364,"Severe/Accumulated":20},"MedicalTests":{"Total":137,"Confirmed":37,"Total/Accumulated":1440,"Confirmed/Accumulated":306},"Confirmed":71},"geometry":{"type":"Point","coordinates":[0.9927279220779222,49.13064012987015]}},{"type":"Feature","properties":{"Country/Region":"France","Province/State":"Eure-et-Loir","Code":"28","Population":{"Total":429425,"Under19":106266,"Under39":90617,"Under59":113525,"Under74":76422,"Over75":42595},"Beds":{"Resuscitation":20,"IntensiveCare":44,"Total":64},"Deaths":40,"Recovered":144,"Severe":198,"Critical":30,"Emergencies":{"Suspected":10,"Total":176,"Suspected/Accumulated":374,"Total/Accumulated":9369,"Severe/Accumulated":91},"MedicalTests":{"Total":269,"Confirmed":113,"Total/Accumulated":1495,"Confirmed/Accumulated":514},"Confirmed":104},"geometry":{"type":"Point","coordinates":[1.3718229302325597,48.39856558139533]}},{"type":"Feature","properties":{"Country/Region":"France","Province/State":"Finistère","Code":"29","Population":{"Total":906554,"Under19":201332,"Under39":189857,"Under59":237308,"Under74":178715,"Over75":99342},"Beds":{"Resuscitation":66,"IntensiveCare":142,"Total":208},"Deaths":12,"Recovered":78,"Severe":110,"Critical":40,"Emergencies":{"Suspected":8,"Total":417,"Severe":2,"Suspected/Accumulated":256,"Total/Accumulated":18536,"Severe/Accumulated":57},"MedicalActs":{"Suspected":5,"Total":80,"Suspected/Accumulated":224,"Total/Accumulated":5812},"Confirmed":230,"MedicalTests":{"Total/Accumulated":20,"Confirmed/Accumulated":7}},"geometry":{"type":"Point","coordinates":[-4.16814140056023,48.26300924369748]}},{"type":"Feature","properties":{"Country/Region":"France","Province/State":"Gard","Code":"30","Population":{"Total":748468,"Under19":170615,"Under39":154480,"Under59":195429,"Under74":147114,"Over75":80830},"Beds":{"Resuscitation":49,"IntensiveCare":108,"Total":157},"Deaths":22,"Recovered":83,"Severe":108,"Critical":41,"Emergencies":{"Suspected":14,"Total":289,"Severe":1,"Suspected/Accumulated":295,"Total/Accumulated":13640,"Severe/Accumulated":81},"MedicalActs":{"Suspected":12,"Total":54,"Suspected/Accumulated":276,"Total/Accumulated":3063},"MedicalTests":{"Total":306,"Confirmed":35,"Total/Accumulated":2562,"Confirmed/Accumulated":178},"Confirmed":44},"geometry":{"type":"Point","coordinates":[4.0572744791666695,44.00851614583332]}},{"type":"Feature","properties":{"Country/Region":"France","Province/State":"Haute-Garonne","Code":"31","Population":{"Total":1400935,"Under19":335750,"Under39":398589,"Under59":358515,"Under74":197921,"Over75":110160},"Beds":{"Resuscitation":161,"IntensiveCare":430,"Total":591},"Deaths":26,"Recovered":228,"Severe":250,"Critical":97,"Emergencies":{"Suspected":66,"Total":474,"Severe":47,"Suspected/Accumulated":1584,"Total/Accumulated":22055,"Severe/Accumulated":859},"MedicalActs":{"Suspected":12,"Total":87,"Suspected/Accumulated":693,"Total/Accumulated":5499},"MedicalTests":{"Total":400,"Confirmed":12,"Total/Accumulated":2684,"Confirmed/Accumulated":204},"Confirmed":72},"geometry":{"type":"Point","coordinates":[1.1686918356164382,43.33252969863011]}},{"type":"Feature","properties":{"Country/Region":"France","Province/State":"Gers","Code":"32","Population":{"Total":190040,"Under19":37581,"Under39":32714,"Under59":51231,"Under74":41871,"Over75":26643},"Beds":{"Resuscitation":8,"IntensiveCare":8,"Total":16},"Deaths":8,"Recovered":20,"Severe":25,"Critical":4,"Emergencies":{"Suspected":9,"Total":68,"Severe":8,"Suspected/Accumulated":253,"Total/Accumulated":2440,"Severe/Accumulated":165},"MedicalTests":{"Total":48,"Confirmed":4,"Total/Accumulated":571,"Confirmed/Accumulated":75},"Confirmed":14},"geometry":{"type":"Point","coordinates":[0.447782880658436,43.70601049382714]}},{"type":"Feature","properties":{"Country/Region":"France","Province/State":"Gironde","Code":"33","Population":{"Total":1633440,"Under19":380317,"Under39":415128,"Under59":425319,"Under74":267580,"Over75":145096},"Beds":{"Resuscitation":183,"IntensiveCare":262,"Total":445},"Deaths":62,"Recovered":423,"Severe":281,"Critical":81,"Emergencies":{"Suspected":75,"Total":573,"Severe":31,"Suspected/Accumulated":1902,"Total/Accumulated":25812,"Severe/Accumulated":739},"MedicalActs":{"Suspected":31,"Total":423,"Suspected/Accumulated":3132,"Total/Accumulated":30067},"MedicalTests":{"Total":167,"Confirmed":12,"Total/Accumulated":3142,"Confirmed/Accumulated":297},"Confirmed":106},"geometry":{"type":"Point","coordinates":[-0.41644369747899174,44.756299705882356]}},{"type":"Feature","properties":{"Country/Region":"France","Province/State":"Hérault","Code":"34","Population":{"Total":1176145,"Under19":268258,"Under39":286299,"Under59":292794,"Under74":208723,"Over75":120071},"Beds":{"Resuscitation":124,"IntensiveCare":342,"Total":466},"Deaths":70,"Recovered":349,"Severe":212,"Critical":67,"Emergencies":{"Suspected":23,"Total":514,"Severe":5,"Suspected/Accumulated":904,"Total/Accumulated":23562,"Severe/Accumulated":408},"MedicalActs":{"Suspected":8,"Total":43,"Suspected/Accumulated":407,"Total/Accumulated":3877},"MedicalTests":{"Total":883,"Confirmed":23,"Total/Accumulated":9022,"Confirmed/Accumulated":895},"Confirmed":171},"geometry":{"type":"Point","coordinates":[3.2725271495327104,43.601788971962634]}},{"type":"Feature","properties":{"Country/Region":"France","Province/State":"Ille-et-Vilaine","Code":"35","Population":{"Total":1082073,"Under19":274429,"Under39":270693,"Under59":278610,"Under74":165623,"Over75":92718},"Beds":{"Resuscitation":60,"IntensiveCare":224,"Total":284},"Deaths":36,"Recovered":124,"Severe":171,"Critical":42,"Emergencies":{"Suspected":32,"Total":399,"Severe":24,"Suspected/Accumulated":1123,"Total/Accumulated":17565,"Severe/Accumulated":526},"MedicalActs":{"Suspected":6,"Total":111,"Suspected/Accumulated":425,"Total/Accumulated":6192},"MedicalTests":{"Total":3,"Total/Accumulated":59,"Confirmed/Accumulated":7},"Confirmed":208},"geometry":{"type":"Point","coordinates":[-1.7401927338129495,48.18315345323742]}},{"type":"Feature","properties":{"Country/Region":"France","Province/State":"Indre","Code":"36","Population":{"Total":217139,"Under19":42951,"Under39":38506,"Under59":56292,"Under74":48986,"Over75":30404},"Beds":{"Resuscitation":10,"IntensiveCare":18,"Total":28},"Deaths":29,"Recovered":20,"Severe":79,"Critical":9,"Emergencies":{"Suspected":1,"Total":53,"Suspected/Accumulated":49,"Total/Accumulated":3119,"Severe/Accumulated":26},"MedicalTests":{"Total":54,"Confirmed":8,"Total/Accumulated":742,"Confirmed/Accumulated":195},"Confirmed":80},"geometry":{"type":"Point","coordinates":[1.576445147679325,46.764304345991526]}},{"type":"Feature","properties":{"Country/Region":"France","Province/State":"Indre-et-Loire","Code":"37","Population":{"Total":605380,"Under19":142122,"Under39":136574,"Under59":153731,"Under74":108623,"Over75":64330},"Beds":{"Resuscitation":79,"IntensiveCare":116,"Total":195},"Deaths":30,"Recovered":95,"Severe":193,"Critical":61,"Emergencies":{"Suspected":13,"Total":193,"Severe":6,"Suspected/Accumulated":520,"Total/Accumulated":9505,"Severe/Accumulated":205},"MedicalActs":{"Suspected":18,"Total":66,"Suspected/Accumulated":273,"Total/Accumulated":5567},"MedicalTests":{"Total":40,"Confirmed":2,"Total/Accumulated":606,"Confirmed/Accumulated":78},"Confirmed":123},"geometry":{"type":"Point","coordinates":[0.6915947413793099,47.23521443965518]}},{"type":"Feature","properties":{"Country/Region":"France","Province/State":"Isère","Code":"38","Population":{"Total":1264979,"Under19":319977,"Under39":298730,"Under59":332378,"Under74":201842,"Over75":112052},"Beds":{"Resuscitation":74,"IntensiveCare":178,"Total":252},"Deaths":41,"Recovered":201,"Severe":249,"Critical":56,"Emergencies":{"Suspected":40,"Total":481,"Severe":12,"Suspected/Accumulated":1072,"Total/Accumulated":23245,"Severe/Accumulated":368},"MedicalActs":{"Suspected":12,"Total":120,"Suspected/Accumulated":796,"Total/Accumulated":6691},"MedicalTests":{"Total":26,"Confirmed":12,"Total/Accumulated":1261,"Confirmed/Accumulated":125},"Confirmed":190},"geometry":{"type":"Point","coordinates":[5.557470704225359,45.27668616197182]}},{"type":"Feature","properties":{"Country/Region":"France","Province/State":"Jura","Code":"39","Population":{"Total":257849,"Under19":57639,"Under39":51064,"Under59":68521,"Under74":50575,"Over75":30050},"Beds":{"Resuscitation":8,"IntensiveCare":18,"Total":26},"Deaths":24,"Recovered":60,"Severe":111,"Critical":16,"Emergencies":{"Suspected":16,"Total":139,"Severe":4,"Suspected/Accumulated":442,"Total/Accumulated":5667,"Severe/Accumulated":183},"MedicalTests":{"Total":193,"Confirmed":36,"Total/Accumulated":399,"Confirmed/Accumulated":85}},"geometry":{"type":"Point","coordinates":[5.6395758823529425,46.756161447963784]}},{"type":"Feature","properties":{"Country/Region":"France","Province/State":"Landes","Code":"40","Population":{"Total":411979,"Under19":85144,"Under39":78495,"Under59":112191,"Under74":86896,"Over75":49253},"Beds":{"Resuscitation":14,"IntensiveCare":32,"Total":46},"Deaths":9,"Recovered":31,"Severe":25,"Critical":13,"Emergencies":{"Suspected":11,"Total":130,"Severe":9,"Suspected/Accumulated":298,"Total/Accumulated":5264,"Severe/Accumulated":173},"MedicalTests":{"Total":7,"Total/Accumulated":292,"Confirmed/Accumulated":18},"Confirmed":20},"geometry":{"type":"Point","coordinates":[-0.5772234449760769,43.8801859808612]}},{"type":"Feature","properties":{"Country/Region":"France","Province/State":"Loir-et-Cher","Code":"41","Population":{"Total":327835,"Under19":72953,"Under39":62903,"Under59":86073,"Under74":65923,"Over75":39983},"Beds":{"Resuscitation":12,"IntensiveCare":16,"Total":28},"Deaths":18,"Recovered":58,"Severe":93,"Critical":17,"Emergencies":{"Suspected":8,"Total":146,"Severe":3,"Suspected/Accumulated":304,"Total/Accumulated":6623,"Severe/Accumulated":32},"MedicalTests":{"Total":16,"Confirmed":2,"Total/Accumulated":207,"Confirmed/Accumulated":38},"Confirmed":55},"geometry":{"type":"Point","coordinates":[1.3938662132352944,47.653275698529406]}},{"type":"Feature","properties":{"Country/Region":"France","Province/State":"Loire","Code":"42","Population":{"Total":764737,"Under19":186049,"Under39":167975,"Under59":190702,"Under74":136240,"Over75":83771},"Beds":{"Resuscitation":70,"IntensiveCare":120,"Total":190},"Deaths":101,"Recovered":299,"Severe":464,"Critical":101,"Emergencies":{"Suspected":50,"Total":403,"Severe":20,"Suspected/Accumulated":1030,"Total/Accumulated":18623,"Severe/Accumulated":623},"MedicalActs":{"Suspected":7,"Total":87,"Suspected/Accumulated":294,"Total/Accumulated":4599},"MedicalTests":{"Total":7,"Confirmed":1,"Total/Accumulated":87,"Confirmed/Accumulated":13},"Confirmed":363},"geometry":{"type":"Point","coordinates":[4.189998267716536,45.74292366141733]}},{"type":"Feature","properties":{"Country/Region":"France","Province/State":"Haute-Loire","Code":"43","Population":{"Total":226901,"Under19":49659,"Under39":43248,"Under59":60903,"Under74":46857,"Over75":26234},"Beds":{"Resuscitation":8,"IntensiveCare":20,"Total":28},"Deaths":5,"Recovered":45,"Severe":24,"Critical":7,"Emergencies":{"Total":16,"Suspected/Accumulated":9,"Total/Accumulated":786,"Severe/Accumulated":3},"MedicalTests":{"Total":11,"Confirmed":1,"Total/Accumulated":240,"Confirmed/Accumulated":20},"Confirmed":23},"geometry":{"type":"Point","coordinates":[3.7869054017857136,45.15054486607143]}},{"type":"Feature","properties":{"Country/Region":"France","Province/State":"Loire-Atlantique","Code":"44","Population":{"Total":1437137,"Under19":363681,"Under39":357664,"Under59":368059,"Under74":227458,"Over75":120275},"Beds":{"Resuscitation":77,"IntensiveCare":262,"Total":339},"Deaths":60,"Recovered":210,"Severe":289,"Critical":70,"Emergencies":{"Suspected":42,"Total":386,"Severe":30,"Suspected/Accumulated":1416,"Total/Accumulated":15289,"Severe/Accumulated":659},"MedicalActs":{"Suspected":27,"Total":313,"Suspected/Accumulated":1919,"Total/Accumulated":18883},"MedicalTests":{"Total":5,"Total/Accumulated":354,"Confirmed/Accumulated":38},"Confirmed":633},"geometry":{"type":"Point","coordinates":[-1.6902253409090902,47.33230598484852]}},{"type":"Feature","properties":{"Country/Region":"France","Province/State":"Loiret","Code":"45","Population":{"Total":682890,"Under19":172345,"Under39":155348,"Under59":174617,"Under74":115984,"Over75":64596},"Beds":{"Resuscitation":47,"IntensiveCare":120,"Total":167},"Deaths":34,"Recovered":181,"Severe":265,"Critical":79,"Emergencies":{"Suspected":14,"Total":240,"Severe":9,"Suspected/Accumulated":555,"Total/Accumulated":11228,"Severe/Accumulated":283},"MedicalActs":{"Suspected":1,"Total":23,"Suspected/Accumulated":128,"Total/Accumulated":1727},"MedicalTests":{"Total":137,"Confirmed":15,"Total/Accumulated":1712,"Confirmed/Accumulated":295},"Confirmed":258},"geometry":{"type":"Point","coordinates":[2.383405222672066,47.91302979757084]}},{"type":"Feature","properties":{"Country/Region":"France","Province/State":"Lot","Code":"46","Population":{"Total":173166,"Under19":31861,"Under39":29365,"Under59":44533,"Under74":41623,"Over75":25784},"Beds":{"Resuscitation":8,"IntensiveCare":8,"Total":16},"Deaths":2,"Recovered":49,"Severe":18,"Critical":8,"Emergencies":{"Suspected":12,"Total":93,"Severe":4,"Suspected/Accumulated":72,"Total/Accumulated":3410,"Severe/Accumulated":33},"MedicalTests":{"Total":6,"Total/Accumulated":147,"Confirmed/Accumulated":17},"Confirmed":4},"geometry":{"type":"Point","coordinates":[1.5901290212765966,44.59231876595746]}},{"type":"Feature","properties":{"Country/Region":"France","Province/State":"Lot-et-Garonne","Code":"47","Population":{"Total":330336,"Under19":69990,"Under39":64149,"Under59":84272,"Under74":68912,"Over75":43013},"Beds":{"Resuscitation":11,"IntensiveCare":36,"Total":47},"Deaths":4,"Recovered":17,"Severe":28,"Critical":6,"Emergencies":{"Suspected":11,"Total":148,"Severe":5,"Suspected/Accumulated":693,"Total/Accumulated":6921,"Severe/Accumulated":146},"MedicalTests":{"Total":13,"Total/Accumulated":268,"Confirmed/Accumulated":11},"Confirmed":65},"geometry":{"type":"Point","coordinates":[0.4871552444444442,44.39576413333333]}},{"type":"Feature","properties":{"Country/Region":"France","Province/State":"Lozère","Code":"48","Population":{"Total":76286,"Under19":15582,"Under39":14895,"Under59":20255,"Under74":15962,"Over75":9592},"Beds":{"Resuscitation":3,"IntensiveCare":0,"Total":3},"Recovered":11,"Severe":6,"Critical":1,"Emergencies":{"Total":26,"Suspected/Accumulated":36,"Total/Accumulated":1020,"Severe/Accumulated":6},"Confirmed":8,"MedicalTests":{"Total/Accumulated":33,"Confirmed/Accumulated":2}},"geometry":{"type":"Point","coordinates":[3.494722131979694,44.51333609137059]}},{"type":"Feature","properties":{"Country/Region":"France","Province/State":"Maine-et-Loire","Code":"49","Population":{"Total":815881,"Under19":204162,"Under39":184600,"Under59":204421,"Under74":138603,"Over75":84095},"Beds":{"Resuscitation":61,"IntensiveCare":196,"Total":257},"Deaths":49,"Recovered":233,"Severe":194,"Critical":54,"Emergencies":{"Suspected":28,"Total":262,"Severe":19,"Suspected/Accumulated":943,"Total/Accumulated":11577,"Severe/Accumulated":347},"Confirmed":222,"MedicalTests":{"Total/Accumulated":58,"Confirmed/Accumulated":8}},"geometry":{"type":"Point","coordinates":[-0.6000336862745095,47.406434431372546]}},{"type":"Feature","properties":{"Country/Region":"France","Province/State":"Manche","Code":"50","Population":{"Total":490669,"Under19":105402,"Under39":96439,"Under59":126734,"Under74":101121,"Over75":60973},"Beds":{"Resuscitation":28,"IntensiveCare":52,"Total":80},"Deaths":19,"Recovered":46,"Severe":79,"Critical":23,"Emergencies":{"Suspected":10,"Total":208,"Severe":9,"Suspected/Accumulated":257,"Total/Accumulated":10158,"Severe/Accumulated":193},"MedicalActs":{"Suspected":7,"Total":45,"Suspected/Accumulated":324,"Total/Accumulated":4300},"MedicalTests":{"Total":107,"Confirmed":8,"Total/Accumulated":781,"Confirmed/Accumulated":81},"Confirmed":107},"geometry":{"type":"Point","coordinates":[-1.3097769083969464,49.05127938931302]}},{"type":"Feature","properties":{"Country/Region":"France","Province/State":"Marne","Code":"51","Population":{"Total":563823,"Under19":136695,"Under39":137533,"Under59":142415,"Under74":97015,"Over75":50165},"Beds":{"Resuscitation":54,"IntensiveCare":78,"Total":132},"Deaths":118,"Recovered":389,"Severe":392,"Critical":60,"Emergencies":{"Suspected":13,"Total":195,"Severe":9,"Suspected/Accumulated":493,"Total/Accumulated":9140,"Severe/Accumulated":222},"MedicalActs":{"Suspected":2,"Total":22,"Suspected/Accumulated":132,"Total/Accumulated":1423},"MedicalTests":{"Total":89,"Confirmed":14,"Total/Accumulated":1035,"Confirmed/Accumulated":259},"Confirmed":37},"geometry":{"type":"Point","coordinates":[4.209888097014927,48.936171417910444]}},{"type":"Feature","properties":{"Country/Region":"France","Province/State":"Haute-Marne","Code":"52","Population":{"Total":169250,"Under19":34865,"Under39":34065,"Under59":44268,"Under74":35981,"Over75":20071},"Beds":{"Resuscitation":8,"IntensiveCare":12,"Total":20},"Deaths":37,"Recovered":72,"Severe":100,"Critical":19,"Emergencies":{"Suspected":11,"Total":73,"Severe":5,"Suspected/Accumulated":428,"Total/Accumulated":3673,"Severe/Accumulated":123},"MedicalTests":{"Total":7,"Confirmed":2,"Total/Accumulated":111,"Confirmed/Accumulated":29},"Confirmed":7},"geometry":{"type":"Point","coordinates":[5.203108577075099,48.126414822134386]}},{"type":"Feature","properties":{"Country/Region":"France","Province/State":"Mayenne","Code":"53","Population":{"Total":305365,"Under19":74868,"Under39":61839,"Under59":78619,"Under74":55705,"Over75":34334},"Beds":{"Resuscitation":8,"IntensiveCare":16,"Total":24},"Deaths":17,"Recovered":30,"Severe":74,"Critical":14,"Emergencies":{"Suspected":13,"Total":70,"Severe":9,"Suspected/Accumulated":243,"Total/Accumulated":2272,"Severe/Accumulated":92},"MedicalTests":{"Total":7,"Confirmed":1,"Total/Accumulated":23,"Confirmed/Accumulated":3},"Confirmed":182},"geometry":{"type":"Point","coordinates":[-0.6361607305936071,48.153668493150704]}},{"type":"Feature","properties":{"Country/Region":"France","Province/State":"Meurthe-et-Moselle","Code":"54","Population":{"Total":730398,"Under19":170693,"Under39":185629,"Under59":182526,"Under74":124808,"Over75":66742},"Beds":{"Resuscitation":83,"IntensiveCare":172,"Total":255},"Deaths":163,"Recovered":378,"Severe":508,"Critical":151,"Emergencies":{"Suspected":28,"Total":241,"Severe":17,"Suspected/Accumulated":894,"Total/Accumulated":11741,"Severe/Accumulated":428},"MedicalActs":{"Suspected":18,"Total":95,"Suspected/Accumulated":612,"Total/Accumulated":5746},"MedicalTests":{"Total":128,"Confirmed":16,"Total/Accumulated":1018,"Confirmed/Accumulated":145},"Confirmed":85},"geometry":{"type":"Point","coordinates":[6.092894571428565,48.892416158730185]}},{"type":"Feature","properties":{"Country/Region":"France","Province/State":"Meuse","Code":"55","Population":{"Total":181641,"Under19":40375,"Under39":37641,"Under59":47696,"Under74":36898,"Over75":19031},"Beds":{"Resuscitation":8,"IntensiveCare":20,"Total":28},"Deaths":42,"Recovered":174,"Severe":154,"Critical":24,"Emergencies":{"Suspected":8,"Total":67,"Severe":3,"Suspected/Accumulated":275,"Total/Accumulated":3063,"Severe/Accumulated":130},"MedicalTests":{"Total":44,"Confirmed":6,"Total/Accumulated":257,"Confirmed/Accumulated":47},"Confirmed":18},"geometry":{"type":"Point","coordinates":[5.380316626506025,49.03635373493975]}},{"type":"Feature","properties":{"Country/Region":"France","Province/State":"Morbihan","Code":"56","Population":{"Total":755566,"Under19":166653,"Under39":145287,"Under59":197813,"Under74":159285,"Over75":86528},"Beds":{"Resuscitation":22,"IntensiveCare":64,"Total":86},"Deaths":56,"Recovered":175,"Severe":139,"Critical":34,"Emergencies":{"Suspected":11,"Total":280,"Severe":6,"Suspected/Accumulated":1474,"Total/Accumulated":12505,"Severe/Accumulated":181},"MedicalActs":{"Suspected":5,"Total":31,"Suspected/Accumulated":79,"Total/Accumulated":2864},"MedicalTests":{"Total":1,"Total/Accumulated":21,"Confirmed/Accumulated":2},"Confirmed":313},"geometry":{"type":"Point","coordinates":[-2.8780210594315263,47.764317932816574]}},{"type":"Feature","properties":{"Country/Region":"France","Province/State":"Moselle","Code":"57","Population":{"Total":1035866,"Under19":229681,"Under39":243525,"Under59":278966,"Under74":186864,"Over75":96830},"Beds":{"Resuscitation":88,"IntensiveCare":112,"Total":200},"Deaths":452,"Recovered":788,"Severe":1052,"Critical":160,"Emergencies":{"Suspected":46,"Total":388,"Severe":31,"Suspected/Accumulated":3009,"Total/Accumulated":21884,"Severe/Accumulated":1331},"MedicalTests":{"Total":8,"Total/Accumulated":1810,"Confirmed/Accumulated":464},"Confirmed":295},"geometry":{"type":"Point","coordinates":[6.73973678343949,49.04168831210189]}},{"type":"Feature","properties":{"Country/Region":"France","Province/State":"Nièvre","Code":"58","Population":{"Total":199596,"Under19":38191,"Under39":34484,"Under59":50426,"Under74":47745,"Over75":28750},"Beds":{"Resuscitation":12,"IntensiveCare":32,"Total":44},"Deaths":7,"Recovered":13,"Severe":48,"Critical":10,"Emergencies":{"Suspected":16,"Total":103,"Severe":5,"Suspected/Accumulated":454,"Total/Accumulated":5390,"Severe/Accumulated":209},"MedicalTests":{"Total":40,"Confirmed":4,"Total/Accumulated":586,"Confirmed/Accumulated":99},"Confirmed":2},"geometry":{"type":"Point","coordinates":[3.547376999999999,47.143300999999994]}},{"type":"Feature","properties":{"Country/Region":"France","Province/State":"Nord","Code":"59","Population":{"Total":2588988,"Under19":675470,"Under39":665053,"Under59":646791,"Under74":405380,"Over75":196294},"Beds":{"Resuscitation":225,"IntensiveCare":698,"Total":923},"Deaths":228,"Recovered":634,"Severe":937,"Critical":270,"Emergencies":{"Suspected":136,"Total":1163,"Severe":48,"Suspected/Accumulated":3567,"Total/Accumulated":53029,"Severe/Accumulated":1211},"MedicalActs":{"Suspected":19,"Total":173,"Suspected/Accumulated":1074,"Total/Accumulated":18745},"MedicalTests":{"Total":107,"Confirmed":19,"Total/Accumulated":1313,"Confirmed/Accumulated":269},"Confirmed":39},"geometry":{"type":"Point","coordinates":[3.1893953197674403,50.453616308139516]}},{"type":"Feature","properties":{"Country/Region":"France","Province/State":"Oise","Code":"60","Population":{"Total":825077,"Under19":214776,"Under39":193026,"Under59":221783,"Under74":134365,"Over75":61127},"Beds":{"Resuscitation":36,"IntensiveCare":92,"Total":128},"Deaths":196,"Recovered":409,"Severe":434,"Critical":70,"Emergencies":{"Suspected":22,"Total":143,"Severe":10,"Suspected/Accumulated":336,"Total/Accumulated":5756,"Severe/Accumulated":147},"MedicalTests":{"Total":226,"Confirmed":63,"Total/Accumulated":2533,"Confirmed/Accumulated":884},"Confirmed":210},"geometry":{"type":"Point","coordinates":[2.463008007117438,49.41459999999999]}},{"type":"Feature","properties":{"Country/Region":"France","Province/State":"Orne","Code":"61","Population":{"Total":276903,"Under19":59830,"Under39":51781,"Under59":70741,"Under74":58679,"Over75":35872},"Beds":{"Resuscitation":16,"IntensiveCare":24,"Total":40},"Deaths":14,"Recovered":89,"Severe":75,"Critical":13,"Emergencies":{"Suspected":10,"Total":127,"Severe":1,"Suspected/Accumulated":197,"Total/Accumulated":6438,"Severe/Accumulated":25},"MedicalTests":{"Total":31,"Confirmed":3,"Total/Accumulated":468,"Confirmed/Accumulated":48},"Confirmed":28},"geometry":{"type":"Point","coordinates":[0.01997467181467186,48.611762664092666]}},{"type":"Feature","properties":{"Country/Region":"France","Province/State":"Pas-de-Calais","Code":"62","Population":{"Total":1452778,"Under19":367229,"Under39":336274,"Under59":374200,"Under74":255788,"Over75":119287},"Beds":{"Resuscitation":85,"IntensiveCare":274,"Total":359},"Deaths":92,"Recovered":334,"Severe":446,"Critical":104,"Emergencies":{"Suspected":22,"Total":339,"Severe":3,"Suspected/Accumulated":544,"Total/Accumulated":12181,"Severe/Accumulated":122},"MedicalTests":{"Total":150,"Confirmed":31,"Total/Accumulated":1205,"Confirmed/Accumulated":246},"Confirmed":8},"geometry":{"type":"Point","coordinates":[2.4712310954063605,50.40984130742051]}},{"type":"Feature","properties":{"Country/Region":"France","Province/State":"Puy-de-Dôme","Code":"63","Population":{"Total":660240,"Under19":147680,"Under39":153022,"Under59":169492,"Under74":122442,"Over75":67604},"Beds":{"Resuscitation":77,"IntensiveCare":104,"Total":181},"Deaths":15,"Recovered":77,"Severe":73,"Critical":34,"Emergencies":{"Suspected":11,"Total":114,"Severe":4,"Suspected/Accumulated":334,"Total/Accumulated":4790,"Severe/Accumulated":157},"MedicalActs":{"Suspected":6,"Total":66,"Suspected/Accumulated":178,"Total/Accumulated":3676},"MedicalTests":{"Total":143,"Confirmed":10,"Total/Accumulated":2000,"Confirmed/Accumulated":149},"Confirmed":105},"geometry":{"type":"Point","coordinates":[3.143235039370079,45.73685830708661]}},{"type":"Feature","properties":{"Country/Region":"France","Province/State":"Pyrénées-Atlantiques","Code":"64","Population":{"Total":683169,"Under19":144945,"Under39":141910,"Under59":182850,"Under74":130868,"Over75":82596},"Beds":{"Resuscitation":35,"IntensiveCare":110,"Total":145},"Deaths":16,"Recovered":86,"Severe":97,"Critical":28,"Emergencies":{"Suspected":9,"Total":290,"Severe":5,"Suspected/Accumulated":517,"Total/Accumulated":12135,"Severe/Accumulated":177},"MedicalActs":{"Suspected":20,"Total":161,"Suspected/Accumulated":1099,"Total/Accumulated":11043},"MedicalTests":{"Total":120,"Confirmed":6,"Total/Accumulated":1230,"Confirmed/Accumulated":102},"Confirmed":41},"geometry":{"type":"Point","coordinates":[-0.7610906397306391,43.26238828282827]}},{"type":"Feature","properties":{"Country/Region":"France","Province/State":"Hautes-Pyrénées","Code":"65","Population":{"Total":226839,"Under19":44839,"Under39":42373,"Under59":59329,"Under74":49523,"Over75":30775},"Beds":{"Resuscitation":12,"IntensiveCare":44,"Total":56},"Deaths":7,"Recovered":43,"Severe":68,"Critical":6,"Emergencies":{"Suspected":2,"Total":49,"Severe":1,"Suspected/Accumulated":36,"Total/Accumulated":3024,"Severe/Accumulated":15},"MedicalTests":{"Total":58,"Confirmed":2,"Total/Accumulated":622,"Confirmed/Accumulated":85},"Confirmed":11},"geometry":{"type":"Point","coordinates":[0.15248105932203385,43.134416483050856]}},{"type":"Feature","properties":{"Country/Region":"France","Province/State":"Pyrénées-Orientales","Code":"66","Population":{"Total":479000,"Under19":102236,"Under39":93899,"Under59":121501,"Under74":99671,"Over75":61693},"Beds":{"Resuscitation":32,"IntensiveCare":64,"Total":96},"Deaths":20,"Recovered":182,"Severe":79,"Critical":33,"Emergencies":{"Suspected":9,"Total":219,"Severe":3,"Suspected/Accumulated":270,"Total/Accumulated":9839,"Severe/Accumulated":127},"MedicalActs":{"Suspected":2,"Total":71,"Suspected/Accumulated":356,"Total/Accumulated":4352},"MedicalTests":{"Total":89,"Confirmed":2,"Total/Accumulated":479,"Confirmed/Accumulated":22},"Confirmed":35},"geometry":{"type":"Point","coordinates":[2.4354706043956034,42.554231208791215]}},{"type":"Feature","properties":{"Country/Region":"France","Province/State":"Bas-Rhin","Code":"67","Population":{"Total":1132607,"Under19":258105,"Under39":285390,"Under59":300661,"Under74":188150,"Over75":100301},"Beds":{"Resuscitation":122,"IntensiveCare":208,"Total":330},"Deaths":343,"Recovered":942,"Severe":1106,"Critical":266,"Emergencies":{"Suspected":26,"Total":262,"Severe":14,"Suspected/Accumulated":1793,"Total/Accumulated":14168,"Severe/Accumulated":1132},"MedicalActs":{"Suspected":52,"Total":407,"Suspected/Accumulated":1871,"Total/Accumulated":13347},"Confirmed":376,"MedicalTests":{"Total/Accumulated":1143,"Confirmed/Accumulated":314}},"geometry":{"type":"Point","coordinates":[7.447409099526063,48.70509469194314]}},{"type":"Feature","properties":{"Country/Region":"France","Province/State":"Haut-Rhin","Code":"68","Population":{"Total":763204,"Under19":175817,"Under39":172286,"Under59":209152,"Under74":134185,"Over75":71764},"Beds":{"Resuscitation":70,"IntensiveCare":136,"Total":206},"Deaths":570,"Recovered":1206,"Severe":1023,"Critical":132,"Emergencies":{"Suspected":27,"Total":223,"Severe":11,"Suspected/Accumulated":2481,"Total/Accumulated":12912,"Severe/Accumulated":1587},"MedicalActs":{"Suspected":16,"Total":122,"Suspected/Accumulated":1273,"Total/Accumulated":4991},"MedicalTests":{"Total":11,"Confirmed":4,"Total/Accumulated":2391,"Confirmed/Accumulated":778},"Confirmed":700},"geometry":{"type":"Point","coordinates":[7.263731571428571,47.83921192857142]}},{"type":"Feature","properties":{"Country/Region":"France","Province/State":"Rhône","Code":"69","Population":{"Total":1876051,"Under19":478142,"Under39":523161,"Under59":455898,"Under74":259877,"Over75":158973},"Beds":{"Resuscitation":192,"IntensiveCare":422,"Total":614},"Deaths":295,"Recovered":968,"Severe":1194,"Critical":258,"Emergencies":{"Suspected":105,"Total":697,"Severe":53,"Suspected/Accumulated":3622,"Total/Accumulated":33923,"Severe/Accumulated":1672},"MedicalActs":{"Suspected":40,"Total":269,"Suspected/Accumulated":1961,"Total/Accumulated":13305},"MedicalTests":{"Total":84,"Confirmed":13,"Total/Accumulated":1240,"Confirmed/Accumulated":242},"Confirmed":532},"geometry":{"type":"Point","coordinates":[4.660707512690354,45.8811785786802]}},{"type":"Feature","properties":{"Country/Region":"France","Province/State":"Haute-Saône","Code":"70","Population":{"Total":233194,"Under19":52426,"Under39":45311,"Under59":62843,"Under74":47643,"Over75":24971},"Beds":{"Resuscitation":12,"IntensiveCare":24,"Total":36},"Deaths":47,"Recovered":98,"Severe":89,"Critical":17,"Emergencies":{"Suspected":17,"Total":76,"Severe":9,"Suspected/Accumulated":635,"Total/Accumulated":3966,"Severe/Accumulated":353},"MedicalTests":{"Total":54,"Confirmed":12,"Total/Accumulated":660,"Confirmed/Accumulated":173}},"geometry":{"type":"Point","coordinates":[6.0410172972972935,47.62793234234234]}},{"type":"Feature","properties":{"Country/Region":"France","Province/State":"Saône-et-Loire","Code":"71","Population":{"Total":547824,"Under19":117389,"Under39":104206,"Under59":141715,"Under74":114530,"Over75":69984},"Beds":{"Resuscitation":26,"IntensiveCare":44,"Total":70},"Deaths":89,"Recovered":234,"Severe":184,"Critical":36,"Emergencies":{"Suspected":61,"Total":257,"Severe":30,"Suspected/Accumulated":1873,"Total/Accumulated":11884,"Severe/Accumulated":786},"MedicalTests":{"Total":107,"Confirmed":12,"Total/Accumulated":1238,"Confirmed/Accumulated":165}},"geometry":{"type":"Point","coordinates":[4.528318691588785,46.63876112149533]}},{"type":"Feature","properties":{"Country/Region":"France","Province/State":"Sarthe","Code":"72","Population":{"Total":560227,"Under19":135636,"Under39":116946,"Under59":143032,"Under74":103587,"Over75":61026},"Beds":{"Resuscitation":17,"IntensiveCare":54,"Total":71},"Deaths":24,"Recovered":115,"Severe":143,"Critical":21,"Emergencies":{"Suspected":40,"Total":241,"Severe":20,"Suspected/Accumulated":1128,"Total/Accumulated":10694,"Severe/Accumulated":552},"MedicalTests":{"Total":1,"Total/Accumulated":17,"Confirmed/Accumulated":2},"Confirmed":422},"geometry":{"type":"Point","coordinates":[0.1986467741935485,47.9763005529954]}},{"type":"Feature","properties":{"Country/Region":"France","Province/State":"Savoie","Code":"73","Population":{"Total":432548,"Under19":98346,"Under39":96013,"Under59":117417,"Under74":76722,"Over75":44050},"Beds":{"Resuscitation":18,"IntensiveCare":36,"Total":54},"Deaths":23,"Recovered":178,"Severe":118,"Critical":23,"Emergencies":{"Suspected":11,"Total":104,"Severe":7,"Suspected/Accumulated":293,"Total/Accumulated":6158,"Severe/Accumulated":147},"MedicalActs":{"Suspected":8,"Total":43,"Suspected/Accumulated":393,"Total/Accumulated":3637},"MedicalTests":{"Total":21,"Confirmed":2,"Total/Accumulated":216,"Confirmed/Accumulated":35},"Confirmed":114},"geometry":{"type":"Point","coordinates":[6.4038603585657325,45.50301760956176]}},{"type":"Feature","properties":{"Country/Region":"France","Province/State":"Haute-Savoie","Code":"74","Population":{"Total":828405,"Under19":203837,"Under39":209477,"Under59":227355,"Under74":122439,"Over75":65297},"Beds":{"Resuscitation":34,"IntensiveCare":82,"Total":116},"Deaths":78,"Recovered":354,"Severe":282,"Critical":76,"Emergencies":{"Suspected":53,"Total":404,"Severe":19,"Suspected/Accumulated":1444,"Total/Accumulated":19951,"Severe/Accumulated":514},"MedicalActs":{"Suspected":11,"Total":66,"Suspected/Accumulated":554,"Total/Accumulated":4976},"MedicalTests":{"Total":148,"Confirmed":43,"Total/Accumulated":1766,"Confirmed/Accumulated":457},"Confirmed":310},"geometry":{"type":"Point","coordinates":[6.452374226804124,46.01403216494844]}},{"type":"Feature","properties":{"Country/Region":"France","Province/State":"Paris","Code":"75","Population":{"Total":2148271,"Under19":406652,"Under39":718825,"Under59":536676,"Under74":311978,"Over75":174140},"Beds":{"Resuscitation":389,"IntensiveCare":1082,"Total":1471},"Deaths":839,"Recovered":2005,"Severe":3181,"Critical":841,"Emergencies":{"Suspected":260,"Total":888,"Severe":94,"Suspected/Accumulated":10526,"Total/Accumulated":45584,"Severe/Accumulated":3021},"MedicalActs":{"Suspected":60,"Total":428,"Suspected/Accumulated":4670,"Total/Accumulated":33201},"MedicalTests":{"Total":623,"Confirmed":188,"Total/Accumulated":8666,"Confirmed/Accumulated":3088},"Confirmed":126},"geometry":{"type":"Point","coordinates":[2.3550152173913044,48.8535647826087]}},{"type":"Feature","properties":{"Country/Region":"France","Province/State":"Seine-Maritime","Code":"76","Population":{"Total":1243788,"Under19":303968,"Under39":294607,"Under59":310458,"Under74":218116,"Over75":116639},"Beds":{"Resuscitation":93,"IntensiveCare":300,"Total":393},"Deaths":90,"Recovered":258,"Severe":335,"Critical":107,"Emergencies":{"Suspected":28,"Total":582,"Severe":16,"Suspected/Accumulated":937,"Total/Accumulated":26859,"Severe/Accumulated":298},"MedicalActs":{"Suspected":5,"Total":54,"Suspected/Accumulated":272,"Total/Accumulated":3363},"MedicalTests":{"Total":154,"Confirmed":32,"Total/Accumulated":1572,"Confirmed/Accumulated":299},"Confirmed":233},"geometry":{"type":"Point","coordinates":[1.114674462365592,49.5942889784946]}},{"type":"Feature","properties":{"Country/Region":"France","Province/State":"Seine-et-Marne","Code":"77","Population":{"Total":1423607,"Under19":392025,"Under39":357752,"Under59":382068,"Under74":199768,"Over75":91994},"Beds":{"Resuscitation":77,"IntensiveCare":100,"Total":177},"Deaths":213,"Recovered":779,"Severe":782,"Critical":208,"Emergencies":{"Suspected":50,"Total":344,"Severe":28,"Suspected/Accumulated":2194,"Total/Accumulated":17758,"Severe/Accumulated":962},"MedicalActs":{"Suspected":12,"Total":112,"Suspected/Accumulated":1048,"Total/Accumulated":9421},"MedicalTests":{"Total":397,"Confirmed":133,"Total/Accumulated":3012,"Confirmed/Accumulated":1066},"Confirmed":42},"geometry":{"type":"Point","coordinates":[2.9385241532258073,48.61862185483869]}},{"type":"Feature","properties":{"Country/Region":"France","Province/State":"Yvelines","Code":"78","Population":{"Total":1448625,"Under19":385814,"Under39":341694,"Under59":394186,"Under74":209492,"Over75":117439},"Beds":{"Resuscitation":84,"IntensiveCare":204,"Total":288},"Deaths":250,"Recovered":685,"Severe":1042,"Critical":191,"Emergencies":{"Suspected":88,"Total":449,"Severe":35,"Suspected/Accumulated":2053,"Total/Accumulated":24498,"Severe/Accumulated":718},"MedicalActs":{"Suspected":18,"Total":82,"Suspected/Accumulated":937,"Total/Accumulated":6462},"MedicalTests":{"Total":207,"Confirmed":72,"Total/Accumulated":2256,"Confirmed/Accumulated":788},"Confirmed":70},"geometry":{"type":"Point","coordinates":[1.8294258823529415,48.80823257352944]}},{"type":"Feature","properties":{"Country/Region":"France","Province/State":"Deux-Sèvres","Code":"79","Population":{"Total":372627,"Under19":85106,"Under39":73604,"Under59":98839,"Under74":72067,"Over75":43011},"Beds":{"Resuscitation":8,"IntensiveCare":36,"Total":44},"Deaths":9,"Recovered":27,"Severe":38,"Critical":12,"Emergencies":{"Suspected":8,"Total":155,"Severe":1,"Suspected/Accumulated":231,"Total/Accumulated":6656,"Severe/Accumulated":77},"Confirmed":11,"MedicalTests":{"Total/Accumulated":20,"Confirmed/Accumulated":4}},"geometry":{"type":"Point","coordinates":[-0.29978133828996273,46.53994301115242]}},{"type":"Feature","properties":{"Country/Region":"France","Province/State":"Somme","Code":"80","Population":{"Total":569769,"Under19":138211,"Under39":134953,"Under59":144752,"Under74":100734,"Over75":51119},"Beds":{"Resuscitation":58,"IntensiveCare":164,"Total":222},"Deaths":110,"Recovered":233,"Severe":359,"Critical":76,"Emergencies":{"Suspected":28,"Total":271,"Severe":14,"Suspected/Accumulated":1103,"Total/Accumulated":11553,"Severe/Accumulated":460},"MedicalActs":{"Suspected":25,"Total":107,"Suspected/Accumulated":1114,"Total/Accumulated":8867},"MedicalTests":{"Total":92,"Confirmed":15,"Total/Accumulated":981,"Confirmed/Accumulated":288},"Confirmed":54},"geometry":{"type":"Point","coordinates":[2.3486719850187256,49.97418277153558]}},{"type":"Feature","properties":{"Country/Region":"France","Province/State":"Tarn","Code":"81","Population":{"Total":387898,"Under19":84873,"Under39":74511,"Under59":102349,"Under74":77279,"Over75":48886},"Beds":{"Resuscitation":24,"IntensiveCare":70,"Total":94},"Deaths":9,"Recovered":49,"Severe":45,"Critical":20,"Emergencies":{"Suspected":12,"Total":185,"Severe":4,"Suspected/Accumulated":338,"Total/Accumulated":7693,"Severe/Accumulated":98},"MedicalTests":{"Total":67,"Confirmed":6,"Total/Accumulated":335,"Confirmed/Accumulated":29},"Confirmed":14},"geometry":{"type":"Point","coordinates":[2.1808796818181815,43.78627254545453]}},{"type":"Feature","properties":{"Country/Region":"France","Province/State":"Tarn-et-Garonne","Code":"82","Population":{"Total":262618,"Under19":63559,"Under39":53023,"Under59":70354,"Under74":48046,"Over75":27636},"Beds":{"Resuscitation":18,"IntensiveCare":40,"Total":58},"Deaths":3,"Recovered":11,"Severe":19,"Critical":10,"Emergencies":{"Total":94,"Suspected/Accumulated":579,"Total/Accumulated":4578,"Severe/Accumulated":202},"MedicalTests":{"Total":39,"Total/Accumulated":831,"Confirmed/Accumulated":56},"Confirmed":11},"geometry":{"type":"Point","coordinates":[1.3350866094420606,44.1164032618026]}},{"type":"Feature","properties":{"Country/Region":"France","Province/State":"Var","Code":"83","Population":{"Total":1073836,"Under19":224216,"Under39":215361,"Under59":276842,"Under74":218239,"Over75":139178},"Beds":{"Resuscitation":60,"IntensiveCare":84,"Total":144},"Deaths":49,"Recovered":316,"Severe":269,"Critical":53,"Emergencies":{"Suspected":51,"Total":443,"Severe":32,"Suspected/Accumulated":1172,"Total/Accumulated":19276,"Severe/Accumulated":649},"MedicalActs":{"Suspected":32,"Total":280,"Suspected/Accumulated":2202,"Total/Accumulated":17295},"MedicalTests":{"Total":399,"Confirmed":9,"Total/Accumulated":2789,"Confirmed/Accumulated":331},"Confirmed":186},"geometry":{"type":"Point","coordinates":[6.2341132170542615,43.37767961240309]}},{"type":"Feature","properties":{"Country/Region":"France","Province/State":"Vaucluse","Code":"84","Population":{"Total":560997,"Under19":132211,"Under39":118607,"Under59":147247,"Under74":103567,"Over75":59365},"Beds":{"Resuscitation":16,"IntensiveCare":60,"Total":76},"Deaths":21,"Recovered":107,"Severe":81,"Critical":19,"Emergencies":{"Suspected":16,"Total":257,"Severe":6,"Suspected/Accumulated":475,"Total/Accumulated":13740,"Severe/Accumulated":280},"MedicalActs":{"Total":15,"Suspected/Accumulated":46,"Total/Accumulated":1132},"MedicalTests":{"Total":303,"Confirmed":31,"Total/Accumulated":2157,"Confirmed/Accumulated":166},"Confirmed":45},"geometry":{"type":"Point","coordinates":[5.137687100591716,44.08826047337278]}},{"type":"Feature","properties":{"Country/Region":"France","Province/State":"Vendée","Code":"85","Population":{"Total":683187,"Under19":155162,"Under39":132680,"Under59":176377,"Under74":142178,"Over75":76790},"Beds":{"Resuscitation":18,"IntensiveCare":44,"Total":62},"Deaths":19,"Recovered":58,"Severe":72,"Critical":21,"Emergencies":{"Suspected":22,"Total":247,"Severe":10,"Suspected/Accumulated":664,"Total/Accumulated":10570,"Severe/Accumulated":251},"MedicalTests":{"Total":3,"Total/Accumulated":89,"Confirmed/Accumulated":8},"Confirmed":147},"geometry":{"type":"Point","coordinates":[-1.3851340601503754,46.70726116541352]}},{"type":"Feature","properties":{"Country/Region":"France","Province/State":"Vienne","Code":"86","Population":{"Total":437398,"Under19":101362,"Under39":100176,"Under59":108284,"Under74":79480,"Over75":48096},"Beds":{"Resuscitation":53,"IntensiveCare":124,"Total":177},"Deaths":19,"Recovered":52,"Severe":56,"Critical":23,"Emergencies":{"Suspected":11,"Total":173,"Severe":9,"Suspected/Accumulated":269,"Total/Accumulated":6696,"Severe/Accumulated":136},"MedicalTests":{"Total":11,"Confirmed":2,"Total/Accumulated":91,"Confirmed/Accumulated":16},"Confirmed":53},"geometry":{"type":"Point","coordinates":[0.42368070921985806,46.57872638297872]}},{"type":"Feature","properties":{"Country/Region":"France","Province/State":"Haute-Vienne","Code":"87","Population":{"Total":370774,"Under19":79173,"Under39":77448,"Under59":94509,"Under74":74186,"Over75":45458},"Beds":{"Resuscitation":24,"IntensiveCare":144,"Total":168},"Deaths":11,"Recovered":43,"Severe":68,"Critical":13,"Emergencies":{"Suspected":7,"Total":170,"Severe":5,"Suspected/Accumulated":216,"Total/Accumulated":8095,"Severe/Accumulated":150},"MedicalActs":{"Suspected":6,"Total":78,"Suspected/Accumulated":371,"Total/Accumulated":5722},"MedicalTests":{"Total":61,"Confirmed":5,"Total/Accumulated":299,"Confirmed/Accumulated":42},"Confirmed":21},"geometry":{"type":"Point","coordinates":[1.2410431872509962,45.895894860557746]}},{"type":"Feature","properties":{"Country/Region":"France","Province/State":"Vosges","Code":"88","Population":{"Total":359520,"Under19":77042,"Under39":70274,"Under59":94740,"Under74":75920,"Over75":41544},"Beds":{"Resuscitation":8,"IntensiveCare":24,"Total":32},"Deaths":157,"Recovered":258,"Severe":277,"Critical":34,"Emergencies":{"Suspected":44,"Total":175,"Severe":17,"Suspected/Accumulated":1899,"Total/Accumulated":9009,"Severe/Accumulated":679},"MedicalTests":{"Total":60,"Confirmed":11,"Total/Accumulated":955,"Confirmed/Accumulated":334},"Confirmed":66},"geometry":{"type":"Point","coordinates":[6.2957204247104235,48.23006027027029]}},{"type":"Feature","properties":{"Country/Region":"France","Province/State":"Yonne","Code":"89","Population":{"Total":332096,"Under19":73991,"Under39":64975,"Under59":86159,"Under74":68966,"Over75":38005},"Beds":{"Resuscitation":18,"IntensiveCare":32,"Total":50},"Deaths":23,"Recovered":74,"Severe":88,"Critical":20,"Emergencies":{"Suspected":30,"Total":230,"Severe":8,"Suspected/Accumulated":865,"Total/Accumulated":9739,"Severe/Accumulated":194},"MedicalActs":{"Suspected":10,"Total":48,"Suspected/Accumulated":337,"Total/Accumulated":2725},"MedicalTests":{"Total":3,"Total/Accumulated":218,"Confirmed/Accumulated":33}},"geometry":{"type":"Point","coordinates":[3.57333820338983,47.84307762711864]}},{"type":"Feature","properties":{"Country/Region":"France","Province/State":"Territoire de Belfort","Code":"90","Population":{"Total":140145,"Under19":33166,"Under39":32553,"Under59":36366,"Under74":24639,"Over75":13421},"Beds":{"Resuscitation":25,"IntensiveCare":40,"Total":65},"Deaths":102,"Recovered":226,"Severe":222,"Critical":37,"Emergencies":{"Suspected":12,"Total":85,"Severe":7,"Suspected/Accumulated":668,"Total/Accumulated":4530,"Severe/Accumulated":396},"MedicalTests":{"Total":15,"Confirmed":5,"Total/Accumulated":384,"Confirmed/Accumulated":88}},"geometry":{"type":"Point","coordinates":[6.93897388888889,47.60873597222223]}},{"type":"Feature","properties":{"Country/Region":"France","Province/State":"Essonne","Code":"91","Population":{"Total":1319401,"Under19":360333,"Under39":338878,"Under59":349395,"Under74":176919,"Over75":93876},"Beds":{"Resuscitation":97,"IntensiveCare":164,"Total":261},"Deaths":192,"Recovered":515,"Severe":1184,"Critical":233,"Emergencies":{"Suspected":74,"Total":347,"Severe":13,"Suspected/Accumulated":2680,"Total/Accumulated":18935,"Severe/Accumulated":797},"MedicalActs":{"Suspected":14,"Total":93,"Suspected/Accumulated":653,"Total/Accumulated":5634},"MedicalTests":{"Total":448,"Confirmed":178,"Total/Accumulated":3459,"Confirmed/Accumulated":1499},"Confirmed":30},"geometry":{"type":"Point","coordinates":[2.2519983333333338,48.50948216666667]}},{"type":"Feature","properties":{"Country/Region":"France","Province/State":"Hauts-de-Seine","Code":"92","Population":{"Total":1613762,"Under19":393984,"Under39":457571,"Under59":428782,"Under74":211036,"Over75":122389},"Beds":{"Resuscitation":184,"IntensiveCare":276,"Total":460},"Deaths":463,"Recovered":1415,"Severe":1974,"Critical":434,"Emergencies":{"Suspected":84,"Total":503,"Severe":32,"Suspected/Accumulated":2656,"Total/Accumulated":26295,"Severe/Accumulated":869},"MedicalTests":{"Total":337,"Confirmed":112,"Total/Accumulated":5875,"Confirmed/Accumulated":2121},"Confirmed":59},"geometry":{"type":"Point","coordinates":[2.2538900000000006,48.84266823529411]}},{"type":"Feature","properties":{"Country/Region":"France","Province/State":"Seine-Saint-Denis","Code":"93","Population":{"Total":1670149,"Under19":485032,"Under39":478299,"Under59":428192,"Under74":194935,"Over75":83691},"Beds":{"Resuscitation":100,"IntensiveCare":218,"Total":318},"Deaths":480,"Recovered":929,"Severe":1597,"Critical":251,"Emergencies":{"Suspected":131,"Total":574,"Severe":38,"Suspected/Accumulated":3602,"Total/Accumulated":31067,"Severe/Accumulated":1033},"MedicalTests":{"Total":418,"Confirmed":123,"Total/Accumulated":4134,"Confirmed/Accumulated":1825},"Confirmed":45},"geometry":{"type":"Point","coordinates":[2.474763409090909,48.91863045454546]}},{"type":"Feature","properties":{"Country/Region":"France","Province/State":"Val-de-Marne","Code":"94","Population":{"Total":1406041,"Under19":359600,"Under39":390124,"Under59":368199,"Under74":187814,"Over75":100304},"Beds":{"Resuscitation":156,"IntensiveCare":338,"Total":494},"Deaths":510,"Recovered":1023,"Severe":2190,"Critical":328,"Emergencies":{"Suspected":143,"Total":651,"Severe":73,"Suspected/Accumulated":5370,"Total/Accumulated":31951,"Severe/Accumulated":2189},"MedicalTests":{"Total":251,"Confirmed":101,"Total/Accumulated":3367,"Confirmed/Accumulated":1269},"Confirmed":48},"geometry":{"type":"Point","coordinates":[2.47453725,48.775524499999996]}},{"type":"Feature","properties":{"Country/Region":"France","Province/State":"Val-d'Oise","Code":"95","Population":{"Total":1248354,"Under19":357525,"Under39":326622,"Under59":322949,"Under74":166265,"Over75":74993},"Beds":{"Resuscitation":60,"IntensiveCare":130,"Total":190},"Deaths":353,"Recovered":962,"Severe":911,"Critical":179,"Emergencies":{"Suspected":151,"Total":528,"Severe":58,"Suspected/Accumulated":5565,"Total/Accumulated":27873,"Severe/Accumulated":1912},"MedicalActs":{"Suspected":17,"Total":150,"Suspected/Accumulated":1422,"Total/Accumulated":10792},"MedicalTests":{"Total":148,"Confirmed":53,"Total/Accumulated":3539,"Confirmed/Accumulated":1487},"Confirmed":60},"geometry":{"type":"Point","coordinates":[2.092522396694214,49.08765355371902]}},{"type":"Feature","properties":{"Country/Region":"France","Province/State":"La Réunion","Code":"974","Population":{"Total":859959,"Under19":256143,"Under39":202783,"Under59":239212,"Under74":117045,"Over75":44776},"Beds":{"Resuscitation":52,"IntensiveCare":154,"Total":206},"Recovered":58,"Severe":42,"Critical":3,"Emergencies":{"Suspected":11,"Total":313,"Severe":5,"Suspected/Accumulated":197,"Total/Accumulated":14506,"Severe/Accumulated":139},"MedicalTests":{"Total/Accumulated":4}},"geometry":{"type":"Point","coordinates":[55.52943947368424,-21.1374047368421]}}]}