{"type":"FeatureCollection","features":[{"type":"Feature","properties":{"Country/Region":"France","Province/State":"Guadeloupe","Code":"971","Population":{"Total":376879,"Under19":90617,"Under39":71707,"Under59":109452,"Under74":70936,"Over75":34167},"Beds":{"Resuscitation":27,"IntensiveCare":68,"Total":95},"Deaths":13,"Recovered":70,"Severe":23,"Critical":11,"Emergencies":{"Suspected":3,"Total":129,"Suspected/Accumulated":220,"Total/Accumulated":9542,"Severe/Accumulated":88},"MedicalTests":{"Total":1,"Total/Accumulated":38,"Confirmed/Accumulated":14},"Confirmed":106},"geometry":{"type":"Point","coordinates":[-61.493846272189366,16.20469674556213]}},{"type":"Feature","properties":{"Country/Region":"France","Province/State":"Martinique","Code":"972","Population":{"Total":358749,"Under19":77005,"Under39":65776,"Under59":105638,"Under74":72163,"Over75":38167},"Beds":{"Resuscitation":26,"IntensiveCare":58,"Total":84},"Deaths":14,"Recovered":63,"Severe":32,"Critical":8,"MedicalActs":{"Total":57,"Suspected/Accumulated":114,"Total/Accumulated":6155},"Confirmed":16,"MedicalTests":{"Total/Accumulated":22,"Confirmed/Accumulated":5}},"geometry":{"type":"Point","coordinates":[-60.98265692913386,14.6217557480315]}},{"type":"Feature","properties":{"Country/Region":"France","Province/State":"Guyane","Code":"973","Population":{"Total":290691,"Under19":120681,"Under39":80023,"Under59":61783,"Under74":22111,"Over75":6093},"Beds":{"Resuscitation":13,"IntensiveCare":12,"Total":25},"Deaths":1,"Recovered":35,"Severe":1,"Emergencies":{"Total":87,"Suspected/Accumulated":66,"Total/Accumulated":10313,"Severe/Accumulated":20},"Confirmed":43,"MedicalTests":{"Total/Accumulated":30,"Confirmed/Accumulated":4}},"geometry":{"type":"Point","coordinates":[-53.41731165390502,3.588901056661561]}},{"type":"Feature","properties":{"Country/Region":"France","Province/State":"Mayotte","Code":"976","Population":{"Total":279471,"Under19":150257,"Under39":74348,"Under59":42900,"Under74":9521,"Over75":2445},"Beds":{"Resuscitation":6,"IntensiveCare":0,"Total":6},"Deaths":6,"Recovered":66,"Severe":34,"Critical":5,"Emergencies":{"Suspected":8,"Total":88,"Severe":4,"Suspected/Accumulated":377,"Total/Accumulated":5486,"Severe/Accumulated":89},"Confirmed":128,"MedicalTests":{"Total/Accumulated":2,"Confirmed/Accumulated":1}},"geometry":{"type":"Point","coordinates":[45.14160071428572,-12.835344166666673]}},{"type":"Feature","properties":{"Country/Region":"France","Province/State":"Ain","Code":"01","Population":{"Total":656955,"Under19":167666,"Under39":151084,"Under59":179469,"Under74":104453,"Over75":54283},"Beds":{"Resuscitation":22,"IntensiveCare":20,"Total":42},"Deaths":75,"Recovered":230,"Severe":165,"Critical":19,"Emergencies":{"Suspected":6,"Total":117,"Severe":2,"Suspected/Accumulated":860,"Total/Accumulated":11168,"Severe/Accumulated":359},"Confirmed":118,"MedicalTests":{"Total/Accumulated":2221,"Confirmed/Accumulated":354}},"geometry":{"type":"Point","coordinates":[5.430359734513273,46.106026415929215]}},{"type":"Feature","properties":{"Country/Region":"France","Province/State":"Aisne","Code":"02","Population":{"Total":526050,"Under19":129852,"Under39":114042,"Under59":135164,"Under74":98046,"Over75":48946},"Beds":{"Resuscitation":34,"IntensiveCare":110,"Total":144},"Deaths":199,"Recovered":598,"Severe":295,"Critical":38,"Emergencies":{"Suspected":15,"Total":251,"Severe":5,"Suspected/Accumulated":2187,"Total/Accumulated":15704,"Severe/Accumulated":727},"MedicalActs":{"Suspected":5,"Total":83,"Suspected/Accumulated":651,"Total/Accumulated":11805},"Confirmed":59,"MedicalTests":{"Total/Accumulated":1786,"Confirmed/Accumulated":403}},"geometry":{"type":"Point","coordinates":[3.5153965625000003,49.457888298611124]}},{"type":"Feature","properties":{"Country/Region":"France","Province/State":"Allier","Code":"03","Population":{"Total":331315,"Under19":66659,"Under39":61490,"Under59":85304,"Under74":72079,"Over75":45783},"Beds":{"Resuscitation":24,"IntensiveCare":56,"Total":80},"Deaths":24,"Recovered":114,"Severe":55,"Critical":14,"Emergencies":{"Suspected":2,"Total":95,"Severe":2,"Suspected/Accumulated":701,"Total/Accumulated":6839,"Severe/Accumulated":384},"Confirmed":38,"MedicalTests":{"Total/Accumulated":133,"Confirmed/Accumulated":4}},"geometry":{"type":"Point","coordinates":[3.1778756690140857,46.39097419014088]}},{"type":"Feature","properties":{"Country/Region":"France","Province/State":"Alpes-de-Haute-Provence","Code":"04","Population":{"Total":165197,"Under19":34281,"Under39":30814,"Under59":43423,"Under74":35681,"Over75":20998},"Beds":{"Resuscitation":6,"IntensiveCare":0,"Total":6},"Deaths":7,"Recovered":99,"Severe":29,"Critical":1,"Emergencies":{"Suspected":1,"Total":83,"Severe":1,"Suspected/Accumulated":191,"Total/Accumulated":6706,"Severe/Accumulated":91},"Confirmed":22,"MedicalTests":{"Total/Accumulated":861,"Confirmed/Accumulated":49}},"geometry":{"type":"Point","coordinates":[6.294359440298507,44.152788992537346]}},{"type":"Feature","properties":{"Country/Region":"France","Province/State":"Hautes-Alpes","Code":"05","Population":{"Total":141756,"Under19":30280,"Under39":27715,"Under59":37829,"Under74":29047,"Over75":16885},"Beds":{"Resuscitation":8,"IntensiveCare":0,"Total":8},"Deaths":6,"Recovered":93,"Severe":41,"Critical":8,"Emergencies":{"Total":96,"Suspected/Accumulated":855,"Total/Accumulated":6539,"Severe/Accumulated":165},"Confirmed":42,"MedicalTests":{"Total/Accumulated":294,"Confirmed/Accumulated":4}},"geometry":{"type":"Point","coordinates":[6.205986298932386,44.64177099644131]}},{"type":"Feature","properties":{"Country/Region":"France","Province/State":"Alpes-Maritimes","Code":"06","Population":{"Total":1079396,"Under19":226862,"Under39":232814,"Under59":282249,"Under74":198428,"Over75":139043},"Beds":{"Resuscitation":89,"IntensiveCare":182,"Total":271},"Deaths":123,"Recovered":404,"Severe":258,"Critical":49,"Emergencies":{"Suspected":29,"Total":511,"Severe":18,"Suspected/Accumulated":2790,"Total/Accumulated":33290,"Severe/Accumulated":1538},"MedicalActs":{"Suspected":14,"Total":171,"Suspected/Accumulated":973,"Total/Accumulated":9011},"Confirmed":194,"MedicalTests":{"Total/Accumulated":4517,"Confirmed/Accumulated":261}},"geometry":{"type":"Point","coordinates":[7.093963618090453,43.90811477386935]}},{"type":"Feature","properties":{"Country/Region":"France","Province/State":"Corse-du-Sud","Code":"2A","Population":{"Total":162421,"Under19":31630,"Under39":34910,"Under59":45312,"Under74":31004,"Over75":19565},"Beds":{"Resuscitation":10,"IntensiveCare":30,"Total":40},"Deaths":42,"Recovered":87,"Severe":54,"Critical":7,"Emergencies":{"Total":50,"Suspected/Accumulated":108,"Total/Accumulated":3116,"Severe/Accumulated":84},"MedicalActs":{"Suspected":4,"Total":27,"Suspected/Accumulated":418,"Total/Accumulated":2432},"Confirmed":207},"geometry":{"type":"Point","coordinates":[8.933891598360661,41.87995627049185]}},{"type":"Feature","properties":{"Country/Region":"France","Province/State":"Haute-Corse","Code":"2B","Population":{"Total":182258,"Under19":36925,"Under39":42075,"Under59":47863,"Under74":34671,"Over75":20724},"Beds":{"Resuscitation":8,"IntensiveCare":12,"Total":20},"Deaths":8,"Recovered":85,"Severe":10,"Critical":2,"Emergencies":{"Suspected":3,"Total":78,"Severe":3,"Suspected/Accumulated":1572,"Total/Accumulated":5436,"Severe/Accumulated":1540},"Confirmed":56},"geometry":{"type":"Point","coordinates":[9.12993101604278,42.44040566844919]}},{"type":"Feature","properties":{"Country/Region":"France","Province/State":"Ardèche","Code":"07","Population":{"Total":326875,"Under19":70594,"Under39":61093,"Under59":88160,"Under74":68490,"Over75":38538},"Beds":{"Resuscitation":8,"IntensiveCare":0,"Total":8},"Deaths":58,"Recovered":260,"Severe":101,"Critical":24,"Emergencies":{"Suspected":5,"Total":78,"Severe":2,"Suspected/Accumulated":583,"Total/Accumulated":6182,"Severe/Accumulated":127},"Confirmed":128,"MedicalTests":{"Total/Accumulated":502,"Confirmed/Accumulated":114}},"geometry":{"type":"Point","coordinates":[4.425911157407411,44.77470101851853]}},{"type":"Feature","properties":{"Country/Region":"France","Province/State":"Ardennes","Code":"08","Population":{"Total":265531,"Under19":60337,"Under39":55870,"Under59":70459,"Under74":52021,"Over75":26844},"Beds":{"Resuscitation":12,"IntensiveCare":42,"Total":54},"Deaths":43,"Recovered":109,"Severe":53,"Critical":10,"Emergencies":{"Suspected":1,"Total":123,"Suspected/Accumulated":97,"Total/Accumulated":8693,"Severe/Accumulated":42},"MedicalTests":{"Total":2,"Total/Accumulated":854,"Confirmed/Accumulated":81},"Confirmed":3},"geometry":{"type":"Point","coordinates":[4.717836481481479,49.63503592592596]}},{"type":"Feature","properties":{"Country/Region":"France","Province/State":"Ariège","Code":"09","Population":{"Total":152398,"Under19":30718,"Under39":28780,"Under59":40432,"Under74":32667,"Over75":19801},"Beds":{"Resuscitation":8,"IntensiveCare":16,"Total":24},"Deaths":2,"Recovered":25,"Severe":11,"Critical":1,"Emergencies":{"Suspected":3,"Total":35,"Severe":1,"Suspected/Accumulated":146,"Total/Accumulated":4351,"Severe/Accumulated":61},"Confirmed":3,"MedicalTests":{"Total/Accumulated":249,"Confirmed/Accumulated":7}},"geometry":{"type":"Point","coordinates":[1.5308575113122171,42.951783619909506]}},{"type":"Feature","properties":{"Country/Region":"France","Province/State":"Aube","Code":"10","Population":{"Total":309907,"Under19":74513,"Under39":69749,"Under59":77945,"Under74":56336,"Over75":31364},"Beds":{"Resuscitation":12,"IntensiveCare":36,"Total":48},"Deaths":103,"Recovered":340,"Severe":229,"Critical":11,"Emergencies":{"Suspected":9,"Total":120,"Severe":5,"Suspected/Accumulated":581,"Total/Accumulated":7697,"Severe/Accumulated":272},"MedicalActs":{"Suspected":3,"Total":70,"Suspected/Accumulated":356,"Total/Accumulated":5640},"Confirmed":14,"MedicalTests":{"Total/Accumulated":2014,"Confirmed/Accumulated":342}},"geometry":{"type":"Point","coordinates":[4.115386826086957,48.290927782608684]}},{"type":"Feature","properties":{"Country/Region":"France","Province/State":"Aude","Code":"11","Population":{"Total":372705,"Under19":78644,"Under39":70170,"Under59":96929,"Under74":80039,"Over75":46923},"Beds":{"Resuscitation":16,"IntensiveCare":44,"Total":60},"Deaths":49,"Recovered":150,"Severe":55,"Critical":5,"Emergencies":{"Suspected":2,"Total":178,"Severe":1,"Suspected/Accumulated":448,"Total/Accumulated":10645,"Severe/Accumulated":188},"MedicalTests":{"Total":40,"Total/Accumulated":1982,"Confirmed/Accumulated":183},"Confirmed":44},"geometry":{"type":"Point","coordinates":[2.3518425641025638,43.13299722222223]}},{"type":"Feature","properties":{"Country/Region":"France","Province/State":"Aveyron","Code":"12","Population":{"Total":278360,"Under19":55940,"Under39":51027,"Under59":73060,"Under74":59454,"Over75":38879},"Beds":{"Resuscitation":11,"IntensiveCare":32,"Total":43},"Deaths":20,"Recovered":99,"Severe":45,"Critical":2,"Emergencies":{"Total":88,"Suspected/Accumulated":10,"Total/Accumulated":4575,"Severe/Accumulated":3},"Confirmed":29,"MedicalTests":{"Total/Accumulated":52,"Confirmed/Accumulated":5}},"geometry":{"type":"Point","coordinates":[2.66545315960912,44.28474130293157]}},{"type":"Feature","properties":{"Country/Region":"France","Province/State":"Bouches-du-Rhône","Code":"13","Population":{"Total":2034469,"Under19":480915,"Under39":483747,"Under59":522289,"Under74":342385,"Over75":205133},"Beds":{"Resuscitation":281,"IntensiveCare":476,"Total":757},"Deaths":366,"Recovered":2088,"Severe":997,"Critical":183,"Emergencies":{"Suspected":13,"Total":804,"Severe":9,"Suspected/Accumulated":2620,"Total/Accumulated":53816,"Severe/Accumulated":1385},"MedicalActs":{"Suspected":8,"Total":223,"Suspected/Accumulated":891,"Total/Accumulated":11519},"MedicalTests":{"Total":6,"Total/Accumulated":32553,"Confirmed/Accumulated":2877},"Confirmed":827},"geometry":{"type":"Point","coordinates":[5.098567400881058,43.49901925110133]}},{"type":"Feature","properties":{"Country/Region":"France","Province/State":"Calvados","Code":"14","Population":{"Total":691453,"Under19":160392,"Under39":155359,"Under59":174249,"Under74":130972,"Over75":70481},"Beds":{"Resuscitation":91,"IntensiveCare":128,"Total":219},"Deaths":55,"Recovered":153,"Severe":149,"Critical":26,"Emergencies":{"Suspected":10,"Total":230,"Severe":6,"Suspected/Accumulated":1254,"Total/Accumulated":16506,"Severe/Accumulated":407},"MedicalActs":{"Suspected":16,"Total":220,"Suspected/Accumulated":1444,"Total/Accumulated":13648},"Confirmed":147,"MedicalTests":{"Total/Accumulated":1382,"Confirmed/Accumulated":155}},"geometry":{"type":"Point","coordinates":[-0.4028230593607306,49.05443785388125]}},{"type":"Feature","properties":{"Country/Region":"France","Province/State":"Cantal","Code":"15","Population":{"Total":142811,"Under19":26571,"Under39":24954,"Under59":38397,"Under74":32697,"Over75":20192},"Beds":{"Resuscitation":8,"IntensiveCare":30,"Total":38},"Deaths":4,"Recovered":26,"Severe":21,"Critical":3,"Emergencies":{"Suspected":1,"Total":52,"Severe":1,"Suspected/Accumulated":148,"Total/Accumulated":3071,"Severe/Accumulated":74},"MedicalTests":{"Total":1,"Confirmed":1,"Total/Accumulated":268,"Confirmed/Accumulated":30},"Confirmed":33},"geometry":{"type":"Point","coordinates":[2.7066918215613374,45.02447219330856]}},{"type":"Feature","properties":{"Country/Region":"France","Province/State":"Charente","Code":"16","Population":{"Total":348180,"Under19":71324,"Under39":69355,"Under59":91186,"Under74":72860,"Over75":43455},"Beds":{"Resuscitation":12,"IntensiveCare":36,"Total":48},"Deaths":10,"Recovered":37,"Severe":9,"Critical":2,"Emergencies":{"Suspected":5,"Total":135,"Severe":4,"Suspected/Accumulated":465,"Total/Accumulated":8735,"Severe/Accumulated":152},"Confirmed":10,"MedicalTests":{"Total/Accumulated":524,"Confirmed/Accumulated":20}},"geometry":{"type":"Point","coordinates":[0.2054574390243902,45.733938821138196]}},{"type":"Feature","properties":{"Country/Region":"France","Province/State":"Charente-Maritime","Code":"17","Population":{"Total":647080,"Under19":130618,"Under39":119836,"Under59":164314,"Under74":146996,"Over75":85316},"Beds":{"Resuscitation":30,"IntensiveCare":72,"Total":102},"Deaths":40,"Recovered":83,"Severe":69,"Critical":14,"Emergencies":{"Suspected":6,"Total":261,"Severe":2,"Suspected/Accumulated":923,"Total/Accumulated":17194,"Severe/Accumulated":310},"MedicalActs":{"Suspected":3,"Total":47,"Suspected/Accumulated":131,"Total/Accumulated":2330},"Confirmed":49,"MedicalTests":{"Total/Accumulated":4565,"Confirmed/Accumulated":146}},"geometry":{"type":"Point","coordinates":[-0.734802142857143,45.8164405357143]}},{"type":"Feature","properties":{"Country/Region":"France","Province/State":"Cher","Code":"18","Population":{"Total":296404,"Under19":61933,"Under39":57193,"Under59":76912,"Under74":62985,"Over75":37381},"Beds":{"Resuscitation":12,"IntensiveCare":32,"Total":44},"Deaths":52,"Recovered":65,"Severe":90,"Critical":6,"Emergencies":{"Suspected":10,"Total":91,"Severe":1,"Suspected/Accumulated":1075,"Total/Accumulated":5931,"Severe/Accumulated":18},"MedicalActs":{"Suspected":3,"Total":52,"Suspected/Accumulated":219,"Total/Accumulated":6564},"MedicalTests":{"Total":3,"Total/Accumulated":1453,"Confirmed/Accumulated":292},"Confirmed":25},"geometry":{"type":"Point","coordinates":[2.420866293436294,47.03802115830117]}},{"type":"Feature","properties":{"Country/Region":"France","Province/State":"Corrèze","Code":"19","Population":{"Total":240336,"Under19":48146,"Under39":45056,"Under59":62186,"Under74":52206,"Over75":32742},"Beds":{"Resuscitation":15,"IntensiveCare":42,"Total":57},"Deaths":22,"Recovered":59,"Severe":75,"Critical":10,"Emergencies":{"Suspected":6,"Total":89,"Severe":5,"Suspected/Accumulated":447,"Total/Accumulated":6399,"Severe/Accumulated":382},"Confirmed":23,"MedicalTests":{"Total/Accumulated":183,"Confirmed/Accumulated":15}},"geometry":{"type":"Point","coordinates":[1.8952178059071727,45.37689915611812]}},{"type":"Feature","properties":{"Country/Region":"France","Province/State":"Côte-d'Or","Code":"21","Population":{"Total":532886,"Under19":121633,"Under39":128314,"Under59":134514,"Under74":95451,"Over75":52974},"Beds":{"Resuscitation":57,"IntensiveCare":190,"Total":247},"Deaths":207,"Recovered":609,"Severe":285,"Critical":50,"Emergencies":{"Suspected":10,"Total":168,"Severe":1,"Suspected/Accumulated":1060,"Total/Accumulated":10788,"Severe/Accumulated":349},"MedicalActs":{"Suspected":4,"Total":58,"Suspected/Accumulated":651,"Total/Accumulated":4295},"Confirmed":1,"MedicalTests":{"Total/Accumulated":883,"Confirmed/Accumulated":93}},"geometry":{"type":"Point","coordinates":[4.781845107913668,47.44940406474819]}},{"type":"Feature","properties":{"Country/Region":"France","Province/State":"Côtes-d'Armor","Code":"22","Population":{"Total":596186,"Under19":131217,"Under39":108675,"Under59":153257,"Under74":128481,"Over75":74556},"Beds":{"Resuscitation":14,"IntensiveCare":32,"Total":46},"Deaths":24,"Recovered":122,"Severe":51,"Critical":6,"Emergencies":{"Suspected":8,"Total":152,"Severe":7,"Suspected/Accumulated":474,"Total/Accumulated":10239,"Severe/Accumulated":330},"Confirmed":107,"MedicalTests":{"Total/Accumulated":55,"Confirmed/Accumulated":1}},"geometry":{"type":"Point","coordinates":[-2.8283123411371243,48.47540434782613]}},{"type":"Feature","properties":{"Country/Region":"France","Province/State":"Creuse","Code":"23","Population":{"Total":116270,"Under19":20766,"Under39":19388,"Under59":30402,"Under74":28640,"Over75":17074},"Beds":{"Resuscitation":8,"IntensiveCare":16,"Total":24},"Deaths":5,"Recovered":20,"Severe":29,"Critical":9,"Emergencies":{"Suspected":1,"Total":45,"Severe":1,"Suspected/Accumulated":362,"Total/Accumulated":3030,"Severe/Accumulated":59},"MedicalTests":{"Total":1,"Total/Accumulated":164,"Confirmed/Accumulated":6},"Confirmed":12},"geometry":{"type":"Point","coordinates":[1.9795267256637192,46.07153353982301]}},{"type":"Feature","properties":{"Country/Region":"France","Province/State":"Dordogne","Code":"24","Population":{"Total":408393,"Under19":76430,"Under39":70201,"Under59":107402,"Under74":96538,"Over75":57822},"Beds":{"Resuscitation":19,"IntensiveCare":36,"Total":55},"Deaths":9,"Recovered":51,"Severe":33,"Critical":4,"Emergencies":{"Suspected":11,"Total":122,"Severe":9,"Suspected/Accumulated":717,"Total/Accumulated":7857,"Severe/Accumulated":335},"Confirmed":13,"MedicalTests":{"Total/Accumulated":525,"Confirmed/Accumulated":26}},"geometry":{"type":"Point","coordinates":[0.7502005172413793,45.100126827586195]}},{"type":"Feature","properties":{"Country/Region":"France","Province/State":"Doubs","Code":"25","Population":{"Total":539449,"Under19":132582,"Under39":130504,"Under59":135120,"Under74":90502,"Over75":50741},"Beds":{"Resuscitation":40,"IntensiveCare":262,"Total":302},"Deaths":113,"Recovered":395,"Severe":179,"Critical":49,"Emergencies":{"Suspected":7,"Total":114,"Severe":3,"Suspected/Accumulated":1286,"Total/Accumulated":9235,"Severe/Accumulated":489},"MedicalActs":{"Suspected":2,"Total":95,"Suspected/Accumulated":355,"Total/Accumulated":5746},"MedicalTests":{"Total/Accumulated":1161,"Confirmed/Accumulated":195}},"geometry":{"type":"Point","coordinates":[6.359828136363636,47.17302813636364]}},{"type":"Feature","properties":{"Country/Region":"France","Province/State":"Drôme","Code":"26","Population":{"Total":520560,"Under19":125073,"Under39":110455,"Under59":134338,"Under74":95865,"Over75":54829},"Beds":{"Resuscitation":24,"IntensiveCare":68,"Total":92},"Deaths":112,"Recovered":363,"Severe":144,"Critical":34,"Emergencies":{"Suspected":5,"Total":182,"Severe":2,"Suspected/Accumulated":1040,"Total/Accumulated":11868,"Severe/Accumulated":429},"Confirmed":119,"MedicalTests":{"Total/Accumulated":1042,"Confirmed/Accumulated":127}},"geometry":{"type":"Point","coordinates":[5.213618019801983,44.63170462046205]}},{"type":"Feature","properties":{"Country/Region":"France","Province/State":"Eure","Code":"27","Population":{"Total":600687,"Under19":151745,"Under39":128858,"Under59":160781,"Under74":106586,"Over75":52717},"Beds":{"Resuscitation":12,"IntensiveCare":44,"Total":56},"Deaths":62,"Recovered":83,"Severe":115,"Critical":10,"Emergencies":{"Total":78,"Suspected/Accumulated":241,"Total/Accumulated":7567,"Severe/Accumulated":37},"MedicalTests":{"Total":4,"Total/Accumulated":3104,"Confirmed/Accumulated":495},"Confirmed":71},"geometry":{"type":"Point","coordinates":[0.9927279220779222,49.13064012987015]}},{"type":"Feature","properties":{"Country/Region":"France","Province/State":"Eure-et-Loir","Code":"28","Population":{"Total":429425,"Under19":106266,"Under39":90617,"Under59":113525,"Under74":76422,"Over75":42595},"Beds":{"Resuscitation":20,"IntensiveCare":44,"Total":64},"Deaths":82,"Recovered":294,"Severe":229,"Critical":18,"Emergencies":{"Suspected":8,"Total":175,"Severe":4,"Suspected/Accumulated":496,"Total/Accumulated":12586,"Severe/Accumulated":125},"MedicalTests":{"Total":3,"Total/Accumulated":2499,"Confirmed/Accumulated":596},"Confirmed":104},"geometry":{"type":"Point","coordinates":[1.3718229302325597,48.39856558139533]}},{"type":"Feature","properties":{"Country/Region":"France","Province/State":"Finistère","Code":"29","Population":{"Total":906554,"Under19":201332,"Under39":189857,"Under59":237308,"Under74":178715,"Over75":99342},"Beds":{"Resuscitation":66,"IntensiveCare":142,"Total":208},"Deaths":36,"Recovered":122,"Severe":75,"Critical":17,"Emergencies":{"Suspected":3,"Total":385,"Severe":3,"Suspected/Accumulated":328,"Total/Accumulated":25004,"Severe/Accumulated":93},"MedicalActs":{"Total":64,"Suspected/Accumulated":261,"Total/Accumulated":7201},"Confirmed":230,"MedicalTests":{"Total/Accumulated":31,"Confirmed/Accumulated":9}},"geometry":{"type":"Point","coordinates":[-4.16814140056023,48.26300924369748]}},{"type":"Feature","properties":{"Country/Region":"France","Province/State":"Gard","Code":"30","Population":{"Total":748468,"Under19":170615,"Under39":154480,"Under59":195429,"Under74":147114,"Over75":80830},"Beds":{"Resuscitation":49,"IntensiveCare":108,"Total":157},"Deaths":49,"Recovered":172,"Severe":127,"Critical":27,"Emergencies":{"Suspected":3,"Total":279,"Severe":2,"Suspected/Accumulated":483,"Total/Accumulated":18582,"Severe/Accumulated":144},"MedicalActs":{"Suspected":3,"Total":73,"Suspected/Accumulated":364,"Total/Accumulated":3984},"MedicalTests":{"Total":6,"Total/Accumulated":4980,"Confirmed/Accumulated":243},"Confirmed":44},"geometry":{"type":"Point","coordinates":[4.0572744791666695,44.00851614583332]}},{"type":"Feature","properties":{"Country/Region":"France","Province/State":"Haute-Garonne","Code":"31","Population":{"Total":1400935,"Under19":335750,"Under39":398589,"Under59":358515,"Under74":197921,"Over75":110160},"Beds":{"Resuscitation":161,"IntensiveCare":430,"Total":591},"Deaths":45,"Recovered":437,"Severe":150,"Critical":58,"Emergencies":{"Suspected":17,"Total":479,"Severe":11,"Suspected/Accumulated":2115,"Total/Accumulated":29643,"Severe/Accumulated":1152},"MedicalActs":{"Suspected":6,"Total":154,"Suspected/Accumulated":837,"Total/Accumulated":7366},"MedicalTests":{"Total":69,"Confirmed":1,"Total/Accumulated":4948,"Confirmed/Accumulated":253},"Confirmed":72},"geometry":{"type":"Point","coordinates":[1.1686918356164382,43.33252969863011]}},{"type":"Feature","properties":{"Country/Region":"France","Province/State":"Gers","Code":"32","Population":{"Total":190040,"Under19":37581,"Under39":32714,"Under59":51231,"Under74":41871,"Over75":26643},"Beds":{"Resuscitation":8,"IntensiveCare":8,"Total":16},"Deaths":16,"Recovered":46,"Severe":42,"Critical":6,"Emergencies":{"Suspected":3,"Total":52,"Severe":3,"Suspected/Accumulated":346,"Total/Accumulated":3303,"Severe/Accumulated":242},"MedicalTests":{"Total":1,"Total/Accumulated":970,"Confirmed/Accumulated":118},"Confirmed":14},"geometry":{"type":"Point","coordinates":[0.447782880658436,43.70601049382714]}},{"type":"Feature","properties":{"Country/Region":"France","Province/State":"Gironde","Code":"33","Population":{"Total":1633440,"Under19":380317,"Under39":415128,"Under59":425319,"Under74":267580,"Over75":145096},"Beds":{"Resuscitation":183,"IntensiveCare":262,"Total":445},"Deaths":106,"Recovered":603,"Severe":248,"Critical":64,"Emergencies":{"Suspected":20,"Total":545,"Severe":12,"Suspected/Accumulated":2544,"Total/Accumulated":35205,"Severe/Accumulated":1053},"MedicalActs":{"Suspected":28,"Total":576,"Suspected/Accumulated":3680,"Total/Accumulated":38468},"Confirmed":106,"MedicalTests":{"Total/Accumulated":4826,"Confirmed/Accumulated":338}},"geometry":{"type":"Point","coordinates":[-0.41644369747899174,44.756299705882356]}},{"type":"Feature","properties":{"Country/Region":"France","Province/State":"Hérault","Code":"34","Population":{"Total":1176145,"Under19":268258,"Under39":286299,"Under59":292794,"Under74":208723,"Over75":120071},"Beds":{"Resuscitation":124,"IntensiveCare":342,"Total":466},"Deaths":98,"Recovered":521,"Severe":124,"Critical":36,"Emergencies":{"Suspected":6,"Total":469,"Severe":4,"Suspected/Accumulated":1200,"Total/Accumulated":31532,"Severe/Accumulated":492},"MedicalActs":{"Suspected":3,"Total":87,"Suspected/Accumulated":475,"Total/Accumulated":5122},"MedicalTests":{"Total":52,"Confirmed":3,"Total/Accumulated":17881,"Confirmed/Accumulated":1095},"Confirmed":171},"geometry":{"type":"Point","coordinates":[3.2725271495327104,43.601788971962634]}},{"type":"Feature","properties":{"Country/Region":"France","Province/State":"Ille-et-Vilaine","Code":"35","Population":{"Total":1082073,"Under19":274429,"Under39":270693,"Under59":278610,"Under74":165623,"Over75":92718},"Beds":{"Resuscitation":60,"IntensiveCare":224,"Total":284},"Deaths":67,"Recovered":261,"Severe":157,"Critical":19,"Emergencies":{"Suspected":6,"Total":319,"Severe":4,"Suspected/Accumulated":1423,"Total/Accumulated":23700,"Severe/Accumulated":742},"MedicalActs":{"Suspected":6,"Total":139,"Suspected/Accumulated":526,"Total/Accumulated":8215},"Confirmed":208,"MedicalTests":{"Total/Accumulated":246,"Confirmed/Accumulated":9}},"geometry":{"type":"Point","coordinates":[-1.7401927338129495,48.18315345323742]}},{"type":"Feature","properties":{"Country/Region":"France","Province/State":"Indre","Code":"36","Population":{"Total":217139,"Under19":42951,"Under39":38506,"Under59":56292,"Under74":48986,"Over75":30404},"Beds":{"Resuscitation":10,"IntensiveCare":18,"Total":28},"Deaths":61,"Recovered":56,"Severe":118,"Critical":10,"Emergencies":{"Total":44,"Suspected/Accumulated":58,"Total/Accumulated":4112,"Severe/Accumulated":29},"Confirmed":80,"MedicalTests":{"Total/Accumulated":1709,"Confirmed/Accumulated":341}},"geometry":{"type":"Point","coordinates":[1.576445147679325,46.764304345991526]}},{"type":"Feature","properties":{"Country/Region":"France","Province/State":"Indre-et-Loire","Code":"37","Population":{"Total":605380,"Under19":142122,"Under39":136574,"Under59":153731,"Under74":108623,"Over75":64330},"Beds":{"Resuscitation":79,"IntensiveCare":116,"Total":195},"Deaths":56,"Recovered":188,"Severe":165,"Critical":36,"Emergencies":{"Suspected":9,"Total":210,"Severe":6,"Suspected/Accumulated":691,"Total/Accumulated":12910,"Severe/Accumulated":262},"MedicalActs":{"Total":93,"Suspected/Accumulated":363,"Total/Accumulated":7030},"MedicalTests":{"Total":12,"Total/Accumulated":1720,"Confirmed/Accumulated":91},"Confirmed":123},"geometry":{"type":"Point","coordinates":[0.6915947413793099,47.23521443965518]}},{"type":"Feature","properties":{"Country/Region":"France","Province/State":"Isère","Code":"38","Population":{"Total":1264979,"Under19":319977,"Under39":298730,"Under59":332378,"Under74":201842,"Over75":112052},"Beds":{"Resuscitation":74,"IntensiveCare":178,"Total":252},"Deaths":96,"Recovered":386,"Severe":213,"Critical":34,"Emergencies":{"Suspected":10,"Total":488,"Severe":5,"Suspected/Accumulated":1419,"Total/Accumulated":31320,"Severe/Accumulated":505},"MedicalActs":{"Suspected":9,"Total":143,"Suspected/Accumulated":975,"Total/Accumulated":8852},"Confirmed":190,"MedicalTests":{"Total/Accumulated":1485,"Confirmed/Accumulated":136}},"geometry":{"type":"Point","coordinates":[5.557470704225359,45.27668616197182]}},{"type":"Feature","properties":{"Country/Region":"France","Province/State":"Jura","Code":"39","Population":{"Total":257849,"Under19":57639,"Under39":51064,"Under59":68521,"Under74":50575,"Over75":30050},"Beds":{"Resuscitation":8,"IntensiveCare":18,"Total":26},"Deaths":43,"Recovered":145,"Severe":104,"Critical":8,"Emergencies":{"Suspected":2,"Total":126,"Severe":2,"Suspected/Accumulated":577,"Total/Accumulated":7534,"Severe/Accumulated":243},"MedicalTests":{"Total/Accumulated":906,"Confirmed/Accumulated":126}},"geometry":{"type":"Point","coordinates":[5.6395758823529425,46.756161447963784]}},{"type":"Feature","properties":{"Country/Region":"France","Province/State":"Landes","Code":"40","Population":{"Total":411979,"Under19":85144,"Under39":78495,"Under59":112191,"Under74":86896,"Over75":49253},"Beds":{"Resuscitation":14,"IntensiveCare":32,"Total":46},"Deaths":10,"Recovered":43,"Severe":26,"Critical":4,"Emergencies":{"Suspected":5,"Total":121,"Severe":5,"Suspected/Accumulated":409,"Total/Accumulated":7246,"Severe/Accumulated":256},"Confirmed":20,"MedicalTests":{"Total/Accumulated":368,"Confirmed/Accumulated":20}},"geometry":{"type":"Point","coordinates":[-0.5772234449760769,43.8801859808612]}},{"type":"Feature","properties":{"Country/Region":"France","Province/State":"Loir-et-Cher","Code":"41","Population":{"Total":327835,"Under19":72953,"Under39":62903,"Under59":86073,"Under74":65923,"Over75":39983},"Beds":{"Resuscitation":12,"IntensiveCare":16,"Total":28},"Deaths":38,"Recovered":105,"Severe":126,"Critical":14,"Emergencies":{"Suspected":6,"Total":132,"Severe":2,"Suspected/Accumulated":511,"Total/Accumulated":8934,"Severe/Accumulated":54},"Confirmed":55,"MedicalTests":{"Total/Accumulated":318,"Confirmed/Accumulated":39}},"geometry":{"type":"Point","coordinates":[1.3938662132352944,47.653275698529406]}},{"type":"Feature","properties":{"Country/Region":"France","Province/State":"Loire","Code":"42","Population":{"Total":764737,"Under19":186049,"Under39":167975,"Under59":190702,"Under74":136240,"Over75":83771},"Beds":{"Resuscitation":70,"IntensiveCare":120,"Total":190},"Deaths":176,"Recovered":564,"Severe":414,"Critical":78,"Emergencies":{"Suspected":5,"Total":349,"Severe":5,"Suspected/Accumulated":1350,"Total/Accumulated":24840,"Severe/Accumulated":800},"MedicalActs":{"Suspected":3,"Total":71,"Suspected/Accumulated":347,"Total/Accumulated":5812},"Confirmed":363,"MedicalTests":{"Total/Accumulated":397,"Confirmed/Accumulated":41}},"geometry":{"type":"Point","coordinates":[4.189998267716536,45.74292366141733]}},{"type":"Feature","properties":{"Country/Region":"France","Province/State":"Haute-Loire","Code":"43","Population":{"Total":226901,"Under19":49659,"Under39":43248,"Under59":60903,"Under74":46857,"Over75":26234},"Beds":{"Resuscitation":8,"IntensiveCare":20,"Total":28},"Deaths":9,"Recovered":65,"Severe":39,"Critical":1,"Emergencies":{"Total":20,"Suspected/Accumulated":13,"Total/Accumulated":1076,"Severe/Accumulated":6},"MedicalTests":{"Total":1,"Total/Accumulated":480,"Confirmed/Accumulated":42},"Confirmed":23},"geometry":{"type":"Point","coordinates":[3.7869054017857136,45.15054486607143]}},{"type":"Feature","properties":{"Country/Region":"France","Province/State":"Loire-Atlantique","Code":"44","Population":{"Total":1437137,"Under19":363681,"Under39":357664,"Under59":368059,"Under74":227458,"Over75":120275},"Beds":{"Resuscitation":77,"IntensiveCare":262,"Total":339},"Deaths":115,"Recovered":362,"Severe":253,"Critical":32,"Emergencies":{"Suspected":14,"Total":310,"Severe":13,"Suspected/Accumulated":1898,"Total/Accumulated":20881,"Severe/Accumulated":943},"MedicalActs":{"Suspected":18,"Total":436,"Suspected/Accumulated":2318,"Total/Accumulated":25061},"Confirmed":633,"MedicalTests":{"Total/Accumulated":402,"Confirmed/Accumulated":38}},"geometry":{"type":"Point","coordinates":[-1.6902253409090902,47.33230598484852]}},{"type":"Feature","properties":{"Country/Region":"France","Province/State":"Loiret","Code":"45","Population":{"Total":682890,"Under19":172345,"Under39":155348,"Under59":174617,"Under74":115984,"Over75":64596},"Beds":{"Resuscitation":47,"IntensiveCare":120,"Total":167},"Deaths":66,"Recovered":362,"Severe":245,"Critical":54,"Emergencies":{"Suspected":7,"Total":254,"Severe":7,"Suspected/Accumulated":811,"Total/Accumulated":15539,"Severe/Accumulated":429},"MedicalActs":{"Suspected":1,"Total":45,"Suspected/Accumulated":165,"Total/Accumulated":2384},"Confirmed":258,"MedicalTests":{"Total/Accumulated":2074,"Confirmed/Accumulated":308}},"geometry":{"type":"Point","coordinates":[2.383405222672066,47.91302979757084]}},{"type":"Feature","properties":{"Country/Region":"France","Province/State":"Lot","Code":"46","Population":{"Total":173166,"Under19":31861,"Under39":29365,"Under59":44533,"Under74":41623,"Over75":25784},"Beds":{"Resuscitation":8,"IntensiveCare":8,"Total":16},"Deaths":15,"Recovered":123,"Severe":23,"Critical":5,"Emergencies":{"Suspected":2,"Total":52,"Severe":1,"Suspected/Accumulated":226,"Total/Accumulated":4729,"Severe/Accumulated":63},"MedicalTests":{"Total":4,"Total/Accumulated":212,"Confirmed/Accumulated":19},"Confirmed":4},"geometry":{"type":"Point","coordinates":[1.5901290212765966,44.59231876595746]}},{"type":"Feature","properties":{"Country/Region":"France","Province/State":"Lot-et-Garonne","Code":"47","Population":{"Total":330336,"Under19":69990,"Under39":64149,"Under59":84272,"Under74":68912,"Over75":43013},"Beds":{"Resuscitation":11,"IntensiveCare":36,"Total":47},"Deaths":5,"Recovered":38,"Severe":32,"Critical":3,"Emergencies":{"Suspected":4,"Total":155,"Severe":2,"Suspected/Accumulated":787,"Total/Accumulated":9429,"Severe/Accumulated":196},"Confirmed":65,"MedicalTests":{"Total/Accumulated":409,"Confirmed/Accumulated":13}},"geometry":{"type":"Point","coordinates":[0.4871552444444442,44.39576413333333]}},{"type":"Feature","properties":{"Country/Region":"France","Province/State":"Lozère","Code":"48","Population":{"Total":76286,"Under19":15582,"Under39":14895,"Under59":20255,"Under74":15962,"Over75":9592},"Beds":{"Resuscitation":3,"IntensiveCare":0,"Total":3},"Recovered":15,"Severe":2,"Emergencies":{"Total":35,"Suspected/Accumulated":44,"Total/Accumulated":1358,"Severe/Accumulated":8},"Confirmed":8,"MedicalTests":{"Total/Accumulated":59,"Confirmed/Accumulated":2}},"geometry":{"type":"Point","coordinates":[3.494722131979694,44.51333609137059]}},{"type":"Feature","properties":{"Country/Region":"France","Province/State":"Maine-et-Loire","Code":"49","Population":{"Total":815881,"Under19":204162,"Under39":184600,"Under59":204421,"Under74":138603,"Over75":84095},"Beds":{"Resuscitation":61,"IntensiveCare":196,"Total":257},"Deaths":94,"Recovered":357,"Severe":174,"Critical":29,"Emergencies":{"Suspected":8,"Total":252,"Severe":4,"Suspected/Accumulated":1189,"Total/Accumulated":15655,"Severe/Accumulated":466},"Confirmed":222,"MedicalTests":{"Total/Accumulated":100,"Confirmed/Accumulated":12}},"geometry":{"type":"Point","coordinates":[-0.6000336862745095,47.406434431372546]}},{"type":"Feature","properties":{"Country/Region":"France","Province/State":"Manche","Code":"50","Population":{"Total":490669,"Under19":105402,"Under39":96439,"Under59":126734,"Under74":101121,"Over75":60973},"Beds":{"Resuscitation":28,"IntensiveCare":52,"Total":80},"Deaths":36,"Recovered":94,"Severe":52,"Critical":12,"Emergencies":{"Suspected":2,"Total":190,"Severe":2,"Suspected/Accumulated":374,"Total/Accumulated":13688,"Severe/Accumulated":288},"MedicalActs":{"Suspected":2,"Total":59,"Suspected/Accumulated":371,"Total/Accumulated":5320},"Confirmed":107,"MedicalTests":{"Total/Accumulated":1292,"Confirmed/Accumulated":116}},"geometry":{"type":"Point","coordinates":[-1.3097769083969464,49.05127938931302]}},{"type":"Feature","properties":{"Country/Region":"France","Province/State":"Marne","Code":"51","Population":{"Total":563823,"Under19":136695,"Under39":137533,"Under59":142415,"Under74":97015,"Over75":50165},"Beds":{"Resuscitation":54,"IntensiveCare":78,"Total":132},"Deaths":201,"Recovered":654,"Severe":334,"Critical":42,"Emergencies":{"Suspected":9,"Total":160,"Severe":5,"Suspected/Accumulated":646,"Total/Accumulated":11850,"Severe/Accumulated":292},"MedicalActs":{"Total":38,"Suspected/Accumulated":167,"Total/Accumulated":1886},"Confirmed":37,"MedicalTests":{"Total/Accumulated":1658,"Confirmed/Accumulated":348}},"geometry":{"type":"Point","coordinates":[4.209888097014927,48.936171417910444]}},{"type":"Feature","properties":{"Country/Region":"France","Province/State":"Haute-Marne","Code":"52","Population":{"Total":169250,"Under19":34865,"Under39":34065,"Under59":44268,"Under74":35981,"Over75":20071},"Beds":{"Resuscitation":8,"IntensiveCare":12,"Total":20},"Deaths":55,"Recovered":147,"Severe":79,"Critical":20,"Emergencies":{"Suspected":2,"Total":94,"Suspected/Accumulated":532,"Total/Accumulated":4884,"Severe/Accumulated":147},"Confirmed":7,"MedicalTests":{"Total/Accumulated":147,"Confirmed/Accumulated":36}},"geometry":{"type":"Point","coordinates":[5.203108577075099,48.126414822134386]}},{"type":"Feature","properties":{"Country/Region":"France","Province/State":"Mayenne","Code":"53","Population":{"Total":305365,"Under19":74868,"Under39":61839,"Under59":78619,"Under74":55705,"Over75":34334},"Beds":{"Resuscitation":8,"IntensiveCare":16,"Total":24},"Deaths":27,"Recovered":73,"Severe":85,"Critical":10,"Emergencies":{"Suspected":2,"Total":52,"Severe":1,"Suspected/Accumulated":349,"Total/Accumulated":3168,"Severe/Accumulated":143},"Confirmed":182,"MedicalTests":{"Total/Accumulated":226,"Confirmed/Accumulated":8}},"geometry":{"type":"Point","coordinates":[-0.6361607305936071,48.153668493150704]}},{"type":"Feature","properties":{"Country/Region":"France","Province/State":"Meurthe-et-Moselle","Code":"54","Population":{"Total":730398,"Under19":170693,"Under39":185629,"Under59":182526,"Under74":124808,"Over75":66742},"Beds":{"Resuscitation":83,"IntensiveCare":172,"Total":255},"Deaths":250,"Recovered":640,"Severe":452,"Critical":109,"Emergencies":{"Suspected":5,"Total":223,"Severe":3,"Suspected/Accumulated":1132,"Total/Accumulated":15736,"Severe/Accumulated":542},"MedicalActs":{"Suspected":4,"Total":116,"Suspected/Accumulated":791,"Total/Accumulated":7466},"Confirmed":85,"MedicalTests":{"Total/Accumulated":1983,"Confirmed/Accumulated":182}},"geometry":{"type":"Point","coordinates":[6.092894571428565,48.892416158730185]}},{"type":"Feature","properties":{"Country/Region":"France","Province/State":"Meuse","Code":"55","Population":{"Total":181641,"Under19":40375,"Under39":37641,"Under59":47696,"Under74":36898,"Over75":19031},"Beds":{"Resuscitation":8,"IntensiveCare":20,"Total":28},"Deaths":81,"Recovered":258,"Severe":131,"Critical":14,"Emergencies":{"Total":54,"Suspected/Accumulated":331,"Total/Accumulated":4007,"Severe/Accumulated":160},"MedicalTests":{"Total":1,"Total/Accumulated":640,"Confirmed/Accumulated":72},"Confirmed":18},"geometry":{"type":"Point","coordinates":[5.380316626506025,49.03635373493975]}},{"type":"Feature","properties":{"Country/Region":"France","Province/State":"Morbihan","Code":"56","Population":{"Total":755566,"Under19":166653,"Under39":145287,"Under59":197813,"Under74":159285,"Over75":86528},"Beds":{"Resuscitation":22,"IntensiveCare":64,"Total":86},"Deaths":76,"Recovered":267,"Severe":125,"Critical":16,"Emergencies":{"Suspected":10,"Total":237,"Severe":5,"Suspected/Accumulated":1627,"Total/Accumulated":16756,"Severe/Accumulated":254},"MedicalActs":{"Suspected":1,"Total":67,"Suspected/Accumulated":110,"Total/Accumulated":3740},"Confirmed":313,"MedicalTests":{"Total/Accumulated":38,"Confirmed/Accumulated":3}},"geometry":{"type":"Point","coordinates":[-2.8780210594315263,47.764317932816574]}},{"type":"Feature","properties":{"Country/Region":"France","Province/State":"Moselle","Code":"57","Population":{"Total":1035866,"Under19":229681,"Under39":243525,"Under59":278966,"Under74":186864,"Over75":96830},"Beds":{"Resuscitation":88,"IntensiveCare":112,"Total":200},"Deaths":626,"Recovered":1432,"Severe":890,"Critical":130,"Emergencies":{"Suspected":15,"Total":315,"Severe":12,"Suspected/Accumulated":3703,"Total/Accumulated":28077,"Severe/Accumulated":1712},"Confirmed":295,"MedicalTests":{"Total/Accumulated":3470,"Confirmed/Accumulated":653}},"geometry":{"type":"Point","coordinates":[6.73973678343949,49.04168831210189]}},{"type":"Feature","properties":{"Country/Region":"France","Province/State":"Nièvre","Code":"58","Population":{"Total":199596,"Under19":38191,"Under39":34484,"Under59":50426,"Under74":47745,"Over75":28750},"Beds":{"Resuscitation":12,"IntensiveCare":32,"Total":44},"Deaths":22,"Recovered":43,"Severe":51,"Critical":7,"Emergencies":{"Suspected":5,"Total":129,"Severe":3,"Suspected/Accumulated":761,"Total/Accumulated":7401,"Severe/Accumulated":297},"Confirmed":2,"MedicalTests":{"Total/Accumulated":1318,"Confirmed/Accumulated":144}},"geometry":{"type":"Point","coordinates":[3.547376999999999,47.143300999999994]}},{"type":"Feature","properties":{"Country/Region":"France","Province/State":"Nord","Code":"59","Population":{"Total":2588988,"Under19":675470,"Under39":665053,"Under59":646791,"Under74":405380,"Over75":196294},"Beds":{"Resuscitation":225,"IntensiveCare":698,"Total":923},"Deaths":409,"Recovered":1204,"Severe":898,"Critical":192,"Emergencies":{"Suspected":26,"Total":1035,"Severe":9,"Suspected/Accumulated":4853,"Total/Accumulated":71430,"Severe/Accumulated":1721},"MedicalActs":{"Suspected":11,"Total":266,"Suspected/Accumulated":1321,"Total/Accumulated":22482},"Confirmed":39,"MedicalTests":{"Total/Accumulated":2337,"Confirmed/Accumulated":387}},"geometry":{"type":"Point","coordinates":[3.1893953197674403,50.453616308139516]}},{"type":"Feature","properties":{"Country/Region":"France","Province/State":"Oise","Code":"60","Population":{"Total":825077,"Under19":214776,"Under39":193026,"Under59":221783,"Under74":134365,"Over75":61127},"Beds":{"Resuscitation":36,"IntensiveCare":92,"Total":128},"Deaths":309,"Recovered":690,"Severe":463,"Critical":47,"Emergencies":{"Suspected":6,"Total":121,"Severe":5,"Suspected/Accumulated":465,"Total/Accumulated":8016,"Severe/Accumulated":230},"MedicalTests":{"Total":23,"Confirmed":2,"Total/Accumulated":4137,"Confirmed/Accumulated":1099},"Confirmed":210},"geometry":{"type":"Point","coordinates":[2.463008007117438,49.41459999999999]}},{"type":"Feature","properties":{"Country/Region":"France","Province/State":"Orne","Code":"61","Population":{"Total":276903,"Under19":59830,"Under39":51781,"Under59":70741,"Under74":58679,"Over75":35872},"Beds":{"Resuscitation":16,"IntensiveCare":24,"Total":40},"Deaths":27,"Recovered":148,"Severe":66,"Critical":13,"Emergencies":{"Suspected":2,"Total":118,"Suspected/Accumulated":265,"Total/Accumulated":8536,"Severe/Accumulated":38},"Confirmed":28,"MedicalTests":{"Total/Accumulated":768,"Confirmed/Accumulated":81}},"geometry":{"type":"Point","coordinates":[0.01997467181467186,48.611762664092666]}},{"type":"Feature","properties":{"Country/Region":"France","Province/State":"Pas-de-Calais","Code":"62","Population":{"Total":1452778,"Under19":367229,"Under39":336274,"Under59":374200,"Under74":255788,"Over75":119287},"Beds":{"Resuscitation":85,"IntensiveCare":274,"Total":359},"Deaths":206,"Recovered":725,"Severe":436,"Critical":63,"Emergencies":{"Suspected":8,"Total":295,"Severe":4,"Suspected/Accumulated":719,"Total/Accumulated":16705,"Severe/Accumulated":141},"Confirmed":8,"MedicalTests":{"Total/Accumulated":2522,"Confirmed/Accumulated":417}},"geometry":{"type":"Point","coordinates":[2.4712310954063605,50.40984130742051]}},{"type":"Feature","properties":{"Country/Region":"France","Province/State":"Puy-de-Dôme","Code":"63","Population":{"Total":660240,"Under19":147680,"Under39":153022,"Under59":169492,"Under74":122442,"Over75":67604},"Beds":{"Resuscitation":77,"IntensiveCare":104,"Total":181},"Deaths":32,"Recovered":120,"Severe":48,"Critical":15,"Emergencies":{"Suspected":2,"Total":83,"Severe":2,"Suspected/Accumulated":419,"Total/Accumulated":6523,"Severe/Accumulated":200},"MedicalActs":{"Suspected":2,"Total":67,"Suspected/Accumulated":249,"Total/Accumulated":4734},"MedicalTests":{"Total":6,"Confirmed":1,"Total/Accumulated":4190,"Confirmed/Accumulated":213},"Confirmed":105},"geometry":{"type":"Point","coordinates":[3.143235039370079,45.73685830708661]}},{"type":"Feature","properties":{"Country/Region":"France","Province/State":"Pyrénées-Atlantiques","Code":"64","Population":{"Total":683169,"Under19":144945,"Under39":141910,"Under59":182850,"Under74":130868,"Over75":82596},"Beds":{"Resuscitation":35,"IntensiveCare":110,"Total":145},"Deaths":22,"Recovered":147,"Severe":64,"Critical":6,"Emergencies":{"Suspected":4,"Total":246,"Severe":4,"Suspected/Accumulated":595,"Total/Accumulated":17199,"Severe/Accumulated":231},"MedicalActs":{"Suspected":11,"Total":226,"Suspected/Accumulated":1338,"Total/Accumulated":14208},"Confirmed":41,"MedicalTests":{"Total/Accumulated":3427,"Confirmed/Accumulated":177}},"geometry":{"type":"Point","coordinates":[-0.7610906397306391,43.26238828282827]}},{"type":"Feature","properties":{"Country/Region":"France","Province/State":"Hautes-Pyrénées","Code":"65","Population":{"Total":226839,"Under19":44839,"Under39":42373,"Under59":59329,"Under74":49523,"Over75":30775},"Beds":{"Resuscitation":12,"IntensiveCare":44,"Total":56},"Deaths":19,"Recovered":82,"Severe":76,"Critical":4,"Emergencies":{"Total":41,"Suspected/Accumulated":37,"Total/Accumulated":3908,"Severe/Accumulated":16},"Confirmed":11,"MedicalTests":{"Total/Accumulated":1589,"Confirmed/Accumulated":166}},"geometry":{"type":"Point","coordinates":[0.15248105932203385,43.134416483050856]}},{"type":"Feature","properties":{"Country/Region":"France","Province/State":"Pyrénées-Orientales","Code":"66","Population":{"Total":479000,"Under19":102236,"Under39":93899,"Under59":121501,"Under74":99671,"Over75":61693},"Beds":{"Resuscitation":32,"IntensiveCare":64,"Total":96},"Deaths":28,"Recovered":251,"Severe":23,"Critical":11,"Emergencies":{"Suspected":2,"Total":221,"Suspected/Accumulated":348,"Total/Accumulated":13060,"Severe/Accumulated":153},"MedicalActs":{"Suspected":6,"Total":95,"Suspected/Accumulated":451,"Total/Accumulated":5589},"MedicalTests":{"Total":1,"Total/Accumulated":1411,"Confirmed/Accumulated":31},"Confirmed":35},"geometry":{"type":"Point","coordinates":[2.4354706043956034,42.554231208791215]}},{"type":"Feature","properties":{"Country/Region":"France","Province/State":"Bas-Rhin","Code":"67","Population":{"Total":1132607,"Under19":258105,"Under39":285390,"Under59":300661,"Under74":188150,"Over75":100301},"Beds":{"Resuscitation":122,"IntensiveCare":208,"Total":330},"Deaths":489,"Recovered":1571,"Severe":910,"Critical":169,"Emergencies":{"Suspected":13,"Total":261,"Severe":13,"Suspected/Accumulated":2093,"Total/Accumulated":18494,"Severe/Accumulated":1336},"MedicalActs":{"Suspected":26,"Total":281,"Suspected/Accumulated":2237,"Total/Accumulated":17172},"Confirmed":376,"MedicalTests":{"Total/Accumulated":1910,"Confirmed/Accumulated":453}},"geometry":{"type":"Point","coordinates":[7.447409099526063,48.70509469194314]}},{"type":"Feature","properties":{"Country/Region":"France","Province/State":"Haut-Rhin","Code":"68","Population":{"Total":763204,"Under19":175817,"Under39":172286,"Under59":209152,"Under74":134185,"Over75":71764},"Beds":{"Resuscitation":70,"IntensiveCare":136,"Total":206},"Deaths":664,"Recovered":1729,"Severe":936,"Critical":120,"Emergencies":{"Suspected":9,"Total":215,"Severe":6,"Suspected/Accumulated":2767,"Total/Accumulated":16969,"Severe/Accumulated":1766},"MedicalActs":{"Suspected":4,"Total":91,"Suspected/Accumulated":1493,"Total/Accumulated":6663},"MedicalTests":{"Total":2,"Total/Accumulated":3302,"Confirmed/Accumulated":925},"Confirmed":700},"geometry":{"type":"Point","coordinates":[7.263731571428571,47.83921192857142]}},{"type":"Feature","properties":{"Country/Region":"France","Province/State":"Rhône","Code":"69","Population":{"Total":1876051,"Under19":478142,"Under39":523161,"Under59":455898,"Under74":259877,"Over75":158973},"Beds":{"Resuscitation":192,"IntensiveCare":422,"Total":614},"Deaths":468,"Recovered":1655,"Severe":1189,"Critical":175,"Emergencies":{"Suspected":30,"Total":676,"Severe":15,"Suspected/Accumulated":4398,"Total/Accumulated":44832,"Severe/Accumulated":2023},"MedicalActs":{"Suspected":25,"Total":310,"Suspected/Accumulated":2413,"Total/Accumulated":17918},"Confirmed":532,"MedicalTests":{"Total/Accumulated":2167,"Confirmed/Accumulated":316}},"geometry":{"type":"Point","coordinates":[4.660707512690354,45.8811785786802]}},{"type":"Feature","properties":{"Country/Region":"France","Province/State":"Haute-Saône","Code":"70","Population":{"Total":233194,"Under19":52426,"Under39":45311,"Under59":62843,"Under74":47643,"Over75":24971},"Beds":{"Resuscitation":12,"IntensiveCare":24,"Total":36},"Deaths":67,"Recovered":151,"Severe":113,"Critical":13,"Emergencies":{"Suspected":4,"Total":73,"Severe":3,"Suspected/Accumulated":813,"Total/Accumulated":5282,"Severe/Accumulated":462},"MedicalTests":{"Total":1,"Total/Accumulated":1247,"Confirmed/Accumulated":247}},"geometry":{"type":"Point","coordinates":[6.0410172972972935,47.62793234234234]}},{"type":"Feature","properties":{"Country/Region":"France","Province/State":"Saône-et-Loire","Code":"71","Population":{"Total":547824,"Under19":117389,"Under39":104206,"Under59":141715,"Under74":114530,"Over75":69984},"Beds":{"Resuscitation":26,"IntensiveCare":44,"Total":70},"Deaths":149,"Recovered":398,"Severe":224,"Critical":26,"Emergencies":{"Suspected":9,"Total":248,"Severe":7,"Suspected/Accumulated":2447,"Total/Accumulated":15998,"Severe/Accumulated":1070},"MedicalTests":{"Total/Accumulated":2459,"Confirmed/Accumulated":240}},"geometry":{"type":"Point","coordinates":[4.528318691588785,46.63876112149533]}},{"type":"Feature","properties":{"Country/Region":"France","Province/State":"Sarthe","Code":"72","Population":{"Total":560227,"Under19":135636,"Under39":116946,"Under59":143032,"Under74":103587,"Over75":61026},"Beds":{"Resuscitation":17,"IntensiveCare":54,"Total":71},"Deaths":48,"Recovered":197,"Severe":150,"Critical":15,"Emergencies":{"Suspected":14,"Total":220,"Severe":11,"Suspected/Accumulated":1533,"Total/Accumulated":14568,"Severe/Accumulated":785},"Confirmed":422,"MedicalTests":{"Total/Accumulated":33,"Confirmed/Accumulated":3}},"geometry":{"type":"Point","coordinates":[0.1986467741935485,47.9763005529954]}},{"type":"Feature","properties":{"Country/Region":"France","Province/State":"Savoie","Code":"73","Population":{"Total":432548,"Under19":98346,"Under39":96013,"Under59":117417,"Under74":76722,"Over75":44050},"Beds":{"Resuscitation":18,"IntensiveCare":36,"Total":54},"Deaths":41,"Recovered":298,"Severe":83,"Critical":10,"Emergencies":{"Suspected":2,"Total":97,"Severe":2,"Suspected/Accumulated":468,"Total/Accumulated":8117,"Severe/Accumulated":197},"MedicalActs":{"Suspected":5,"Total":72,"Suspected/Accumulated":499,"Total/Accumulated":4593},"Confirmed":114,"MedicalTests":{"Total/Accumulated":301,"Confirmed/Accumulated":39}},"geometry":{"type":"Point","coordinates":[6.4038603585657325,45.50301760956176]}},{"type":"Feature","properties":{"Country/Region":"France","Province/State":"Haute-Savoie","Code":"74","Population":{"Total":828405,"Under19":203837,"Under39":209477,"Under59":227355,"Under74":122439,"Over75":65297},"Beds":{"Resuscitation":34,"IntensiveCare":82,"Total":116},"Deaths":131,"Recovered":590,"Severe":222,"Critical":32,"Emergencies":{"Suspected":14,"Total":390,"Severe":6,"Suspected/Accumulated":1860,"Total/Accumulated":26708,"Severe/Accumulated":652},"MedicalActs":{"Suspected":5,"Total":103,"Suspected/Accumulated":693,"Total/Accumulated":6455},"Confirmed":310,"MedicalTests":{"Total/Accumulated":2719,"Confirmed/Accumulated":566}},"geometry":{"type":"Point","coordinates":[6.452374226804124,46.01403216494844]}},{"type":"Feature","properties":{"Country/Region":"France","Province/State":"Paris","Code":"75","Population":{"Total":2148271,"Under19":406652,"Under39":718825,"Under59":536676,"Under74":311978,"Over75":174140},"Beds":{"Resuscitation":389,"IntensiveCare":1082,"Total":1471},"Deaths":1366,"Recovered":3667,"Severe":2554,"Critical":523,"Emergencies":{"Suspected":64,"Total":724,"Severe":14,"Suspected/Accumulated":13372,"Total/Accumulated":59167,"Severe/Accumulated":3639},"MedicalActs":{"Suspected":32,"Total":545,"Suspected/Accumulated":5529,"Total/Accumulated":41452},"MedicalTests":{"Total":11,"Confirmed":1,"Total/Accumulated":12711,"Confirmed/Accumulated":3805},"Confirmed":126},"geometry":{"type":"Point","coordinates":[2.3550152173913044,48.8535647826087]}},{"type":"Feature","properties":{"Country/Region":"France","Province/State":"Seine-Maritime","Code":"76","Population":{"Total":1243788,"Under19":303968,"Under39":294607,"Under59":310458,"Under74":218116,"Over75":116639},"Beds":{"Resuscitation":93,"IntensiveCare":300,"Total":393},"Deaths":139,"Recovered":509,"Severe":226,"Critical":55,"Emergencies":{"Suspected":11,"Total":505,"Severe":4,"Suspected/Accumulated":1280,"Total/Accumulated":35882,"Severe/Accumulated":482},"MedicalActs":{"Suspected":5,"Total":56,"Suspected/Accumulated":346,"Total/Accumulated":4181},"MedicalTests":{"Total":1,"Total/Accumulated":2737,"Confirmed/Accumulated":379},"Confirmed":233},"geometry":{"type":"Point","coordinates":[1.114674462365592,49.5942889784946]}},{"type":"Feature","properties":{"Country/Region":"France","Province/State":"Seine-et-Marne","Code":"77","Population":{"Total":1423607,"Under19":392025,"Under39":357752,"Under59":382068,"Under74":199768,"Over75":91994},"Beds":{"Resuscitation":77,"IntensiveCare":100,"Total":177},"Deaths":448,"Recovered":1580,"Severe":689,"Critical":146,"Emergencies":{"Suspected":12,"Total":278,"Severe":11,"Suspected/Accumulated":2614,"Total/Accumulated":22728,"Severe/Accumulated":1255},"MedicalActs":{"Suspected":5,"Total":143,"Suspected/Accumulated":1234,"Total/Accumulated":11581},"MedicalTests":{"Total":5,"Confirmed":2,"Total/Accumulated":6562,"Confirmed/Accumulated":1619},"Confirmed":42},"geometry":{"type":"Point","coordinates":[2.9385241532258073,48.61862185483869]}},{"type":"Feature","properties":{"Country/Region":"France","Province/State":"Yvelines","Code":"78","Population":{"Total":1448625,"Under19":385814,"Under39":341694,"Under59":394186,"Under74":209492,"Over75":117439},"Beds":{"Resuscitation":84,"IntensiveCare":204,"Total":288},"Deaths":401,"Recovered":1323,"Severe":835,"Critical":122,"Emergencies":{"Suspected":13,"Total":434,"Severe":4,"Suspected/Accumulated":2618,"Total/Accumulated":31688,"Severe/Accumulated":919},"MedicalActs":{"Suspected":10,"Total":116,"Suspected/Accumulated":1101,"Total/Accumulated":8100},"MedicalTests":{"Total":4,"Total/Accumulated":4277,"Confirmed/Accumulated":1083},"Confirmed":70},"geometry":{"type":"Point","coordinates":[1.8294258823529415,48.80823257352944]}},{"type":"Feature","properties":{"Country/Region":"France","Province/State":"Deux-Sèvres","Code":"79","Population":{"Total":372627,"Under19":85106,"Under39":73604,"Under59":98839,"Under74":72067,"Over75":43011},"Beds":{"Resuscitation":8,"IntensiveCare":36,"Total":44},"Deaths":14,"Recovered":38,"Severe":30,"Critical":3,"Emergencies":{"Total":152,"Suspected/Accumulated":295,"Total/Accumulated":8950,"Severe/Accumulated":119},"Confirmed":11,"MedicalTests":{"Total/Accumulated":31,"Confirmed/Accumulated":5}},"geometry":{"type":"Point","coordinates":[-0.29978133828996273,46.53994301115242]}},{"type":"Feature","properties":{"Country/Region":"France","Province/State":"Somme","Code":"80","Population":{"Total":569769,"Under19":138211,"Under39":134953,"Under59":144752,"Under74":100734,"Over75":51119},"Beds":{"Resuscitation":58,"IntensiveCare":164,"Total":222},"Deaths":168,"Recovered":469,"Severe":303,"Critical":50,"Emergencies":{"Suspected":8,"Total":248,"Severe":5,"Suspected/Accumulated":1341,"Total/Accumulated":15386,"Severe/Accumulated":574},"MedicalActs":{"Suspected":9,"Total":81,"Suspected/Accumulated":1318,"Total/Accumulated":10849},"MedicalTests":{"Total":2,"Total/Accumulated":2069,"Confirmed/Accumulated":417},"Confirmed":54},"geometry":{"type":"Point","coordinates":[2.3486719850187256,49.97418277153558]}},{"type":"Feature","properties":{"Country/Region":"France","Province/State":"Tarn","Code":"81","Population":{"Total":387898,"Under19":84873,"Under39":74511,"Under59":102349,"Under74":77279,"Over75":48886},"Beds":{"Resuscitation":24,"IntensiveCare":70,"Total":94},"Deaths":18,"Recovered":65,"Severe":38,"Critical":8,"Emergencies":{"Suspected":7,"Total":167,"Severe":3,"Suspected/Accumulated":551,"Total/Accumulated":10598,"Severe/Accumulated":154},"Confirmed":14,"MedicalTests":{"Total/Accumulated":783,"Confirmed/Accumulated":41}},"geometry":{"type":"Point","coordinates":[2.1808796818181815,43.78627254545453]}},{"type":"Feature","properties":{"Country/Region":"France","Province/State":"Tarn-et-Garonne","Code":"82","Population":{"Total":262618,"Under19":63559,"Under39":53023,"Under59":70354,"Under74":48046,"Over75":27636},"Beds":{"Resuscitation":18,"IntensiveCare":40,"Total":58},"Deaths":3,"Recovered":30,"Severe":12,"Critical":5,"Emergencies":{"Total":107,"Suspected/Accumulated":579,"Total/Accumulated":6396,"Severe/Accumulated":202},"MedicalTests":{"Total":1,"Confirmed":1,"Total/Accumulated":1115,"Confirmed/Accumulated":67},"Confirmed":11},"geometry":{"type":"Point","coordinates":[1.3350866094420606,44.1164032618026]}},{"type":"Feature","properties":{"Country/Region":"France","Province/State":"Var","Code":"83","Population":{"Total":1073836,"Under19":224216,"Under39":215361,"Under59":276842,"Under74":218239,"Over75":139178},"Beds":{"Resuscitation":60,"IntensiveCare":84,"Total":144},"Deaths":103,"Recovered":538,"Severe":289,"Critical":40,"Emergencies":{"Suspected":12,"Total":407,"Severe":11,"Suspected/Accumulated":1712,"Total/Accumulated":26128,"Severe/Accumulated":970},"MedicalActs":{"Suspected":17,"Total":259,"Suspected/Accumulated":2685,"Total/Accumulated":22191},"MedicalTests":{"Total":1,"Total/Accumulated":7167,"Confirmed/Accumulated":407},"Confirmed":186},"geometry":{"type":"Point","coordinates":[6.2341132170542615,43.37767961240309]}},{"type":"Feature","properties":{"Country/Region":"France","Province/State":"Vaucluse","Code":"84","Population":{"Total":560997,"Under19":132211,"Under39":118607,"Under59":147247,"Under74":103567,"Over75":59365},"Beds":{"Resuscitation":16,"IntensiveCare":60,"Total":76},"Deaths":26,"Recovered":154,"Severe":79,"Critical":12,"Emergencies":{"Suspected":4,"Total":298,"Severe":4,"Suspected/Accumulated":614,"Total/Accumulated":18077,"Severe/Accumulated":364},"MedicalActs":{"Suspected":1,"Total":47,"Suspected/Accumulated":60,"Total/Accumulated":1489},"MedicalTests":{"Total":1,"Total/Accumulated":4843,"Confirmed/Accumulated":198},"Confirmed":45},"geometry":{"type":"Point","coordinates":[5.137687100591716,44.08826047337278]}},{"type":"Feature","properties":{"Country/Region":"France","Province/State":"Vendée","Code":"85","Population":{"Total":683187,"Under19":155162,"Under39":132680,"Under59":176377,"Under74":142178,"Over75":76790},"Beds":{"Resuscitation":18,"IntensiveCare":44,"Total":62},"Deaths":30,"Recovered":132,"Severe":49,"Critical":12,"Emergencies":{"Suspected":1,"Total":206,"Severe":1,"Suspected/Accumulated":807,"Total/Accumulated":14243,"Severe/Accumulated":339},"Confirmed":147,"MedicalTests":{"Total/Accumulated":135,"Confirmed/Accumulated":8}},"geometry":{"type":"Point","coordinates":[-1.3851340601503754,46.70726116541352]}},{"type":"Feature","properties":{"Country/Region":"France","Province/State":"Vienne","Code":"86","Population":{"Total":437398,"Under19":101362,"Under39":100176,"Under59":108284,"Under74":79480,"Over75":48096},"Beds":{"Resuscitation":53,"IntensiveCare":124,"Total":177},"Deaths":29,"Recovered":81,"Severe":47,"Critical":7,"Emergencies":{"Suspected":3,"Total":117,"Severe":3,"Suspected/Accumulated":358,"Total/Accumulated":9118,"Severe/Accumulated":174},"MedicalTests":{"Total":7,"Total/Accumulated":157,"Confirmed/Accumulated":22},"Confirmed":53},"geometry":{"type":"Point","coordinates":[0.42368070921985806,46.57872638297872]}},{"type":"Feature","properties":{"Country/Region":"France","Province/State":"Haute-Vienne","Code":"87","Population":{"Total":370774,"Under19":79173,"Under39":77448,"Under59":94509,"Under74":74186,"Over75":45458},"Beds":{"Resuscitation":24,"IntensiveCare":144,"Total":168},"Deaths":22,"Recovered":84,"Severe":48,"Critical":8,"Emergencies":{"Suspected":1,"Total":165,"Suspected/Accumulated":312,"Total/Accumulated":10990,"Severe/Accumulated":196},"MedicalActs":{"Suspected":5,"Total":112,"Suspected/Accumulated":468,"Total/Accumulated":7273},"Confirmed":21,"MedicalTests":{"Total/Accumulated":826,"Confirmed/Accumulated":60}},"geometry":{"type":"Point","coordinates":[1.2410431872509962,45.895894860557746]}},{"type":"Feature","properties":{"Country/Region":"France","Province/State":"Vosges","Code":"88","Population":{"Total":359520,"Under19":77042,"Under39":70274,"Under59":94740,"Under74":75920,"Over75":41544},"Beds":{"Resuscitation":8,"IntensiveCare":24,"Total":32},"Deaths":225,"Recovered":415,"Severe":232,"Critical":18,"Emergencies":{"Suspected":6,"Total":166,"Severe":4,"Suspected/Accumulated":2287,"Total/Accumulated":11861,"Severe/Accumulated":801},"Confirmed":66,"MedicalTests":{"Total/Accumulated":1174,"Confirmed/Accumulated":368}},"geometry":{"type":"Point","coordinates":[6.2957204247104235,48.23006027027029]}},{"type":"Feature","properties":{"Country/Region":"France","Province/State":"Yonne","Code":"89","Population":{"Total":332096,"Under19":73991,"Under39":64975,"Under59":86159,"Under74":68966,"Over75":38005},"Beds":{"Resuscitation":18,"IntensiveCare":32,"Total":50},"Deaths":53,"Recovered":150,"Severe":113,"Critical":22,"Emergencies":{"Suspected":8,"Total":217,"Severe":3,"Suspected/Accumulated":1196,"Total/Accumulated":13015,"Severe/Accumulated":299},"MedicalActs":{"Suspected":1,"Total":29,"Suspected/Accumulated":454,"Total/Accumulated":3527},"MedicalTests":{"Total/Accumulated":472,"Confirmed/Accumulated":53}},"geometry":{"type":"Point","coordinates":[3.57333820338983,47.84307762711864]}},{"type":"Feature","properties":{"Country/Region":"France","Province/State":"Territoire de Belfort","Code":"90","Population":{"Total":140145,"Under19":33166,"Under39":32553,"Under59":36366,"Under74":24639,"Over75":13421},"Beds":{"Resuscitation":25,"IntensiveCare":40,"Total":65},"Deaths":143,"Recovered":346,"Severe":149,"Critical":20,"Emergencies":{"Suspected":12,"Total":88,"Severe":7,"Suspected/Accumulated":816,"Total/Accumulated":6111,"Severe/Accumulated":470},"MedicalTests":{"Total/Accumulated":522,"Confirmed/Accumulated":105}},"geometry":{"type":"Point","coordinates":[6.93897388888889,47.60873597222223]}},{"type":"Feature","properties":{"Country/Region":"France","Province/State":"Essonne","Code":"91","Population":{"Total":1319401,"Under19":360333,"Under39":338878,"Under59":349395,"Under74":176919,"Over75":93876},"Beds":{"Resuscitation":97,"IntensiveCare":164,"Total":261},"Deaths":380,"Recovered":1051,"Severe":1198,"Critical":167,"Emergencies":{"Suspected":24,"Total":361,"Severe":10,"Suspected/Accumulated":3322,"Total/Accumulated":24795,"Severe/Accumulated":1013},"MedicalActs":{"Suspected":8,"Total":135,"Suspected/Accumulated":813,"Total/Accumulated":7220},"MedicalTests":{"Total":16,"Confirmed":1,"Total/Accumulated":7774,"Confirmed/Accumulated":2103},"Confirmed":30},"geometry":{"type":"Point","coordinates":[2.2519983333333338,48.50948216666667]}},{"type":"Feature","properties":{"Country/Region":"France","Province/State":"Hauts-de-Seine","Code":"92","Population":{"Total":1613762,"Under19":393984,"Under39":457571,"Under59":428782,"Under74":211036,"Over75":122389},"Beds":{"Resuscitation":184,"IntensiveCare":276,"Total":460},"Deaths":799,"Recovered":2524,"Severe":1890,"Critical":328,"Emergencies":{"Suspected":15,"Total":436,"Severe":3,"Suspected/Accumulated":3327,"Total/Accumulated":33831,"Severe/Accumulated":1026},"MedicalTests":{"Total":8,"Total/Accumulated":8133,"Confirmed/Accumulated":2547},"Confirmed":59},"geometry":{"type":"Point","coordinates":[2.2538900000000006,48.84266823529411]}},{"type":"Feature","properties":{"Country/Region":"France","Province/State":"Seine-Saint-Denis","Code":"93","Population":{"Total":1670149,"Under19":485032,"Under39":478299,"Under59":428192,"Under74":194935,"Over75":83691},"Beds":{"Resuscitation":100,"IntensiveCare":218,"Total":318},"Deaths":779,"Recovered":2009,"Severe":1491,"Critical":193,"Emergencies":{"Suspected":13,"Total":425,"Severe":3,"Suspected/Accumulated":4476,"Total/Accumulated":39229,"Severe/Accumulated":1274},"MedicalTests":{"Total":4,"Total/Accumulated":6573,"Confirmed/Accumulated":2413},"Confirmed":45},"geometry":{"type":"Point","coordinates":[2.474763409090909,48.91863045454546]}},{"type":"Feature","properties":{"Country/Region":"France","Province/State":"Val-de-Marne","Code":"94","Population":{"Total":1406041,"Under19":359600,"Under39":390124,"Under59":368199,"Under74":187814,"Over75":100304},"Beds":{"Resuscitation":156,"IntensiveCare":338,"Total":494},"Deaths":872,"Recovered":2166,"Severe":1971,"Critical":293,"Emergencies":{"Suspected":29,"Total":545,"Severe":10,"Suspected/Accumulated":6585,"Total/Accumulated":41492,"Severe/Accumulated":2706},"MedicalTests":{"Total":4,"Total/Accumulated":5823,"Confirmed/Accumulated":1671},"Confirmed":48},"geometry":{"type":"Point","coordinates":[2.47453725,48.775524499999996]}},{"type":"Feature","properties":{"Country/Region":"France","Province/State":"Val-d'Oise","Code":"95","Population":{"Total":1248354,"Under19":357525,"Under39":326622,"Under59":322949,"Under74":166265,"Over75":74993},"Beds":{"Resuscitation":60,"IntensiveCare":130,"Total":190},"Deaths":533,"Recovered":1579,"Severe":942,"Critical":119,"Emergencies":{"Suspected":30,"Total":398,"Severe":7,"Suspected/Accumulated":6837,"Total/Accumulated":35607,"Severe/Accumulated":2318},"MedicalActs":{"Suspected":9,"Total":142,"Suspected/Accumulated":1634,"Total/Accumulated":13409},"MedicalTests":{"Total":1,"Total/Accumulated":5182,"Confirmed/Accumulated":1774},"Confirmed":60},"geometry":{"type":"Point","coordinates":[2.092522396694214,49.08765355371902]}},{"type":"Feature","properties":{"Country/Region":"France","Province/State":"La Réunion","Code":"974","Population":{"Total":859959,"Under19":256143,"Under39":202783,"Under59":239212,"Under74":117045,"Over75":44776},"Beds":{"Resuscitation":52,"IntensiveCare":154,"Total":206},"Recovered":103,"Severe":6,"Critical":2,"Emergencies":{"Suspected":2,"Total":319,"Severe":2,"Suspected/Accumulated":243,"Total/Accumulated":19569,"Severe/Accumulated":167},"MedicalTests":{"Total/Accumulated":11,"Confirmed/Accumulated":1}},"geometry":{"type":"Point","coordinates":[55.52943947368424,-21.1374047368421]}}]}