{"type":"FeatureCollection","features":[{"type":"Feature","properties":{"Country/Region":"France","Province/State":"Guadeloupe","Code":"971","Population":{"Total":376879,"Under19":90617,"Under39":71707,"Under59":109452,"Under74":70936,"Over75":34167},"Beds":{"Resuscitation":27,"IntensiveCare":68,"Total":95},"Deaths":19,"Recovered":83,"Severe":8,"Critical":1,"Emergencies":{"Total":231,"Suspected/Accumulated":333,"Total/Accumulated":25918,"Severe/Accumulated":104},"PCRTests":{"Total":116,"Confirmed":1,"Total/Accumulated":8719,"Confirmed/Accumulated":55},"Confirmed":106,"MedicalTests":{"Total/Accumulated":51,"Confirmed/Accumulated":17}},"geometry":{"type":"Point","coordinates":[-61.493846272189366,16.20469674556213]}},{"type":"Feature","properties":{"Country/Region":"France","Province/State":"Martinique","Code":"972","Population":{"Total":358749,"Under19":77005,"Under39":65776,"Under59":105638,"Under74":72163,"Over75":38167},"Beds":{"Resuscitation":26,"IntensiveCare":58,"Total":84},"Deaths":15,"Recovered":91,"Severe":13,"Critical":5,"MedicalActs":{"Suspected":1,"Total":90,"Suspected/Accumulated":160,"Total/Accumulated":13642},"PCRTests":{"Total":155,"Total/Accumulated":11321,"Confirmed/Accumulated":83},"Confirmed":16,"MedicalTests":{"Total/Accumulated":29,"Confirmed/Accumulated":6}},"geometry":{"type":"Point","coordinates":[-60.98265692913386,14.6217557480315]}},{"type":"Feature","properties":{"Country/Region":"France","Province/State":"Guyane","Code":"973","Population":{"Total":290691,"Under19":120681,"Under39":80023,"Under59":61783,"Under74":22111,"Over75":6093},"Beds":{"Resuscitation":13,"IntensiveCare":12,"Total":25},"Deaths":35,"Recovered":748,"Severe":142,"Critical":23,"Emergencies":{"Suspected":22,"Total":155,"Severe":7,"Suspected/Accumulated":1396,"Total/Accumulated":25194,"Severe/Accumulated":564},"PCRTests":{"Total":375,"Confirmed":50,"Total/Accumulated":23538,"Confirmed/Accumulated":5468},"Confirmed":43,"MedicalTests":{"Total/Accumulated":35,"Confirmed/Accumulated":4}},"geometry":{"type":"Point","coordinates":[-53.41731165390502,3.588901056661561]}},{"type":"Feature","properties":{"Country/Region":"France","Province/State":"Mayotte","Code":"976","Population":{"Total":279471,"Under19":150257,"Under39":74348,"Under59":42900,"Under74":9521,"Over75":2445},"Beds":{"Resuscitation":6,"IntensiveCare":0,"Total":6},"Deaths":28,"Recovered":399,"Severe":10,"Critical":2,"Emergencies":{"Suspected":1,"Total":107,"Severe":1,"Suspected/Accumulated":1845,"Total/Accumulated":14619,"Severe/Accumulated":239},"PCRTests":{"Total":52,"Confirmed":3,"Total/Accumulated":6695,"Confirmed/Accumulated":1105},"Confirmed":128,"MedicalTests":{"Total/Accumulated":4,"Confirmed/Accumulated":1}},"geometry":{"type":"Point","coordinates":[45.14160071428572,-12.835344166666673]}},{"type":"Feature","properties":{"Country/Region":"France","Province/State":"Ain","Code":"01","Population":{"Total":656955,"Under19":167666,"Under39":151084,"Under59":179469,"Under74":104453,"Over75":54283},"Beds":{"Resuscitation":22,"IntensiveCare":20,"Total":42},"Deaths":105,"Recovered":435,"Severe":38,"Critical":2,"Emergencies":{"Suspected":3,"Total":270,"Severe":2,"Suspected/Accumulated":1134,"Total/Accumulated":31564,"Severe/Accumulated":467},"PCRTests":{"Total":341,"Confirmed":4,"Total/Accumulated":21976,"Confirmed/Accumulated":221},"Confirmed":118,"MedicalTests":{"Total/Accumulated":3606,"Confirmed/Accumulated":382}},"geometry":{"type":"Point","coordinates":[5.430359734513273,46.106026415929215]}},{"type":"Feature","properties":{"Country/Region":"France","Province/State":"Aisne","Code":"02","Population":{"Total":526050,"Under19":129852,"Under39":114042,"Under59":135164,"Under74":98046,"Over75":48946},"Beds":{"Resuscitation":34,"IntensiveCare":110,"Total":144},"Deaths":276,"Recovered":1074,"Severe":62,"Critical":4,"Emergencies":{"Suspected":4,"Total":355,"Suspected/Accumulated":3021,"Total/Accumulated":44685,"Severe/Accumulated":1012},"MedicalActs":{"Suspected":3,"Total":210,"Suspected/Accumulated":931,"Total/Accumulated":26818},"PCRTests":{"Total":211,"Confirmed":1,"Total/Accumulated":15761,"Confirmed/Accumulated":318},"Confirmed":59,"MedicalTests":{"Total/Accumulated":3072,"Confirmed/Accumulated":456}},"geometry":{"type":"Point","coordinates":[3.5153965625000003,49.457888298611124]}},{"type":"Feature","properties":{"Country/Region":"France","Province/State":"Allier","Code":"03","Population":{"Total":331315,"Under19":66659,"Under39":61490,"Under59":85304,"Under74":72079,"Over75":45783},"Beds":{"Resuscitation":24,"IntensiveCare":56,"Total":80},"Deaths":41,"Recovered":199,"Severe":6,"Emergencies":{"Total":225,"Suspected/Accumulated":1133,"Total/Accumulated":21875,"Severe/Accumulated":640},"PCRTests":{"Total":174,"Total/Accumulated":9987,"Confirmed/Accumulated":78},"Confirmed":38,"MedicalTests":{"Total/Accumulated":1177,"Confirmed/Accumulated":12}},"geometry":{"type":"Point","coordinates":[3.1778756690140857,46.39097419014088]}},{"type":"Feature","properties":{"Country/Region":"France","Province/State":"Alpes-de-Haute-Provence","Code":"04","Population":{"Total":165197,"Under19":34281,"Under39":30814,"Under59":43423,"Under74":35681,"Over75":20998},"Beds":{"Resuscitation":6,"IntensiveCare":0,"Total":6},"Deaths":13,"Recovered":131,"Severe":2,"Emergencies":{"Total":223,"Suspected/Accumulated":304,"Total/Accumulated":19685,"Severe/Accumulated":134},"PCRTests":{"Total":79,"Total/Accumulated":5670,"Confirmed/Accumulated":18},"Confirmed":22,"MedicalTests":{"Total/Accumulated":1722,"Confirmed/Accumulated":63}},"geometry":{"type":"Point","coordinates":[6.294359440298507,44.152788992537346]}},{"type":"Feature","properties":{"Country/Region":"France","Province/State":"Hautes-Alpes","Code":"05","Population":{"Total":141756,"Under19":30280,"Under39":27715,"Under59":37829,"Under74":29047,"Over75":16885},"Beds":{"Resuscitation":8,"IntensiveCare":0,"Total":8},"Deaths":18,"Recovered":132,"Severe":5,"Emergencies":{"Total":267,"Suspected/Accumulated":1079,"Total/Accumulated":18702,"Severe/Accumulated":191},"PCRTests":{"Total":25,"Total/Accumulated":3513,"Confirmed/Accumulated":23},"Confirmed":42,"MedicalTests":{"Total/Accumulated":658,"Confirmed/Accumulated":4}},"geometry":{"type":"Point","coordinates":[6.205986298932386,44.64177099644131]}},{"type":"Feature","properties":{"Country/Region":"France","Province/State":"Alpes-Maritimes","Code":"06","Population":{"Total":1079396,"Under19":226862,"Under39":232814,"Under59":282249,"Under74":198428,"Over75":139043},"Beds":{"Resuscitation":89,"IntensiveCare":182,"Total":271},"Deaths":188,"Recovered":750,"Severe":34,"Critical":1,"Emergencies":{"Suspected":1,"Total":952,"Suspected/Accumulated":3340,"Total/Accumulated":100159,"Severe/Accumulated":1854},"MedicalActs":{"Suspected":10,"Total":228,"Suspected/Accumulated":1542,"Total/Accumulated":21561},"PCRTests":{"Total":511,"Confirmed":5,"Total/Accumulated":46358,"Confirmed/Accumulated":359},"Confirmed":194,"MedicalTests":{"Total/Accumulated":5759,"Confirmed/Accumulated":263}},"geometry":{"type":"Point","coordinates":[7.093963618090453,43.90811477386935]}},{"type":"Feature","properties":{"Country/Region":"France","Province/State":"Corse-du-Sud","Code":"2A","Population":{"Total":162421,"Under19":31630,"Under39":34910,"Under59":45312,"Under74":31004,"Over75":19565},"Beds":{"Resuscitation":10,"IntensiveCare":30,"Total":40},"Deaths":48,"Recovered":140,"Severe":10,"Emergencies":{"Total":134,"Suspected/Accumulated":141,"Total/Accumulated":11643,"Severe/Accumulated":111},"MedicalActs":{"Suspected":1,"Total":120,"Suspected/Accumulated":497,"Total/Accumulated":4945},"PCRTests":{"Total":145,"Confirmed":1,"Total/Accumulated":8473,"Confirmed/Accumulated":46},"Confirmed":207},"geometry":{"type":"Point","coordinates":[8.933891598360661,41.87995627049185]}},{"type":"Feature","properties":{"Country/Region":"France","Province/State":"Haute-Corse","Code":"2B","Population":{"Total":182258,"Under19":36925,"Under39":42075,"Under59":47863,"Under74":34671,"Over75":20724},"Beds":{"Resuscitation":8,"IntensiveCare":12,"Total":20},"Deaths":11,"Recovered":108,"Severe":1,"Critical":1,"Emergencies":{"Suspected":3,"Total":190,"Suspected/Accumulated":2033,"Total/Accumulated":15063,"Severe/Accumulated":1940},"PCRTests":{"Total":56,"Total/Accumulated":5186,"Confirmed/Accumulated":31},"Confirmed":56},"geometry":{"type":"Point","coordinates":[9.12993101604278,42.44040566844919]}},{"type":"Feature","properties":{"Country/Region":"France","Province/State":"Ardèche","Code":"07","Population":{"Total":326875,"Under19":70594,"Under39":61093,"Under59":88160,"Under74":68490,"Over75":38538},"Beds":{"Resuscitation":8,"IntensiveCare":0,"Total":8},"Deaths":109,"Recovered":445,"Severe":3,"Critical":1,"Emergencies":{"Total":240,"Suspected/Accumulated":800,"Total/Accumulated":22393,"Severe/Accumulated":167},"PCRTests":{"Total":114,"Total/Accumulated":8823,"Confirmed/Accumulated":150},"Confirmed":128,"MedicalTests":{"Total/Accumulated":1210,"Confirmed/Accumulated":123}},"geometry":{"type":"Point","coordinates":[4.425911157407411,44.77470101851853]}},{"type":"Feature","properties":{"Country/Region":"France","Province/State":"Ardennes","Code":"08","Population":{"Total":265531,"Under19":60337,"Under39":55870,"Under59":70459,"Under74":52021,"Over75":26844},"Beds":{"Resuscitation":12,"IntensiveCare":42,"Total":54},"Deaths":60,"Recovered":212,"Severe":4,"Emergencies":{"Total":246,"Suspected/Accumulated":250,"Total/Accumulated":25173,"Severe/Accumulated":64},"PCRTests":{"Total":109,"Total/Accumulated":9514,"Confirmed/Accumulated":89},"Confirmed":3,"MedicalTests":{"Total/Accumulated":1117,"Confirmed/Accumulated":101}},"geometry":{"type":"Point","coordinates":[4.717836481481479,49.63503592592596]}},{"type":"Feature","properties":{"Country/Region":"France","Province/State":"Ariège","Code":"09","Population":{"Total":152398,"Under19":30718,"Under39":28780,"Under59":40432,"Under74":32667,"Over75":19801},"Beds":{"Resuscitation":8,"IntensiveCare":16,"Total":24},"Deaths":2,"Recovered":33,"Severe":1,"Critical":1,"Emergencies":{"Total":134,"Suspected/Accumulated":193,"Total/Accumulated":12939,"Severe/Accumulated":86},"PCRTests":{"Total":51,"Total/Accumulated":3096,"Confirmed/Accumulated":5},"Confirmed":3,"MedicalTests":{"Total/Accumulated":943,"Confirmed/Accumulated":7}},"geometry":{"type":"Point","coordinates":[1.5308575113122171,42.951783619909506]}},{"type":"Feature","properties":{"Country/Region":"France","Province/State":"Aube","Code":"10","Population":{"Total":309907,"Under19":74513,"Under39":69749,"Under59":77945,"Under74":56336,"Over75":31364},"Beds":{"Resuscitation":12,"IntensiveCare":36,"Total":48},"Deaths":136,"Recovered":625,"Severe":24,"Emergencies":{"Suspected":1,"Total":191,"Suspected/Accumulated":732,"Total/Accumulated":20583,"Severe/Accumulated":345},"MedicalActs":{"Total":120,"Suspected/Accumulated":537,"Total/Accumulated":12953},"PCRTests":{"Total":72,"Confirmed":3,"Total/Accumulated":7853,"Confirmed/Accumulated":75},"Confirmed":14,"MedicalTests":{"Total/Accumulated":3836,"Confirmed/Accumulated":370}},"geometry":{"type":"Point","coordinates":[4.115386826086957,48.290927782608684]}},{"type":"Feature","properties":{"Country/Region":"France","Province/State":"Aude","Code":"11","Population":{"Total":372705,"Under19":78644,"Under39":70170,"Under59":96929,"Under74":80039,"Over75":46923},"Beds":{"Resuscitation":16,"IntensiveCare":44,"Total":60},"Deaths":59,"Recovered":234,"Severe":3,"Emergencies":{"Total":330,"Suspected/Accumulated":518,"Total/Accumulated":32092,"Severe/Accumulated":216},"PCRTests":{"Total":153,"Total/Accumulated":11392,"Confirmed/Accumulated":89},"Confirmed":44,"MedicalTests":{"Total/Accumulated":3464,"Confirmed/Accumulated":194}},"geometry":{"type":"Point","coordinates":[2.3518425641025638,43.13299722222223]}},{"type":"Feature","properties":{"Country/Region":"France","Province/State":"Aveyron","Code":"12","Population":{"Total":278360,"Under19":55940,"Under39":51027,"Under59":73060,"Under74":59454,"Over75":38879},"Beds":{"Resuscitation":11,"IntensiveCare":32,"Total":43},"Deaths":24,"Recovered":143,"Severe":1,"Emergencies":{"Total":152,"Suspected/Accumulated":23,"Total/Accumulated":14532,"Severe/Accumulated":7},"PCRTests":{"Total":124,"Total/Accumulated":7683,"Confirmed/Accumulated":48},"Confirmed":29,"MedicalTests":{"Total/Accumulated":118,"Confirmed/Accumulated":5}},"geometry":{"type":"Point","coordinates":[2.66545315960912,44.28474130293157]}},{"type":"Feature","properties":{"Country/Region":"France","Province/State":"Bouches-du-Rhône","Code":"13","Population":{"Total":2034469,"Under19":480915,"Under39":483747,"Under59":522289,"Under74":342385,"Over75":205133},"Beds":{"Resuscitation":281,"IntensiveCare":476,"Total":757},"Deaths":564,"Recovered":3330,"Severe":320,"Critical":19,"Emergencies":{"Suspected":4,"Total":1532,"Severe":3,"Suspected/Accumulated":3490,"Total/Accumulated":154842,"Severe/Accumulated":1705},"MedicalActs":{"Suspected":3,"Total":225,"Suspected/Accumulated":1362,"Total/Accumulated":27570},"PCRTests":{"Total":1485,"Confirmed":15,"Total/Accumulated":134284,"Confirmed/Accumulated":1442},"Confirmed":827,"MedicalTests":{"Total/Accumulated":53325,"Confirmed/Accumulated":3187}},"geometry":{"type":"Point","coordinates":[5.098567400881058,43.49901925110133]}},{"type":"Feature","properties":{"Country/Region":"France","Province/State":"Calvados","Code":"14","Population":{"Total":691453,"Under19":160392,"Under39":155359,"Under59":174249,"Under74":130972,"Over75":70481},"Beds":{"Resuscitation":91,"IntensiveCare":128,"Total":219},"Deaths":85,"Recovered":325,"Severe":14,"Critical":1,"Emergencies":{"Suspected":2,"Total":374,"Severe":1,"Suspected/Accumulated":1503,"Total/Accumulated":47801,"Severe/Accumulated":513},"MedicalActs":{"Suspected":16,"Total":318,"Suspected/Accumulated":2138,"Total/Accumulated":31908},"PCRTests":{"Total":760,"Confirmed":3,"Total/Accumulated":37067,"Confirmed/Accumulated":124},"Confirmed":147,"MedicalTests":{"Total/Accumulated":1704,"Confirmed/Accumulated":157}},"geometry":{"type":"Point","coordinates":[-0.4028230593607306,49.05443785388125]}},{"type":"Feature","properties":{"Country/Region":"France","Province/State":"Cantal","Code":"15","Population":{"Total":142811,"Under19":26571,"Under39":24954,"Under59":38397,"Under74":32697,"Over75":20192},"Beds":{"Resuscitation":8,"IntensiveCare":30,"Total":38},"Deaths":9,"Recovered":50,"Severe":9,"Critical":1,"Emergencies":{"Suspected":1,"Total":96,"Suspected/Accumulated":194,"Total/Accumulated":9198,"Severe/Accumulated":105},"PCRTests":{"Total":62,"Total/Accumulated":4044,"Confirmed/Accumulated":16},"Confirmed":33,"MedicalTests":{"Total/Accumulated":648,"Confirmed/Accumulated":44}},"geometry":{"type":"Point","coordinates":[2.7066918215613374,45.02447219330856]}},{"type":"Feature","properties":{"Country/Region":"France","Province/State":"Charente","Code":"16","Population":{"Total":348180,"Under19":71324,"Under39":69355,"Under59":91186,"Under74":72860,"Over75":43455},"Beds":{"Resuscitation":12,"IntensiveCare":36,"Total":48},"Deaths":13,"Recovered":57,"Severe":2,"Critical":1,"Emergencies":{"Suspected":1,"Total":247,"Suspected/Accumulated":633,"Total/Accumulated":27107,"Severe/Accumulated":215},"PCRTests":{"Total":32,"Total/Accumulated":6017,"Confirmed/Accumulated":48},"Confirmed":10,"MedicalTests":{"Total/Accumulated":899,"Confirmed/Accumulated":21}},"geometry":{"type":"Point","coordinates":[0.2054574390243902,45.733938821138196]}},{"type":"Feature","properties":{"Country/Region":"France","Province/State":"Charente-Maritime","Code":"17","Population":{"Total":647080,"Under19":130618,"Under39":119836,"Under59":164314,"Under74":146996,"Over75":85316},"Beds":{"Resuscitation":30,"IntensiveCare":72,"Total":102},"Deaths":51,"Recovered":146,"Severe":6,"Emergencies":{"Suspected":1,"Total":536,"Suspected/Accumulated":1175,"Total/Accumulated":52439,"Severe/Accumulated":421},"MedicalActs":{"Suspected":1,"Total":80,"Suspected/Accumulated":231,"Total/Accumulated":5806},"PCRTests":{"Total":169,"Confirmed":1,"Total/Accumulated":9521,"Confirmed/Accumulated":28},"Confirmed":49,"MedicalTests":{"Total/Accumulated":8110,"Confirmed/Accumulated":167}},"geometry":{"type":"Point","coordinates":[-0.734802142857143,45.8164405357143]}},{"type":"Feature","properties":{"Country/Region":"France","Province/State":"Cher","Code":"18","Population":{"Total":296404,"Under19":61933,"Under39":57193,"Under59":76912,"Under74":62985,"Over75":37381},"Beds":{"Resuscitation":12,"IntensiveCare":32,"Total":44},"Deaths":85,"Recovered":182,"Severe":21,"Emergencies":{"Total":117,"Suspected/Accumulated":1514,"Total/Accumulated":16299,"Severe/Accumulated":25},"MedicalActs":{"Suspected":9,"Total":157,"Suspected/Accumulated":561,"Total/Accumulated":17037},"PCRTests":{"Total":104,"Total/Accumulated":7430,"Confirmed/Accumulated":51},"Confirmed":25,"MedicalTests":{"Total/Accumulated":3157,"Confirmed/Accumulated":334}},"geometry":{"type":"Point","coordinates":[2.420866293436294,47.03802115830117]}},{"type":"Feature","properties":{"Country/Region":"France","Province/State":"Corrèze","Code":"19","Population":{"Total":240336,"Under19":48146,"Under39":45056,"Under59":62186,"Under74":52206,"Over75":32742},"Beds":{"Resuscitation":15,"IntensiveCare":42,"Total":57},"Deaths":37,"Recovered":161,"Severe":2,"Emergencies":{"Suspected":1,"Total":211,"Suspected/Accumulated":557,"Total/Accumulated":19763,"Severe/Accumulated":446},"PCRTests":{"Total":94,"Total/Accumulated":7882,"Confirmed/Accumulated":46},"Confirmed":23,"MedicalTests":{"Total/Accumulated":315,"Confirmed/Accumulated":17}},"geometry":{"type":"Point","coordinates":[1.8952178059071727,45.37689915611812]}},{"type":"Feature","properties":{"Country/Region":"France","Province/State":"Côte-d'Or","Code":"21","Population":{"Total":532886,"Under19":121633,"Under39":128314,"Under59":134514,"Under74":95451,"Over75":52974},"Beds":{"Resuscitation":57,"IntensiveCare":190,"Total":247},"Deaths":250,"Recovered":944,"Severe":9,"Critical":2,"Emergencies":{"Suspected":12,"Total":362,"Severe":1,"Suspected/Accumulated":1620,"Total/Accumulated":32113,"Severe/Accumulated":585},"MedicalActs":{"Suspected":4,"Total":113,"Suspected/Accumulated":895,"Total/Accumulated":10308},"PCRTests":{"Total":523,"Confirmed":1,"Total/Accumulated":17621,"Confirmed/Accumulated":163},"Confirmed":1,"MedicalTests":{"Total/Accumulated":1228,"Confirmed/Accumulated":98}},"geometry":{"type":"Point","coordinates":[4.781845107913668,47.44940406474819]}},{"type":"Feature","properties":{"Country/Region":"France","Province/State":"Côtes-d'Armor","Code":"22","Population":{"Total":596186,"Under19":131217,"Under39":108675,"Under59":153257,"Under74":128481,"Over75":74556},"Beds":{"Resuscitation":14,"IntensiveCare":32,"Total":46},"Deaths":38,"Recovered":219,"Severe":6,"Emergencies":{"Suspected":3,"Total":363,"Severe":3,"Suspected/Accumulated":898,"Total/Accumulated":32498,"Severe/Accumulated":705},"PCRTests":{"Total":497,"Total/Accumulated":20623,"Confirmed/Accumulated":292},"Confirmed":107,"MedicalTests":{"Total/Accumulated":177,"Confirmed/Accumulated":3}},"geometry":{"type":"Point","coordinates":[-2.8283123411371243,48.47540434782613]}},{"type":"Feature","properties":{"Country/Region":"France","Province/State":"Creuse","Code":"23","Population":{"Total":116270,"Under19":20766,"Under39":19388,"Under59":30402,"Under74":28640,"Over75":17074},"Beds":{"Resuscitation":8,"IntensiveCare":16,"Total":24},"Deaths":14,"Recovered":78,"Severe":2,"Critical":2,"Emergencies":{"Total":71,"Suspected/Accumulated":384,"Total/Accumulated":8185,"Severe/Accumulated":79},"PCRTests":{"Total":43,"Total/Accumulated":5225,"Confirmed/Accumulated":32},"Confirmed":12,"MedicalTests":{"Total/Accumulated":1152,"Confirmed/Accumulated":11}},"geometry":{"type":"Point","coordinates":[1.9795267256637192,46.07153353982301]}},{"type":"Feature","properties":{"Country/Region":"France","Province/State":"Dordogne","Code":"24","Population":{"Total":408393,"Under19":76430,"Under39":70201,"Under59":107402,"Under74":96538,"Over75":57822},"Beds":{"Resuscitation":19,"IntensiveCare":36,"Total":55},"Deaths":14,"Recovered":98,"Severe":1,"Emergencies":{"Suspected":1,"Total":244,"Severe":1,"Suspected/Accumulated":868,"Total/Accumulated":22690,"Severe/Accumulated":442},"PCRTests":{"Total":137,"Total/Accumulated":8835,"Confirmed/Accumulated":33},"Confirmed":13,"MedicalTests":{"Total/Accumulated":586,"Confirmed/Accumulated":26}},"geometry":{"type":"Point","coordinates":[0.7502005172413793,45.100126827586195]}},{"type":"Feature","properties":{"Country/Region":"France","Province/State":"Doubs","Code":"25","Population":{"Total":539449,"Under19":132582,"Under39":130504,"Under59":135120,"Under74":90502,"Over75":50741},"Beds":{"Resuscitation":40,"IntensiveCare":262,"Total":302},"Deaths":151,"Recovered":636,"Severe":4,"Emergencies":{"Suspected":2,"Total":254,"Severe":1,"Suspected/Accumulated":1503,"Total/Accumulated":26293,"Severe/Accumulated":585},"MedicalActs":{"Suspected":2,"Total":133,"Suspected/Accumulated":534,"Total/Accumulated":12888},"PCRTests":{"Total":386,"Confirmed":2,"Total/Accumulated":20445,"Confirmed/Accumulated":207},"MedicalTests":{"Total/Accumulated":2111,"Confirmed/Accumulated":213}},"geometry":{"type":"Point","coordinates":[6.359828136363636,47.17302813636364]}},{"type":"Feature","properties":{"Country/Region":"France","Province/State":"Drôme","Code":"26","Population":{"Total":520560,"Under19":125073,"Under39":110455,"Under59":134338,"Under74":95865,"Over75":54829},"Beds":{"Resuscitation":24,"IntensiveCare":68,"Total":92},"Deaths":129,"Recovered":514,"Severe":25,"Critical":1,"Emergencies":{"Suspected":2,"Total":345,"Suspected/Accumulated":1357,"Total/Accumulated":34867,"Severe/Accumulated":538},"PCRTests":{"Total":268,"Confirmed":3,"Total/Accumulated":13316,"Confirmed/Accumulated":193},"Confirmed":119,"MedicalTests":{"Total/Accumulated":2066,"Confirmed/Accumulated":135}},"geometry":{"type":"Point","coordinates":[5.213618019801983,44.63170462046205]}},{"type":"Feature","properties":{"Country/Region":"France","Province/State":"Eure","Code":"27","Population":{"Total":600687,"Under19":151745,"Under39":128858,"Under59":160781,"Under74":106586,"Over75":52717},"Beds":{"Resuscitation":12,"IntensiveCare":44,"Total":56},"Deaths":84,"Recovered":241,"Severe":35,"Emergencies":{"Suspected":4,"Total":208,"Severe":1,"Suspected/Accumulated":456,"Total/Accumulated":21546,"Severe/Accumulated":77},"PCRTests":{"Total":257,"Total/Accumulated":15627,"Confirmed/Accumulated":117},"Confirmed":71,"MedicalTests":{"Total/Accumulated":5764,"Confirmed/Accumulated":580}},"geometry":{"type":"Point","coordinates":[0.9927279220779222,49.13064012987015]}},{"type":"Feature","properties":{"Country/Region":"France","Province/State":"Eure-et-Loir","Code":"28","Population":{"Total":429425,"Under19":106266,"Under39":90617,"Under59":113525,"Under74":76422,"Over75":42595},"Beds":{"Resuscitation":20,"IntensiveCare":44,"Total":64},"Deaths":139,"Recovered":548,"Severe":56,"Critical":6,"Emergencies":{"Total":266,"Suspected/Accumulated":659,"Total/Accumulated":36783,"Severe/Accumulated":198},"PCRTests":{"Total":126,"Total/Accumulated":11589,"Confirmed/Accumulated":166},"Confirmed":104,"MedicalTests":{"Total/Accumulated":4351,"Confirmed/Accumulated":653}},"geometry":{"type":"Point","coordinates":[1.3718229302325597,48.39856558139533]}},{"type":"Feature","properties":{"Country/Region":"France","Province/State":"Finistère","Code":"29","Population":{"Total":906554,"Under19":201332,"Under39":189857,"Under59":237308,"Under74":178715,"Over75":99342},"Beds":{"Resuscitation":66,"IntensiveCare":142,"Total":208},"Deaths":43,"Recovered":187,"Severe":11,"Emergencies":{"Suspected":2,"Total":728,"Suspected/Accumulated":443,"Total/Accumulated":72904,"Severe/Accumulated":130},"MedicalActs":{"Suspected":16,"Total":142,"Suspected/Accumulated":464,"Total/Accumulated":15756},"PCRTests":{"Total":668,"Confirmed":2,"Total/Accumulated":21902,"Confirmed/Accumulated":243},"Confirmed":230,"MedicalTests":{"Total/Accumulated":44,"Confirmed/Accumulated":9}},"geometry":{"type":"Point","coordinates":[-4.16814140056023,48.26300924369748]}},{"type":"Feature","properties":{"Country/Region":"France","Province/State":"Gard","Code":"30","Population":{"Total":748468,"Under19":170615,"Under39":154480,"Under59":195429,"Under74":147114,"Over75":80830},"Beds":{"Resuscitation":49,"IntensiveCare":108,"Total":157},"Deaths":97,"Recovered":360,"Severe":6,"Emergencies":{"Suspected":1,"Total":473,"Severe":1,"Suspected/Accumulated":732,"Total/Accumulated":54811,"Severe/Accumulated":229},"MedicalActs":{"Suspected":9,"Total":105,"Suspected/Accumulated":601,"Total/Accumulated":9406},"PCRTests":{"Total":312,"Confirmed":2,"Total/Accumulated":28630,"Confirmed/Accumulated":476},"Confirmed":44,"MedicalTests":{"Total/Accumulated":11845,"Confirmed/Accumulated":327}},"geometry":{"type":"Point","coordinates":[4.0572744791666695,44.00851614583332]}},{"type":"Feature","properties":{"Country/Region":"France","Province/State":"Haute-Garonne","Code":"31","Population":{"Total":1400935,"Under19":335750,"Under39":398589,"Under59":358515,"Under74":197921,"Over75":110160},"Beds":{"Resuscitation":161,"IntensiveCare":430,"Total":591},"Deaths":73,"Recovered":664,"Severe":20,"Critical":3,"Emergencies":{"Suspected":2,"Total":844,"Severe":2,"Suspected/Accumulated":2904,"Total/Accumulated":86419,"Severe/Accumulated":1648},"MedicalActs":{"Suspected":8,"Total":169,"Suspected/Accumulated":1307,"Total/Accumulated":17440},"PCRTests":{"Total":637,"Confirmed":5,"Total/Accumulated":47498,"Confirmed/Accumulated":423},"Confirmed":72,"MedicalTests":{"Total/Accumulated":11810,"Confirmed/Accumulated":341}},"geometry":{"type":"Point","coordinates":[1.1686918356164382,43.33252969863011]}},{"type":"Feature","properties":{"Country/Region":"France","Province/State":"Gers","Code":"32","Population":{"Total":190040,"Under19":37581,"Under39":32714,"Under59":51231,"Under74":41871,"Over75":26643},"Beds":{"Resuscitation":8,"IntensiveCare":8,"Total":16},"Deaths":23,"Recovered":88,"Severe":1,"Emergencies":{"Suspected":1,"Total":93,"Suspected/Accumulated":484,"Total/Accumulated":9270,"Severe/Accumulated":339},"PCRTests":{"Total":37,"Total/Accumulated":5941,"Confirmed/Accumulated":79},"Confirmed":14,"MedicalTests":{"Total/Accumulated":2554,"Confirmed/Accumulated":185}},"geometry":{"type":"Point","coordinates":[0.447782880658436,43.70601049382714]}},{"type":"Feature","properties":{"Country/Region":"France","Province/State":"Gironde","Code":"33","Population":{"Total":1633440,"Under19":380317,"Under39":415128,"Under59":425319,"Under74":267580,"Over75":145096},"Beds":{"Resuscitation":183,"IntensiveCare":262,"Total":445},"Deaths":158,"Recovered":957,"Severe":38,"Critical":7,"Emergencies":{"Suspected":11,"Total":988,"Severe":2,"Suspected/Accumulated":3345,"Total/Accumulated":101815,"Severe/Accumulated":1382},"MedicalActs":{"Suspected":27,"Total":829,"Suspected/Accumulated":5085,"Total/Accumulated":89502},"PCRTests":{"Total":1013,"Confirmed":10,"Total/Accumulated":48397,"Confirmed/Accumulated":291},"Confirmed":106,"MedicalTests":{"Total/Accumulated":8091,"Confirmed/Accumulated":348}},"geometry":{"type":"Point","coordinates":[-0.41644369747899174,44.756299705882356]}},{"type":"Feature","properties":{"Country/Region":"France","Province/State":"Hérault","Code":"34","Population":{"Total":1176145,"Under19":268258,"Under39":286299,"Under59":292794,"Under74":208723,"Over75":120071},"Beds":{"Resuscitation":124,"IntensiveCare":342,"Total":466},"Deaths":122,"Recovered":709,"Severe":3,"Emergencies":{"Suspected":4,"Total":965,"Suspected/Accumulated":1556,"Total/Accumulated":95473,"Severe/Accumulated":608},"MedicalActs":{"Suspected":2,"Total":81,"Suspected/Accumulated":591,"Total/Accumulated":12228},"PCRTests":{"Total":790,"Confirmed":7,"Total/Accumulated":60550,"Confirmed/Accumulated":252},"Confirmed":171,"MedicalTests":{"Total/Accumulated":38656,"Confirmed/Accumulated":1264}},"geometry":{"type":"Point","coordinates":[3.2725271495327104,43.601788971962634]}},{"type":"Feature","properties":{"Country/Region":"France","Province/State":"Ille-et-Vilaine","Code":"35","Population":{"Total":1082073,"Under19":274429,"Under39":270693,"Under59":278610,"Under74":165623,"Over75":92718},"Beds":{"Resuscitation":60,"IntensiveCare":224,"Total":284},"Deaths":87,"Recovered":470,"Severe":34,"Critical":2,"Emergencies":{"Suspected":2,"Total":575,"Severe":1,"Suspected/Accumulated":1773,"Total/Accumulated":67216,"Severe/Accumulated":977},"MedicalActs":{"Suspected":16,"Total":218,"Suspected/Accumulated":1003,"Total/Accumulated":20076},"PCRTests":{"Total":754,"Confirmed":6,"Total/Accumulated":26837,"Confirmed/Accumulated":234},"Confirmed":208,"MedicalTests":{"Total/Accumulated":429,"Confirmed/Accumulated":10}},"geometry":{"type":"Point","coordinates":[-1.7401927338129495,48.18315345323742]}},{"type":"Feature","properties":{"Country/Region":"France","Province/State":"Indre","Code":"36","Population":{"Total":217139,"Under19":42951,"Under39":38506,"Under59":56292,"Under74":48986,"Over75":30404},"Beds":{"Resuscitation":10,"IntensiveCare":18,"Total":28},"Deaths":79,"Recovered":112,"Severe":79,"Critical":1,"Emergencies":{"Total":102,"Suspected/Accumulated":84,"Total/Accumulated":11579,"Severe/Accumulated":42},"PCRTests":{"Total":42,"Total/Accumulated":3728,"Confirmed/Accumulated":25},"Confirmed":80,"MedicalTests":{"Total/Accumulated":3671,"Confirmed/Accumulated":373}},"geometry":{"type":"Point","coordinates":[1.576445147679325,46.764304345991526]}},{"type":"Feature","properties":{"Country/Region":"France","Province/State":"Indre-et-Loire","Code":"37","Population":{"Total":605380,"Under19":142122,"Under39":136574,"Under59":153731,"Under74":108623,"Over75":64330},"Beds":{"Resuscitation":79,"IntensiveCare":116,"Total":195},"Deaths":86,"Recovered":331,"Severe":48,"Critical":1,"Emergencies":{"Total":282,"Suspected/Accumulated":1045,"Total/Accumulated":37202,"Severe/Accumulated":373},"MedicalActs":{"Suspected":4,"Total":211,"Suspected/Accumulated":641,"Total/Accumulated":17694},"PCRTests":{"Total":198,"Confirmed":3,"Total/Accumulated":20122,"Confirmed/Accumulated":150},"Confirmed":123,"MedicalTests":{"Total/Accumulated":4143,"Confirmed/Accumulated":118}},"geometry":{"type":"Point","coordinates":[0.6915947413793099,47.23521443965518]}},{"type":"Feature","properties":{"Country/Region":"France","Province/State":"Isère","Code":"38","Population":{"Total":1264979,"Under19":319977,"Under39":298730,"Under59":332378,"Under74":201842,"Over75":112052},"Beds":{"Resuscitation":74,"IntensiveCare":178,"Total":252},"Deaths":153,"Recovered":701,"Severe":25,"Critical":1,"Emergencies":{"Suspected":3,"Total":773,"Severe":1,"Suspected/Accumulated":1785,"Total/Accumulated":88822,"Severe/Accumulated":635},"MedicalActs":{"Suspected":7,"Total":221,"Suspected/Accumulated":1497,"Total/Accumulated":22380},"PCRTests":{"Total":758,"Confirmed":4,"Total/Accumulated":37921,"Confirmed/Accumulated":275},"Confirmed":190,"MedicalTests":{"Total/Accumulated":1901,"Confirmed/Accumulated":138}},"geometry":{"type":"Point","coordinates":[5.557470704225359,45.27668616197182]}},{"type":"Feature","properties":{"Country/Region":"France","Province/State":"Jura","Code":"39","Population":{"Total":257849,"Under19":57639,"Under39":51064,"Under59":68521,"Under74":50575,"Over75":30050},"Beds":{"Resuscitation":8,"IntensiveCare":18,"Total":26},"Deaths":61,"Recovered":323,"Severe":4,"Critical":1,"Emergencies":{"Suspected":1,"Total":206,"Severe":1,"Suspected/Accumulated":751,"Total/Accumulated":22354,"Severe/Accumulated":312},"PCRTests":{"Total":166,"Confirmed":2,"Total/Accumulated":9900,"Confirmed/Accumulated":71},"MedicalTests":{"Total/Accumulated":1465,"Confirmed/Accumulated":150}},"geometry":{"type":"Point","coordinates":[5.6395758823529425,46.756161447963784]}},{"type":"Feature","properties":{"Country/Region":"France","Province/State":"Landes","Code":"40","Population":{"Total":411979,"Under19":85144,"Under39":78495,"Under59":112191,"Under74":86896,"Over75":49253},"Beds":{"Resuscitation":14,"IntensiveCare":32,"Total":46},"Deaths":13,"Recovered":74,"Severe":4,"Critical":1,"Emergencies":{"Suspected":1,"Total":256,"Suspected/Accumulated":563,"Total/Accumulated":22243,"Severe/Accumulated":337},"PCRTests":{"Total":104,"Total/Accumulated":11696,"Confirmed/Accumulated":72},"Confirmed":20,"MedicalTests":{"Total/Accumulated":870,"Confirmed/Accumulated":24}},"geometry":{"type":"Point","coordinates":[-0.5772234449760769,43.8801859808612]}},{"type":"Feature","properties":{"Country/Region":"France","Province/State":"Loir-et-Cher","Code":"41","Population":{"Total":327835,"Under19":72953,"Under39":62903,"Under59":86073,"Under74":65923,"Over75":39983},"Beds":{"Resuscitation":12,"IntensiveCare":16,"Total":28},"Deaths":63,"Recovered":268,"Severe":59,"Emergencies":{"Suspected":2,"Total":237,"Suspected/Accumulated":780,"Total/Accumulated":25841,"Severe/Accumulated":84},"PCRTests":{"Total":49,"Total/Accumulated":6315,"Confirmed/Accumulated":51},"Confirmed":55,"MedicalTests":{"Total/Accumulated":1428,"Confirmed/Accumulated":55}},"geometry":{"type":"Point","coordinates":[1.3938662132352944,47.653275698529406]}},{"type":"Feature","properties":{"Country/Region":"France","Province/State":"Loire","Code":"42","Population":{"Total":764737,"Under19":186049,"Under39":167975,"Under59":190702,"Under74":136240,"Over75":83771},"Beds":{"Resuscitation":70,"IntensiveCare":120,"Total":190},"Deaths":247,"Recovered":972,"Severe":71,"Critical":2,"Emergencies":{"Total":676,"Suspected/Accumulated":1826,"Total/Accumulated":74178,"Severe/Accumulated":997},"MedicalActs":{"Suspected":5,"Total":123,"Suspected/Accumulated":570,"Total/Accumulated":13345},"PCRTests":{"Total":605,"Confirmed":3,"Total/Accumulated":31348,"Confirmed/Accumulated":206},"Confirmed":363,"MedicalTests":{"Total/Accumulated":719,"Confirmed/Accumulated":46}},"geometry":{"type":"Point","coordinates":[4.189998267716536,45.74292366141733]}},{"type":"Feature","properties":{"Country/Region":"France","Province/State":"Haute-Loire","Code":"43","Population":{"Total":226901,"Under19":49659,"Under39":43248,"Under59":60903,"Under74":46857,"Over75":26234},"Beds":{"Resuscitation":8,"IntensiveCare":20,"Total":28},"Deaths":18,"Recovered":106,"Severe":1,"Emergencies":{"Total":37,"Suspected/Accumulated":16,"Total/Accumulated":3229,"Severe/Accumulated":8},"PCRTests":{"Total":115,"Total/Accumulated":5914,"Confirmed/Accumulated":35},"Confirmed":23,"MedicalTests":{"Total/Accumulated":1400,"Confirmed/Accumulated":50}},"geometry":{"type":"Point","coordinates":[3.7869054017857136,45.15054486607143]}},{"type":"Feature","properties":{"Country/Region":"France","Province/State":"Loire-Atlantique","Code":"44","Population":{"Total":1437137,"Under19":363681,"Under39":357664,"Under59":368059,"Under74":227458,"Over75":120275},"Beds":{"Resuscitation":77,"IntensiveCare":262,"Total":339},"Deaths":160,"Recovered":710,"Severe":35,"Critical":1,"Emergencies":{"Suspected":2,"Total":533,"Severe":1,"Suspected/Accumulated":2610,"Total/Accumulated":59617,"Severe/Accumulated":1441},"MedicalActs":{"Suspected":29,"Total":612,"Suspected/Accumulated":3821,"Total/Accumulated":62308},"PCRTests":{"Total":835,"Confirmed":7,"Total/Accumulated":47887,"Confirmed/Accumulated":541},"Confirmed":633,"MedicalTests":{"Total/Accumulated":844,"Confirmed/Accumulated":39}},"geometry":{"type":"Point","coordinates":[-1.6902253409090902,47.33230598484852]}},{"type":"Feature","properties":{"Country/Region":"France","Province/State":"Loiret","Code":"45","Population":{"Total":682890,"Under19":172345,"Under39":155348,"Under59":174617,"Under74":115984,"Over75":64596},"Beds":{"Resuscitation":47,"IntensiveCare":120,"Total":167},"Deaths":103,"Recovered":614,"Severe":47,"Critical":3,"Emergencies":{"Total":330,"Suspected/Accumulated":1217,"Total/Accumulated":43660,"Severe/Accumulated":629},"MedicalActs":{"Suspected":2,"Total":80,"Suspected/Accumulated":319,"Total/Accumulated":5953},"PCRTests":{"Total":365,"Confirmed":1,"Total/Accumulated":32370,"Confirmed/Accumulated":499},"Confirmed":258,"MedicalTests":{"Total/Accumulated":3447,"Confirmed/Accumulated":325}},"geometry":{"type":"Point","coordinates":[2.383405222672066,47.91302979757084]}},{"type":"Feature","properties":{"Country/Region":"France","Province/State":"Lot","Code":"46","Population":{"Total":173166,"Under19":31861,"Under39":29365,"Under59":44533,"Under74":41623,"Over75":25784},"Beds":{"Resuscitation":8,"IntensiveCare":8,"Total":16},"Deaths":22,"Recovered":132,"Emergencies":{"Total":142,"Suspected/Accumulated":325,"Total/Accumulated":13854,"Severe/Accumulated":82},"PCRTests":{"Total":33,"Total/Accumulated":3202,"Confirmed/Accumulated":15},"Confirmed":4,"MedicalTests":{"Total/Accumulated":612,"Confirmed/Accumulated":19}},"geometry":{"type":"Point","coordinates":[1.5901290212765966,44.59231876595746]}},{"type":"Feature","properties":{"Country/Region":"France","Province/State":"Lot-et-Garonne","Code":"47","Population":{"Total":330336,"Under19":69990,"Under39":64149,"Under59":84272,"Under74":68912,"Over75":43013},"Beds":{"Resuscitation":11,"IntensiveCare":36,"Total":47},"Deaths":11,"Recovered":78,"Severe":1,"Emergencies":{"Total":231,"Suspected/Accumulated":884,"Total/Accumulated":27149,"Severe/Accumulated":249},"PCRTests":{"Total":95,"Total/Accumulated":7088,"Confirmed/Accumulated":33},"Confirmed":65,"MedicalTests":{"Total/Accumulated":1173,"Confirmed/Accumulated":16}},"geometry":{"type":"Point","coordinates":[0.4871552444444442,44.39576413333333]}},{"type":"Feature","properties":{"Country/Region":"France","Province/State":"Lozère","Code":"48","Population":{"Total":76286,"Under19":15582,"Under39":14895,"Under59":20255,"Under74":15962,"Over75":9592},"Beds":{"Resuscitation":3,"IntensiveCare":0,"Total":3},"Deaths":1,"Recovered":24,"Emergencies":{"Total":54,"Suspected/Accumulated":48,"Total/Accumulated":3541,"Severe/Accumulated":11},"PCRTests":{"Total":36,"Total/Accumulated":2431,"Confirmed/Accumulated":4},"Confirmed":8,"MedicalTests":{"Total/Accumulated":657,"Confirmed/Accumulated":4}},"geometry":{"type":"Point","coordinates":[3.494722131979694,44.51333609137059]}},{"type":"Feature","properties":{"Country/Region":"France","Province/State":"Maine-et-Loire","Code":"49","Population":{"Total":815881,"Under19":204162,"Under39":184600,"Under59":204421,"Under74":138603,"Over75":84095},"Beds":{"Resuscitation":61,"IntensiveCare":196,"Total":257},"Deaths":141,"Recovered":613,"Severe":45,"Critical":2,"Emergencies":{"Suspected":2,"Total":349,"Severe":2,"Suspected/Accumulated":1642,"Total/Accumulated":43403,"Severe/Accumulated":737},"PCRTests":{"Total":345,"Confirmed":7,"Total/Accumulated":24969,"Confirmed/Accumulated":390},"Confirmed":222,"MedicalTests":{"Total/Accumulated":145,"Confirmed/Accumulated":13}},"geometry":{"type":"Point","coordinates":[-0.6000336862745095,47.406434431372546]}},{"type":"Feature","properties":{"Country/Region":"France","Province/State":"Manche","Code":"50","Population":{"Total":490669,"Under19":105402,"Under39":96439,"Under59":126734,"Under74":101121,"Over75":60973},"Beds":{"Resuscitation":28,"IntensiveCare":52,"Total":80},"Deaths":47,"Recovered":141,"Severe":35,"Emergencies":{"Suspected":2,"Total":391,"Severe":2,"Suspected/Accumulated":690,"Total/Accumulated":40725,"Severe/Accumulated":582},"MedicalActs":{"Suspected":10,"Total":118,"Suspected/Accumulated":782,"Total/Accumulated":12912},"PCRTests":{"Total":187,"Confirmed":1,"Total/Accumulated":13262,"Confirmed/Accumulated":33},"Confirmed":107,"MedicalTests":{"Total/Accumulated":1735,"Confirmed/Accumulated":120}},"geometry":{"type":"Point","coordinates":[-1.3097769083969464,49.05127938931302]}},{"type":"Feature","properties":{"Country/Region":"France","Province/State":"Marne","Code":"51","Population":{"Total":563823,"Under19":136695,"Under39":137533,"Under59":142415,"Under74":97015,"Over75":50165},"Beds":{"Resuscitation":54,"IntensiveCare":78,"Total":132},"Deaths":266,"Recovered":1000,"Severe":74,"Critical":5,"Emergencies":{"Total":324,"Suspected/Accumulated":857,"Total/Accumulated":34299,"Severe/Accumulated":405},"MedicalActs":{"Suspected":1,"Total":44,"Suspected/Accumulated":230,"Total/Accumulated":4335},"PCRTests":{"Total":335,"Confirmed":1,"Total/Accumulated":21583,"Confirmed/Accumulated":307},"Confirmed":37,"MedicalTests":{"Total/Accumulated":1760,"Confirmed/Accumulated":353}},"geometry":{"type":"Point","coordinates":[4.209888097014927,48.936171417910444]}},{"type":"Feature","properties":{"Country/Region":"France","Province/State":"Haute-Marne","Code":"52","Population":{"Total":169250,"Under19":34865,"Under39":34065,"Under59":44268,"Under74":35981,"Over75":20071},"Beds":{"Resuscitation":8,"IntensiveCare":12,"Total":20},"Deaths":88,"Recovered":255,"Severe":19,"Emergencies":{"Suspected":1,"Total":109,"Suspected/Accumulated":790,"Total/Accumulated":13711,"Severe/Accumulated":188},"PCRTests":{"Total":74,"Total/Accumulated":5287,"Confirmed/Accumulated":49},"Confirmed":7,"MedicalTests":{"Total/Accumulated":223,"Confirmed/Accumulated":37}},"geometry":{"type":"Point","coordinates":[5.203108577075099,48.126414822134386]}},{"type":"Feature","properties":{"Country/Region":"France","Province/State":"Mayenne","Code":"53","Population":{"Total":305365,"Under19":74868,"Under39":61839,"Under59":78619,"Under74":55705,"Over75":34334},"Beds":{"Resuscitation":8,"IntensiveCare":16,"Total":24},"Deaths":45,"Recovered":196,"Severe":6,"Critical":3,"Emergencies":{"Suspected":10,"Total":156,"Severe":2,"Suspected/Accumulated":765,"Total/Accumulated":16214,"Severe/Accumulated":240},"PCRTests":{"Total":1246,"Confirmed":43,"Total/Accumulated":14559,"Confirmed/Accumulated":577},"Confirmed":182,"MedicalTests":{"Total/Accumulated":521,"Confirmed/Accumulated":14}},"geometry":{"type":"Point","coordinates":[-0.6361607305936071,48.153668493150704]}},{"type":"Feature","properties":{"Country/Region":"France","Province/State":"Meurthe-et-Moselle","Code":"54","Population":{"Total":730398,"Under19":170693,"Under39":185629,"Under59":182526,"Under74":124808,"Over75":66742},"Beds":{"Resuscitation":83,"IntensiveCare":172,"Total":255},"Deaths":360,"Recovered":1218,"Severe":58,"Critical":4,"Emergencies":{"Suspected":1,"Total":407,"Severe":1,"Suspected/Accumulated":1421,"Total/Accumulated":45184,"Severe/Accumulated":680},"MedicalActs":{"Suspected":8,"Total":172,"Suspected/Accumulated":1303,"Total/Accumulated":16728},"PCRTests":{"Total":561,"Confirmed":6,"Total/Accumulated":54018,"Confirmed/Accumulated":815},"Confirmed":85,"MedicalTests":{"Total/Accumulated":2356,"Confirmed/Accumulated":186}},"geometry":{"type":"Point","coordinates":[6.092894571428565,48.892416158730185]}},{"type":"Feature","properties":{"Country/Region":"France","Province/State":"Meuse","Code":"55","Population":{"Total":181641,"Under19":40375,"Under39":37641,"Under59":47696,"Under74":36898,"Over75":19031},"Beds":{"Resuscitation":8,"IntensiveCare":20,"Total":28},"Deaths":103,"Recovered":499,"Severe":3,"Emergencies":{"Total":104,"Suspected/Accumulated":425,"Total/Accumulated":11624,"Severe/Accumulated":203},"PCRTests":{"Total":73,"Total/Accumulated":10911,"Confirmed/Accumulated":218},"Confirmed":18,"MedicalTests":{"Total/Accumulated":808,"Confirmed/Accumulated":77}},"geometry":{"type":"Point","coordinates":[5.380316626506025,49.03635373493975]}},{"type":"Feature","properties":{"Country/Region":"France","Province/State":"Morbihan","Code":"56","Population":{"Total":755566,"Under19":166653,"Under39":145287,"Under59":197813,"Under74":159285,"Over75":86528},"Beds":{"Resuscitation":22,"IntensiveCare":64,"Total":86},"Deaths":94,"Recovered":428,"Severe":21,"Critical":1,"Emergencies":{"Suspected":6,"Total":394,"Severe":1,"Suspected/Accumulated":2686,"Total/Accumulated":46580,"Severe/Accumulated":443},"MedicalActs":{"Suspected":4,"Total":120,"Suspected/Accumulated":292,"Total/Accumulated":9849},"PCRTests":{"Total":393,"Confirmed":1,"Total/Accumulated":16900,"Confirmed/Accumulated":107},"Confirmed":313,"MedicalTests":{"Total/Accumulated":48,"Confirmed/Accumulated":3}},"geometry":{"type":"Point","coordinates":[-2.8780210594315263,47.764317932816574]}},{"type":"Feature","properties":{"Country/Region":"France","Province/State":"Moselle","Code":"57","Population":{"Total":1035866,"Under19":229681,"Under39":243525,"Under59":278966,"Under74":186864,"Over75":96830},"Beds":{"Resuscitation":88,"IntensiveCare":112,"Total":200},"Deaths":836,"Recovered":2435,"Severe":216,"Critical":13,"Emergencies":{"Suspected":4,"Total":658,"Suspected/Accumulated":4772,"Total/Accumulated":77848,"Severe/Accumulated":2167},"PCRTests":{"Total":357,"Confirmed":8,"Total/Accumulated":42346,"Confirmed/Accumulated":672},"Confirmed":295,"MedicalTests":{"Total/Accumulated":3848,"Confirmed/Accumulated":665}},"geometry":{"type":"Point","coordinates":[6.73973678343949,49.04168831210189]}},{"type":"Feature","properties":{"Country/Region":"France","Province/State":"Nièvre","Code":"58","Population":{"Total":199596,"Under19":38191,"Under39":34484,"Under59":50426,"Under74":47745,"Over75":28750},"Beds":{"Resuscitation":12,"IntensiveCare":32,"Total":44},"Deaths":28,"Recovered":92,"Severe":7,"Emergencies":{"Suspected":2,"Total":170,"Suspected/Accumulated":976,"Total/Accumulated":21170,"Severe/Accumulated":372},"PCRTests":{"Total":60,"Total/Accumulated":7096,"Confirmed/Accumulated":78},"Confirmed":2,"MedicalTests":{"Total/Accumulated":2556,"Confirmed/Accumulated":167}},"geometry":{"type":"Point","coordinates":[3.547376999999999,47.143300999999994]}},{"type":"Feature","properties":{"Country/Region":"France","Province/State":"Nord","Code":"59","Population":{"Total":2588988,"Under19":675470,"Under39":665053,"Under59":646791,"Under74":405380,"Over75":196294},"Beds":{"Resuscitation":225,"IntensiveCare":698,"Total":923},"Deaths":655,"Recovered":2441,"Severe":210,"Critical":15,"Emergencies":{"Suspected":15,"Total":1701,"Severe":4,"Suspected/Accumulated":6564,"Total/Accumulated":203316,"Severe/Accumulated":2402},"MedicalActs":{"Suspected":7,"Total":568,"Suspected/Accumulated":2052,"Total/Accumulated":50345},"PCRTests":{"Total":1554,"Confirmed":32,"Total/Accumulated":118042,"Confirmed/Accumulated":2327},"Confirmed":39,"MedicalTests":{"Total/Accumulated":5598,"Confirmed/Accumulated":535}},"geometry":{"type":"Point","coordinates":[3.1893953197674403,50.453616308139516]}},{"type":"Feature","properties":{"Country/Region":"France","Province/State":"Oise","Code":"60","Population":{"Total":825077,"Under19":214776,"Under39":193026,"Under59":221783,"Under74":134365,"Over75":61127},"Beds":{"Resuscitation":36,"IntensiveCare":92,"Total":128},"Deaths":414,"Recovered":1124,"Severe":192,"Critical":5,"Emergencies":{"Suspected":1,"Total":159,"Severe":1,"Suspected/Accumulated":676,"Total/Accumulated":22450,"Severe/Accumulated":373},"PCRTests":{"Total":362,"Confirmed":4,"Total/Accumulated":21556,"Confirmed/Accumulated":309},"Confirmed":210,"MedicalTests":{"Total/Accumulated":10089,"Confirmed/Accumulated":1313}},"geometry":{"type":"Point","coordinates":[2.463008007117438,49.41459999999999]}},{"type":"Feature","properties":{"Country/Region":"France","Province/State":"Orne","Code":"61","Population":{"Total":276903,"Under19":59830,"Under39":51781,"Under59":70741,"Under74":58679,"Over75":35872},"Beds":{"Resuscitation":16,"IntensiveCare":24,"Total":40},"Deaths":42,"Recovered":238,"Severe":25,"Critical":2,"Emergencies":{"Suspected":1,"Total":132,"Suspected/Accumulated":336,"Total/Accumulated":22635,"Severe/Accumulated":45},"PCRTests":{"Total":161,"Total/Accumulated":12637,"Confirmed/Accumulated":122},"Confirmed":28,"MedicalTests":{"Total/Accumulated":1414,"Confirmed/Accumulated":96}},"geometry":{"type":"Point","coordinates":[0.01997467181467186,48.611762664092666]}},{"type":"Feature","properties":{"Country/Region":"France","Province/State":"Pas-de-Calais","Code":"62","Population":{"Total":1452778,"Under19":367229,"Under39":336274,"Under59":374200,"Under74":255788,"Over75":119287},"Beds":{"Resuscitation":85,"IntensiveCare":274,"Total":359},"Deaths":315,"Recovered":1372,"Severe":100,"Critical":15,"Emergencies":{"Suspected":1,"Total":564,"Severe":1,"Suspected/Accumulated":951,"Total/Accumulated":53134,"Severe/Accumulated":186},"PCRTests":{"Total":744,"Confirmed":10,"Total/Accumulated":45220,"Confirmed/Accumulated":552},"Confirmed":8,"MedicalTests":{"Total/Accumulated":6968,"Confirmed/Accumulated":567}},"geometry":{"type":"Point","coordinates":[2.4712310954063605,50.40984130742051]}},{"type":"Feature","properties":{"Country/Region":"France","Province/State":"Puy-de-Dôme","Code":"63","Population":{"Total":660240,"Under19":147680,"Under39":153022,"Under59":169492,"Under74":122442,"Over75":67604},"Beds":{"Resuscitation":77,"IntensiveCare":104,"Total":181},"Deaths":43,"Recovered":179,"Severe":14,"Emergencies":{"Total":183,"Suspected/Accumulated":503,"Total/Accumulated":18873,"Severe/Accumulated":233},"MedicalActs":{"Suspected":1,"Total":97,"Suspected/Accumulated":424,"Total/Accumulated":10964},"PCRTests":{"Total":286,"Confirmed":1,"Total/Accumulated":23573,"Confirmed/Accumulated":60},"Confirmed":105,"MedicalTests":{"Total/Accumulated":8601,"Confirmed/Accumulated":234}},"geometry":{"type":"Point","coordinates":[3.143235039370079,45.73685830708661]}},{"type":"Feature","properties":{"Country/Region":"France","Province/State":"Pyrénées-Atlantiques","Code":"64","Population":{"Total":683169,"Under19":144945,"Under39":141910,"Under59":182850,"Under74":130868,"Over75":82596},"Beds":{"Resuscitation":35,"IntensiveCare":110,"Total":145},"Deaths":27,"Recovered":224,"Emergencies":{"Suspected":2,"Total":581,"Severe":1,"Suspected/Accumulated":728,"Total/Accumulated":53409,"Severe/Accumulated":324},"MedicalActs":{"Suspected":23,"Total":374,"Suspected/Accumulated":2011,"Total/Accumulated":34809},"PCRTests":{"Total":213,"Confirmed":1,"Total/Accumulated":20888,"Confirmed/Accumulated":83},"Confirmed":41,"MedicalTests":{"Total/Accumulated":9041,"Confirmed/Accumulated":231}},"geometry":{"type":"Point","coordinates":[-0.7610906397306391,43.26238828282827]}},{"type":"Feature","properties":{"Country/Region":"France","Province/State":"Hautes-Pyrénées","Code":"65","Population":{"Total":226839,"Under19":44839,"Under39":42373,"Under59":59329,"Under74":49523,"Over75":30775},"Beds":{"Resuscitation":12,"IntensiveCare":44,"Total":56},"Deaths":27,"Recovered":157,"Severe":2,"Critical":2,"Emergencies":{"Total":117,"Suspected/Accumulated":41,"Total/Accumulated":12511,"Severe/Accumulated":18},"PCRTests":{"Total":96,"Total/Accumulated":6631,"Confirmed/Accumulated":39},"Confirmed":11,"MedicalTests":{"Total/Accumulated":2990,"Confirmed/Accumulated":182}},"geometry":{"type":"Point","coordinates":[0.15248105932203385,43.134416483050856]}},{"type":"Feature","properties":{"Country/Region":"France","Province/State":"Pyrénées-Orientales","Code":"66","Population":{"Total":479000,"Under19":102236,"Under39":93899,"Under59":121501,"Under74":99671,"Over75":61693},"Beds":{"Resuscitation":32,"IntensiveCare":64,"Total":96},"Deaths":34,"Recovered":280,"Emergencies":{"Total":372,"Suspected/Accumulated":411,"Total/Accumulated":40078,"Severe/Accumulated":177},"MedicalActs":{"Suspected":2,"Total":138,"Suspected/Accumulated":689,"Total/Accumulated":13656},"PCRTests":{"Total":199,"Total/Accumulated":12315,"Confirmed/Accumulated":18},"Confirmed":35,"MedicalTests":{"Total/Accumulated":5770,"Confirmed/Accumulated":35}},"geometry":{"type":"Point","coordinates":[2.4354706043956034,42.554231208791215]}},{"type":"Feature","properties":{"Country/Region":"France","Province/State":"Bas-Rhin","Code":"67","Population":{"Total":1132607,"Under19":258105,"Under39":285390,"Under59":300661,"Under74":188150,"Over75":100301},"Beds":{"Resuscitation":122,"IntensiveCare":208,"Total":330},"Deaths":664,"Recovered":2564,"Severe":240,"Critical":7,"Emergencies":{"Suspected":2,"Total":490,"Severe":2,"Suspected/Accumulated":2504,"Total/Accumulated":51717,"Severe/Accumulated":1568},"MedicalActs":{"Suspected":13,"Total":334,"Suspected/Accumulated":2960,"Total/Accumulated":36991},"PCRTests":{"Total":677,"Confirmed":6,"Total/Accumulated":56354,"Confirmed/Accumulated":494},"Confirmed":376,"MedicalTests":{"Total/Accumulated":3888,"Confirmed/Accumulated":553}},"geometry":{"type":"Point","coordinates":[7.447409099526063,48.70509469194314]}},{"type":"Feature","properties":{"Country/Region":"France","Province/State":"Haut-Rhin","Code":"68","Population":{"Total":763204,"Under19":175817,"Under39":172286,"Under59":209152,"Under74":134185,"Over75":71764},"Beds":{"Resuscitation":70,"IntensiveCare":136,"Total":206},"Deaths":823,"Recovered":2948,"Severe":185,"Critical":9,"Emergencies":{"Total":461,"Suspected/Accumulated":3126,"Total/Accumulated":48155,"Severe/Accumulated":1991},"MedicalActs":{"Suspected":10,"Total":130,"Suspected/Accumulated":2032,"Total/Accumulated":14881},"PCRTests":{"Total":510,"Confirmed":3,"Total/Accumulated":36906,"Confirmed/Accumulated":535},"Confirmed":700,"MedicalTests":{"Total/Accumulated":4045,"Confirmed/Accumulated":960}},"geometry":{"type":"Point","coordinates":[7.263731571428571,47.83921192857142]}},{"type":"Feature","properties":{"Country/Region":"France","Province/State":"Rhône","Code":"69","Population":{"Total":1876051,"Under19":478142,"Under39":523161,"Under59":455898,"Under74":259877,"Over75":158973},"Beds":{"Resuscitation":192,"IntensiveCare":422,"Total":614},"Deaths":656,"Recovered":2997,"Severe":152,"Critical":12,"Emergencies":{"Suspected":10,"Total":1097,"Severe":1,"Suspected/Accumulated":5386,"Total/Accumulated":129400,"Severe/Accumulated":2381},"MedicalActs":{"Suspected":25,"Total":333,"Suspected/Accumulated":3708,"Total/Accumulated":42683},"PCRTests":{"Total":964,"Confirmed":9,"Total/Accumulated":78588,"Confirmed/Accumulated":988},"Confirmed":532,"MedicalTests":{"Total/Accumulated":2582,"Confirmed/Accumulated":345}},"geometry":{"type":"Point","coordinates":[4.660707512690354,45.8811785786802]}},{"type":"Feature","properties":{"Country/Region":"France","Province/State":"Haute-Saône","Code":"70","Population":{"Total":233194,"Under19":52426,"Under39":45311,"Under59":62843,"Under74":47643,"Over75":24971},"Beds":{"Resuscitation":12,"IntensiveCare":24,"Total":36},"Deaths":77,"Recovered":294,"Severe":15,"Emergencies":{"Total":141,"Suspected/Accumulated":948,"Total/Accumulated":15009,"Severe/Accumulated":548},"PCRTests":{"Total":126,"Total/Accumulated":9076,"Confirmed/Accumulated":34},"MedicalTests":{"Total/Accumulated":3094,"Confirmed/Accumulated":278}},"geometry":{"type":"Point","coordinates":[6.0410172972972935,47.62793234234234]}},{"type":"Feature","properties":{"Country/Region":"France","Province/State":"Saône-et-Loire","Code":"71","Population":{"Total":547824,"Under19":117389,"Under39":104206,"Under59":141715,"Under74":114530,"Over75":69984},"Beds":{"Resuscitation":26,"IntensiveCare":44,"Total":70},"Deaths":201,"Recovered":766,"Severe":13,"Critical":1,"Emergencies":{"Suspected":3,"Total":448,"Severe":1,"Suspected/Accumulated":3060,"Total/Accumulated":46413,"Severe/Accumulated":1371},"PCRTests":{"Total":180,"Total/Accumulated":18821,"Confirmed/Accumulated":155},"MedicalTests":{"Total/Accumulated":3733,"Confirmed/Accumulated":254}},"geometry":{"type":"Point","coordinates":[4.528318691588785,46.63876112149533]}},{"type":"Feature","properties":{"Country/Region":"France","Province/State":"Sarthe","Code":"72","Population":{"Total":560227,"Under19":135636,"Under39":116946,"Under59":143032,"Under74":103587,"Over75":61026},"Beds":{"Resuscitation":17,"IntensiveCare":54,"Total":71},"Deaths":84,"Recovered":361,"Severe":34,"Emergencies":{"Suspected":7,"Total":379,"Severe":1,"Suspected/Accumulated":2468,"Total/Accumulated":41218,"Severe/Accumulated":1444},"PCRTests":{"Total":276,"Confirmed":6,"Total/Accumulated":13954,"Confirmed/Accumulated":203},"Confirmed":422,"MedicalTests":{"Total/Accumulated":84,"Confirmed/Accumulated":3}},"geometry":{"type":"Point","coordinates":[0.1986467741935485,47.9763005529954]}},{"type":"Feature","properties":{"Country/Region":"France","Province/State":"Savoie","Code":"73","Population":{"Total":432548,"Under19":98346,"Under39":96013,"Under59":117417,"Under74":76722,"Over75":44050},"Beds":{"Resuscitation":18,"IntensiveCare":36,"Total":54},"Deaths":73,"Recovered":405,"Severe":14,"Critical":1,"Emergencies":{"Total":234,"Suspected/Accumulated":600,"Total/Accumulated":23201,"Severe/Accumulated":257},"MedicalActs":{"Suspected":9,"Total":99,"Suspected/Accumulated":810,"Total/Accumulated":11219},"PCRTests":{"Total":314,"Confirmed":1,"Total/Accumulated":13485,"Confirmed/Accumulated":86},"Confirmed":114,"MedicalTests":{"Total/Accumulated":373,"Confirmed/Accumulated":39}},"geometry":{"type":"Point","coordinates":[6.4038603585657325,45.50301760956176]}},{"type":"Feature","properties":{"Country/Region":"France","Province/State":"Haute-Savoie","Code":"74","Population":{"Total":828405,"Under19":203837,"Under39":209477,"Under59":227355,"Under74":122439,"Over75":65297},"Beds":{"Resuscitation":34,"IntensiveCare":82,"Total":116},"Deaths":166,"Recovered":857,"Severe":69,"Critical":2,"Emergencies":{"Suspected":9,"Total":760,"Suspected/Accumulated":2459,"Total/Accumulated":77723,"Severe/Accumulated":790},"MedicalActs":{"Suspected":18,"Total":184,"Suspected/Accumulated":1098,"Total/Accumulated":16132},"PCRTests":{"Total":465,"Confirmed":7,"Total/Accumulated":24168,"Confirmed/Accumulated":160},"Confirmed":310,"MedicalTests":{"Total/Accumulated":3391,"Confirmed/Accumulated":605}},"geometry":{"type":"Point","coordinates":[6.452374226804124,46.01403216494844]}},{"type":"Feature","properties":{"Country/Region":"France","Province/State":"Paris","Code":"75","Population":{"Total":2148271,"Under19":406652,"Under39":718825,"Under59":536676,"Under74":311978,"Over75":174140},"Beds":{"Resuscitation":389,"IntensiveCare":1082,"Total":1471},"Deaths":1768,"Recovered":6227,"Severe":408,"Critical":51,"Emergencies":{"Suspected":8,"Total":1156,"Suspected/Accumulated":17371,"Total/Accumulated":153125,"Severe/Accumulated":3953},"MedicalActs":{"Suspected":33,"Total":525,"Suspected/Accumulated":7358,"Total/Accumulated":87930},"PCRTests":{"Total":1411,"Confirmed":24,"Total/Accumulated":111348,"Confirmed/Accumulated":1757},"Confirmed":126,"MedicalTests":{"Total/Accumulated":17676,"Confirmed/Accumulated":4072}},"geometry":{"type":"Point","coordinates":[2.3550152173913044,48.8535647826087]}},{"type":"Feature","properties":{"Country/Region":"France","Province/State":"Seine-Maritime","Code":"76","Population":{"Total":1243788,"Under19":303968,"Under39":294607,"Under59":310458,"Under74":218116,"Over75":116639},"Beds":{"Resuscitation":93,"IntensiveCare":300,"Total":393},"Deaths":182,"Recovered":773,"Severe":81,"Critical":4,"Emergencies":{"Suspected":2,"Total":895,"Severe":2,"Suspected/Accumulated":1899,"Total/Accumulated":102378,"Severe/Accumulated":861},"MedicalActs":{"Suspected":6,"Total":84,"Suspected/Accumulated":761,"Total/Accumulated":9793},"PCRTests":{"Total":632,"Total/Accumulated":50350,"Confirmed/Accumulated":569},"Confirmed":233,"MedicalTests":{"Total/Accumulated":6636,"Confirmed/Accumulated":432}},"geometry":{"type":"Point","coordinates":[1.114674462365592,49.5942889784946]}},{"type":"Feature","properties":{"Country/Region":"France","Province/State":"Seine-et-Marne","Code":"77","Population":{"Total":1423607,"Under19":392025,"Under39":357752,"Under59":382068,"Under74":199768,"Over75":91994},"Beds":{"Resuscitation":77,"IntensiveCare":100,"Total":177},"Deaths":695,"Recovered":2672,"Severe":208,"Critical":36,"Emergencies":{"Total":536,"Suspected/Accumulated":3262,"Total/Accumulated":61889,"Severe/Accumulated":1576},"MedicalActs":{"Suspected":3,"Total":250,"Suspected/Accumulated":1778,"Total/Accumulated":24948},"PCRTests":{"Total":973,"Confirmed":7,"Total/Accumulated":58818,"Confirmed/Accumulated":763},"Confirmed":42,"MedicalTests":{"Total/Accumulated":9452,"Confirmed/Accumulated":1736}},"geometry":{"type":"Point","coordinates":[2.9385241532258073,48.61862185483869]}},{"type":"Feature","properties":{"Country/Region":"France","Province/State":"Yvelines","Code":"78","Population":{"Total":1448625,"Under19":385814,"Under39":341694,"Under59":394186,"Under74":209492,"Over75":117439},"Beds":{"Resuscitation":84,"IntensiveCare":204,"Total":288},"Deaths":524,"Recovered":2252,"Severe":336,"Critical":20,"Emergencies":{"Suspected":6,"Total":741,"Suspected/Accumulated":3384,"Total/Accumulated":88916,"Severe/Accumulated":1172},"MedicalActs":{"Suspected":15,"Total":147,"Suspected/Accumulated":1684,"Total/Accumulated":17624},"PCRTests":{"Total":607,"Confirmed":23,"Total/Accumulated":53589,"Confirmed/Accumulated":1085},"Confirmed":70,"MedicalTests":{"Total/Accumulated":8274,"Confirmed/Accumulated":1214}},"geometry":{"type":"Point","coordinates":[1.8294258823529415,48.80823257352944]}},{"type":"Feature","properties":{"Country/Region":"France","Province/State":"Deux-Sèvres","Code":"79","Population":{"Total":372627,"Under19":85106,"Under39":73604,"Under59":98839,"Under74":72067,"Over75":43011},"Beds":{"Resuscitation":8,"IntensiveCare":36,"Total":44},"Deaths":22,"Recovered":66,"Severe":2,"Emergencies":{"Suspected":1,"Total":209,"Severe":1,"Suspected/Accumulated":474,"Total/Accumulated":25855,"Severe/Accumulated":161},"PCRTests":{"Total":125,"Confirmed":2,"Total/Accumulated":12135,"Confirmed/Accumulated":170},"Confirmed":11,"MedicalTests":{"Total/Accumulated":81,"Confirmed/Accumulated":5}},"geometry":{"type":"Point","coordinates":[-0.29978133828996273,46.53994301115242]}},{"type":"Feature","properties":{"Country/Region":"France","Province/State":"Somme","Code":"80","Population":{"Total":569769,"Under19":138211,"Under39":134953,"Under59":144752,"Under74":100734,"Over75":51119},"Beds":{"Resuscitation":58,"IntensiveCare":164,"Total":222},"Deaths":228,"Recovered":749,"Severe":48,"Critical":3,"Emergencies":{"Suspected":3,"Total":287,"Suspected/Accumulated":1592,"Total/Accumulated":42570,"Severe/Accumulated":678},"MedicalActs":{"Suspected":2,"Total":251,"Suspected/Accumulated":1804,"Total/Accumulated":25130},"PCRTests":{"Total":202,"Total/Accumulated":20852,"Confirmed/Accumulated":188},"Confirmed":54,"MedicalTests":{"Total/Accumulated":6063,"Confirmed/Accumulated":539}},"geometry":{"type":"Point","coordinates":[2.3486719850187256,49.97418277153558]}},{"type":"Feature","properties":{"Country/Region":"France","Province/State":"Tarn","Code":"81","Population":{"Total":387898,"Under19":84873,"Under39":74511,"Under59":102349,"Under74":77279,"Over75":48886},"Beds":{"Resuscitation":24,"IntensiveCare":70,"Total":94},"Deaths":23,"Recovered":122,"Severe":2,"Critical":1,"Emergencies":{"Suspected":1,"Total":250,"Suspected/Accumulated":788,"Total/Accumulated":32443,"Severe/Accumulated":209},"PCRTests":{"Total":43,"Confirmed":2,"Total/Accumulated":10814,"Confirmed/Accumulated":35},"Confirmed":14,"MedicalTests":{"Total/Accumulated":2180,"Confirmed/Accumulated":44}},"geometry":{"type":"Point","coordinates":[2.1808796818181815,43.78627254545453]}},{"type":"Feature","properties":{"Country/Region":"France","Province/State":"Tarn-et-Garonne","Code":"82","Population":{"Total":262618,"Under19":63559,"Under39":53023,"Under59":70354,"Under74":48046,"Over75":27636},"Beds":{"Resuscitation":18,"IntensiveCare":40,"Total":58},"Deaths":6,"Recovered":42,"Severe":5,"Emergencies":{"Suspected":4,"Total":179,"Severe":3,"Suspected/Accumulated":830,"Total/Accumulated":20234,"Severe/Accumulated":352},"PCRTests":{"Total":118,"Confirmed":2,"Total/Accumulated":6660,"Confirmed/Accumulated":34},"Confirmed":11,"MedicalTests":{"Total/Accumulated":2144,"Confirmed/Accumulated":73}},"geometry":{"type":"Point","coordinates":[1.3350866094420606,44.1164032618026]}},{"type":"Feature","properties":{"Country/Region":"France","Province/State":"Var","Code":"83","Population":{"Total":1073836,"Under19":224216,"Under39":215361,"Under59":276842,"Under74":218239,"Over75":139178},"Beds":{"Resuscitation":60,"IntensiveCare":84,"Total":144},"Deaths":136,"Recovered":978,"Severe":77,"Critical":4,"Emergencies":{"Suspected":8,"Total":820,"Severe":2,"Suspected/Accumulated":2203,"Total/Accumulated":80542,"Severe/Accumulated":1277},"MedicalActs":{"Suspected":23,"Total":589,"Suspected/Accumulated":3754,"Total/Accumulated":52965},"PCRTests":{"Total":567,"Confirmed":1,"Total/Accumulated":37317,"Confirmed/Accumulated":147},"Confirmed":186,"MedicalTests":{"Total/Accumulated":11196,"Confirmed/Accumulated":470}},"geometry":{"type":"Point","coordinates":[6.2341132170542615,43.37767961240309]}},{"type":"Feature","properties":{"Country/Region":"France","Province/State":"Vaucluse","Code":"84","Population":{"Total":560997,"Under19":132211,"Under39":118607,"Under59":147247,"Under74":103567,"Over75":59365},"Beds":{"Resuscitation":16,"IntensiveCare":60,"Total":76},"Deaths":38,"Recovered":259,"Severe":6,"Emergencies":{"Suspected":1,"Total":534,"Suspected/Accumulated":881,"Total/Accumulated":53476,"Severe/Accumulated":526},"MedicalActs":{"Total":81,"Suspected/Accumulated":104,"Total/Accumulated":4022},"PCRTests":{"Total":235,"Confirmed":5,"Total/Accumulated":16449,"Confirmed/Accumulated":168},"Confirmed":45,"MedicalTests":{"Total/Accumulated":8198,"Confirmed/Accumulated":217}},"geometry":{"type":"Point","coordinates":[5.137687100591716,44.08826047337278]}},{"type":"Feature","properties":{"Country/Region":"France","Province/State":"Vendée","Code":"85","Population":{"Total":683187,"Under19":155162,"Under39":132680,"Under59":176377,"Under74":142178,"Over75":76790},"Beds":{"Resuscitation":18,"IntensiveCare":44,"Total":62},"Deaths":41,"Recovered":260,"Severe":13,"Emergencies":{"Suspected":1,"Total":408,"Suspected/Accumulated":1157,"Total/Accumulated":43765,"Severe/Accumulated":550},"PCRTests":{"Total":245,"Total/Accumulated":24151,"Confirmed/Accumulated":225},"Confirmed":147,"MedicalTests":{"Total/Accumulated":347,"Confirmed/Accumulated":9}},"geometry":{"type":"Point","coordinates":[-1.3851340601503754,46.70726116541352]}},{"type":"Feature","properties":{"Country/Region":"France","Province/State":"Vienne","Code":"86","Population":{"Total":437398,"Under19":101362,"Under39":100176,"Under59":108284,"Under74":79480,"Over75":48096},"Beds":{"Resuscitation":53,"IntensiveCare":124,"Total":177},"Deaths":39,"Recovered":148,"Severe":1,"Emergencies":{"Suspected":1,"Total":239,"Suspected/Accumulated":544,"Total/Accumulated":27232,"Severe/Accumulated":253},"PCRTests":{"Total":296,"Confirmed":2,"Total/Accumulated":16506,"Confirmed/Accumulated":207},"Confirmed":53,"MedicalTests":{"Total/Accumulated":1102,"Confirmed/Accumulated":28}},"geometry":{"type":"Point","coordinates":[0.42368070921985806,46.57872638297872]}},{"type":"Feature","properties":{"Country/Region":"France","Province/State":"Haute-Vienne","Code":"87","Population":{"Total":370774,"Under19":79173,"Under39":77448,"Under59":94509,"Under74":74186,"Over75":45458},"Beds":{"Resuscitation":24,"IntensiveCare":144,"Total":168},"Deaths":25,"Recovered":132,"Severe":2,"Emergencies":{"Total":281,"Suspected/Accumulated":388,"Total/Accumulated":30787,"Severe/Accumulated":223},"MedicalActs":{"Suspected":7,"Total":164,"Suspected/Accumulated":655,"Total/Accumulated":17788},"PCRTests":{"Total":140,"Confirmed":1,"Total/Accumulated":7932,"Confirmed/Accumulated":30},"Confirmed":21,"MedicalTests":{"Total/Accumulated":1623,"Confirmed/Accumulated":67}},"geometry":{"type":"Point","coordinates":[1.2410431872509962,45.895894860557746]}},{"type":"Feature","properties":{"Country/Region":"France","Province/State":"Vosges","Code":"88","Population":{"Total":359520,"Under19":77042,"Under39":70274,"Under59":94740,"Under74":75920,"Over75":41544},"Beds":{"Resuscitation":8,"IntensiveCare":24,"Total":32},"Deaths":263,"Recovered":724,"Severe":24,"Emergencies":{"Suspected":2,"Total":295,"Suspected/Accumulated":2801,"Total/Accumulated":32608,"Severe/Accumulated":972},"PCRTests":{"Total":223,"Confirmed":7,"Total/Accumulated":15846,"Confirmed/Accumulated":216},"Confirmed":66,"MedicalTests":{"Total/Accumulated":3101,"Confirmed/Accumulated":400}},"geometry":{"type":"Point","coordinates":[6.2957204247104235,48.23006027027029]}},{"type":"Feature","properties":{"Country/Region":"France","Province/State":"Yonne","Code":"89","Population":{"Total":332096,"Under19":73991,"Under39":64975,"Under59":86159,"Under74":68966,"Over75":38005},"Beds":{"Resuscitation":18,"IntensiveCare":32,"Total":50},"Deaths":94,"Recovered":362,"Severe":19,"Critical":2,"Emergencies":{"Suspected":17,"Total":318,"Severe":3,"Suspected/Accumulated":1769,"Total/Accumulated":36227,"Severe/Accumulated":534},"MedicalActs":{"Suspected":4,"Total":88,"Suspected/Accumulated":790,"Total/Accumulated":8613},"PCRTests":{"Total":238,"Total/Accumulated":16567,"Confirmed/Accumulated":113},"MedicalTests":{"Total/Accumulated":633,"Confirmed/Accumulated":62}},"geometry":{"type":"Point","coordinates":[3.57333820338983,47.84307762711864]}},{"type":"Feature","properties":{"Country/Region":"France","Province/State":"Territoire de Belfort","Code":"90","Population":{"Total":140145,"Under19":33166,"Under39":32553,"Under59":36366,"Under74":24639,"Over75":13421},"Beds":{"Resuscitation":25,"IntensiveCare":40,"Total":65},"Deaths":200,"Recovered":554,"Severe":4,"Emergencies":{"Total":188,"Suspected/Accumulated":949,"Total/Accumulated":18996,"Severe/Accumulated":533},"PCRTests":{"Total":87,"Total/Accumulated":5996,"Confirmed/Accumulated":58},"MedicalTests":{"Total/Accumulated":853,"Confirmed/Accumulated":108}},"geometry":{"type":"Point","coordinates":[6.93897388888889,47.60873597222223]}},{"type":"Feature","properties":{"Country/Region":"France","Province/State":"Essonne","Code":"91","Population":{"Total":1319401,"Under19":360333,"Under39":338878,"Under59":349395,"Under74":176919,"Over75":93876},"Beds":{"Resuscitation":97,"IntensiveCare":164,"Total":261},"Deaths":538,"Recovered":2418,"Severe":284,"Critical":15,"Emergencies":{"Suspected":10,"Total":472,"Severe":2,"Suspected/Accumulated":4122,"Total/Accumulated":66487,"Severe/Accumulated":1214},"MedicalActs":{"Suspected":2,"Total":162,"Suspected/Accumulated":1142,"Total/Accumulated":16126},"PCRTests":{"Total":673,"Confirmed":8,"Total/Accumulated":52226,"Confirmed/Accumulated":839},"Confirmed":30,"MedicalTests":{"Total/Accumulated":13409,"Confirmed/Accumulated":2366}},"geometry":{"type":"Point","coordinates":[2.2519983333333338,48.50948216666667]}},{"type":"Feature","properties":{"Country/Region":"France","Province/State":"Hauts-de-Seine","Code":"92","Population":{"Total":1613762,"Under19":393984,"Under39":457571,"Under59":428782,"Under74":211036,"Over75":122389},"Beds":{"Resuscitation":184,"IntensiveCare":276,"Total":460},"Deaths":1084,"Recovered":4443,"Severe":602,"Critical":38,"Emergencies":{"Suspected":4,"Total":712,"Suspected/Accumulated":4025,"Total/Accumulated":91458,"Severe/Accumulated":1169},"PCRTests":{"Total":918,"Confirmed":9,"Total/Accumulated":77205,"Confirmed/Accumulated":1169},"Confirmed":59,"MedicalTests":{"Total/Accumulated":11950,"Confirmed/Accumulated":2683}},"geometry":{"type":"Point","coordinates":[2.2538900000000006,48.84266823529411]}},{"type":"Feature","properties":{"Country/Region":"France","Province/State":"Seine-Saint-Denis","Code":"93","Population":{"Total":1670149,"Under19":485032,"Under39":478299,"Under59":428192,"Under74":194935,"Over75":83691},"Beds":{"Resuscitation":100,"IntensiveCare":218,"Total":318},"Deaths":999,"Recovered":3775,"Severe":599,"Critical":55,"Emergencies":{"Suspected":11,"Total":877,"Suspected/Accumulated":5513,"Total/Accumulated":103265,"Severe/Accumulated":1442},"PCRTests":{"Total":922,"Confirmed":23,"Total/Accumulated":70814,"Confirmed/Accumulated":1452},"Confirmed":45,"MedicalTests":{"Total/Accumulated":8715,"Confirmed/Accumulated":2518}},"geometry":{"type":"Point","coordinates":[2.474763409090909,48.91863045454546]}},{"type":"Feature","properties":{"Country/Region":"France","Province/State":"Val-de-Marne","Code":"94","Population":{"Total":1406041,"Under19":359600,"Under39":390124,"Under59":368199,"Under74":187814,"Over75":100304},"Beds":{"Resuscitation":156,"IntensiveCare":338,"Total":494},"Deaths":1204,"Recovered":4193,"Severe":488,"Critical":16,"Emergencies":{"Suspected":16,"Total":828,"Suspected/Accumulated":7932,"Total/Accumulated":107555,"Severe/Accumulated":3031},"PCRTests":{"Total":663,"Confirmed":13,"Total/Accumulated":65639,"Confirmed/Accumulated":1172},"Confirmed":48,"MedicalTests":{"Total/Accumulated":8850,"Confirmed/Accumulated":1817}},"geometry":{"type":"Point","coordinates":[2.47453725,48.775524499999996]}},{"type":"Feature","properties":{"Country/Region":"France","Province/State":"Val-d'Oise","Code":"95","Population":{"Total":1248354,"Under19":357525,"Under39":326622,"Under59":322949,"Under74":166265,"Over75":74993},"Beds":{"Resuscitation":60,"IntensiveCare":130,"Total":190},"Deaths":711,"Recovered":2613,"Severe":266,"Critical":5,"Emergencies":{"Suspected":13,"Total":749,"Severe":4,"Suspected/Accumulated":8406,"Total/Accumulated":91782,"Severe/Accumulated":2834},"MedicalActs":{"Suspected":9,"Total":235,"Suspected/Accumulated":2180,"Total/Accumulated":28876},"PCRTests":{"Total":529,"Confirmed":14,"Total/Accumulated":49798,"Confirmed/Accumulated":1253},"Confirmed":60,"MedicalTests":{"Total/Accumulated":7014,"Confirmed/Accumulated":1871}},"geometry":{"type":"Point","coordinates":[2.092522396694214,49.08765355371902]}},{"type":"Feature","properties":{"Country/Region":"France","Province/State":"La Réunion","Code":"974","Population":{"Total":859959,"Under19":256143,"Under39":202783,"Under59":239212,"Under74":117045,"Over75":44776},"Beds":{"Resuscitation":52,"IntensiveCare":154,"Total":206},"Deaths":3,"Recovered":152,"Severe":24,"Critical":4,"Emergencies":{"Total":405,"Suspected/Accumulated":287,"Total/Accumulated":51070,"Severe/Accumulated":197},"PCRTests":{"Total":681,"Confirmed":6,"Total/Accumulated":37972,"Confirmed/Accumulated":183},"MedicalTests":{"Total/Accumulated":19,"Confirmed/Accumulated":1}},"geometry":{"type":"Point","coordinates":[55.52943947368424,-21.1374047368421]}}]}