{"type":"FeatureCollection","features":[{"type":"Feature","properties":{"Country/Region":"France","Province/State":"Guadeloupe","Code":"971","Population":{"Total":376879,"Under19":90617,"Under39":71707,"Under59":109452,"Under74":70936,"Over75":34167},"Beds":{"Resuscitation":27,"IntensiveCare":68,"Total":95},"Deaths":19,"Recovered":73,"Severe":13,"Critical":2,"Emergencies":{"Suspected":3,"Total":138,"Suspected/Accumulated":288,"Total/Accumulated":13803,"Severe/Accumulated":101},"Confirmed":106,"MedicalTests":{"Total/Accumulated":51,"Confirmed/Accumulated":17}},"geometry":{"type":"Point","coordinates":[-61.493846272189366,16.20469674556213]}},{"type":"Feature","properties":{"Country/Region":"France","Province/State":"Martinique","Code":"972","Population":{"Total":358749,"Under19":77005,"Under39":65776,"Under59":105638,"Under74":72163,"Over75":38167},"Beds":{"Resuscitation":26,"IntensiveCare":58,"Total":84},"Deaths":14,"Recovered":81,"Severe":18,"Critical":1,"MedicalActs":{"Total":69,"Suspected/Accumulated":139,"Total/Accumulated":8258},"Confirmed":16,"MedicalTests":{"Total/Accumulated":29,"Confirmed/Accumulated":6}},"geometry":{"type":"Point","coordinates":[-60.98265692913386,14.6217557480315]}},{"type":"Feature","properties":{"Country/Region":"France","Province/State":"Guyane","Code":"973","Population":{"Total":290691,"Under19":120681,"Under39":80023,"Under59":61783,"Under74":22111,"Over75":6093},"Beds":{"Resuscitation":13,"IntensiveCare":12,"Total":25},"Deaths":1,"Recovered":51,"Severe":12,"Emergencies":{"Suspected":2,"Total":194,"Severe":2,"Suspected/Accumulated":114,"Total/Accumulated":14353,"Severe/Accumulated":41},"Confirmed":43,"MedicalTests":{"Total/Accumulated":35,"Confirmed/Accumulated":4}},"geometry":{"type":"Point","coordinates":[-53.41731165390502,3.588901056661561]}},{"type":"Feature","properties":{"Country/Region":"France","Province/State":"Mayotte","Code":"976","Population":{"Total":279471,"Under19":150257,"Under39":74348,"Under59":42900,"Under74":9521,"Over75":2445},"Beds":{"Resuscitation":6,"IntensiveCare":0,"Total":6},"Deaths":18,"Recovered":198,"Severe":48,"Critical":13,"Emergencies":{"Suspected":17,"Total":91,"Severe":3,"Suspected/Accumulated":1116,"Total/Accumulated":8340,"Severe/Accumulated":176},"Confirmed":128,"MedicalTests":{"Total/Accumulated":4,"Confirmed/Accumulated":1}},"geometry":{"type":"Point","coordinates":[45.14160071428572,-12.835344166666673]}},{"type":"Feature","properties":{"Country/Region":"France","Province/State":"Ain","Code":"01","Population":{"Total":656955,"Under19":167666,"Under39":151084,"Under59":179469,"Under74":104453,"Over75":54283},"Beds":{"Resuscitation":22,"IntensiveCare":20,"Total":42},"Deaths":93,"Recovered":351,"Severe":115,"Critical":3,"Emergencies":{"Total":241,"Suspected/Accumulated":1055,"Total/Accumulated":16145,"Severe/Accumulated":438},"Confirmed":118,"MedicalTests":{"Total/Accumulated":3448,"Confirmed/Accumulated":382}},"geometry":{"type":"Point","coordinates":[5.430359734513273,46.106026415929215]}},{"type":"Feature","properties":{"Country/Region":"France","Province/State":"Aisne","Code":"02","Population":{"Total":526050,"Under19":129852,"Under39":114042,"Under59":135164,"Under74":98046,"Over75":48946},"Beds":{"Resuscitation":34,"IntensiveCare":110,"Total":144},"Deaths":252,"Recovered":878,"Severe":182,"Critical":14,"Emergencies":{"Suspected":12,"Total":324,"Severe":5,"Suspected/Accumulated":2754,"Total/Accumulated":23019,"Severe/Accumulated":924},"MedicalActs":{"Suspected":3,"Total":128,"Suspected/Accumulated":756,"Total/Accumulated":15461},"Confirmed":59,"MedicalTests":{"Total/Accumulated":2953,"Confirmed/Accumulated":451}},"geometry":{"type":"Point","coordinates":[3.5153965625000003,49.457888298611124]}},{"type":"Feature","properties":{"Country/Region":"France","Province/State":"Allier","Code":"03","Population":{"Total":331315,"Under19":66659,"Under39":61490,"Under59":85304,"Under74":72079,"Over75":45783},"Beds":{"Resuscitation":24,"IntensiveCare":56,"Total":80},"Deaths":37,"Recovered":158,"Severe":17,"Emergencies":{"Suspected":16,"Total":223,"Severe":7,"Suspected/Accumulated":983,"Total/Accumulated":10810,"Severe/Accumulated":546},"Confirmed":38,"MedicalTests":{"Total/Accumulated":914,"Confirmed/Accumulated":12}},"geometry":{"type":"Point","coordinates":[3.1778756690140857,46.39097419014088]}},{"type":"Feature","properties":{"Country/Region":"France","Province/State":"Alpes-de-Haute-Provence","Code":"04","Population":{"Total":165197,"Under19":34281,"Under39":30814,"Under59":43423,"Under74":35681,"Over75":20998},"Beds":{"Resuscitation":6,"IntensiveCare":0,"Total":6},"Deaths":11,"Recovered":115,"Severe":16,"Critical":1,"Emergencies":{"Suspected":1,"Total":124,"Severe":1,"Suspected/Accumulated":273,"Total/Accumulated":9850,"Severe/Accumulated":125},"MedicalTests":{"Total":1,"Total/Accumulated":1623,"Confirmed/Accumulated":63},"Confirmed":22},"geometry":{"type":"Point","coordinates":[6.294359440298507,44.152788992537346]}},{"type":"Feature","properties":{"Country/Region":"France","Province/State":"Hautes-Alpes","Code":"05","Population":{"Total":141756,"Under19":30280,"Under39":27715,"Under59":37829,"Under74":29047,"Over75":16885},"Beds":{"Resuscitation":8,"IntensiveCare":0,"Total":8},"Deaths":16,"Recovered":108,"Severe":28,"Critical":2,"Emergencies":{"Suspected":1,"Total":133,"Severe":1,"Suspected/Accumulated":1022,"Total/Accumulated":9547,"Severe/Accumulated":182},"Confirmed":42,"MedicalTests":{"Total/Accumulated":616,"Confirmed/Accumulated":4}},"geometry":{"type":"Point","coordinates":[6.205986298932386,44.64177099644131]}},{"type":"Feature","properties":{"Country/Region":"France","Province/State":"Alpes-Maritimes","Code":"06","Population":{"Total":1079396,"Under19":226862,"Under39":232814,"Under59":282249,"Under74":198428,"Over75":139043},"Beds":{"Resuscitation":89,"IntensiveCare":182,"Total":271},"Deaths":173,"Recovered":614,"Severe":135,"Critical":11,"Emergencies":{"Suspected":10,"Total":748,"Severe":5,"Suspected/Accumulated":3210,"Total/Accumulated":49280,"Severe/Accumulated":1786},"MedicalActs":{"Suspected":6,"Total":153,"Suspected/Accumulated":1235,"Total/Accumulated":12477},"Confirmed":194,"MedicalTests":{"Total/Accumulated":5477,"Confirmed/Accumulated":263}},"geometry":{"type":"Point","coordinates":[7.093963618090453,43.90811477386935]}},{"type":"Feature","properties":{"Country/Region":"France","Province/State":"Corse-du-Sud","Code":"2A","Population":{"Total":162421,"Under19":31630,"Under39":34910,"Under59":45312,"Under74":31004,"Over75":19565},"Beds":{"Resuscitation":10,"IntensiveCare":30,"Total":40},"Deaths":47,"Recovered":115,"Severe":30,"Critical":2,"Emergencies":{"Total":103,"Suspected/Accumulated":121,"Total/Accumulated":4888,"Severe/Accumulated":94},"MedicalActs":{"Suspected":4,"Total":54,"Suspected/Accumulated":474,"Total/Accumulated":3283},"Confirmed":207},"geometry":{"type":"Point","coordinates":[8.933891598360661,41.87995627049185]}},{"type":"Feature","properties":{"Country/Region":"France","Province/State":"Haute-Corse","Code":"2B","Population":{"Total":182258,"Under19":36925,"Under39":42075,"Under59":47863,"Under74":34671,"Over75":20724},"Beds":{"Resuscitation":8,"IntensiveCare":12,"Total":20},"Deaths":10,"Recovered":102,"Severe":6,"Critical":2,"Emergencies":{"Suspected":2,"Total":111,"Severe":2,"Suspected/Accumulated":1947,"Total/Accumulated":7852,"Severe/Accumulated":1891},"Confirmed":56},"geometry":{"type":"Point","coordinates":[9.12993101604278,42.44040566844919]}},{"type":"Feature","properties":{"Country/Region":"France","Province/State":"Ardèche","Code":"07","Population":{"Total":326875,"Under19":70594,"Under39":61093,"Under59":88160,"Under74":68490,"Over75":38538},"Beds":{"Resuscitation":8,"IntensiveCare":0,"Total":8},"Deaths":101,"Recovered":352,"Severe":76,"Critical":5,"Emergencies":{"Suspected":2,"Total":175,"Suspected/Accumulated":754,"Total/Accumulated":9900,"Severe/Accumulated":162},"Confirmed":128,"MedicalTests":{"Total/Accumulated":1162,"Confirmed/Accumulated":123}},"geometry":{"type":"Point","coordinates":[4.425911157407411,44.77470101851853]}},{"type":"Feature","properties":{"Country/Region":"France","Province/State":"Ardennes","Code":"08","Population":{"Total":265531,"Under19":60337,"Under39":55870,"Under59":70459,"Under74":52021,"Over75":26844},"Beds":{"Resuscitation":12,"IntensiveCare":42,"Total":54},"Deaths":53,"Recovered":131,"Severe":71,"Critical":5,"Emergencies":{"Total":181,"Suspected/Accumulated":159,"Total/Accumulated":12788,"Severe/Accumulated":50},"Confirmed":3,"MedicalTests":{"Total/Accumulated":1117,"Confirmed/Accumulated":101}},"geometry":{"type":"Point","coordinates":[4.717836481481479,49.63503592592596]}},{"type":"Feature","properties":{"Country/Region":"France","Province/State":"Ariège","Code":"09","Population":{"Total":152398,"Under19":30718,"Under39":28780,"Under59":40432,"Under74":32667,"Over75":19801},"Beds":{"Resuscitation":8,"IntensiveCare":16,"Total":24},"Deaths":2,"Recovered":29,"Severe":6,"Critical":2,"Emergencies":{"Suspected":1,"Total":124,"Suspected/Accumulated":178,"Total/Accumulated":6503,"Severe/Accumulated":79},"Confirmed":3,"MedicalTests":{"Total/Accumulated":858,"Confirmed/Accumulated":7}},"geometry":{"type":"Point","coordinates":[1.5308575113122171,42.951783619909506]}},{"type":"Feature","properties":{"Country/Region":"France","Province/State":"Aube","Code":"10","Population":{"Total":309907,"Under19":74513,"Under39":69749,"Under59":77945,"Under74":56336,"Over75":31364},"Beds":{"Resuscitation":12,"IntensiveCare":36,"Total":48},"Deaths":126,"Recovered":544,"Severe":94,"Critical":2,"Emergencies":{"Suspected":3,"Total":149,"Severe":3,"Suspected/Accumulated":687,"Total/Accumulated":11093,"Severe/Accumulated":330},"MedicalActs":{"Suspected":1,"Total":68,"Suspected/Accumulated":440,"Total/Accumulated":7534},"MedicalTests":{"Total":4,"Total/Accumulated":3749,"Confirmed/Accumulated":369},"Confirmed":14},"geometry":{"type":"Point","coordinates":[4.115386826086957,48.290927782608684]}},{"type":"Feature","properties":{"Country/Region":"France","Province/State":"Aude","Code":"11","Population":{"Total":372705,"Under19":78644,"Under39":70170,"Under59":96929,"Under74":80039,"Over75":46923},"Beds":{"Resuscitation":16,"IntensiveCare":44,"Total":60},"Deaths":55,"Recovered":211,"Severe":17,"Critical":3,"Emergencies":{"Suspected":2,"Total":240,"Severe":1,"Suspected/Accumulated":495,"Total/Accumulated":15871,"Severe/Accumulated":211},"Confirmed":44,"MedicalTests":{"Total/Accumulated":3177,"Confirmed/Accumulated":193}},"geometry":{"type":"Point","coordinates":[2.3518425641025638,43.13299722222223]}},{"type":"Feature","properties":{"Country/Region":"France","Province/State":"Aveyron","Code":"12","Population":{"Total":278360,"Under19":55940,"Under39":51027,"Under59":73060,"Under74":59454,"Over75":38879},"Beds":{"Resuscitation":11,"IntensiveCare":32,"Total":43},"Deaths":23,"Recovered":128,"Severe":16,"Emergencies":{"Total":108,"Suspected/Accumulated":15,"Total/Accumulated":6953,"Severe/Accumulated":5},"MedicalTests":{"Total":2,"Total/Accumulated":102,"Confirmed/Accumulated":5},"Confirmed":29},"geometry":{"type":"Point","coordinates":[2.66545315960912,44.28474130293157]}},{"type":"Feature","properties":{"Country/Region":"France","Province/State":"Bouches-du-Rhône","Code":"13","Population":{"Total":2034469,"Under19":480915,"Under39":483747,"Under59":522289,"Under74":342385,"Over75":205133},"Beds":{"Resuscitation":281,"IntensiveCare":476,"Total":757},"Deaths":509,"Recovered":2799,"Severe":658,"Critical":73,"Emergencies":{"Suspected":5,"Total":1150,"Severe":3,"Suspected/Accumulated":3061,"Total/Accumulated":78402,"Severe/Accumulated":1600},"MedicalActs":{"Suspected":8,"Total":224,"Suspected/Accumulated":1058,"Total/Accumulated":16188},"MedicalTests":{"Total":25,"Total/Accumulated":50826,"Confirmed/Accumulated":3168},"Confirmed":827},"geometry":{"type":"Point","coordinates":[5.098567400881058,43.49901925110133]}},{"type":"Feature","properties":{"Country/Region":"France","Province/State":"Calvados","Code":"14","Population":{"Total":691453,"Under19":160392,"Under39":155359,"Under59":174249,"Under74":130972,"Over75":70481},"Beds":{"Resuscitation":91,"IntensiveCare":128,"Total":219},"Deaths":77,"Recovered":242,"Severe":113,"Critical":8,"Emergencies":{"Suspected":2,"Total":307,"Severe":1,"Suspected/Accumulated":1448,"Total/Accumulated":24310,"Severe/Accumulated":487},"MedicalActs":{"Suspected":18,"Total":246,"Suspected/Accumulated":1682,"Total/Accumulated":18460},"Confirmed":147,"MedicalTests":{"Total/Accumulated":1668,"Confirmed/Accumulated":157}},"geometry":{"type":"Point","coordinates":[-0.4028230593607306,49.05443785388125]}},{"type":"Feature","properties":{"Country/Region":"France","Province/State":"Cantal","Code":"15","Population":{"Total":142811,"Under19":26571,"Under39":24954,"Under59":38397,"Under74":32697,"Over75":20192},"Beds":{"Resuscitation":8,"IntensiveCare":30,"Total":38},"Deaths":9,"Recovered":40,"Severe":19,"Critical":1,"Emergencies":{"Total":77,"Suspected/Accumulated":183,"Total/Accumulated":4595,"Severe/Accumulated":99},"MedicalTests":{"Total":3,"Total/Accumulated":537,"Confirmed/Accumulated":42},"Confirmed":33},"geometry":{"type":"Point","coordinates":[2.7066918215613374,45.02447219330856]}},{"type":"Feature","properties":{"Country/Region":"France","Province/State":"Charente","Code":"16","Population":{"Total":348180,"Under19":71324,"Under39":69355,"Under59":91186,"Under74":72860,"Over75":43455},"Beds":{"Resuscitation":12,"IntensiveCare":36,"Total":48},"Deaths":12,"Recovered":47,"Severe":5,"Critical":1,"Emergencies":{"Suspected":5,"Total":191,"Severe":2,"Suspected/Accumulated":584,"Total/Accumulated":13177,"Severe/Accumulated":201},"Confirmed":10,"MedicalTests":{"Total/Accumulated":812,"Confirmed/Accumulated":21}},"geometry":{"type":"Point","coordinates":[0.2054574390243902,45.733938821138196]}},{"type":"Feature","properties":{"Country/Region":"France","Province/State":"Charente-Maritime","Code":"17","Population":{"Total":647080,"Under19":130618,"Under39":119836,"Under59":164314,"Under74":146996,"Over75":85316},"Beds":{"Resuscitation":30,"IntensiveCare":72,"Total":102},"Deaths":46,"Recovered":119,"Severe":34,"Critical":4,"Emergencies":{"Suspected":2,"Total":388,"Severe":2,"Suspected/Accumulated":1062,"Total/Accumulated":25645,"Severe/Accumulated":370},"MedicalActs":{"Suspected":3,"Total":59,"Suspected/Accumulated":168,"Total/Accumulated":3285},"Confirmed":49,"MedicalTests":{"Total/Accumulated":7801,"Confirmed/Accumulated":166}},"geometry":{"type":"Point","coordinates":[-0.734802142857143,45.8164405357143]}},{"type":"Feature","properties":{"Country/Region":"France","Province/State":"Cher","Code":"18","Population":{"Total":296404,"Under19":61933,"Under39":57193,"Under59":76912,"Under74":62985,"Over75":37381},"Beds":{"Resuscitation":12,"IntensiveCare":32,"Total":44},"Deaths":73,"Recovered":138,"Severe":54,"Emergencies":{"Suspected":7,"Total":114,"Suspected/Accumulated":1349,"Total/Accumulated":8915,"Severe/Accumulated":21},"MedicalActs":{"Suspected":5,"Total":75,"Suspected/Accumulated":341,"Total/Accumulated":8824},"MedicalTests":{"Total":8,"Total/Accumulated":2993,"Confirmed/Accumulated":332},"Confirmed":25},"geometry":{"type":"Point","coordinates":[2.420866293436294,47.03802115830117]}},{"type":"Feature","properties":{"Country/Region":"France","Province/State":"Corrèze","Code":"19","Population":{"Total":240336,"Under19":48146,"Under39":45056,"Under59":62186,"Under74":52206,"Over75":32742},"Beds":{"Resuscitation":15,"IntensiveCare":42,"Total":57},"Deaths":33,"Recovered":105,"Severe":54,"Critical":6,"Emergencies":{"Total":116,"Suspected/Accumulated":512,"Total/Accumulated":9670,"Severe/Accumulated":422},"Confirmed":23,"MedicalTests":{"Total/Accumulated":295,"Confirmed/Accumulated":17}},"geometry":{"type":"Point","coordinates":[1.8952178059071727,45.37689915611812]}},{"type":"Feature","properties":{"Country/Region":"France","Province/State":"Côte-d'Or","Code":"21","Population":{"Total":532886,"Under19":121633,"Under39":128314,"Under59":134514,"Under74":95451,"Over75":52974},"Beds":{"Resuscitation":57,"IntensiveCare":190,"Total":247},"Deaths":238,"Recovered":803,"Severe":104,"Critical":20,"Emergencies":{"Suspected":6,"Total":238,"Severe":2,"Suspected/Accumulated":1326,"Total/Accumulated":15642,"Severe/Accumulated":425},"MedicalActs":{"Suspected":5,"Total":84,"Suspected/Accumulated":753,"Total/Accumulated":5736},"Confirmed":1,"MedicalTests":{"Total/Accumulated":1224,"Confirmed/Accumulated":98}},"geometry":{"type":"Point","coordinates":[4.781845107913668,47.44940406474819]}},{"type":"Feature","properties":{"Country/Region":"France","Province/State":"Côtes-d'Armor","Code":"22","Population":{"Total":596186,"Under19":131217,"Under39":108675,"Under59":153257,"Under74":128481,"Over75":74556},"Beds":{"Resuscitation":14,"IntensiveCare":32,"Total":46},"Deaths":31,"Recovered":169,"Severe":48,"Critical":2,"Emergencies":{"Suspected":9,"Total":229,"Severe":7,"Suspected/Accumulated":725,"Total/Accumulated":15261,"Severe/Accumulated":555},"Confirmed":107,"MedicalTests":{"Total/Accumulated":173,"Confirmed/Accumulated":3}},"geometry":{"type":"Point","coordinates":[-2.8283123411371243,48.47540434782613]}},{"type":"Feature","properties":{"Country/Region":"France","Province/State":"Creuse","Code":"23","Population":{"Total":116270,"Under19":20766,"Under39":19388,"Under59":30402,"Under74":28640,"Over75":17074},"Beds":{"Resuscitation":8,"IntensiveCare":16,"Total":24},"Deaths":8,"Recovered":50,"Severe":18,"Critical":7,"Emergencies":{"Total":60,"Suspected/Accumulated":379,"Total/Accumulated":4462,"Severe/Accumulated":74},"MedicalTests":{"Total":1,"Total/Accumulated":1022,"Confirmed/Accumulated":11},"Confirmed":12},"geometry":{"type":"Point","coordinates":[1.9795267256637192,46.07153353982301]}},{"type":"Feature","properties":{"Country/Region":"France","Province/State":"Dordogne","Code":"24","Population":{"Total":408393,"Under19":76430,"Under39":70201,"Under59":107402,"Under74":96538,"Over75":57822},"Beds":{"Resuscitation":19,"IntensiveCare":36,"Total":55},"Deaths":12,"Recovered":76,"Severe":16,"Critical":1,"Emergencies":{"Suspected":2,"Total":143,"Suspected/Accumulated":837,"Total/Accumulated":11502,"Severe/Accumulated":420},"Confirmed":13,"MedicalTests":{"Total/Accumulated":576,"Confirmed/Accumulated":26}},"geometry":{"type":"Point","coordinates":[0.7502005172413793,45.100126827586195]}},{"type":"Feature","properties":{"Country/Region":"France","Province/State":"Doubs","Code":"25","Population":{"Total":539449,"Under19":132582,"Under39":130504,"Under59":135120,"Under74":90502,"Over75":50741},"Beds":{"Resuscitation":40,"IntensiveCare":262,"Total":302},"Deaths":144,"Recovered":552,"Severe":83,"Critical":14,"Emergencies":{"Suspected":3,"Total":166,"Severe":1,"Suspected/Accumulated":1404,"Total/Accumulated":13535,"Severe/Accumulated":553},"MedicalActs":{"Suspected":5,"Total":107,"Suspected/Accumulated":433,"Total/Accumulated":7700},"MedicalTests":{"Total/Accumulated":2061,"Confirmed/Accumulated":213}},"geometry":{"type":"Point","coordinates":[6.359828136363636,47.17302813636364]}},{"type":"Feature","properties":{"Country/Region":"France","Province/State":"Drôme","Code":"26","Population":{"Total":520560,"Under19":125073,"Under39":110455,"Under59":134338,"Under74":95865,"Over75":54829},"Beds":{"Resuscitation":24,"IntensiveCare":68,"Total":92},"Deaths":128,"Recovered":464,"Severe":60,"Critical":6,"Emergencies":{"Suspected":7,"Total":254,"Severe":1,"Suspected/Accumulated":1223,"Total/Accumulated":17333,"Severe/Accumulated":493},"Confirmed":119,"MedicalTests":{"Total/Accumulated":1801,"Confirmed/Accumulated":135}},"geometry":{"type":"Point","coordinates":[5.213618019801983,44.63170462046205]}},{"type":"Feature","properties":{"Country/Region":"France","Province/State":"Eure","Code":"27","Population":{"Total":600687,"Under19":151745,"Under39":128858,"Under59":160781,"Under74":106586,"Over75":52717},"Beds":{"Resuscitation":12,"IntensiveCare":44,"Total":56},"Deaths":74,"Recovered":157,"Severe":90,"Critical":3,"Emergencies":{"Suspected":9,"Total":175,"Suspected/Accumulated":356,"Total/Accumulated":11107,"Severe/Accumulated":57},"MedicalTests":{"Total":8,"Total/Accumulated":5488,"Confirmed/Accumulated":572},"Confirmed":71},"geometry":{"type":"Point","coordinates":[0.9927279220779222,49.13064012987015]}},{"type":"Feature","properties":{"Country/Region":"France","Province/State":"Eure-et-Loir","Code":"28","Population":{"Total":429425,"Under19":106266,"Under39":90617,"Under59":113525,"Under74":76422,"Over75":42595},"Beds":{"Resuscitation":20,"IntensiveCare":44,"Total":64},"Deaths":116,"Recovered":425,"Severe":172,"Critical":11,"Emergencies":{"Suspected":3,"Total":303,"Severe":2,"Suspected/Accumulated":601,"Total/Accumulated":18735,"Severe/Accumulated":174},"Confirmed":104,"MedicalTests":{"Total/Accumulated":4281,"Confirmed/Accumulated":652}},"geometry":{"type":"Point","coordinates":[1.3718229302325597,48.39856558139533]}},{"type":"Feature","properties":{"Country/Region":"France","Province/State":"Finistère","Code":"29","Population":{"Total":906554,"Under19":201332,"Under39":189857,"Under59":237308,"Under74":178715,"Over75":99342},"Beds":{"Resuscitation":66,"IntensiveCare":142,"Total":208},"Deaths":41,"Recovered":159,"Severe":30,"Critical":2,"Emergencies":{"Suspected":1,"Total":493,"Suspected/Accumulated":378,"Total/Accumulated":36803,"Severe/Accumulated":113},"MedicalActs":{"Suspected":3,"Total":129,"Suspected/Accumulated":303,"Total/Accumulated":9429},"Confirmed":230,"MedicalTests":{"Total/Accumulated":40,"Confirmed/Accumulated":9}},"geometry":{"type":"Point","coordinates":[-4.16814140056023,48.26300924369748]}},{"type":"Feature","properties":{"Country/Region":"France","Province/State":"Gard","Code":"30","Population":{"Total":748468,"Under19":170615,"Under39":154480,"Under59":195429,"Under74":147114,"Over75":80830},"Beds":{"Resuscitation":49,"IntensiveCare":108,"Total":157},"Deaths":88,"Recovered":278,"Severe":71,"Critical":9,"Emergencies":{"Suspected":2,"Total":372,"Suspected/Accumulated":617,"Total/Accumulated":27623,"Severe/Accumulated":205},"MedicalActs":{"Suspected":6,"Total":79,"Suspected/Accumulated":449,"Total/Accumulated":5412},"MedicalTests":{"Total":18,"Total/Accumulated":10389,"Confirmed/Accumulated":316},"Confirmed":44},"geometry":{"type":"Point","coordinates":[4.0572744791666695,44.00851614583332]}},{"type":"Feature","properties":{"Country/Region":"France","Province/State":"Haute-Garonne","Code":"31","Population":{"Total":1400935,"Under19":335750,"Under39":398589,"Under59":358515,"Under74":197921,"Over75":110160},"Beds":{"Resuscitation":161,"IntensiveCare":430,"Total":591},"Deaths":64,"Recovered":581,"Severe":76,"Critical":26,"Emergencies":{"Suspected":13,"Total":661,"Severe":10,"Suspected/Accumulated":2624,"Total/Accumulated":43718,"Severe/Accumulated":1490},"MedicalActs":{"Suspected":5,"Total":187,"Suspected/Accumulated":999,"Total/Accumulated":10307},"MedicalTests":{"Total":12,"Total/Accumulated":10530,"Confirmed/Accumulated":339},"Confirmed":72},"geometry":{"type":"Point","coordinates":[1.1686918356164382,43.33252969863011]}},{"type":"Feature","properties":{"Country/Region":"France","Province/State":"Gers","Code":"32","Population":{"Total":190040,"Under19":37581,"Under39":32714,"Under59":51231,"Under74":41871,"Over75":26643},"Beds":{"Resuscitation":8,"IntensiveCare":8,"Total":16},"Deaths":23,"Recovered":79,"Severe":9,"Critical":2,"Emergencies":{"Suspected":4,"Total":72,"Severe":3,"Suspected/Accumulated":442,"Total/Accumulated":4851,"Severe/Accumulated":311},"Confirmed":14,"MedicalTests":{"Total/Accumulated":2465,"Confirmed/Accumulated":182}},"geometry":{"type":"Point","coordinates":[0.447782880658436,43.70601049382714]}},{"type":"Feature","properties":{"Country/Region":"France","Province/State":"Gironde","Code":"33","Population":{"Total":1633440,"Under19":380317,"Under39":415128,"Under59":425319,"Under74":267580,"Over75":145096},"Beds":{"Resuscitation":183,"IntensiveCare":262,"Total":445},"Deaths":141,"Recovered":807,"Severe":149,"Critical":23,"Emergencies":{"Suspected":11,"Total":759,"Severe":4,"Suspected/Accumulated":3027,"Total/Accumulated":52017,"Severe/Accumulated":1264},"MedicalActs":{"Suspected":23,"Total":654,"Suspected/Accumulated":4279,"Total/Accumulated":52155},"Confirmed":106,"MedicalTests":{"Total/Accumulated":7786,"Confirmed/Accumulated":347}},"geometry":{"type":"Point","coordinates":[-0.41644369747899174,44.756299705882356]}},{"type":"Feature","properties":{"Country/Region":"France","Province/State":"Hérault","Code":"34","Population":{"Total":1176145,"Under19":268258,"Under39":286299,"Under59":292794,"Under74":208723,"Over75":120071},"Beds":{"Resuscitation":124,"IntensiveCare":342,"Total":466},"Deaths":117,"Recovered":640,"Severe":37,"Critical":13,"Emergencies":{"Suspected":2,"Total":750,"Severe":1,"Suspected/Accumulated":1422,"Total/Accumulated":46834,"Severe/Accumulated":571},"MedicalActs":{"Suspected":3,"Total":118,"Suspected/Accumulated":527,"Total/Accumulated":7110},"MedicalTests":{"Total":77,"Total/Accumulated":34186,"Confirmed/Accumulated":1249},"Confirmed":171},"geometry":{"type":"Point","coordinates":[3.2725271495327104,43.601788971962634]}},{"type":"Feature","properties":{"Country/Region":"France","Province/State":"Ille-et-Vilaine","Code":"35","Population":{"Total":1082073,"Under19":274429,"Under39":270693,"Under59":278610,"Under74":165623,"Over75":92718},"Beds":{"Resuscitation":60,"IntensiveCare":224,"Total":284},"Deaths":82,"Recovered":382,"Severe":88,"Critical":5,"Emergencies":{"Suspected":5,"Total":534,"Severe":3,"Suspected/Accumulated":1655,"Total/Accumulated":34484,"Severe/Accumulated":909},"MedicalActs":{"Suspected":4,"Total":194,"Suspected/Accumulated":674,"Total/Accumulated":11500},"Confirmed":208,"MedicalTests":{"Total/Accumulated":415,"Confirmed/Accumulated":10}},"geometry":{"type":"Point","coordinates":[-1.7401927338129495,48.18315345323742]}},{"type":"Feature","properties":{"Country/Region":"France","Province/State":"Indre","Code":"36","Population":{"Total":217139,"Under19":42951,"Under39":38506,"Under59":56292,"Under74":48986,"Over75":30404},"Beds":{"Resuscitation":10,"IntensiveCare":18,"Total":28},"Deaths":75,"Recovered":96,"Severe":97,"Critical":4,"Emergencies":{"Suspected":1,"Total":46,"Severe":1,"Suspected/Accumulated":72,"Total/Accumulated":5920,"Severe/Accumulated":35},"MedicalTests":{"Total":1,"Total/Accumulated":3456,"Confirmed/Accumulated":372},"Confirmed":80},"geometry":{"type":"Point","coordinates":[1.576445147679325,46.764304345991526]}},{"type":"Feature","properties":{"Country/Region":"France","Province/State":"Indre-et-Loire","Code":"37","Population":{"Total":605380,"Under19":142122,"Under39":136574,"Under59":153731,"Under74":108623,"Over75":64330},"Beds":{"Resuscitation":79,"IntensiveCare":116,"Total":195},"Deaths":77,"Recovered":279,"Severe":109,"Critical":12,"Emergencies":{"Suspected":3,"Total":246,"Severe":1,"Suspected/Accumulated":947,"Total/Accumulated":19141,"Severe/Accumulated":342},"MedicalActs":{"Suspected":10,"Total":147,"Suspected/Accumulated":494,"Total/Accumulated":9601},"Confirmed":123,"MedicalTests":{"Total/Accumulated":3843,"Confirmed/Accumulated":118}},"geometry":{"type":"Point","coordinates":[0.6915947413793099,47.23521443965518]}},{"type":"Feature","properties":{"Country/Region":"France","Province/State":"Isère","Code":"38","Population":{"Total":1264979,"Under19":319977,"Under39":298730,"Under59":332378,"Under74":201842,"Over75":112052},"Beds":{"Resuscitation":74,"IntensiveCare":178,"Total":252},"Deaths":135,"Recovered":589,"Severe":112,"Critical":15,"Emergencies":{"Suspected":9,"Total":657,"Severe":4,"Suspected/Accumulated":1675,"Total/Accumulated":45614,"Severe/Accumulated":598},"MedicalActs":{"Suspected":16,"Total":180,"Suspected/Accumulated":1150,"Total/Accumulated":12214},"Confirmed":190,"MedicalTests":{"Total/Accumulated":1746,"Confirmed/Accumulated":138}},"geometry":{"type":"Point","coordinates":[5.557470704225359,45.27668616197182]}},{"type":"Feature","properties":{"Country/Region":"France","Province/State":"Jura","Code":"39","Population":{"Total":257849,"Under19":57639,"Under39":51064,"Under59":68521,"Under74":50575,"Over75":30050},"Beds":{"Resuscitation":8,"IntensiveCare":18,"Total":26},"Deaths":58,"Recovered":225,"Severe":56,"Emergencies":{"Total":165,"Suspected/Accumulated":680,"Total/Accumulated":10983,"Severe/Accumulated":290},"MedicalTests":{"Total/Accumulated":1410,"Confirmed/Accumulated":149}},"geometry":{"type":"Point","coordinates":[5.6395758823529425,46.756161447963784]}},{"type":"Feature","properties":{"Country/Region":"France","Province/State":"Landes","Code":"40","Population":{"Total":411979,"Under19":85144,"Under39":78495,"Under59":112191,"Under74":86896,"Over75":49253},"Beds":{"Resuscitation":14,"IntensiveCare":32,"Total":46},"Deaths":12,"Recovered":63,"Severe":10,"Critical":1,"Emergencies":{"Suspected":2,"Total":153,"Severe":1,"Suspected/Accumulated":494,"Total/Accumulated":10962,"Severe/Accumulated":311},"Confirmed":20,"MedicalTests":{"Total/Accumulated":774,"Confirmed/Accumulated":23}},"geometry":{"type":"Point","coordinates":[-0.5772234449760769,43.8801859808612]}},{"type":"Feature","properties":{"Country/Region":"France","Province/State":"Loir-et-Cher","Code":"41","Population":{"Total":327835,"Under19":72953,"Under39":62903,"Under59":86073,"Under74":65923,"Over75":39983},"Beds":{"Resuscitation":12,"IntensiveCare":16,"Total":28},"Deaths":60,"Recovered":196,"Severe":120,"Critical":7,"Emergencies":{"Suspected":3,"Total":173,"Severe":1,"Suspected/Accumulated":705,"Total/Accumulated":13215,"Severe/Accumulated":74},"Confirmed":55,"MedicalTests":{"Total/Accumulated":1204,"Confirmed/Accumulated":54}},"geometry":{"type":"Point","coordinates":[1.3938662132352944,47.653275698529406]}},{"type":"Feature","properties":{"Country/Region":"France","Province/State":"Loire","Code":"42","Population":{"Total":764737,"Under19":186049,"Under39":167975,"Under59":190702,"Under74":136240,"Over75":83771},"Beds":{"Resuscitation":70,"IntensiveCare":120,"Total":190},"Deaths":229,"Recovered":806,"Severe":239,"Critical":31,"Emergencies":{"Suspected":7,"Total":484,"Severe":3,"Suspected/Accumulated":1626,"Total/Accumulated":36173,"Severe/Accumulated":940},"MedicalActs":{"Suspected":1,"Total":98,"Suspected/Accumulated":436,"Total/Accumulated":7667},"Confirmed":363,"MedicalTests":{"Total/Accumulated":707,"Confirmed/Accumulated":46}},"geometry":{"type":"Point","coordinates":[4.189998267716536,45.74292366141733]}},{"type":"Feature","properties":{"Country/Region":"France","Province/State":"Haute-Loire","Code":"43","Population":{"Total":226901,"Under19":49659,"Under39":43248,"Under59":60903,"Under74":46857,"Over75":26234},"Beds":{"Resuscitation":8,"IntensiveCare":20,"Total":28},"Deaths":14,"Recovered":88,"Severe":17,"Critical":2,"Emergencies":{"Total":27,"Suspected/Accumulated":14,"Total/Accumulated":1570,"Severe/Accumulated":7},"Confirmed":23,"MedicalTests":{"Total/Accumulated":1189,"Confirmed/Accumulated":45}},"geometry":{"type":"Point","coordinates":[3.7869054017857136,45.15054486607143]}},{"type":"Feature","properties":{"Country/Region":"France","Province/State":"Loire-Atlantique","Code":"44","Population":{"Total":1437137,"Under19":363681,"Under39":357664,"Under59":368059,"Under74":227458,"Over75":120275},"Beds":{"Resuscitation":77,"IntensiveCare":262,"Total":339},"Deaths":143,"Recovered":528,"Severe":132,"Critical":6,"Emergencies":{"Suspected":10,"Total":431,"Severe":8,"Suspected/Accumulated":2304,"Total/Accumulated":30542,"Severe/Accumulated":1212},"MedicalActs":{"Suspected":31,"Total":513,"Suspected/Accumulated":2777,"Total/Accumulated":34650},"Confirmed":633,"MedicalTests":{"Total/Accumulated":838,"Confirmed/Accumulated":39}},"geometry":{"type":"Point","coordinates":[-1.6902253409090902,47.33230598484852]}},{"type":"Feature","properties":{"Country/Region":"France","Province/State":"Loiret","Code":"45","Population":{"Total":682890,"Under19":172345,"Under39":155348,"Under59":174617,"Under74":115984,"Over75":64596},"Beds":{"Resuscitation":47,"IntensiveCare":120,"Total":167},"Deaths":91,"Recovered":516,"Severe":143,"Critical":17,"Emergencies":{"Suspected":2,"Total":298,"Severe":1,"Suspected/Accumulated":1085,"Total/Accumulated":22811,"Severe/Accumulated":587},"MedicalActs":{"Suspected":3,"Total":52,"Suspected/Accumulated":230,"Total/Accumulated":3315},"MedicalTests":{"Total":12,"Total/Accumulated":3163,"Confirmed/Accumulated":324},"Confirmed":258},"geometry":{"type":"Point","coordinates":[2.383405222672066,47.91302979757084]}},{"type":"Feature","properties":{"Country/Region":"France","Province/State":"Lot","Code":"46","Population":{"Total":173166,"Under19":31861,"Under39":29365,"Under59":44533,"Under74":41623,"Over75":25784},"Beds":{"Resuscitation":8,"IntensiveCare":8,"Total":16},"Deaths":21,"Recovered":132,"Severe":9,"Critical":1,"Emergencies":{"Total":89,"Suspected/Accumulated":319,"Total/Accumulated":7056,"Severe/Accumulated":77},"Confirmed":4,"MedicalTests":{"Total/Accumulated":529,"Confirmed/Accumulated":19}},"geometry":{"type":"Point","coordinates":[1.5901290212765966,44.59231876595746]}},{"type":"Feature","properties":{"Country/Region":"France","Province/State":"Lot-et-Garonne","Code":"47","Population":{"Total":330336,"Under19":69990,"Under39":64149,"Under59":84272,"Under74":68912,"Over75":43013},"Beds":{"Resuscitation":11,"IntensiveCare":36,"Total":47},"Deaths":9,"Recovered":56,"Severe":20,"Critical":2,"Emergencies":{"Total":169,"Suspected/Accumulated":857,"Total/Accumulated":14084,"Severe/Accumulated":233},"Confirmed":65,"MedicalTests":{"Total/Accumulated":1052,"Confirmed/Accumulated":16}},"geometry":{"type":"Point","coordinates":[0.4871552444444442,44.39576413333333]}},{"type":"Feature","properties":{"Country/Region":"France","Province/State":"Lozère","Code":"48","Population":{"Total":76286,"Under19":15582,"Under39":14895,"Under59":20255,"Under74":15962,"Over75":9592},"Beds":{"Resuscitation":3,"IntensiveCare":0,"Total":3},"Deaths":1,"Recovered":22,"Severe":1,"Emergencies":{"Total":41,"Suspected/Accumulated":46,"Total/Accumulated":1989,"Severe/Accumulated":10},"Confirmed":8,"MedicalTests":{"Total/Accumulated":539,"Confirmed/Accumulated":4}},"geometry":{"type":"Point","coordinates":[3.494722131979694,44.51333609137059]}},{"type":"Feature","properties":{"Country/Region":"France","Province/State":"Maine-et-Loire","Code":"49","Population":{"Total":815881,"Under19":204162,"Under39":184600,"Under59":204421,"Under74":138603,"Over75":84095},"Beds":{"Resuscitation":61,"IntensiveCare":196,"Total":257},"Deaths":127,"Recovered":487,"Severe":118,"Critical":14,"Emergencies":{"Suspected":12,"Total":316,"Severe":7,"Suspected/Accumulated":1483,"Total/Accumulated":22682,"Severe/Accumulated":669},"Confirmed":222,"MedicalTests":{"Total/Accumulated":142,"Confirmed/Accumulated":13}},"geometry":{"type":"Point","coordinates":[-0.6000336862745095,47.406434431372546]}},{"type":"Feature","properties":{"Country/Region":"France","Province/State":"Manche","Code":"50","Population":{"Total":490669,"Under19":105402,"Under39":96439,"Under59":126734,"Under74":101121,"Over75":60973},"Beds":{"Resuscitation":28,"IntensiveCare":52,"Total":80},"Deaths":46,"Recovered":118,"Severe":46,"Critical":3,"Emergencies":{"Suspected":1,"Total":269,"Severe":1,"Suspected/Accumulated":516,"Total/Accumulated":20117,"Severe/Accumulated":414},"MedicalActs":{"Suspected":2,"Total":53,"Suspected/Accumulated":438,"Total/Accumulated":7058},"Confirmed":107,"MedicalTests":{"Total/Accumulated":1734,"Confirmed/Accumulated":120}},"geometry":{"type":"Point","coordinates":[-1.3097769083969464,49.05127938931302]}},{"type":"Feature","properties":{"Country/Region":"France","Province/State":"Marne","Code":"51","Population":{"Total":563823,"Under19":136695,"Under39":137533,"Under59":142415,"Under74":97015,"Over75":50165},"Beds":{"Resuscitation":54,"IntensiveCare":78,"Total":132},"Deaths":249,"Recovered":883,"Severe":176,"Critical":14,"Emergencies":{"Suspected":5,"Total":228,"Severe":2,"Suspected/Accumulated":761,"Total/Accumulated":17311,"Severe/Accumulated":355},"MedicalActs":{"Suspected":2,"Total":43,"Suspected/Accumulated":194,"Total/Accumulated":2572},"Confirmed":37,"MedicalTests":{"Total/Accumulated":1749,"Confirmed/Accumulated":352}},"geometry":{"type":"Point","coordinates":[4.209888097014927,48.936171417910444]}},{"type":"Feature","properties":{"Country/Region":"France","Province/State":"Haute-Marne","Code":"52","Population":{"Total":169250,"Under19":34865,"Under39":34065,"Under59":44268,"Under74":35981,"Over75":20071},"Beds":{"Resuscitation":8,"IntensiveCare":12,"Total":20},"Deaths":75,"Recovered":191,"Severe":75,"Critical":5,"Emergencies":{"Suspected":3,"Total":81,"Suspected/Accumulated":707,"Total/Accumulated":7163,"Severe/Accumulated":178},"Confirmed":7,"MedicalTests":{"Total/Accumulated":197,"Confirmed/Accumulated":37}},"geometry":{"type":"Point","coordinates":[5.203108577075099,48.126414822134386]}},{"type":"Feature","properties":{"Country/Region":"France","Province/State":"Mayenne","Code":"53","Population":{"Total":305365,"Under19":74868,"Under39":61839,"Under59":78619,"Under74":55705,"Over75":34334},"Beds":{"Resuscitation":8,"IntensiveCare":16,"Total":24},"Deaths":40,"Recovered":138,"Severe":38,"Critical":3,"Emergencies":{"Suspected":9,"Total":147,"Severe":1,"Suspected/Accumulated":519,"Total/Accumulated":6212,"Severe/Accumulated":203},"Confirmed":182,"MedicalTests":{"Total/Accumulated":488,"Confirmed/Accumulated":14}},"geometry":{"type":"Point","coordinates":[-0.6361607305936071,48.153668493150704]}},{"type":"Feature","properties":{"Country/Region":"France","Province/State":"Meurthe-et-Moselle","Code":"54","Population":{"Total":730398,"Under19":170693,"Under39":185629,"Under59":182526,"Under74":124808,"Over75":66742},"Beds":{"Resuscitation":83,"IntensiveCare":172,"Total":255},"Deaths":331,"Recovered":957,"Severe":192,"Critical":21,"Emergencies":{"Suspected":5,"Total":316,"Severe":4,"Suspected/Accumulated":1288,"Total/Accumulated":22914,"Severe/Accumulated":611},"MedicalActs":{"Suspected":12,"Total":148,"Suspected/Accumulated":999,"Total/Accumulated":10067},"Confirmed":85,"MedicalTests":{"Total/Accumulated":2304,"Confirmed/Accumulated":186}},"geometry":{"type":"Point","coordinates":[6.092894571428565,48.892416158730185]}},{"type":"Feature","properties":{"Country/Region":"France","Province/State":"Meuse","Code":"55","Population":{"Total":181641,"Under19":40375,"Under39":37641,"Under59":47696,"Under74":36898,"Over75":19031},"Beds":{"Resuscitation":8,"IntensiveCare":20,"Total":28},"Deaths":97,"Recovered":347,"Severe":129,"Critical":4,"Emergencies":{"Total":90,"Suspected/Accumulated":382,"Total/Accumulated":5897,"Severe/Accumulated":186},"Confirmed":18,"MedicalTests":{"Total/Accumulated":729,"Confirmed/Accumulated":75}},"geometry":{"type":"Point","coordinates":[5.380316626506025,49.03635373493975]}},{"type":"Feature","properties":{"Country/Region":"France","Province/State":"Morbihan","Code":"56","Population":{"Total":755566,"Under19":166653,"Under39":145287,"Under59":197813,"Under74":159285,"Over75":86528},"Beds":{"Resuscitation":22,"IntensiveCare":64,"Total":86},"Deaths":87,"Recovered":371,"Severe":66,"Critical":11,"Emergencies":{"Suspected":2,"Total":341,"Severe":1,"Suspected/Accumulated":1846,"Total/Accumulated":24365,"Severe/Accumulated":337},"MedicalActs":{"Suspected":4,"Total":68,"Suspected/Accumulated":167,"Total/Accumulated":5208},"Confirmed":313,"MedicalTests":{"Total/Accumulated":47,"Confirmed/Accumulated":3}},"geometry":{"type":"Point","coordinates":[-2.8780210594315263,47.764317932816574]}},{"type":"Feature","properties":{"Country/Region":"France","Province/State":"Moselle","Code":"57","Population":{"Total":1035866,"Under19":229681,"Under39":243525,"Under59":278966,"Under74":186864,"Over75":96830},"Beds":{"Resuscitation":88,"IntensiveCare":112,"Total":200},"Deaths":786,"Recovered":2063,"Severe":504,"Critical":57,"Emergencies":{"Suspected":12,"Total":553,"Severe":5,"Suspected/Accumulated":4435,"Total/Accumulated":40045,"Severe/Accumulated":2026},"Confirmed":295,"MedicalTests":{"Total/Accumulated":3692,"Confirmed/Accumulated":664}},"geometry":{"type":"Point","coordinates":[6.73973678343949,49.04168831210189]}},{"type":"Feature","properties":{"Country/Region":"France","Province/State":"Nièvre","Code":"58","Population":{"Total":199596,"Under19":38191,"Under39":34484,"Under59":50426,"Under74":47745,"Over75":28750},"Beds":{"Resuscitation":12,"IntensiveCare":32,"Total":44},"Deaths":25,"Recovered":73,"Severe":24,"Critical":2,"Emergencies":{"Suspected":3,"Total":140,"Severe":2,"Suspected/Accumulated":917,"Total/Accumulated":10895,"Severe/Accumulated":335},"Confirmed":2,"MedicalTests":{"Total/Accumulated":2423,"Confirmed/Accumulated":164}},"geometry":{"type":"Point","coordinates":[3.547376999999999,47.143300999999994]}},{"type":"Feature","properties":{"Country/Region":"France","Province/State":"Nord","Code":"59","Population":{"Total":2588988,"Under19":675470,"Under39":665053,"Under59":646791,"Under74":405380,"Over75":196294},"Beds":{"Resuscitation":225,"IntensiveCare":698,"Total":923},"Deaths":550,"Recovered":1774,"Severe":653,"Critical":78,"Emergencies":{"Suspected":25,"Total":1329,"Severe":17,"Suspected/Accumulated":5883,"Total/Accumulated":104713,"Severe/Accumulated":2139},"MedicalActs":{"Suspected":3,"Total":319,"Suspected/Accumulated":1525,"Total/Accumulated":28461},"MedicalTests":{"Total":6,"Total/Accumulated":5332,"Confirmed/Accumulated":525},"Confirmed":39},"geometry":{"type":"Point","coordinates":[3.1893953197674403,50.453616308139516]}},{"type":"Feature","properties":{"Country/Region":"France","Province/State":"Oise","Code":"60","Population":{"Total":825077,"Under19":214776,"Under39":193026,"Under59":221783,"Under74":134365,"Over75":61127},"Beds":{"Resuscitation":36,"IntensiveCare":92,"Total":128},"Deaths":379,"Recovered":917,"Severe":350,"Critical":14,"Emergencies":{"Suspected":1,"Total":186,"Severe":1,"Suspected/Accumulated":592,"Total/Accumulated":12429,"Severe/Accumulated":312},"MedicalTests":{"Total":22,"Total/Accumulated":9441,"Confirmed/Accumulated":1303},"Confirmed":210},"geometry":{"type":"Point","coordinates":[2.463008007117438,49.41459999999999]}},{"type":"Feature","properties":{"Country/Region":"France","Province/State":"Orne","Code":"61","Population":{"Total":276903,"Under19":59830,"Under39":51781,"Under59":70741,"Under74":58679,"Over75":35872},"Beds":{"Resuscitation":16,"IntensiveCare":24,"Total":40},"Deaths":36,"Recovered":181,"Severe":52,"Critical":3,"Emergencies":{"Suspected":1,"Total":165,"Suspected/Accumulated":318,"Total/Accumulated":12256,"Severe/Accumulated":45},"Confirmed":28,"MedicalTests":{"Total/Accumulated":1330,"Confirmed/Accumulated":96}},"geometry":{"type":"Point","coordinates":[0.01997467181467186,48.611762664092666]}},{"type":"Feature","properties":{"Country/Region":"France","Province/State":"Pas-de-Calais","Code":"62","Population":{"Total":1452778,"Under19":367229,"Under39":336274,"Under59":374200,"Under74":255788,"Over75":119287},"Beds":{"Resuscitation":85,"IntensiveCare":274,"Total":359},"Deaths":275,"Recovered":1134,"Severe":297,"Critical":39,"Emergencies":{"Suspected":5,"Total":333,"Severe":1,"Suspected/Accumulated":892,"Total/Accumulated":25065,"Severe/Accumulated":169},"Confirmed":8,"MedicalTests":{"Total/Accumulated":6406,"Confirmed/Accumulated":564}},"geometry":{"type":"Point","coordinates":[2.4712310954063605,50.40984130742051]}},{"type":"Feature","properties":{"Country/Region":"France","Province/State":"Puy-de-Dôme","Code":"63","Population":{"Total":660240,"Under19":147680,"Under39":153022,"Under59":169492,"Under74":122442,"Over75":67604},"Beds":{"Resuscitation":77,"IntensiveCare":104,"Total":181},"Deaths":40,"Recovered":158,"Severe":30,"Critical":4,"Emergencies":{"Total":135,"Suspected/Accumulated":482,"Total/Accumulated":9581,"Severe/Accumulated":224},"MedicalActs":{"Suspected":4,"Total":68,"Suspected/Accumulated":324,"Total/Accumulated":6432},"MedicalTests":{"Total":9,"Total/Accumulated":7618,"Confirmed/Accumulated":233},"Confirmed":105},"geometry":{"type":"Point","coordinates":[3.143235039370079,45.73685830708661]}},{"type":"Feature","properties":{"Country/Region":"France","Province/State":"Pyrénées-Atlantiques","Code":"64","Population":{"Total":683169,"Under19":144945,"Under39":141910,"Under59":182850,"Under74":130868,"Over75":82596},"Beds":{"Resuscitation":35,"IntensiveCare":110,"Total":145},"Deaths":26,"Recovered":192,"Severe":27,"Critical":3,"Emergencies":{"Total":378,"Suspected/Accumulated":658,"Total/Accumulated":25733,"Severe/Accumulated":272},"MedicalActs":{"Suspected":14,"Total":243,"Suspected/Accumulated":1515,"Total/Accumulated":19372},"Confirmed":41,"MedicalTests":{"Total/Accumulated":8266,"Confirmed/Accumulated":231}},"geometry":{"type":"Point","coordinates":[-0.7610906397306391,43.26238828282827]}},{"type":"Feature","properties":{"Country/Region":"France","Province/State":"Hautes-Pyrénées","Code":"65","Population":{"Total":226839,"Under19":44839,"Under39":42373,"Under59":59329,"Under74":49523,"Over75":30775},"Beds":{"Resuscitation":12,"IntensiveCare":44,"Total":56},"Deaths":25,"Recovered":140,"Severe":21,"Critical":3,"Emergencies":{"Total":89,"Suspected/Accumulated":41,"Total/Accumulated":5879,"Severe/Accumulated":18},"MedicalTests":{"Total":1,"Total/Accumulated":2772,"Confirmed/Accumulated":182},"Confirmed":11},"geometry":{"type":"Point","coordinates":[0.15248105932203385,43.134416483050856]}},{"type":"Feature","properties":{"Country/Region":"France","Province/State":"Pyrénées-Orientales","Code":"66","Population":{"Total":479000,"Under19":102236,"Under39":93899,"Under59":121501,"Under74":99671,"Over75":61693},"Beds":{"Resuscitation":32,"IntensiveCare":64,"Total":96},"Deaths":34,"Recovered":276,"Severe":1,"Emergencies":{"Suspected":1,"Total":299,"Suspected/Accumulated":389,"Total/Accumulated":19494,"Severe/Accumulated":170},"MedicalActs":{"Suspected":6,"Total":108,"Suspected/Accumulated":567,"Total/Accumulated":7727},"MedicalTests":{"Total":5,"Total/Accumulated":5073,"Confirmed/Accumulated":35},"Confirmed":35},"geometry":{"type":"Point","coordinates":[2.4354706043956034,42.554231208791215]}},{"type":"Feature","properties":{"Country/Region":"France","Province/State":"Bas-Rhin","Code":"67","Population":{"Total":1132607,"Under19":258105,"Under39":285390,"Under59":300661,"Under74":188150,"Over75":100301},"Beds":{"Resuscitation":122,"IntensiveCare":208,"Total":330},"Deaths":609,"Recovered":2102,"Severe":610,"Critical":58,"Emergencies":{"Suspected":8,"Total":392,"Severe":5,"Suspected/Accumulated":2348,"Total/Accumulated":26407,"Severe/Accumulated":1487},"MedicalActs":{"Suspected":11,"Total":273,"Suspected/Accumulated":2527,"Total/Accumulated":22602},"MedicalTests":{"Total":1,"Total/Accumulated":3379,"Confirmed/Accumulated":537},"Confirmed":376},"geometry":{"type":"Point","coordinates":[7.447409099526063,48.70509469194314]}},{"type":"Feature","properties":{"Country/Region":"France","Province/State":"Haut-Rhin","Code":"68","Population":{"Total":763204,"Under19":175817,"Under39":172286,"Under59":209152,"Under74":134185,"Over75":71764},"Beds":{"Resuscitation":70,"IntensiveCare":136,"Total":206},"Deaths":763,"Recovered":2239,"Severe":661,"Critical":48,"Emergencies":{"Suspected":5,"Total":315,"Severe":5,"Suspected/Accumulated":3017,"Total/Accumulated":24289,"Severe/Accumulated":1930},"MedicalActs":{"Suspected":11,"Total":100,"Suspected/Accumulated":1712,"Total/Accumulated":8996},"Confirmed":700,"MedicalTests":{"Total/Accumulated":4032,"Confirmed/Accumulated":959}},"geometry":{"type":"Point","coordinates":[7.263731571428571,47.83921192857142]}},{"type":"Feature","properties":{"Country/Region":"France","Province/State":"Rhône","Code":"69","Population":{"Total":1876051,"Under19":478142,"Under39":523161,"Under59":455898,"Under74":259877,"Over75":158973},"Beds":{"Resuscitation":192,"IntensiveCare":422,"Total":614},"Deaths":603,"Recovered":2408,"Severe":684,"Critical":78,"Emergencies":{"Suspected":16,"Total":951,"Severe":6,"Suspected/Accumulated":4980,"Total/Accumulated":65064,"Severe/Accumulated":2259},"MedicalActs":{"Suspected":17,"Total":284,"Suspected/Accumulated":2845,"Total/Accumulated":24816},"Confirmed":532,"MedicalTests":{"Total/Accumulated":2563,"Confirmed/Accumulated":345}},"geometry":{"type":"Point","coordinates":[4.660707512690354,45.8811785786802]}},{"type":"Feature","properties":{"Country/Region":"France","Province/State":"Haute-Saône","Code":"70","Population":{"Total":233194,"Under19":52426,"Under39":45311,"Under59":62843,"Under74":47643,"Over75":24971},"Beds":{"Resuscitation":12,"IntensiveCare":24,"Total":36},"Deaths":77,"Recovered":227,"Severe":72,"Critical":1,"Emergencies":{"Total":111,"Suspected/Accumulated":931,"Total/Accumulated":7733,"Severe/Accumulated":536},"MedicalTests":{"Total/Accumulated":2876,"Confirmed/Accumulated":278}},"geometry":{"type":"Point","coordinates":[6.0410172972972935,47.62793234234234]}},{"type":"Feature","properties":{"Country/Region":"France","Province/State":"Saône-et-Loire","Code":"71","Population":{"Total":547824,"Under19":117389,"Under39":104206,"Under59":141715,"Under74":114530,"Over75":69984},"Beds":{"Resuscitation":26,"IntensiveCare":44,"Total":70},"Deaths":191,"Recovered":564,"Severe":169,"Critical":9,"Emergencies":{"Suspected":6,"Total":321,"Severe":2,"Suspected/Accumulated":2831,"Total/Accumulated":23242,"Severe/Accumulated":1265},"MedicalTests":{"Total/Accumulated":3584,"Confirmed/Accumulated":253}},"geometry":{"type":"Point","coordinates":[4.528318691588785,46.63876112149533]}},{"type":"Feature","properties":{"Country/Region":"France","Province/State":"Sarthe","Code":"72","Population":{"Total":560227,"Under19":135636,"Under39":116946,"Under59":143032,"Under74":103587,"Over75":61026},"Beds":{"Resuscitation":17,"IntensiveCare":54,"Total":71},"Deaths":75,"Recovered":286,"Severe":103,"Critical":3,"Emergencies":{"Suspected":20,"Total":274,"Severe":17,"Suspected/Accumulated":2024,"Total/Accumulated":21341,"Severe/Accumulated":1063},"Confirmed":422,"MedicalTests":{"Total/Accumulated":74,"Confirmed/Accumulated":3}},"geometry":{"type":"Point","coordinates":[0.1986467741935485,47.9763005529954]}},{"type":"Feature","properties":{"Country/Region":"France","Province/State":"Savoie","Code":"73","Population":{"Total":432548,"Under19":98346,"Under39":96013,"Under59":117417,"Under74":76722,"Over75":44050},"Beds":{"Resuscitation":18,"IntensiveCare":36,"Total":54},"Deaths":61,"Recovered":361,"Severe":44,"Critical":4,"Emergencies":{"Suspected":8,"Total":194,"Severe":6,"Suspected/Accumulated":564,"Total/Accumulated":11761,"Severe/Accumulated":238},"MedicalActs":{"Suspected":4,"Total":83,"Suspected/Accumulated":613,"Total/Accumulated":6390},"Confirmed":114,"MedicalTests":{"Total/Accumulated":367,"Confirmed/Accumulated":39}},"geometry":{"type":"Point","coordinates":[6.4038603585657325,45.50301760956176]}},{"type":"Feature","properties":{"Country/Region":"France","Province/State":"Haute-Savoie","Code":"74","Population":{"Total":828405,"Under19":203837,"Under39":209477,"Under59":227355,"Under74":122439,"Over75":65297},"Beds":{"Resuscitation":34,"IntensiveCare":82,"Total":116},"Deaths":158,"Recovered":775,"Severe":129,"Critical":10,"Emergencies":{"Suspected":6,"Total":546,"Severe":1,"Suspected/Accumulated":2203,"Total/Accumulated":39008,"Severe/Accumulated":732},"MedicalActs":{"Suspected":8,"Total":131,"Suspected/Accumulated":870,"Total/Accumulated":8884},"Confirmed":310,"MedicalTests":{"Total/Accumulated":3388,"Confirmed/Accumulated":605}},"geometry":{"type":"Point","coordinates":[6.452374226804124,46.01403216494844]}},{"type":"Feature","properties":{"Country/Region":"France","Province/State":"Paris","Code":"75","Population":{"Total":2148271,"Under19":406652,"Under39":718825,"Under59":536676,"Under74":311978,"Over75":174140},"Beds":{"Resuscitation":389,"IntensiveCare":1082,"Total":1471},"Deaths":1649,"Recovered":5258,"Severe":1307,"Critical":220,"Emergencies":{"Suspected":45,"Total":999,"Severe":1,"Suspected/Accumulated":16430,"Total/Accumulated":83198,"Severe/Accumulated":3865},"MedicalActs":{"Suspected":31,"Total":543,"Suspected/Accumulated":6207,"Total/Accumulated":53809},"Confirmed":126,"MedicalTests":{"Total/Accumulated":17155,"Confirmed/Accumulated":4065}},"geometry":{"type":"Point","coordinates":[2.3550152173913044,48.8535647826087]}},{"type":"Feature","properties":{"Country/Region":"France","Province/State":"Seine-Maritime","Code":"76","Population":{"Total":1243788,"Under19":303968,"Under39":294607,"Under59":310458,"Under74":218116,"Over75":116639},"Beds":{"Resuscitation":93,"IntensiveCare":300,"Total":393},"Deaths":174,"Recovered":659,"Severe":135,"Critical":14,"Emergencies":{"Suspected":6,"Total":716,"Severe":5,"Suspected/Accumulated":1625,"Total/Accumulated":52573,"Severe/Accumulated":681},"MedicalActs":{"Suspected":5,"Total":68,"Suspected/Accumulated":441,"Total/Accumulated":5530},"Confirmed":233,"MedicalTests":{"Total/Accumulated":6137,"Confirmed/Accumulated":431}},"geometry":{"type":"Point","coordinates":[1.114674462365592,49.5942889784946]}},{"type":"Feature","properties":{"Country/Region":"France","Province/State":"Seine-et-Marne","Code":"77","Population":{"Total":1423607,"Under19":392025,"Under39":357752,"Under59":382068,"Under74":199768,"Over75":91994},"Beds":{"Resuscitation":77,"IntensiveCare":100,"Total":177},"Deaths":601,"Recovered":2220,"Severe":476,"Critical":70,"Emergencies":{"Suspected":10,"Total":387,"Severe":4,"Suspected/Accumulated":3033,"Total/Accumulated":31879,"Severe/Accumulated":1491},"MedicalActs":{"Suspected":8,"Total":167,"Suspected/Accumulated":1443,"Total/Accumulated":14742},"MedicalTests":{"Total":7,"Total/Accumulated":9215,"Confirmed/Accumulated":1730},"Confirmed":42},"geometry":{"type":"Point","coordinates":[2.9385241532258073,48.61862185483869]}},{"type":"Feature","properties":{"Country/Region":"France","Province/State":"Yvelines","Code":"78","Population":{"Total":1448625,"Under19":385814,"Under39":341694,"Under59":394186,"Under74":209492,"Over75":117439},"Beds":{"Resuscitation":84,"IntensiveCare":204,"Total":288},"Deaths":473,"Recovered":1806,"Severe":634,"Critical":45,"Emergencies":{"Suspected":14,"Total":665,"Severe":5,"Suspected/Accumulated":3012,"Total/Accumulated":45360,"Severe/Accumulated":1049},"MedicalActs":{"Suspected":8,"Total":141,"Suspected/Accumulated":1283,"Total/Accumulated":10713},"MedicalTests":{"Total":2,"Total/Accumulated":7899,"Confirmed/Accumulated":1200},"Confirmed":70},"geometry":{"type":"Point","coordinates":[1.8294258823529415,48.80823257352944]}},{"type":"Feature","properties":{"Country/Region":"France","Province/State":"Deux-Sèvres","Code":"79","Population":{"Total":372627,"Under19":85106,"Under39":73604,"Under59":98839,"Under74":72067,"Over75":43011},"Beds":{"Resuscitation":8,"IntensiveCare":36,"Total":44},"Deaths":20,"Recovered":55,"Severe":11,"Critical":2,"Emergencies":{"Suspected":2,"Total":172,"Suspected/Accumulated":380,"Total/Accumulated":13331,"Severe/Accumulated":147},"Confirmed":11,"MedicalTests":{"Total/Accumulated":67,"Confirmed/Accumulated":5}},"geometry":{"type":"Point","coordinates":[-0.29978133828996273,46.53994301115242]}},{"type":"Feature","properties":{"Country/Region":"France","Province/State":"Somme","Code":"80","Population":{"Total":569769,"Under19":138211,"Under39":134953,"Under59":144752,"Under74":100734,"Over75":51119},"Beds":{"Resuscitation":58,"IntensiveCare":164,"Total":222},"Deaths":208,"Recovered":643,"Severe":159,"Critical":15,"Emergencies":{"Suspected":4,"Total":311,"Suspected/Accumulated":1504,"Total/Accumulated":22390,"Severe/Accumulated":634},"MedicalActs":{"Suspected":9,"Total":134,"Suspected/Accumulated":1502,"Total/Accumulated":14319},"MedicalTests":{"Total":10,"Total/Accumulated":5752,"Confirmed/Accumulated":530},"Confirmed":54},"geometry":{"type":"Point","coordinates":[2.3486719850187256,49.97418277153558]}},{"type":"Feature","properties":{"Country/Region":"France","Province/State":"Tarn","Code":"81","Population":{"Total":387898,"Under19":84873,"Under39":74511,"Under59":102349,"Under74":77279,"Over75":48886},"Beds":{"Resuscitation":24,"IntensiveCare":70,"Total":94},"Deaths":22,"Recovered":101,"Severe":21,"Critical":2,"Emergencies":{"Suspected":7,"Total":267,"Severe":2,"Suspected/Accumulated":723,"Total/Accumulated":16069,"Severe/Accumulated":194},"Confirmed":14,"MedicalTests":{"Total/Accumulated":1948,"Confirmed/Accumulated":44}},"geometry":{"type":"Point","coordinates":[2.1808796818181815,43.78627254545453]}},{"type":"Feature","properties":{"Country/Region":"France","Province/State":"Tarn-et-Garonne","Code":"82","Population":{"Total":262618,"Under19":63559,"Under39":53023,"Under59":70354,"Under74":48046,"Over75":27636},"Beds":{"Resuscitation":18,"IntensiveCare":40,"Total":58},"Deaths":5,"Recovered":37,"Severe":7,"Critical":4,"Emergencies":{"Suspected":7,"Total":148,"Severe":3,"Suspected/Accumulated":640,"Total/Accumulated":9804,"Severe/Accumulated":236},"Confirmed":11,"MedicalTests":{"Total/Accumulated":1982,"Confirmed/Accumulated":72}},"geometry":{"type":"Point","coordinates":[1.3350866094420606,44.1164032618026]}},{"type":"Feature","properties":{"Country/Region":"France","Province/State":"Var","Code":"83","Population":{"Total":1073836,"Under19":224216,"Under39":215361,"Under59":276842,"Under74":218239,"Over75":139178},"Beds":{"Resuscitation":60,"IntensiveCare":84,"Total":144},"Deaths":125,"Recovered":826,"Severe":160,"Critical":12,"Emergencies":{"Suspected":9,"Total":641,"Severe":6,"Suspected/Accumulated":2010,"Total/Accumulated":38966,"Severe/Accumulated":1166},"MedicalActs":{"Suspected":21,"Total":370,"Suspected/Accumulated":3118,"Total/Accumulated":29989},"MedicalTests":{"Total":15,"Total/Accumulated":10686,"Confirmed/Accumulated":463},"Confirmed":186},"geometry":{"type":"Point","coordinates":[6.2341132170542615,43.37767961240309]}},{"type":"Feature","properties":{"Country/Region":"France","Province/State":"Vaucluse","Code":"84","Population":{"Total":560997,"Under19":132211,"Under39":118607,"Under59":147247,"Under74":103567,"Over75":59365},"Beds":{"Resuscitation":16,"IntensiveCare":60,"Total":76},"Deaths":35,"Recovered":224,"Severe":29,"Emergencies":{"Suspected":6,"Total":391,"Severe":5,"Suspected/Accumulated":763,"Total/Accumulated":26360,"Severe/Accumulated":472},"MedicalActs":{"Total":24,"Suspected/Accumulated":74,"Total/Accumulated":2138},"Confirmed":45,"MedicalTests":{"Total/Accumulated":7539,"Confirmed/Accumulated":215}},"geometry":{"type":"Point","coordinates":[5.137687100591716,44.08826047337278]}},{"type":"Feature","properties":{"Country/Region":"France","Province/State":"Vendée","Code":"85","Population":{"Total":683187,"Under19":155162,"Under39":132680,"Under59":176377,"Under74":142178,"Over75":76790},"Beds":{"Resuscitation":18,"IntensiveCare":44,"Total":62},"Deaths":35,"Recovered":174,"Severe":60,"Critical":7,"Emergencies":{"Suspected":5,"Total":295,"Severe":5,"Suspected/Accumulated":983,"Total/Accumulated":21112,"Severe/Accumulated":438},"Confirmed":147,"MedicalTests":{"Total/Accumulated":304,"Confirmed/Accumulated":9}},"geometry":{"type":"Point","coordinates":[-1.3851340601503754,46.70726116541352]}},{"type":"Feature","properties":{"Country/Region":"France","Province/State":"Vienne","Code":"86","Population":{"Total":437398,"Under19":101362,"Under39":100176,"Under59":108284,"Under74":79480,"Over75":48096},"Beds":{"Resuscitation":53,"IntensiveCare":124,"Total":177},"Deaths":37,"Recovered":121,"Severe":16,"Critical":3,"Emergencies":{"Suspected":3,"Total":183,"Severe":1,"Suspected/Accumulated":481,"Total/Accumulated":13751,"Severe/Accumulated":224},"Confirmed":53,"MedicalTests":{"Total/Accumulated":1073,"Confirmed/Accumulated":28}},"geometry":{"type":"Point","coordinates":[0.42368070921985806,46.57872638297872]}},{"type":"Feature","properties":{"Country/Region":"France","Province/State":"Haute-Vienne","Code":"87","Population":{"Total":370774,"Under19":79173,"Under39":77448,"Under59":94509,"Under74":74186,"Over75":45458},"Beds":{"Resuscitation":24,"IntensiveCare":144,"Total":168},"Deaths":24,"Recovered":111,"Severe":22,"Critical":3,"Emergencies":{"Suspected":1,"Total":184,"Suspected/Accumulated":358,"Total/Accumulated":16114,"Severe/Accumulated":214},"MedicalActs":{"Suspected":3,"Total":118,"Suspected/Accumulated":553,"Total/Accumulated":10007},"Confirmed":21,"MedicalTests":{"Total/Accumulated":1521,"Confirmed/Accumulated":67}},"geometry":{"type":"Point","coordinates":[1.2410431872509962,45.895894860557746]}},{"type":"Feature","properties":{"Country/Region":"France","Province/State":"Vosges","Code":"88","Population":{"Total":359520,"Under19":77042,"Under39":70274,"Under59":94740,"Under74":75920,"Over75":41544},"Beds":{"Resuscitation":8,"IntensiveCare":24,"Total":32},"Deaths":250,"Recovered":643,"Severe":74,"Critical":4,"Emergencies":{"Suspected":13,"Total":248,"Severe":4,"Suspected/Accumulated":2574,"Total/Accumulated":16992,"Severe/Accumulated":904},"MedicalTests":{"Total":1,"Total/Accumulated":2799,"Confirmed/Accumulated":397},"Confirmed":66},"geometry":{"type":"Point","coordinates":[6.2957204247104235,48.23006027027029]}},{"type":"Feature","properties":{"Country/Region":"France","Province/State":"Yonne","Code":"89","Population":{"Total":332096,"Under19":73991,"Under39":64975,"Under59":86159,"Under74":68966,"Over75":38005},"Beds":{"Resuscitation":18,"IntensiveCare":32,"Total":50},"Deaths":81,"Recovered":221,"Severe":101,"Critical":10,"Emergencies":{"Suspected":4,"Total":244,"Severe":1,"Suspected/Accumulated":1518,"Total/Accumulated":18735,"Severe/Accumulated":432},"MedicalActs":{"Suspected":4,"Total":61,"Suspected/Accumulated":609,"Total/Accumulated":4870},"MedicalTests":{"Total/Accumulated":624,"Confirmed/Accumulated":62}},"geometry":{"type":"Point","coordinates":[3.57333820338983,47.84307762711864]}},{"type":"Feature","properties":{"Country/Region":"France","Province/State":"Territoire de Belfort","Code":"90","Population":{"Total":140145,"Under19":33166,"Under39":32553,"Under59":36366,"Under74":24639,"Over75":13421},"Beds":{"Resuscitation":25,"IntensiveCare":40,"Total":65},"Deaths":169,"Recovered":476,"Severe":75,"Critical":11,"Emergencies":{"Total":110,"Suspected/Accumulated":916,"Total/Accumulated":9250,"Severe/Accumulated":517},"MedicalTests":{"Total/Accumulated":847,"Confirmed/Accumulated":108}},"geometry":{"type":"Point","coordinates":[6.93897388888889,47.60873597222223]}},{"type":"Feature","properties":{"Country/Region":"France","Province/State":"Essonne","Code":"91","Population":{"Total":1319401,"Under19":360333,"Under39":338878,"Under59":349395,"Under74":176919,"Over75":93876},"Beds":{"Resuscitation":97,"IntensiveCare":164,"Total":261},"Deaths":482,"Recovered":1791,"Severe":803,"Critical":67,"Emergencies":{"Suspected":5,"Total":437,"Severe":2,"Suspected/Accumulated":3813,"Total/Accumulated":35074,"Severe/Accumulated":1147},"MedicalActs":{"Suspected":7,"Total":133,"Suspected/Accumulated":935,"Total/Accumulated":9643},"MedicalTests":{"Total":4,"Total/Accumulated":12683,"Confirmed/Accumulated":2345},"Confirmed":30},"geometry":{"type":"Point","coordinates":[2.2519983333333338,48.50948216666667]}},{"type":"Feature","properties":{"Country/Region":"France","Province/State":"Hauts-de-Seine","Code":"92","Population":{"Total":1613762,"Under19":393984,"Under39":457571,"Under59":428782,"Under74":211036,"Over75":122389},"Beds":{"Resuscitation":184,"IntensiveCare":276,"Total":460},"Deaths":994,"Recovered":3669,"Severe":1242,"Critical":119,"Emergencies":{"Suspected":14,"Total":642,"Suspected/Accumulated":3822,"Total/Accumulated":47352,"Severe/Accumulated":1130},"MedicalTests":{"Total":9,"Total/Accumulated":11464,"Confirmed/Accumulated":2673},"Confirmed":59},"geometry":{"type":"Point","coordinates":[2.2538900000000006,48.84266823529411]}},{"type":"Feature","properties":{"Country/Region":"France","Province/State":"Seine-Saint-Denis","Code":"93","Population":{"Total":1670149,"Under19":485032,"Under39":478299,"Under59":428192,"Under74":194935,"Over75":83691},"Beds":{"Resuscitation":100,"IntensiveCare":218,"Total":318},"Deaths":934,"Recovered":3025,"Severe":1078,"Critical":103,"Emergencies":{"Suspected":17,"Total":606,"Severe":5,"Suspected/Accumulated":5073,"Total/Accumulated":53677,"Severe/Accumulated":1376},"MedicalTests":{"Total":3,"Confirmed":1,"Total/Accumulated":8431,"Confirmed/Accumulated":2509},"Confirmed":45},"geometry":{"type":"Point","coordinates":[2.474763409090909,48.91863045454546]}},{"type":"Feature","properties":{"Country/Region":"France","Province/State":"Val-de-Marne","Code":"94","Population":{"Total":1406041,"Under19":359600,"Under39":390124,"Under59":368199,"Under74":187814,"Over75":100304},"Beds":{"Resuscitation":156,"IntensiveCare":338,"Total":494},"Deaths":1079,"Recovered":3294,"Severe":1266,"Critical":73,"Emergencies":{"Suspected":19,"Total":769,"Severe":2,"Suspected/Accumulated":7411,"Total/Accumulated":58349,"Severe/Accumulated":2924},"MedicalTests":{"Total":1,"Total/Accumulated":8490,"Confirmed/Accumulated":1813},"Confirmed":48},"geometry":{"type":"Point","coordinates":[2.47453725,48.775524499999996]}},{"type":"Feature","properties":{"Country/Region":"France","Province/State":"Val-d'Oise","Code":"95","Population":{"Total":1248354,"Under19":357525,"Under39":326622,"Under59":322949,"Under74":166265,"Over75":74993},"Beds":{"Resuscitation":60,"IntensiveCare":130,"Total":190},"Deaths":655,"Recovered":2141,"Severe":616,"Critical":31,"Emergencies":{"Suspected":34,"Total":561,"Severe":7,"Suspected/Accumulated":8210,"Total/Accumulated":49438,"Severe/Accumulated":2620},"MedicalActs":{"Suspected":10,"Total":181,"Suspected/Accumulated":1843,"Total/Accumulated":17258},"MedicalTests":{"Total":1,"Total/Accumulated":6748,"Confirmed/Accumulated":1867},"Confirmed":60},"geometry":{"type":"Point","coordinates":[2.092522396694214,49.08765355371902]}},{"type":"Feature","properties":{"Country/Region":"France","Province/State":"La Réunion","Code":"974","Population":{"Total":859959,"Under19":256143,"Under39":202783,"Under59":239212,"Under74":117045,"Over75":44776},"Beds":{"Resuscitation":52,"IntensiveCare":154,"Total":206},"Deaths":1,"Recovered":116,"Severe":11,"Critical":1,"Emergencies":{"Suspected":1,"Total":313,"Suspected/Accumulated":267,"Total/Accumulated":28320,"Severe/Accumulated":184},"MedicalTests":{"Total/Accumulated":19,"Confirmed/Accumulated":1}},"geometry":{"type":"Point","coordinates":[55.52943947368424,-21.1374047368421]}}]}