{"type":"FeatureCollection","features":[{"type":"Feature","properties":{"Country/Region":"France","Province/State":"Guadeloupe","Code":"971","Population":{"Total":376879,"Under19":90617,"Under39":71707,"Under59":109452,"Under74":70936,"Over75":34167},"Beds":{"Resuscitation":27,"IntensiveCare":68,"Total":95},"Deaths":19,"Recovered":73,"Severe":13,"Critical":2,"Emergencies":{"Total":185,"Suspected/Accumulated":294,"Total/Accumulated":14813,"Severe/Accumulated":101},"Confirmed":106,"MedicalTests":{"Total/Accumulated":51,"Confirmed/Accumulated":17}},"geometry":{"type":"Point","coordinates":[-61.493846272189366,16.20469674556213]}},{"type":"Feature","properties":{"Country/Region":"France","Province/State":"Martinique","Code":"972","Population":{"Total":358749,"Under19":77005,"Under39":65776,"Under59":105638,"Under74":72163,"Over75":38167},"Beds":{"Resuscitation":26,"IntensiveCare":58,"Total":84},"Deaths":14,"Recovered":81,"Severe":17,"Critical":2,"MedicalActs":{"Suspected":2,"Total":97,"Suspected/Accumulated":146,"Total/Accumulated":8733},"Confirmed":16,"MedicalTests":{"Total/Accumulated":29,"Confirmed/Accumulated":6}},"geometry":{"type":"Point","coordinates":[-60.98265692913386,14.6217557480315]}},{"type":"Feature","properties":{"Country/Region":"France","Province/State":"Guyane","Code":"973","Population":{"Total":290691,"Under19":120681,"Under39":80023,"Under59":61783,"Under74":22111,"Over75":6093},"Beds":{"Resuscitation":13,"IntensiveCare":12,"Total":25},"Deaths":1,"Recovered":64,"Severe":18,"Critical":2,"Emergencies":{"Suspected":6,"Total":196,"Severe":2,"Suspected/Accumulated":141,"Total/Accumulated":15249,"Severe/Accumulated":49},"Confirmed":43,"MedicalTests":{"Total/Accumulated":35,"Confirmed/Accumulated":4}},"geometry":{"type":"Point","coordinates":[-53.41731165390502,3.588901056661561]}},{"type":"Feature","properties":{"Country/Region":"France","Province/State":"Mayotte","Code":"976","Population":{"Total":279471,"Under19":150257,"Under39":74348,"Under59":42900,"Under74":9521,"Over75":2445},"Beds":{"Resuscitation":6,"IntensiveCare":0,"Total":6},"Deaths":19,"Recovered":218,"Severe":47,"Critical":13,"Emergencies":{"Suspected":31,"Total":131,"Severe":2,"Suspected/Accumulated":1230,"Total/Accumulated":8856,"Severe/Accumulated":192},"Confirmed":128,"MedicalTests":{"Total/Accumulated":4,"Confirmed/Accumulated":1}},"geometry":{"type":"Point","coordinates":[45.14160071428572,-12.835344166666673]}},{"type":"Feature","properties":{"Country/Region":"France","Province/State":"Ain","Code":"01","Population":{"Total":656955,"Under19":167666,"Under39":151084,"Under59":179469,"Under74":104453,"Over75":54283},"Beds":{"Resuscitation":22,"IntensiveCare":20,"Total":42},"Deaths":95,"Recovered":366,"Severe":105,"Critical":2,"Emergencies":{"Suspected":1,"Total":228,"Severe":1,"Suspected/Accumulated":1070,"Total/Accumulated":17412,"Severe/Accumulated":446},"MedicalTests":{"Total":44,"Total/Accumulated":3606,"Confirmed/Accumulated":382},"Confirmed":118},"geometry":{"type":"Point","coordinates":[5.430359734513273,46.106026415929215]}},{"type":"Feature","properties":{"Country/Region":"France","Province/State":"Aisne","Code":"02","Population":{"Total":526050,"Under19":129852,"Under39":114042,"Under59":135164,"Under74":98046,"Over75":48946},"Beds":{"Resuscitation":34,"IntensiveCare":110,"Total":144},"Deaths":258,"Recovered":907,"Severe":175,"Critical":15,"Emergencies":{"Suspected":11,"Total":384,"Severe":3,"Suspected/Accumulated":2808,"Total/Accumulated":24801,"Severe/Accumulated":940},"MedicalActs":{"Total":174,"Suspected/Accumulated":770,"Total/Accumulated":16306},"MedicalTests":{"Total":13,"Confirmed":1,"Total/Accumulated":3072,"Confirmed/Accumulated":456},"Confirmed":59},"geometry":{"type":"Point","coordinates":[3.5153965625000003,49.457888298611124]}},{"type":"Feature","properties":{"Country/Region":"France","Province/State":"Allier","Code":"03","Population":{"Total":331315,"Under19":66659,"Under39":61490,"Under59":85304,"Under74":72079,"Over75":45783},"Beds":{"Resuscitation":24,"IntensiveCare":56,"Total":80},"Deaths":37,"Recovered":164,"Severe":20,"Emergencies":{"Suspected":16,"Total":222,"Severe":11,"Suspected/Accumulated":1044,"Total/Accumulated":11962,"Severe/Accumulated":586},"MedicalTests":{"Total":64,"Total/Accumulated":1177,"Confirmed/Accumulated":12},"Confirmed":38},"geometry":{"type":"Point","coordinates":[3.1778756690140857,46.39097419014088]}},{"type":"Feature","properties":{"Country/Region":"France","Province/State":"Alpes-de-Haute-Provence","Code":"04","Population":{"Total":165197,"Under19":34281,"Under39":30814,"Under59":43423,"Under74":35681,"Over75":20998},"Beds":{"Resuscitation":6,"IntensiveCare":0,"Total":6},"Deaths":11,"Recovered":116,"Severe":15,"Critical":1,"Emergencies":{"Total":135,"Suspected/Accumulated":276,"Total/Accumulated":10615,"Severe/Accumulated":125},"MedicalTests":{"Total":41,"Total/Accumulated":1722,"Confirmed/Accumulated":63},"Confirmed":22},"geometry":{"type":"Point","coordinates":[6.294359440298507,44.152788992537346]}},{"type":"Feature","properties":{"Country/Region":"France","Province/State":"Hautes-Alpes","Code":"05","Population":{"Total":141756,"Under19":30280,"Under39":27715,"Under59":37829,"Under74":29047,"Over75":16885},"Beds":{"Resuscitation":8,"IntensiveCare":0,"Total":8},"Deaths":17,"Recovered":109,"Severe":26,"Critical":2,"Emergencies":{"Suspected":7,"Total":132,"Severe":1,"Suspected/Accumulated":1040,"Total/Accumulated":10249,"Severe/Accumulated":185},"MedicalTests":{"Total":16,"Total/Accumulated":658,"Confirmed/Accumulated":4},"Confirmed":42},"geometry":{"type":"Point","coordinates":[6.205986298932386,44.64177099644131]}},{"type":"Feature","properties":{"Country/Region":"France","Province/State":"Alpes-Maritimes","Code":"06","Population":{"Total":1079396,"Under19":226862,"Under39":232814,"Under59":282249,"Under74":198428,"Over75":139043},"Beds":{"Resuscitation":89,"IntensiveCare":182,"Total":271},"Deaths":178,"Recovered":626,"Severe":124,"Critical":10,"Emergencies":{"Suspected":4,"Total":746,"Severe":3,"Suspected/Accumulated":3236,"Total/Accumulated":53117,"Severe/Accumulated":1805},"MedicalActs":{"Suspected":7,"Total":136,"Suspected/Accumulated":1276,"Total/Accumulated":13204},"MedicalTests":{"Total":86,"Total/Accumulated":5759,"Confirmed/Accumulated":263},"Confirmed":194},"geometry":{"type":"Point","coordinates":[7.093963618090453,43.90811477386935]}},{"type":"Feature","properties":{"Country/Region":"France","Province/State":"Corse-du-Sud","Code":"2A","Population":{"Total":162421,"Under19":31630,"Under39":34910,"Under59":45312,"Under74":31004,"Over75":19565},"Beds":{"Resuscitation":10,"IntensiveCare":30,"Total":40},"Deaths":48,"Recovered":115,"Severe":30,"Critical":3,"Emergencies":{"Total":98,"Suspected/Accumulated":121,"Total/Accumulated":5390,"Severe/Accumulated":94},"MedicalActs":{"Total":52,"Suspected/Accumulated":477,"Total/Accumulated":3483},"Confirmed":207},"geometry":{"type":"Point","coordinates":[8.933891598360661,41.87995627049185]}},{"type":"Feature","properties":{"Country/Region":"France","Province/State":"Haute-Corse","Code":"2B","Population":{"Total":182258,"Under19":36925,"Under39":42075,"Under59":47863,"Under74":34671,"Over75":20724},"Beds":{"Resuscitation":8,"IntensiveCare":12,"Total":20},"Deaths":10,"Recovered":103,"Severe":5,"Critical":2,"Emergencies":{"Suspected":7,"Total":94,"Severe":5,"Suspected/Accumulated":1968,"Total/Accumulated":8326,"Severe/Accumulated":1906},"Confirmed":56},"geometry":{"type":"Point","coordinates":[9.12993101604278,42.44040566844919]}},{"type":"Feature","properties":{"Country/Region":"France","Province/State":"Ardèche","Code":"07","Population":{"Total":326875,"Under19":70594,"Under39":61093,"Under59":88160,"Under74":68490,"Over75":38538},"Beds":{"Resuscitation":8,"IntensiveCare":0,"Total":8},"Deaths":102,"Recovered":361,"Severe":76,"Critical":6,"Emergencies":{"Suspected":2,"Total":161,"Suspected/Accumulated":768,"Total/Accumulated":10800,"Severe/Accumulated":164},"MedicalTests":{"Total":10,"Total/Accumulated":1210,"Confirmed/Accumulated":123},"Confirmed":128},"geometry":{"type":"Point","coordinates":[4.425911157407411,44.77470101851853]}},{"type":"Feature","properties":{"Country/Region":"France","Province/State":"Ardennes","Code":"08","Population":{"Total":265531,"Under19":60337,"Under39":55870,"Under59":70459,"Under74":52021,"Over75":26844},"Beds":{"Resuscitation":12,"IntensiveCare":42,"Total":54},"Deaths":53,"Recovered":143,"Severe":63,"Critical":3,"Emergencies":{"Total":185,"Suspected/Accumulated":178,"Total/Accumulated":13722,"Severe/Accumulated":51},"Confirmed":3,"MedicalTests":{"Total/Accumulated":1117,"Confirmed/Accumulated":101}},"geometry":{"type":"Point","coordinates":[4.717836481481479,49.63503592592596]}},{"type":"Feature","properties":{"Country/Region":"France","Province/State":"Ariège","Code":"09","Population":{"Total":152398,"Under19":30718,"Under39":28780,"Under59":40432,"Under74":32667,"Over75":19801},"Beds":{"Resuscitation":8,"IntensiveCare":16,"Total":24},"Deaths":2,"Recovered":31,"Severe":3,"Critical":1,"Emergencies":{"Suspected":1,"Total":106,"Severe":1,"Suspected/Accumulated":181,"Total/Accumulated":7048,"Severe/Accumulated":81},"MedicalTests":{"Total":10,"Total/Accumulated":943,"Confirmed/Accumulated":7},"Confirmed":3},"geometry":{"type":"Point","coordinates":[1.5308575113122171,42.951783619909506]}},{"type":"Feature","properties":{"Country/Region":"France","Province/State":"Aube","Code":"10","Population":{"Total":309907,"Under19":74513,"Under39":69749,"Under59":77945,"Under74":56336,"Over75":31364},"Beds":{"Resuscitation":12,"IntensiveCare":36,"Total":48},"Deaths":130,"Recovered":548,"Severe":90,"Critical":2,"Emergencies":{"Total":156,"Suspected/Accumulated":693,"Total/Accumulated":11879,"Severe/Accumulated":332},"MedicalActs":{"Total":68,"Suspected/Accumulated":444,"Total/Accumulated":7940},"MedicalTests":{"Total":6,"Total/Accumulated":3836,"Confirmed/Accumulated":370},"Confirmed":14},"geometry":{"type":"Point","coordinates":[4.115386826086957,48.290927782608684]}},{"type":"Feature","properties":{"Country/Region":"France","Province/State":"Aude","Code":"11","Population":{"Total":372705,"Under19":78644,"Under39":70170,"Under59":96929,"Under74":80039,"Over75":46923},"Beds":{"Resuscitation":16,"IntensiveCare":44,"Total":60},"Deaths":55,"Recovered":213,"Severe":19,"Critical":4,"Emergencies":{"Total":252,"Suspected/Accumulated":495,"Total/Accumulated":17210,"Severe/Accumulated":211},"MedicalTests":{"Total":106,"Total/Accumulated":3464,"Confirmed/Accumulated":194},"Confirmed":44},"geometry":{"type":"Point","coordinates":[2.3518425641025638,43.13299722222223]}},{"type":"Feature","properties":{"Country/Region":"France","Province/State":"Aveyron","Code":"12","Population":{"Total":278360,"Under19":55940,"Under39":51027,"Under59":73060,"Under74":59454,"Over75":38879},"Beds":{"Resuscitation":11,"IntensiveCare":32,"Total":43},"Deaths":23,"Recovered":132,"Severe":13,"Emergencies":{"Total":126,"Suspected/Accumulated":17,"Total/Accumulated":7581,"Severe/Accumulated":6},"MedicalTests":{"Total":4,"Total/Accumulated":118,"Confirmed/Accumulated":5},"Confirmed":29},"geometry":{"type":"Point","coordinates":[2.66545315960912,44.28474130293157]}},{"type":"Feature","properties":{"Country/Region":"France","Province/State":"Bouches-du-Rhône","Code":"13","Population":{"Total":2034469,"Under19":480915,"Under39":483747,"Under59":522289,"Under74":342385,"Over75":205133},"Beds":{"Resuscitation":281,"IntensiveCare":476,"Total":757},"Deaths":521,"Recovered":2869,"Severe":615,"Critical":71,"Emergencies":{"Suspected":2,"Total":1086,"Suspected/Accumulated":3090,"Total/Accumulated":84269,"Severe/Accumulated":1613},"MedicalActs":{"Suspected":5,"Total":161,"Suspected/Accumulated":1090,"Total/Accumulated":17136},"MedicalTests":{"Total":855,"Confirmed":2,"Total/Accumulated":53325,"Confirmed/Accumulated":3187},"Confirmed":827},"geometry":{"type":"Point","coordinates":[5.098567400881058,43.49901925110133]}},{"type":"Feature","properties":{"Country/Region":"France","Province/State":"Calvados","Code":"14","Population":{"Total":691453,"Under19":160392,"Under39":155359,"Under59":174249,"Under74":130972,"Over75":70481},"Beds":{"Resuscitation":91,"IntensiveCare":128,"Total":219},"Deaths":81,"Recovered":251,"Severe":103,"Critical":5,"Emergencies":{"Suspected":3,"Total":363,"Severe":3,"Suspected/Accumulated":1458,"Total/Accumulated":26146,"Severe/Accumulated":494},"MedicalActs":{"Suspected":10,"Total":162,"Suspected/Accumulated":1749,"Total/Accumulated":19569},"MedicalTests":{"Total":15,"Total/Accumulated":1704,"Confirmed/Accumulated":157},"Confirmed":147},"geometry":{"type":"Point","coordinates":[-0.4028230593607306,49.05443785388125]}},{"type":"Feature","properties":{"Country/Region":"France","Province/State":"Cantal","Code":"15","Population":{"Total":142811,"Under19":26571,"Under39":24954,"Under59":38397,"Under74":32697,"Over75":20192},"Beds":{"Resuscitation":8,"IntensiveCare":30,"Total":38},"Deaths":9,"Recovered":42,"Severe":16,"Critical":2,"Emergencies":{"Total":63,"Suspected/Accumulated":186,"Total/Accumulated":4948,"Severe/Accumulated":101},"MedicalTests":{"Total":40,"Total/Accumulated":648,"Confirmed/Accumulated":44},"Confirmed":33},"geometry":{"type":"Point","coordinates":[2.7066918215613374,45.02447219330856]}},{"type":"Feature","properties":{"Country/Region":"France","Province/State":"Charente","Code":"16","Population":{"Total":348180,"Under19":71324,"Under39":69355,"Under59":91186,"Under74":72860,"Over75":43455},"Beds":{"Resuscitation":12,"IntensiveCare":36,"Total":48},"Deaths":12,"Recovered":50,"Severe":7,"Critical":1,"Emergencies":{"Suspected":1,"Total":236,"Suspected/Accumulated":601,"Total/Accumulated":14314,"Severe/Accumulated":205},"MedicalTests":{"Total":21,"Total/Accumulated":899,"Confirmed/Accumulated":21},"Confirmed":10},"geometry":{"type":"Point","coordinates":[0.2054574390243902,45.733938821138196]}},{"type":"Feature","properties":{"Country/Region":"France","Province/State":"Charente-Maritime","Code":"17","Population":{"Total":647080,"Under19":130618,"Under39":119836,"Under59":164314,"Under74":146996,"Over75":85316},"Beds":{"Resuscitation":30,"IntensiveCare":72,"Total":102},"Deaths":47,"Recovered":121,"Severe":31,"Critical":2,"Emergencies":{"Suspected":4,"Total":374,"Severe":2,"Suspected/Accumulated":1080,"Total/Accumulated":27692,"Severe/Accumulated":380},"MedicalActs":{"Total":28,"Suspected/Accumulated":174,"Total/Accumulated":3487},"MedicalTests":{"Total":36,"Confirmed":1,"Total/Accumulated":8110,"Confirmed/Accumulated":167},"Confirmed":49},"geometry":{"type":"Point","coordinates":[-0.734802142857143,45.8164405357143]}},{"type":"Feature","properties":{"Country/Region":"France","Province/State":"Cher","Code":"18","Population":{"Total":296404,"Under19":61933,"Under39":57193,"Under59":76912,"Under74":62985,"Over75":37381},"Beds":{"Resuscitation":12,"IntensiveCare":32,"Total":44},"Deaths":74,"Recovered":143,"Severe":60,"Emergencies":{"Suspected":1,"Total":111,"Suspected/Accumulated":1393,"Total/Accumulated":9509,"Severe/Accumulated":21},"MedicalActs":{"Suspected":4,"Total":130,"Suspected/Accumulated":359,"Total/Accumulated":9422},"MedicalTests":{"Total":47,"Total/Accumulated":3157,"Confirmed/Accumulated":334},"Confirmed":25},"geometry":{"type":"Point","coordinates":[2.420866293436294,47.03802115830117]}},{"type":"Feature","properties":{"Country/Region":"France","Province/State":"Corrèze","Code":"19","Population":{"Total":240336,"Under19":48146,"Under39":45056,"Under59":62186,"Under74":52206,"Over75":32742},"Beds":{"Resuscitation":15,"IntensiveCare":42,"Total":57},"Deaths":34,"Recovered":114,"Severe":45,"Critical":4,"Emergencies":{"Suspected":4,"Total":151,"Severe":4,"Suspected/Accumulated":526,"Total/Accumulated":10476,"Severe/Accumulated":432},"MedicalTests":{"Total":3,"Total/Accumulated":315,"Confirmed/Accumulated":17},"Confirmed":23},"geometry":{"type":"Point","coordinates":[1.8952178059071727,45.37689915611812]}},{"type":"Feature","properties":{"Country/Region":"France","Province/State":"Côte-d'Or","Code":"21","Population":{"Total":532886,"Under19":121633,"Under39":128314,"Under59":134514,"Under74":95451,"Over75":52974},"Beds":{"Resuscitation":57,"IntensiveCare":190,"Total":247},"Deaths":241,"Recovered":850,"Severe":66,"Critical":13,"Emergencies":{"Suspected":9,"Total":222,"Severe":2,"Suspected/Accumulated":1366,"Total/Accumulated":16768,"Severe/Accumulated":445},"MedicalActs":{"Suspected":2,"Total":59,"Suspected/Accumulated":769,"Total/Accumulated":6104},"MedicalTests":{"Total":3,"Total/Accumulated":1228,"Confirmed/Accumulated":98},"Confirmed":1},"geometry":{"type":"Point","coordinates":[4.781845107913668,47.44940406474819]}},{"type":"Feature","properties":{"Country/Region":"France","Province/State":"Côtes-d'Armor","Code":"22","Population":{"Total":596186,"Under19":131217,"Under39":108675,"Under59":153257,"Under74":128481,"Over75":74556},"Beds":{"Resuscitation":14,"IntensiveCare":32,"Total":46},"Deaths":31,"Recovered":178,"Severe":44,"Critical":4,"Emergencies":{"Suspected":13,"Total":232,"Severe":12,"Suspected/Accumulated":782,"Total/Accumulated":16472,"Severe/Accumulated":609},"Confirmed":107,"MedicalTests":{"Total/Accumulated":177,"Confirmed/Accumulated":3}},"geometry":{"type":"Point","coordinates":[-2.8283123411371243,48.47540434782613]}},{"type":"Feature","properties":{"Country/Region":"France","Province/State":"Creuse","Code":"23","Population":{"Total":116270,"Under19":20766,"Under39":19388,"Under59":30402,"Under74":28640,"Over75":17074},"Beds":{"Resuscitation":8,"IntensiveCare":16,"Total":24},"Deaths":9,"Recovered":56,"Severe":18,"Critical":7,"Emergencies":{"Total":59,"Suspected/Accumulated":383,"Total/Accumulated":4753,"Severe/Accumulated":78},"MedicalTests":{"Total":26,"Total/Accumulated":1152,"Confirmed/Accumulated":11},"Confirmed":12},"geometry":{"type":"Point","coordinates":[1.9795267256637192,46.07153353982301]}},{"type":"Feature","properties":{"Country/Region":"France","Province/State":"Dordogne","Code":"24","Population":{"Total":408393,"Under19":76430,"Under39":70201,"Under59":107402,"Under74":96538,"Over75":57822},"Beds":{"Resuscitation":19,"IntensiveCare":36,"Total":55},"Deaths":12,"Recovered":77,"Severe":18,"Critical":1,"Emergencies":{"Suspected":1,"Total":201,"Severe":1,"Suspected/Accumulated":847,"Total/Accumulated":12409,"Severe/Accumulated":428},"MedicalTests":{"Total":6,"Total/Accumulated":586,"Confirmed/Accumulated":26},"Confirmed":13},"geometry":{"type":"Point","coordinates":[0.7502005172413793,45.100126827586195]}},{"type":"Feature","properties":{"Country/Region":"France","Province/State":"Doubs","Code":"25","Population":{"Total":539449,"Under19":132582,"Under39":130504,"Under59":135120,"Under74":90502,"Over75":50741},"Beds":{"Resuscitation":40,"IntensiveCare":262,"Total":302},"Deaths":146,"Recovered":572,"Severe":61,"Critical":12,"Emergencies":{"Suspected":2,"Total":180,"Suspected/Accumulated":1418,"Total/Accumulated":14552,"Severe/Accumulated":561},"MedicalActs":{"Suspected":1,"Total":89,"Suspected/Accumulated":453,"Total/Accumulated":8131},"MedicalTests":{"Total":27,"Total/Accumulated":2111,"Confirmed/Accumulated":213}},"geometry":{"type":"Point","coordinates":[6.359828136363636,47.17302813636364]}},{"type":"Feature","properties":{"Country/Region":"France","Province/State":"Drôme","Code":"26","Population":{"Total":520560,"Under19":125073,"Under39":110455,"Under59":134338,"Under74":95865,"Over75":54829},"Beds":{"Resuscitation":24,"IntensiveCare":68,"Total":92},"Deaths":128,"Recovered":470,"Severe":56,"Critical":4,"Emergencies":{"Suspected":7,"Total":306,"Suspected/Accumulated":1256,"Total/Accumulated":18764,"Severe/Accumulated":504},"MedicalTests":{"Total":184,"Total/Accumulated":2066,"Confirmed/Accumulated":135},"Confirmed":119},"geometry":{"type":"Point","coordinates":[5.213618019801983,44.63170462046205]}},{"type":"Feature","properties":{"Country/Region":"France","Province/State":"Eure","Code":"27","Population":{"Total":600687,"Under19":151745,"Under39":128858,"Under59":160781,"Under74":106586,"Over75":52717},"Beds":{"Resuscitation":12,"IntensiveCare":44,"Total":56},"Deaths":78,"Recovered":165,"Severe":84,"Critical":3,"Emergencies":{"Suspected":1,"Total":152,"Suspected/Accumulated":378,"Total/Accumulated":11992,"Severe/Accumulated":60},"MedicalTests":{"Total":44,"Confirmed":2,"Total/Accumulated":5764,"Confirmed/Accumulated":580},"Confirmed":71},"geometry":{"type":"Point","coordinates":[0.9927279220779222,49.13064012987015]}},{"type":"Feature","properties":{"Country/Region":"France","Province/State":"Eure-et-Loir","Code":"28","Population":{"Total":429425,"Under19":106266,"Under39":90617,"Under59":113525,"Under74":76422,"Over75":42595},"Beds":{"Resuscitation":20,"IntensiveCare":44,"Total":64},"Deaths":117,"Recovered":428,"Severe":171,"Critical":10,"Emergencies":{"Suspected":1,"Total":300,"Suspected/Accumulated":613,"Total/Accumulated":20238,"Severe/Accumulated":180},"MedicalTests":{"Total":3,"Total/Accumulated":4351,"Confirmed/Accumulated":653},"Confirmed":104},"geometry":{"type":"Point","coordinates":[1.3718229302325597,48.39856558139533]}},{"type":"Feature","properties":{"Country/Region":"France","Province/State":"Finistère","Code":"29","Population":{"Total":906554,"Under19":201332,"Under39":189857,"Under59":237308,"Under74":178715,"Over75":99342},"Beds":{"Resuscitation":66,"IntensiveCare":142,"Total":208},"Deaths":43,"Recovered":160,"Severe":27,"Critical":2,"Emergencies":{"Suspected":1,"Total":526,"Suspected/Accumulated":381,"Total/Accumulated":39719,"Severe/Accumulated":113},"MedicalActs":{"Total":89,"Suspected/Accumulated":309,"Total/Accumulated":9908},"MedicalTests":{"Total":1,"Total/Accumulated":44,"Confirmed/Accumulated":9},"Confirmed":230},"geometry":{"type":"Point","coordinates":[-4.16814140056023,48.26300924369748]}},{"type":"Feature","properties":{"Country/Region":"France","Province/State":"Gard","Code":"30","Population":{"Total":748468,"Under19":170615,"Under39":154480,"Under59":195429,"Under74":147114,"Over75":80830},"Beds":{"Resuscitation":49,"IntensiveCare":108,"Total":157},"Deaths":92,"Recovered":285,"Severe":73,"Critical":8,"Emergencies":{"Suspected":8,"Total":414,"Severe":1,"Suspected/Accumulated":633,"Total/Accumulated":29876,"Severe/Accumulated":206},"MedicalActs":{"Suspected":3,"Total":46,"Suspected/Accumulated":466,"Total/Accumulated":5748},"MedicalTests":{"Total":374,"Confirmed":2,"Total/Accumulated":11845,"Confirmed/Accumulated":327},"Confirmed":44},"geometry":{"type":"Point","coordinates":[4.0572744791666695,44.00851614583332]}},{"type":"Feature","properties":{"Country/Region":"France","Province/State":"Haute-Garonne","Code":"31","Population":{"Total":1400935,"Under19":335750,"Under39":398589,"Under59":358515,"Under74":197921,"Over75":110160},"Beds":{"Resuscitation":161,"IntensiveCare":430,"Total":591},"Deaths":66,"Recovered":597,"Severe":64,"Critical":18,"Emergencies":{"Suspected":17,"Total":669,"Severe":11,"Suspected/Accumulated":2702,"Total/Accumulated":47134,"Severe/Accumulated":1532},"MedicalActs":{"Suspected":6,"Total":72,"Suspected/Accumulated":1023,"Total/Accumulated":11000},"MedicalTests":{"Total":394,"Confirmed":1,"Total/Accumulated":11810,"Confirmed/Accumulated":341},"Confirmed":72},"geometry":{"type":"Point","coordinates":[1.1686918356164382,43.33252969863011]}},{"type":"Feature","properties":{"Country/Region":"France","Province/State":"Gers","Code":"32","Population":{"Total":190040,"Under19":37581,"Under39":32714,"Under59":51231,"Under74":41871,"Over75":26643},"Beds":{"Resuscitation":8,"IntensiveCare":8,"Total":16},"Deaths":23,"Recovered":79,"Severe":11,"Critical":2,"Emergencies":{"Suspected":2,"Total":63,"Suspected/Accumulated":453,"Total/Accumulated":5205,"Severe/Accumulated":319},"MedicalTests":{"Total":13,"Total/Accumulated":2554,"Confirmed/Accumulated":185},"Confirmed":14},"geometry":{"type":"Point","coordinates":[0.447782880658436,43.70601049382714]}},{"type":"Feature","properties":{"Country/Region":"France","Province/State":"Gironde","Code":"33","Population":{"Total":1633440,"Under19":380317,"Under39":415128,"Under59":425319,"Under74":267580,"Over75":145096},"Beds":{"Resuscitation":183,"IntensiveCare":262,"Total":445},"Deaths":144,"Recovered":825,"Severe":137,"Critical":20,"Emergencies":{"Suspected":9,"Total":724,"Severe":2,"Suspected/Accumulated":3090,"Total/Accumulated":56030,"Severe/Accumulated":1285},"MedicalActs":{"Suspected":20,"Total":530,"Suspected/Accumulated":4367,"Total/Accumulated":55349},"MedicalTests":{"Total":49,"Total/Accumulated":8091,"Confirmed/Accumulated":348},"Confirmed":106},"geometry":{"type":"Point","coordinates":[-0.41644369747899174,44.756299705882356]}},{"type":"Feature","properties":{"Country/Region":"France","Province/State":"Hérault","Code":"34","Population":{"Total":1176145,"Under19":268258,"Under39":286299,"Under59":292794,"Under74":208723,"Over75":120071},"Beds":{"Resuscitation":124,"IntensiveCare":342,"Total":466},"Deaths":118,"Recovered":650,"Severe":38,"Critical":12,"Emergencies":{"Suspected":4,"Total":701,"Severe":2,"Suspected/Accumulated":1447,"Total/Accumulated":50538,"Severe/Accumulated":578},"MedicalActs":{"Total":67,"Suspected/Accumulated":538,"Total/Accumulated":7512},"MedicalTests":{"Total":1255,"Confirmed":1,"Total/Accumulated":38656,"Confirmed/Accumulated":1264},"Confirmed":171},"geometry":{"type":"Point","coordinates":[3.2725271495327104,43.601788971962634]}},{"type":"Feature","properties":{"Country/Region":"France","Province/State":"Ille-et-Vilaine","Code":"35","Population":{"Total":1082073,"Under19":274429,"Under39":270693,"Under59":278610,"Under74":165623,"Over75":92718},"Beds":{"Resuscitation":60,"IntensiveCare":224,"Total":284},"Deaths":83,"Recovered":396,"Severe":84,"Critical":7,"Emergencies":{"Suspected":4,"Total":540,"Severe":3,"Suspected/Accumulated":1681,"Total/Accumulated":37225,"Severe/Accumulated":924},"MedicalActs":{"Suspected":7,"Total":100,"Suspected/Accumulated":710,"Total/Accumulated":12273},"MedicalTests":{"Total":1,"Total/Accumulated":429,"Confirmed/Accumulated":10},"Confirmed":208},"geometry":{"type":"Point","coordinates":[-1.7401927338129495,48.18315345323742]}},{"type":"Feature","properties":{"Country/Region":"France","Province/State":"Indre","Code":"36","Population":{"Total":217139,"Under19":42951,"Under39":38506,"Under59":56292,"Under74":48986,"Over75":30404},"Beds":{"Resuscitation":10,"IntensiveCare":18,"Total":28},"Deaths":76,"Recovered":101,"Severe":92,"Critical":4,"Emergencies":{"Suspected":1,"Total":72,"Severe":1,"Suspected/Accumulated":76,"Total/Accumulated":6307,"Severe/Accumulated":36},"MedicalTests":{"Total":46,"Total/Accumulated":3671,"Confirmed/Accumulated":373},"Confirmed":80},"geometry":{"type":"Point","coordinates":[1.576445147679325,46.764304345991526]}},{"type":"Feature","properties":{"Country/Region":"France","Province/State":"Indre-et-Loire","Code":"37","Population":{"Total":605380,"Under19":142122,"Under39":136574,"Under59":153731,"Under74":108623,"Over75":64330},"Beds":{"Resuscitation":79,"IntensiveCare":116,"Total":195},"Deaths":78,"Recovered":283,"Severe":101,"Critical":9,"Emergencies":{"Suspected":4,"Total":324,"Severe":1,"Suspected/Accumulated":976,"Total/Accumulated":20721,"Severe/Accumulated":355},"MedicalActs":{"Suspected":3,"Total":100,"Suspected/Accumulated":520,"Total/Accumulated":10228},"MedicalTests":{"Total":73,"Total/Accumulated":4143,"Confirmed/Accumulated":118},"Confirmed":123},"geometry":{"type":"Point","coordinates":[0.6915947413793099,47.23521443965518]}},{"type":"Feature","properties":{"Country/Region":"France","Province/State":"Isère","Code":"38","Population":{"Total":1264979,"Under19":319977,"Under39":298730,"Under59":332378,"Under74":201842,"Over75":112052},"Beds":{"Resuscitation":74,"IntensiveCare":178,"Total":252},"Deaths":142,"Recovered":606,"Severe":95,"Critical":14,"Emergencies":{"Suspected":1,"Total":659,"Suspected/Accumulated":1703,"Total/Accumulated":49154,"Severe/Accumulated":603},"MedicalActs":{"Suspected":14,"Total":140,"Suspected/Accumulated":1187,"Total/Accumulated":13019},"MedicalTests":{"Total":69,"Total/Accumulated":1901,"Confirmed/Accumulated":138},"Confirmed":190},"geometry":{"type":"Point","coordinates":[5.557470704225359,45.27668616197182]}},{"type":"Feature","properties":{"Country/Region":"France","Province/State":"Jura","Code":"39","Population":{"Total":257849,"Under19":57639,"Under39":51064,"Under59":68521,"Under74":50575,"Over75":30050},"Beds":{"Resuscitation":8,"IntensiveCare":18,"Total":26},"Deaths":60,"Recovered":262,"Severe":24,"Emergencies":{"Suspected":1,"Total":146,"Suspected/Accumulated":687,"Total/Accumulated":11797,"Severe/Accumulated":293},"MedicalTests":{"Total":20,"Total/Accumulated":1465,"Confirmed/Accumulated":150}},"geometry":{"type":"Point","coordinates":[5.6395758823529425,46.756161447963784]}},{"type":"Feature","properties":{"Country/Region":"France","Province/State":"Landes","Code":"40","Population":{"Total":411979,"Under19":85144,"Under39":78495,"Under59":112191,"Under74":86896,"Over75":49253},"Beds":{"Resuscitation":14,"IntensiveCare":32,"Total":46},"Deaths":12,"Recovered":63,"Severe":11,"Critical":2,"Emergencies":{"Total":141,"Suspected/Accumulated":504,"Total/Accumulated":11813,"Severe/Accumulated":314},"MedicalTests":{"Total":44,"Confirmed":1,"Total/Accumulated":870,"Confirmed/Accumulated":24},"Confirmed":20},"geometry":{"type":"Point","coordinates":[-0.5772234449760769,43.8801859808612]}},{"type":"Feature","properties":{"Country/Region":"France","Province/State":"Loir-et-Cher","Code":"41","Population":{"Total":327835,"Under19":72953,"Under39":62903,"Under59":86073,"Under74":65923,"Over75":39983},"Beds":{"Resuscitation":12,"IntensiveCare":16,"Total":28},"Deaths":63,"Recovered":206,"Severe":114,"Critical":6,"Emergencies":{"Suspected":2,"Total":215,"Suspected/Accumulated":720,"Total/Accumulated":14307,"Severe/Accumulated":77},"MedicalTests":{"Total":65,"Total/Accumulated":1428,"Confirmed/Accumulated":55},"Confirmed":55},"geometry":{"type":"Point","coordinates":[1.3938662132352944,47.653275698529406]}},{"type":"Feature","properties":{"Country/Region":"France","Province/State":"Loire","Code":"42","Population":{"Total":764737,"Under19":186049,"Under39":167975,"Under59":190702,"Under74":136240,"Over75":83771},"Beds":{"Resuscitation":70,"IntensiveCare":120,"Total":190},"Deaths":236,"Recovered":828,"Severe":218,"Critical":28,"Emergencies":{"Suspected":3,"Total":546,"Severe":2,"Suspected/Accumulated":1638,"Total/Accumulated":39134,"Severe/Accumulated":948},"MedicalActs":{"Suspected":2,"Total":86,"Suspected/Accumulated":448,"Total/Accumulated":8161},"MedicalTests":{"Total":5,"Total/Accumulated":719,"Confirmed/Accumulated":46},"Confirmed":363},"geometry":{"type":"Point","coordinates":[4.189998267716536,45.74292366141733]}},{"type":"Feature","properties":{"Country/Region":"France","Province/State":"Haute-Loire","Code":"43","Population":{"Total":226901,"Under19":49659,"Under39":43248,"Under59":60903,"Under74":46857,"Over75":26234},"Beds":{"Resuscitation":8,"IntensiveCare":20,"Total":28},"Deaths":15,"Recovered":90,"Severe":15,"Critical":1,"Emergencies":{"Total":23,"Suspected/Accumulated":14,"Total/Accumulated":1704,"Severe/Accumulated":7},"MedicalTests":{"Total":62,"Confirmed":1,"Total/Accumulated":1400,"Confirmed/Accumulated":50},"Confirmed":23},"geometry":{"type":"Point","coordinates":[3.7869054017857136,45.15054486607143]}},{"type":"Feature","properties":{"Country/Region":"France","Province/State":"Loire-Atlantique","Code":"44","Population":{"Total":1437137,"Under19":363681,"Under39":357664,"Under59":368059,"Under74":227458,"Over75":120275},"Beds":{"Resuscitation":77,"IntensiveCare":262,"Total":339},"Deaths":144,"Recovered":543,"Severe":133,"Critical":9,"Emergencies":{"Suspected":13,"Total":432,"Severe":10,"Suspected/Accumulated":2350,"Total/Accumulated":32933,"Severe/Accumulated":1245},"MedicalActs":{"Suspected":11,"Total":398,"Suspected/Accumulated":2857,"Total/Accumulated":36935},"MedicalTests":{"Total":1,"Total/Accumulated":844,"Confirmed/Accumulated":39},"Confirmed":633},"geometry":{"type":"Point","coordinates":[-1.6902253409090902,47.33230598484852]}},{"type":"Feature","properties":{"Country/Region":"France","Province/State":"Loiret","Code":"45","Population":{"Total":682890,"Under19":172345,"Under39":155348,"Under59":174617,"Under74":115984,"Over75":64596},"Beds":{"Resuscitation":47,"IntensiveCare":120,"Total":167},"Deaths":93,"Recovered":530,"Severe":130,"Critical":16,"Emergencies":{"Suspected":11,"Total":332,"Severe":4,"Suspected/Accumulated":1111,"Total/Accumulated":24495,"Severe/Accumulated":594},"MedicalActs":{"Suspected":1,"Total":52,"Suspected/Accumulated":242,"Total/Accumulated":3570},"MedicalTests":{"Total":23,"Total/Accumulated":3447,"Confirmed/Accumulated":325},"Confirmed":258},"geometry":{"type":"Point","coordinates":[2.383405222672066,47.91302979757084]}},{"type":"Feature","properties":{"Country/Region":"France","Province/State":"Lot","Code":"46","Population":{"Total":173166,"Under19":31861,"Under39":29365,"Under59":44533,"Under74":41623,"Over75":25784},"Beds":{"Resuscitation":8,"IntensiveCare":8,"Total":16},"Deaths":22,"Recovered":132,"Severe":9,"Critical":1,"Emergencies":{"Suspected":1,"Total":110,"Severe":1,"Suspected/Accumulated":322,"Total/Accumulated":7651,"Severe/Accumulated":80},"MedicalTests":{"Total":34,"Total/Accumulated":612,"Confirmed/Accumulated":19},"Confirmed":4},"geometry":{"type":"Point","coordinates":[1.5901290212765966,44.59231876595746]}},{"type":"Feature","properties":{"Country/Region":"France","Province/State":"Lot-et-Garonne","Code":"47","Population":{"Total":330336,"Under19":69990,"Under39":64149,"Under59":84272,"Under74":68912,"Over75":43013},"Beds":{"Resuscitation":11,"IntensiveCare":36,"Total":47},"Deaths":9,"Recovered":58,"Severe":20,"Critical":2,"Emergencies":{"Total":189,"Suspected/Accumulated":860,"Total/Accumulated":15138,"Severe/Accumulated":234},"MedicalTests":{"Total":62,"Total/Accumulated":1173,"Confirmed/Accumulated":16},"Confirmed":65},"geometry":{"type":"Point","coordinates":[0.4871552444444442,44.39576413333333]}},{"type":"Feature","properties":{"Country/Region":"France","Province/State":"Lozère","Code":"48","Population":{"Total":76286,"Under19":15582,"Under39":14895,"Under59":20255,"Under74":15962,"Over75":9592},"Beds":{"Resuscitation":3,"IntensiveCare":0,"Total":3},"Deaths":1,"Recovered":22,"Severe":2,"Emergencies":{"Total":35,"Suspected/Accumulated":47,"Total/Accumulated":2128,"Severe/Accumulated":11},"MedicalTests":{"Total":33,"Total/Accumulated":657,"Confirmed/Accumulated":4},"Confirmed":8},"geometry":{"type":"Point","coordinates":[3.494722131979694,44.51333609137059]}},{"type":"Feature","properties":{"Country/Region":"France","Province/State":"Maine-et-Loire","Code":"49","Population":{"Total":815881,"Under19":204162,"Under39":184600,"Under59":204421,"Under74":138603,"Over75":84095},"Beds":{"Resuscitation":61,"IntensiveCare":196,"Total":257},"Deaths":132,"Recovered":498,"Severe":114,"Critical":10,"Emergencies":{"Suspected":4,"Total":320,"Suspected/Accumulated":1517,"Total/Accumulated":24394,"Severe/Accumulated":684},"MedicalTests":{"Total":2,"Total/Accumulated":145,"Confirmed/Accumulated":13},"Confirmed":222},"geometry":{"type":"Point","coordinates":[-0.6000336862745095,47.406434431372546]}},{"type":"Feature","properties":{"Country/Region":"France","Province/State":"Manche","Code":"50","Population":{"Total":490669,"Under19":105402,"Under39":96439,"Under59":126734,"Under74":101121,"Over75":60973},"Beds":{"Resuscitation":28,"IntensiveCare":52,"Total":80},"Deaths":47,"Recovered":123,"Severe":46,"Critical":3,"Emergencies":{"Suspected":3,"Total":320,"Severe":3,"Suspected/Accumulated":559,"Total/Accumulated":21758,"Severe/Accumulated":456},"MedicalActs":{"Suspected":4,"Total":70,"Suspected/Accumulated":461,"Total/Accumulated":7502},"Confirmed":107,"MedicalTests":{"Total/Accumulated":1735,"Confirmed/Accumulated":120}},"geometry":{"type":"Point","coordinates":[-1.3097769083969464,49.05127938931302]}},{"type":"Feature","properties":{"Country/Region":"France","Province/State":"Marne","Code":"51","Population":{"Total":563823,"Under19":136695,"Under39":137533,"Under59":142415,"Under74":97015,"Over75":50165},"Beds":{"Resuscitation":54,"IntensiveCare":78,"Total":132},"Deaths":250,"Recovered":902,"Severe":165,"Critical":11,"Emergencies":{"Suspected":1,"Total":273,"Suspected/Accumulated":779,"Total/Accumulated":18640,"Severe/Accumulated":367},"MedicalActs":{"Suspected":1,"Total":9,"Suspected/Accumulated":197,"Total/Accumulated":2721},"MedicalTests":{"Total":10,"Confirmed":1,"Total/Accumulated":1760,"Confirmed/Accumulated":353},"Confirmed":37},"geometry":{"type":"Point","coordinates":[4.209888097014927,48.936171417910444]}},{"type":"Feature","properties":{"Country/Region":"France","Province/State":"Haute-Marne","Code":"52","Population":{"Total":169250,"Under19":34865,"Under39":34065,"Under59":44268,"Under74":35981,"Over75":20071},"Beds":{"Resuscitation":8,"IntensiveCare":12,"Total":20},"Deaths":77,"Recovered":198,"Severe":69,"Critical":5,"Emergencies":{"Suspected":8,"Total":123,"Suspected/Accumulated":736,"Total/Accumulated":7787,"Severe/Accumulated":179},"MedicalTests":{"Total":3,"Total/Accumulated":223,"Confirmed/Accumulated":37},"Confirmed":7},"geometry":{"type":"Point","coordinates":[5.203108577075099,48.126414822134386]}},{"type":"Feature","properties":{"Country/Region":"France","Province/State":"Mayenne","Code":"53","Population":{"Total":305365,"Under19":74868,"Under39":61839,"Under59":78619,"Under74":55705,"Over75":34334},"Beds":{"Resuscitation":8,"IntensiveCare":16,"Total":24},"Deaths":42,"Recovered":142,"Severe":33,"Critical":2,"Emergencies":{"Suspected":3,"Total":189,"Suspected/Accumulated":544,"Total/Accumulated":7155,"Severe/Accumulated":207},"MedicalTests":{"Total":13,"Total/Accumulated":521,"Confirmed/Accumulated":14},"Confirmed":182},"geometry":{"type":"Point","coordinates":[-0.6361607305936071,48.153668493150704]}},{"type":"Feature","properties":{"Country/Region":"France","Province/State":"Meurthe-et-Moselle","Code":"54","Population":{"Total":730398,"Under19":170693,"Under39":185629,"Under59":182526,"Under74":124808,"Over75":66742},"Beds":{"Resuscitation":83,"IntensiveCare":172,"Total":255},"Deaths":340,"Recovered":1022,"Severe":161,"Critical":21,"Emergencies":{"Suspected":6,"Total":352,"Severe":1,"Suspected/Accumulated":1309,"Total/Accumulated":24585,"Severe/Accumulated":621},"MedicalActs":{"Suspected":6,"Total":84,"Suspected/Accumulated":1040,"Total/Accumulated":10653},"MedicalTests":{"Total":45,"Total/Accumulated":2356,"Confirmed/Accumulated":186},"Confirmed":85},"geometry":{"type":"Point","coordinates":[6.092894571428565,48.892416158730185]}},{"type":"Feature","properties":{"Country/Region":"France","Province/State":"Meuse","Code":"55","Population":{"Total":181641,"Under19":40375,"Under39":37641,"Under59":47696,"Under74":36898,"Over75":19031},"Beds":{"Resuscitation":8,"IntensiveCare":20,"Total":28},"Deaths":97,"Recovered":368,"Severe":99,"Critical":3,"Emergencies":{"Suspected":5,"Total":96,"Severe":2,"Suspected/Accumulated":392,"Total/Accumulated":6353,"Severe/Accumulated":190},"MedicalTests":{"Total":69,"Confirmed":1,"Total/Accumulated":808,"Confirmed/Accumulated":77},"Confirmed":18},"geometry":{"type":"Point","coordinates":[5.380316626506025,49.03635373493975]}},{"type":"Feature","properties":{"Country/Region":"France","Province/State":"Morbihan","Code":"56","Population":{"Total":755566,"Under19":166653,"Under39":145287,"Under59":197813,"Under74":159285,"Over75":86528},"Beds":{"Resuscitation":22,"IntensiveCare":64,"Total":86},"Deaths":89,"Recovered":376,"Severe":61,"Critical":9,"Emergencies":{"Suspected":14,"Total":344,"Severe":1,"Suspected/Accumulated":1996,"Total/Accumulated":26314,"Severe/Accumulated":351},"MedicalActs":{"Suspected":2,"Total":61,"Suspected/Accumulated":184,"Total/Accumulated":5592},"MedicalTests":{"Total":1,"Total/Accumulated":48,"Confirmed/Accumulated":3},"Confirmed":313},"geometry":{"type":"Point","coordinates":[-2.8780210594315263,47.764317932816574]}},{"type":"Feature","properties":{"Country/Region":"France","Province/State":"Moselle","Code":"57","Population":{"Total":1035866,"Under19":229681,"Under39":243525,"Under59":278966,"Under74":186864,"Over75":96830},"Beds":{"Resuscitation":88,"IntensiveCare":112,"Total":200},"Deaths":792,"Recovered":2090,"Severe":494,"Critical":50,"Emergencies":{"Suspected":21,"Total":568,"Severe":4,"Suspected/Accumulated":4537,"Total/Accumulated":43643,"Severe/Accumulated":2073},"MedicalTests":{"Total":109,"Confirmed":1,"Total/Accumulated":3848,"Confirmed/Accumulated":665},"Confirmed":295},"geometry":{"type":"Point","coordinates":[6.73973678343949,49.04168831210189]}},{"type":"Feature","properties":{"Country/Region":"France","Province/State":"Nièvre","Code":"58","Population":{"Total":199596,"Under19":38191,"Under39":34484,"Under59":50426,"Under74":47745,"Over75":28750},"Beds":{"Resuscitation":12,"IntensiveCare":32,"Total":44},"Deaths":26,"Recovered":74,"Severe":21,"Critical":2,"Emergencies":{"Suspected":1,"Total":186,"Suspected/Accumulated":928,"Total/Accumulated":11686,"Severe/Accumulated":342},"MedicalTests":{"Total":41,"Total/Accumulated":2556,"Confirmed/Accumulated":167},"Confirmed":2},"geometry":{"type":"Point","coordinates":[3.547376999999999,47.143300999999994]}},{"type":"Feature","properties":{"Country/Region":"France","Province/State":"Nord","Code":"59","Population":{"Total":2588988,"Under19":675470,"Under39":665053,"Under59":646791,"Under74":405380,"Over75":196294},"Beds":{"Resuscitation":225,"IntensiveCare":698,"Total":923},"Deaths":562,"Recovered":1838,"Severe":626,"Critical":69,"Emergencies":{"Suspected":24,"Total":1614,"Severe":7,"Suspected/Accumulated":6000,"Total/Accumulated":112556,"Severe/Accumulated":2184},"MedicalActs":{"Suspected":8,"Total":219,"Suspected/Accumulated":1566,"Total/Accumulated":29889},"MedicalTests":{"Total":19,"Total/Accumulated":5598,"Confirmed/Accumulated":535},"Confirmed":39},"geometry":{"type":"Point","coordinates":[3.1893953197674403,50.453616308139516]}},{"type":"Feature","properties":{"Country/Region":"France","Province/State":"Oise","Code":"60","Population":{"Total":825077,"Under19":214776,"Under39":193026,"Under59":221783,"Under74":134365,"Over75":61127},"Beds":{"Resuscitation":36,"IntensiveCare":92,"Total":128},"Deaths":384,"Recovered":946,"Severe":330,"Critical":15,"Emergencies":{"Suspected":3,"Total":272,"Severe":2,"Suspected/Accumulated":611,"Total/Accumulated":13588,"Severe/Accumulated":324},"MedicalTests":{"Total":150,"Confirmed":4,"Total/Accumulated":10089,"Confirmed/Accumulated":1313},"Confirmed":210},"geometry":{"type":"Point","coordinates":[2.463008007117438,49.41459999999999]}},{"type":"Feature","properties":{"Country/Region":"France","Province/State":"Orne","Code":"61","Population":{"Total":276903,"Under19":59830,"Under39":51781,"Under59":70741,"Under74":58679,"Over75":35872},"Beds":{"Resuscitation":16,"IntensiveCare":24,"Total":40},"Deaths":37,"Recovered":187,"Severe":54,"Critical":3,"Emergencies":{"Total":171,"Suspected/Accumulated":323,"Total/Accumulated":13141,"Severe/Accumulated":45},"MedicalTests":{"Total":19,"Total/Accumulated":1414,"Confirmed/Accumulated":96},"Confirmed":28},"geometry":{"type":"Point","coordinates":[0.01997467181467186,48.611762664092666]}},{"type":"Feature","properties":{"Country/Region":"France","Province/State":"Pas-de-Calais","Code":"62","Population":{"Total":1452778,"Under19":367229,"Under39":336274,"Under59":374200,"Under74":255788,"Over75":119287},"Beds":{"Resuscitation":85,"IntensiveCare":274,"Total":359},"Deaths":281,"Recovered":1162,"Severe":270,"Critical":34,"Emergencies":{"Suspected":6,"Total":298,"Severe":2,"Suspected/Accumulated":912,"Total/Accumulated":26805,"Severe/Accumulated":178},"MedicalTests":{"Total":83,"Confirmed":1,"Total/Accumulated":6968,"Confirmed/Accumulated":567},"Confirmed":8},"geometry":{"type":"Point","coordinates":[2.4712310954063605,50.40984130742051]}},{"type":"Feature","properties":{"Country/Region":"France","Province/State":"Puy-de-Dôme","Code":"63","Population":{"Total":660240,"Under19":147680,"Under39":153022,"Under59":169492,"Under74":122442,"Over75":67604},"Beds":{"Resuscitation":77,"IntensiveCare":104,"Total":181},"Deaths":41,"Recovered":163,"Severe":29,"Critical":6,"Emergencies":{"Total":143,"Suspected/Accumulated":488,"Total/Accumulated":10335,"Severe/Accumulated":225},"MedicalActs":{"Suspected":3,"Total":65,"Suspected/Accumulated":336,"Total/Accumulated":6823},"MedicalTests":{"Total":258,"Confirmed":1,"Total/Accumulated":8601,"Confirmed/Accumulated":234},"Confirmed":105},"geometry":{"type":"Point","coordinates":[3.143235039370079,45.73685830708661]}},{"type":"Feature","properties":{"Country/Region":"France","Province/State":"Pyrénées-Atlantiques","Code":"64","Population":{"Total":683169,"Under19":144945,"Under39":141910,"Under59":182850,"Under74":130868,"Over75":82596},"Beds":{"Resuscitation":35,"IntensiveCare":110,"Total":145},"Deaths":27,"Recovered":208,"Severe":10,"Critical":2,"Emergencies":{"Suspected":3,"Total":409,"Severe":2,"Suspected/Accumulated":668,"Total/Accumulated":27889,"Severe/Accumulated":279},"MedicalActs":{"Suspected":6,"Total":190,"Suspected/Accumulated":1562,"Total/Accumulated":20554},"MedicalTests":{"Total":398,"Total/Accumulated":9041,"Confirmed/Accumulated":231},"Confirmed":41},"geometry":{"type":"Point","coordinates":[-0.7610906397306391,43.26238828282827]}},{"type":"Feature","properties":{"Country/Region":"France","Province/State":"Hautes-Pyrénées","Code":"65","Population":{"Total":226839,"Under19":44839,"Under39":42373,"Under59":59329,"Under74":49523,"Over75":30775},"Beds":{"Resuscitation":12,"IntensiveCare":44,"Total":56},"Deaths":25,"Recovered":143,"Severe":18,"Critical":3,"Emergencies":{"Total":89,"Suspected/Accumulated":41,"Total/Accumulated":6369,"Severe/Accumulated":18},"MedicalTests":{"Total":60,"Total/Accumulated":2990,"Confirmed/Accumulated":182},"Confirmed":11},"geometry":{"type":"Point","coordinates":[0.15248105932203385,43.134416483050856]}},{"type":"Feature","properties":{"Country/Region":"France","Province/State":"Pyrénées-Orientales","Code":"66","Population":{"Total":479000,"Under19":102236,"Under39":93899,"Under59":121501,"Under74":99671,"Over75":61693},"Beds":{"Resuscitation":32,"IntensiveCare":64,"Total":96},"Deaths":34,"Recovered":276,"Severe":2,"Emergencies":{"Suspected":1,"Total":323,"Suspected/Accumulated":392,"Total/Accumulated":21167,"Severe/Accumulated":171},"MedicalActs":{"Suspected":1,"Total":82,"Suspected/Accumulated":583,"Total/Accumulated":8222},"MedicalTests":{"Total":196,"Total/Accumulated":5770,"Confirmed/Accumulated":35},"Confirmed":35},"geometry":{"type":"Point","coordinates":[2.4354706043956034,42.554231208791215]}},{"type":"Feature","properties":{"Country/Region":"France","Province/State":"Bas-Rhin","Code":"67","Population":{"Total":1132607,"Under19":258105,"Under39":285390,"Under59":300661,"Under74":188150,"Over75":100301},"Beds":{"Resuscitation":122,"IntensiveCare":208,"Total":330},"Deaths":621,"Recovered":2160,"Severe":567,"Critical":44,"Emergencies":{"Suspected":2,"Total":350,"Severe":1,"Suspected/Accumulated":2385,"Total/Accumulated":28383,"Severe/Accumulated":1504},"MedicalActs":{"Suspected":7,"Total":183,"Suspected/Accumulated":2583,"Total/Accumulated":23875},"MedicalTests":{"Total":89,"Total/Accumulated":3888,"Confirmed/Accumulated":553},"Confirmed":376},"geometry":{"type":"Point","coordinates":[7.447409099526063,48.70509469194314]}},{"type":"Feature","properties":{"Country/Region":"France","Province/State":"Haut-Rhin","Code":"68","Population":{"Total":763204,"Under19":175817,"Under39":172286,"Under59":209152,"Under74":134185,"Over75":71764},"Beds":{"Resuscitation":70,"IntensiveCare":136,"Total":206},"Deaths":774,"Recovered":2343,"Severe":610,"Critical":39,"Emergencies":{"Suspected":4,"Total":329,"Suspected/Accumulated":3044,"Total/Accumulated":26064,"Severe/Accumulated":1946},"MedicalActs":{"Suspected":6,"Total":78,"Suspected/Accumulated":1753,"Total/Accumulated":9513},"MedicalTests":{"Total":8,"Total/Accumulated":4045,"Confirmed/Accumulated":960},"Confirmed":700},"geometry":{"type":"Point","coordinates":[7.263731571428571,47.83921192857142]}},{"type":"Feature","properties":{"Country/Region":"France","Province/State":"Rhône","Code":"69","Population":{"Total":1876051,"Under19":478142,"Under39":523161,"Under59":455898,"Under74":259877,"Over75":158973},"Beds":{"Resuscitation":192,"IntensiveCare":422,"Total":614},"Deaths":616,"Recovered":2489,"Severe":617,"Critical":68,"Emergencies":{"Suspected":9,"Total":950,"Severe":2,"Suspected/Accumulated":5030,"Total/Accumulated":70222,"Severe/Accumulated":2271},"MedicalActs":{"Suspected":23,"Total":293,"Suspected/Accumulated":2930,"Total/Accumulated":26255},"MedicalTests":{"Total":6,"Total/Accumulated":2582,"Confirmed/Accumulated":345},"Confirmed":532},"geometry":{"type":"Point","coordinates":[4.660707512690354,45.8811785786802]}},{"type":"Feature","properties":{"Country/Region":"France","Province/State":"Haute-Saône","Code":"70","Population":{"Total":233194,"Under19":52426,"Under39":45311,"Under59":62843,"Under74":47643,"Over75":24971},"Beds":{"Resuscitation":12,"IntensiveCare":24,"Total":36},"Deaths":77,"Recovered":252,"Severe":48,"Emergencies":{"Total":99,"Suspected/Accumulated":938,"Total/Accumulated":8261,"Severe/Accumulated":542},"MedicalTests":{"Total":72,"Total/Accumulated":3094,"Confirmed/Accumulated":278}},"geometry":{"type":"Point","coordinates":[6.0410172972972935,47.62793234234234]}},{"type":"Feature","properties":{"Country/Region":"France","Province/State":"Saône-et-Loire","Code":"71","Population":{"Total":547824,"Under19":117389,"Under39":104206,"Under59":141715,"Under74":114530,"Over75":69984},"Beds":{"Resuscitation":26,"IntensiveCare":44,"Total":70},"Deaths":193,"Recovered":600,"Severe":147,"Critical":10,"Emergencies":{"Suspected":4,"Total":319,"Severe":3,"Suspected/Accumulated":2887,"Total/Accumulated":25041,"Severe/Accumulated":1301},"MedicalTests":{"Total":40,"Total/Accumulated":3733,"Confirmed/Accumulated":254}},"geometry":{"type":"Point","coordinates":[4.528318691588785,46.63876112149533]}},{"type":"Feature","properties":{"Country/Region":"France","Province/State":"Sarthe","Code":"72","Population":{"Total":560227,"Under19":135636,"Under39":116946,"Under59":143032,"Under74":103587,"Over75":61026},"Beds":{"Resuscitation":17,"IntensiveCare":54,"Total":71},"Deaths":76,"Recovered":293,"Severe":94,"Critical":3,"Emergencies":{"Suspected":13,"Total":319,"Severe":11,"Suspected/Accumulated":2074,"Total/Accumulated":22951,"Severe/Accumulated":1102},"MedicalTests":{"Total":2,"Total/Accumulated":84,"Confirmed/Accumulated":3},"Confirmed":422},"geometry":{"type":"Point","coordinates":[0.1986467741935485,47.9763005529954]}},{"type":"Feature","properties":{"Country/Region":"France","Province/State":"Savoie","Code":"73","Population":{"Total":432548,"Under19":98346,"Under39":96013,"Under59":117417,"Under74":76722,"Over75":44050},"Beds":{"Resuscitation":18,"IntensiveCare":36,"Total":54},"Deaths":64,"Recovered":366,"Severe":40,"Critical":2,"Emergencies":{"Suspected":3,"Total":141,"Severe":3,"Suspected/Accumulated":570,"Total/Accumulated":12574,"Severe/Accumulated":244},"MedicalActs":{"Suspected":2,"Total":72,"Suspected/Accumulated":638,"Total/Accumulated":6802},"MedicalTests":{"Total":1,"Total/Accumulated":373,"Confirmed/Accumulated":39},"Confirmed":114},"geometry":{"type":"Point","coordinates":[6.4038603585657325,45.50301760956176]}},{"type":"Feature","properties":{"Country/Region":"France","Province/State":"Haute-Savoie","Code":"74","Population":{"Total":828405,"Under19":203837,"Under39":209477,"Under59":227355,"Under74":122439,"Over75":65297},"Beds":{"Resuscitation":34,"IntensiveCare":82,"Total":116},"Deaths":160,"Recovered":793,"Severe":117,"Critical":6,"Emergencies":{"Suspected":8,"Total":518,"Severe":1,"Suspected/Accumulated":2248,"Total/Accumulated":41802,"Severe/Accumulated":744},"MedicalActs":{"Suspected":1,"Total":75,"Suspected/Accumulated":897,"Total/Accumulated":9457},"Confirmed":310,"MedicalTests":{"Total/Accumulated":3391,"Confirmed/Accumulated":605}},"geometry":{"type":"Point","coordinates":[6.452374226804124,46.01403216494844]}},{"type":"Feature","properties":{"Country/Region":"France","Province/State":"Paris","Code":"75","Population":{"Total":2148271,"Under19":406652,"Under39":718825,"Under59":536676,"Under74":311978,"Over75":174140},"Beds":{"Resuscitation":389,"IntensiveCare":1082,"Total":1471},"Deaths":1676,"Recovered":5405,"Severe":1152,"Critical":194,"Emergencies":{"Suspected":44,"Total":1031,"Severe":1,"Suspected/Accumulated":16676,"Total/Accumulated":88530,"Severe/Accumulated":3875},"MedicalActs":{"Suspected":12,"Total":438,"Suspected/Accumulated":6299,"Total/Accumulated":56388},"MedicalTests":{"Total":117,"Confirmed":2,"Total/Accumulated":17676,"Confirmed/Accumulated":4072},"Confirmed":126},"geometry":{"type":"Point","coordinates":[2.3550152173913044,48.8535647826087]}},{"type":"Feature","properties":{"Country/Region":"France","Province/State":"Seine-Maritime","Code":"76","Population":{"Total":1243788,"Under19":303968,"Under39":294607,"Under59":310458,"Under74":218116,"Over75":116639},"Beds":{"Resuscitation":93,"IntensiveCare":300,"Total":393},"Deaths":174,"Recovered":673,"Severe":132,"Critical":11,"Emergencies":{"Suspected":10,"Total":772,"Severe":6,"Suspected/Accumulated":1669,"Total/Accumulated":56481,"Severe/Accumulated":708},"MedicalActs":{"Suspected":6,"Total":56,"Suspected/Accumulated":466,"Total/Accumulated":5867},"MedicalTests":{"Total":109,"Confirmed":1,"Total/Accumulated":6636,"Confirmed/Accumulated":432},"Confirmed":233},"geometry":{"type":"Point","coordinates":[1.114674462365592,49.5942889784946]}},{"type":"Feature","properties":{"Country/Region":"France","Province/State":"Seine-et-Marne","Code":"77","Population":{"Total":1423607,"Under19":392025,"Under39":357752,"Under59":382068,"Under74":199768,"Over75":91994},"Beds":{"Resuscitation":77,"IntensiveCare":100,"Total":177},"Deaths":624,"Recovered":2266,"Severe":461,"Critical":62,"Emergencies":{"Suspected":3,"Total":441,"Severe":2,"Suspected/Accumulated":3081,"Total/Accumulated":34142,"Severe/Accumulated":1511},"MedicalActs":{"Suspected":8,"Total":117,"Suspected/Accumulated":1489,"Total/Accumulated":15559},"MedicalTests":{"Total":25,"Total/Accumulated":9452,"Confirmed/Accumulated":1736},"Confirmed":42},"geometry":{"type":"Point","coordinates":[2.9385241532258073,48.61862185483869]}},{"type":"Feature","properties":{"Country/Region":"France","Province/State":"Yvelines","Code":"78","Population":{"Total":1448625,"Under19":385814,"Under39":341694,"Under59":394186,"Under74":209492,"Over75":117439},"Beds":{"Resuscitation":84,"IntensiveCare":204,"Total":288},"Deaths":487,"Recovered":1861,"Severe":595,"Critical":38,"Emergencies":{"Suspected":14,"Total":638,"Severe":7,"Suspected/Accumulated":3068,"Total/Accumulated":48673,"Severe/Accumulated":1070},"MedicalActs":{"Suspected":5,"Total":81,"Suspected/Accumulated":1316,"Total/Accumulated":11298},"MedicalTests":{"Total":80,"Confirmed":5,"Total/Accumulated":8274,"Confirmed/Accumulated":1214},"Confirmed":70},"geometry":{"type":"Point","coordinates":[1.8294258823529415,48.80823257352944]}},{"type":"Feature","properties":{"Country/Region":"France","Province/State":"Deux-Sèvres","Code":"79","Population":{"Total":372627,"Under19":85106,"Under39":73604,"Under59":98839,"Under74":72067,"Over75":43011},"Beds":{"Resuscitation":8,"IntensiveCare":36,"Total":44},"Deaths":20,"Recovered":56,"Severe":12,"Critical":2,"Emergencies":{"Total":181,"Suspected/Accumulated":386,"Total/Accumulated":14328,"Severe/Accumulated":150},"MedicalTests":{"Total":4,"Total/Accumulated":81,"Confirmed/Accumulated":5},"Confirmed":11},"geometry":{"type":"Point","coordinates":[-0.29978133828996273,46.53994301115242]}},{"type":"Feature","properties":{"Country/Region":"France","Province/State":"Somme","Code":"80","Population":{"Total":569769,"Under19":138211,"Under39":134953,"Under59":144752,"Under74":100734,"Over75":51119},"Beds":{"Resuscitation":58,"IntensiveCare":164,"Total":222},"Deaths":212,"Recovered":662,"Severe":140,"Critical":11,"Emergencies":{"Suspected":3,"Total":316,"Severe":1,"Suspected/Accumulated":1522,"Total/Accumulated":24085,"Severe/Accumulated":642},"MedicalActs":{"Suspected":5,"Total":157,"Suspected/Accumulated":1531,"Total/Accumulated":15161},"MedicalTests":{"Total":57,"Confirmed":1,"Total/Accumulated":6063,"Confirmed/Accumulated":539},"Confirmed":54},"geometry":{"type":"Point","coordinates":[2.3486719850187256,49.97418277153558]}},{"type":"Feature","properties":{"Country/Region":"France","Province/State":"Tarn","Code":"81","Population":{"Total":387898,"Under19":84873,"Under39":74511,"Under59":102349,"Under74":77279,"Over75":48886},"Beds":{"Resuscitation":24,"IntensiveCare":70,"Total":94},"Deaths":22,"Recovered":107,"Severe":15,"Critical":2,"Emergencies":{"Suspected":1,"Total":276,"Suspected/Accumulated":751,"Total/Accumulated":17413,"Severe/Accumulated":199},"MedicalTests":{"Total":55,"Total/Accumulated":2180,"Confirmed/Accumulated":44},"Confirmed":14},"geometry":{"type":"Point","coordinates":[2.1808796818181815,43.78627254545453]}},{"type":"Feature","properties":{"Country/Region":"France","Province/State":"Tarn-et-Garonne","Code":"82","Population":{"Total":262618,"Under19":63559,"Under39":53023,"Under59":70354,"Under74":48046,"Over75":27636},"Beds":{"Resuscitation":18,"IntensiveCare":40,"Total":58},"Deaths":5,"Recovered":38,"Severe":7,"Critical":4,"Emergencies":{"Total":157,"Suspected/Accumulated":662,"Total/Accumulated":10626,"Severe/Accumulated":252},"MedicalTests":{"Total":51,"Confirmed":1,"Total/Accumulated":2144,"Confirmed/Accumulated":73},"Confirmed":11},"geometry":{"type":"Point","coordinates":[1.3350866094420606,44.1164032618026]}},{"type":"Feature","properties":{"Country/Region":"France","Province/State":"Var","Code":"83","Population":{"Total":1073836,"Under19":224216,"Under39":215361,"Under59":276842,"Under74":218239,"Over75":139178},"Beds":{"Resuscitation":60,"IntensiveCare":84,"Total":144},"Deaths":127,"Recovered":846,"Severe":143,"Critical":8,"Emergencies":{"Suspected":6,"Total":570,"Severe":4,"Suspected/Accumulated":2043,"Total/Accumulated":42182,"Severe/Accumulated":1185},"MedicalActs":{"Suspected":5,"Total":308,"Suspected/Accumulated":3163,"Total/Accumulated":31695},"MedicalTests":{"Total":82,"Confirmed":1,"Total/Accumulated":11196,"Confirmed/Accumulated":470},"Confirmed":186},"geometry":{"type":"Point","coordinates":[6.2341132170542615,43.37767961240309]}},{"type":"Feature","properties":{"Country/Region":"France","Province/State":"Vaucluse","Code":"84","Population":{"Total":560997,"Under19":132211,"Under39":118607,"Under59":147247,"Under74":103567,"Over75":59365},"Beds":{"Resuscitation":16,"IntensiveCare":60,"Total":76},"Deaths":35,"Recovered":224,"Severe":29,"Emergencies":{"Suspected":2,"Total":357,"Suspected/Accumulated":786,"Total/Accumulated":28314,"Severe/Accumulated":484},"MedicalActs":{"Total":17,"Suspected/Accumulated":77,"Total/Accumulated":2255},"MedicalTests":{"Total":151,"Confirmed":1,"Total/Accumulated":8198,"Confirmed/Accumulated":217},"Confirmed":45},"geometry":{"type":"Point","coordinates":[5.137687100591716,44.08826047337278]}},{"type":"Feature","properties":{"Country/Region":"France","Province/State":"Vendée","Code":"85","Population":{"Total":683187,"Under19":155162,"Under39":132680,"Under59":176377,"Under74":142178,"Over75":76790},"Beds":{"Resuscitation":18,"IntensiveCare":44,"Total":62},"Deaths":36,"Recovered":187,"Severe":57,"Critical":5,"Emergencies":{"Suspected":2,"Total":324,"Severe":2,"Suspected/Accumulated":1012,"Total/Accumulated":22753,"Severe/Accumulated":460},"MedicalTests":{"Total":3,"Total/Accumulated":347,"Confirmed/Accumulated":9},"Confirmed":147},"geometry":{"type":"Point","coordinates":[-1.3851340601503754,46.70726116541352]}},{"type":"Feature","properties":{"Country/Region":"France","Province/State":"Vienne","Code":"86","Population":{"Total":437398,"Under19":101362,"Under39":100176,"Under59":108284,"Under74":79480,"Over75":48096},"Beds":{"Resuscitation":53,"IntensiveCare":124,"Total":177},"Deaths":37,"Recovered":122,"Severe":23,"Critical":3,"Emergencies":{"Suspected":1,"Total":207,"Severe":1,"Suspected/Accumulated":502,"Total/Accumulated":14881,"Severe/Accumulated":231},"MedicalTests":{"Total":11,"Total/Accumulated":1102,"Confirmed/Accumulated":28},"Confirmed":53},"geometry":{"type":"Point","coordinates":[0.42368070921985806,46.57872638297872]}},{"type":"Feature","properties":{"Country/Region":"France","Province/State":"Haute-Vienne","Code":"87","Population":{"Total":370774,"Under19":79173,"Under39":77448,"Under59":94509,"Under74":74186,"Over75":45458},"Beds":{"Resuscitation":24,"IntensiveCare":144,"Total":168},"Deaths":25,"Recovered":117,"Severe":16,"Critical":2,"Emergencies":{"Suspected":1,"Total":222,"Suspected/Accumulated":365,"Total/Accumulated":17217,"Severe/Accumulated":216},"MedicalActs":{"Suspected":1,"Total":105,"Suspected/Accumulated":566,"Total/Accumulated":10690},"MedicalTests":{"Total":26,"Total/Accumulated":1623,"Confirmed/Accumulated":67},"Confirmed":21},"geometry":{"type":"Point","coordinates":[1.2410431872509962,45.895894860557746]}},{"type":"Feature","properties":{"Country/Region":"France","Province/State":"Vosges","Code":"88","Population":{"Total":359520,"Under19":77042,"Under39":70274,"Under59":94740,"Under74":75920,"Over75":41544},"Beds":{"Resuscitation":8,"IntensiveCare":24,"Total":32},"Deaths":251,"Recovered":656,"Severe":71,"Critical":4,"Emergencies":{"Suspected":10,"Total":252,"Severe":4,"Suspected/Accumulated":2618,"Total/Accumulated":18242,"Severe/Accumulated":921},"MedicalTests":{"Total":96,"Total/Accumulated":3101,"Confirmed/Accumulated":400},"Confirmed":66},"geometry":{"type":"Point","coordinates":[6.2957204247104235,48.23006027027029]}},{"type":"Feature","properties":{"Country/Region":"France","Province/State":"Yonne","Code":"89","Population":{"Total":332096,"Under19":73991,"Under39":64975,"Under59":86159,"Under74":68966,"Over75":38005},"Beds":{"Resuscitation":18,"IntensiveCare":32,"Total":50},"Deaths":83,"Recovered":251,"Severe":78,"Critical":9,"Emergencies":{"Suspected":7,"Total":238,"Severe":7,"Suspected/Accumulated":1565,"Total/Accumulated":20072,"Severe/Accumulated":454},"MedicalActs":{"Suspected":7,"Total":56,"Suspected/Accumulated":637,"Total/Accumulated":5287},"MedicalTests":{"Total":1,"Total/Accumulated":633,"Confirmed/Accumulated":62}},"geometry":{"type":"Point","coordinates":[3.57333820338983,47.84307762711864]}},{"type":"Feature","properties":{"Country/Region":"France","Province/State":"Territoire de Belfort","Code":"90","Population":{"Total":140145,"Under19":33166,"Under39":32553,"Under59":36366,"Under74":24639,"Over75":13421},"Beds":{"Resuscitation":25,"IntensiveCare":40,"Total":65},"Deaths":171,"Recovered":482,"Severe":69,"Critical":8,"Emergencies":{"Suspected":1,"Total":155,"Severe":1,"Suspected/Accumulated":923,"Total/Accumulated":9991,"Severe/Accumulated":520},"MedicalTests":{"Total":3,"Total/Accumulated":853,"Confirmed/Accumulated":108}},"geometry":{"type":"Point","coordinates":[6.93897388888889,47.60873597222223]}},{"type":"Feature","properties":{"Country/Region":"France","Province/State":"Essonne","Code":"91","Population":{"Total":1319401,"Under19":360333,"Under39":338878,"Under59":349395,"Under74":176919,"Over75":93876},"Beds":{"Resuscitation":97,"IntensiveCare":164,"Total":261},"Deaths":489,"Recovered":1929,"Severe":709,"Critical":63,"Emergencies":{"Suspected":17,"Total":511,"Severe":5,"Suspected/Accumulated":3874,"Total/Accumulated":37569,"Severe/Accumulated":1160},"MedicalActs":{"Suspected":5,"Total":84,"Suspected/Accumulated":955,"Total/Accumulated":10216},"MedicalTests":{"Total":196,"Confirmed":3,"Total/Accumulated":13409,"Confirmed/Accumulated":2366},"Confirmed":30},"geometry":{"type":"Point","coordinates":[2.2519983333333338,48.50948216666667]}},{"type":"Feature","properties":{"Country/Region":"France","Province/State":"Hauts-de-Seine","Code":"92","Population":{"Total":1613762,"Under19":393984,"Under39":457571,"Under59":428782,"Under74":211036,"Over75":122389},"Beds":{"Resuscitation":184,"IntensiveCare":276,"Total":460},"Deaths":1009,"Recovered":3739,"Severe":1189,"Critical":109,"Emergencies":{"Suspected":10,"Total":686,"Severe":3,"Suspected/Accumulated":3859,"Total/Accumulated":50715,"Severe/Accumulated":1141},"MedicalTests":{"Total":131,"Confirmed":2,"Total/Accumulated":11950,"Confirmed/Accumulated":2683},"Confirmed":59},"geometry":{"type":"Point","coordinates":[2.2538900000000006,48.84266823529411]}},{"type":"Feature","properties":{"Country/Region":"France","Province/State":"Seine-Saint-Denis","Code":"93","Population":{"Total":1670149,"Under19":485032,"Under39":478299,"Under59":428192,"Under74":194935,"Over75":83691},"Beds":{"Resuscitation":100,"IntensiveCare":218,"Total":318},"Deaths":943,"Recovered":3102,"Severe":1032,"Critical":95,"Emergencies":{"Suspected":9,"Total":765,"Severe":4,"Suspected/Accumulated":5124,"Total/Accumulated":57261,"Severe/Accumulated":1385},"MedicalTests":{"Total":51,"Confirmed":2,"Total/Accumulated":8715,"Confirmed/Accumulated":2518},"Confirmed":45},"geometry":{"type":"Point","coordinates":[2.474763409090909,48.91863045454546]}},{"type":"Feature","properties":{"Country/Region":"France","Province/State":"Val-de-Marne","Code":"94","Population":{"Total":1406041,"Under19":359600,"Under39":390124,"Under59":368199,"Under74":187814,"Over75":100304},"Beds":{"Resuscitation":156,"IntensiveCare":338,"Total":494},"Deaths":1091,"Recovered":3391,"Severe":1202,"Critical":69,"Emergencies":{"Suspected":16,"Total":768,"Severe":3,"Suspected/Accumulated":7485,"Total/Accumulated":62315,"Severe/Accumulated":2944},"MedicalTests":{"Total":72,"Total/Accumulated":8850,"Confirmed/Accumulated":1817},"Confirmed":48},"geometry":{"type":"Point","coordinates":[2.47453725,48.775524499999996]}},{"type":"Feature","properties":{"Country/Region":"France","Province/State":"Val-d'Oise","Code":"95","Population":{"Total":1248354,"Under19":357525,"Under39":326622,"Under59":322949,"Under74":166265,"Over75":74993},"Beds":{"Resuscitation":60,"IntensiveCare":130,"Total":190},"Deaths":669,"Recovered":2225,"Severe":567,"Critical":29,"Emergencies":{"Suspected":11,"Total":659,"Severe":9,"Suspected/Accumulated":7904,"Total/Accumulated":52163,"Severe/Accumulated":2663},"MedicalActs":{"Suspected":4,"Total":156,"Suspected/Accumulated":1891,"Total/Accumulated":18171},"MedicalTests":{"Total":84,"Confirmed":3,"Total/Accumulated":7014,"Confirmed/Accumulated":1871},"Confirmed":60},"geometry":{"type":"Point","coordinates":[2.092522396694214,49.08765355371902]}},{"type":"Feature","properties":{"Country/Region":"France","Province/State":"La Réunion","Code":"974","Population":{"Total":859959,"Under19":256143,"Under39":202783,"Under59":239212,"Under74":117045,"Over75":44776},"Beds":{"Resuscitation":52,"IntensiveCare":154,"Total":206},"Deaths":1,"Recovered":116,"Severe":16,"Critical":1,"Emergencies":{"Suspected":1,"Total":355,"Severe":1,"Suspected/Accumulated":269,"Total/Accumulated":30151,"Severe/Accumulated":186},"MedicalTests":{"Total/Accumulated":19,"Confirmed/Accumulated":1}},"geometry":{"type":"Point","coordinates":[55.52943947368424,-21.1374047368421]}}]}