{"type":"FeatureCollection","features":[{"type":"Feature","properties":{"Country/Region":"France","Province/State":"Guadeloupe","Code":"971","Population":{"Total":376879,"Under19":90617,"Under39":71707,"Under59":109452,"Under74":70936,"Over75":34167},"Beds":{"Resuscitation":27,"IntensiveCare":68,"Total":95},"Deaths":19,"Recovered":80,"Severe":10,"Critical":4,"Emergencies":{"Total":173,"Suspected/Accumulated":303,"Total/Accumulated":22483,"Severe/Accumulated":104},"PCRTests":{"Total":213,"Confirmed":1,"Total/Accumulated":6110,"Confirmed/Accumulated":37},"Confirmed":106,"MedicalTests":{"Total/Accumulated":51,"Confirmed/Accumulated":17}},"geometry":{"type":"Point","coordinates":[-61.493846272189366,16.20469674556213]}},{"type":"Feature","properties":{"Country/Region":"France","Province/State":"Martinique","Code":"972","Population":{"Total":358749,"Under19":77005,"Under39":65776,"Under59":105638,"Under74":72163,"Over75":38167},"Beds":{"Resuscitation":26,"IntensiveCare":58,"Total":84},"Deaths":14,"Recovered":90,"Severe":13,"Critical":5,"MedicalActs":{"Total":90,"Suspected/Accumulated":155,"Total/Accumulated":12079},"PCRTests":{"Total":240,"Confirmed":1,"Total/Accumulated":7046,"Confirmed/Accumulated":68},"Confirmed":16,"MedicalTests":{"Total/Accumulated":29,"Confirmed/Accumulated":6}},"geometry":{"type":"Point","coordinates":[-60.98265692913386,14.6217557480315]}},{"type":"Feature","properties":{"Country/Region":"France","Province/State":"Guyane","Code":"973","Population":{"Total":290691,"Under19":120681,"Under39":80023,"Under59":61783,"Under74":22111,"Over75":6093},"Beds":{"Resuscitation":13,"IntensiveCare":12,"Total":25},"Deaths":16,"Recovered":415,"Severe":156,"Critical":25,"Emergencies":{"Suspected":28,"Total":192,"Severe":15,"Suspected/Accumulated":985,"Total/Accumulated":22245,"Severe/Accumulated":381},"PCRTests":{"Total":593,"Confirmed":184,"Total/Accumulated":13855,"Confirmed/Accumulated":3474},"Confirmed":43,"MedicalTests":{"Total/Accumulated":35,"Confirmed/Accumulated":4}},"geometry":{"type":"Point","coordinates":[-53.41731165390502,3.588901056661561]}},{"type":"Feature","properties":{"Country/Region":"France","Province/State":"Mayotte","Code":"976","Population":{"Total":279471,"Under19":150257,"Under39":74348,"Under59":42900,"Under74":9521,"Over75":2445},"Beds":{"Resuscitation":6,"IntensiveCare":0,"Total":6},"Deaths":28,"Recovered":365,"Severe":32,"Critical":3,"Emergencies":{"Suspected":1,"Total":127,"Suspected/Accumulated":1837,"Total/Accumulated":13097,"Severe/Accumulated":235},"PCRTests":{"Total":89,"Confirmed":8,"Total/Accumulated":4656,"Confirmed/Accumulated":952},"Confirmed":128,"MedicalTests":{"Total/Accumulated":4,"Confirmed/Accumulated":1}},"geometry":{"type":"Point","coordinates":[45.14160071428572,-12.835344166666673]}},{"type":"Feature","properties":{"Country/Region":"France","Province/State":"Ain","Code":"01","Population":{"Total":656955,"Under19":167666,"Under39":151084,"Under59":179469,"Under74":104453,"Over75":54283},"Beds":{"Resuscitation":22,"IntensiveCare":20,"Total":42},"Deaths":103,"Recovered":427,"Severe":49,"Emergencies":{"Suspected":1,"Total":254,"Suspected/Accumulated":1117,"Total/Accumulated":26953,"Severe/Accumulated":462},"PCRTests":{"Total":495,"Total/Accumulated":14780,"Confirmed/Accumulated":187},"Confirmed":118,"MedicalTests":{"Total/Accumulated":3606,"Confirmed/Accumulated":382}},"geometry":{"type":"Point","coordinates":[5.430359734513273,46.106026415929215]}},{"type":"Feature","properties":{"Country/Region":"France","Province/State":"Aisne","Code":"02","Population":{"Total":526050,"Under19":129852,"Under39":114042,"Under59":135164,"Under74":98046,"Over75":48946},"Beds":{"Resuscitation":34,"IntensiveCare":110,"Total":144},"Deaths":274,"Recovered":1025,"Severe":100,"Critical":5,"Emergencies":{"Suspected":1,"Total":383,"Suspected/Accumulated":2988,"Total/Accumulated":38617,"Severe/Accumulated":1008},"MedicalActs":{"Suspected":4,"Total":206,"Suspected/Accumulated":856,"Total/Accumulated":23309},"PCRTests":{"Total":358,"Confirmed":5,"Total/Accumulated":11400,"Confirmed/Accumulated":278},"Confirmed":59,"MedicalTests":{"Total/Accumulated":3072,"Confirmed/Accumulated":456}},"geometry":{"type":"Point","coordinates":[3.5153965625000003,49.457888298611124]}},{"type":"Feature","properties":{"Country/Region":"France","Province/State":"Allier","Code":"03","Population":{"Total":331315,"Under19":66659,"Under39":61490,"Under59":85304,"Under74":72079,"Over75":45783},"Beds":{"Resuscitation":24,"IntensiveCare":56,"Total":80},"Deaths":41,"Recovered":196,"Severe":7,"Critical":1,"Emergencies":{"Total":152,"Suspected/Accumulated":1112,"Total/Accumulated":18758,"Severe/Accumulated":630},"PCRTests":{"Total":182,"Confirmed":1,"Total/Accumulated":7553,"Confirmed/Accumulated":66},"Confirmed":38,"MedicalTests":{"Total/Accumulated":1177,"Confirmed/Accumulated":12}},"geometry":{"type":"Point","coordinates":[3.1778756690140857,46.39097419014088]}},{"type":"Feature","properties":{"Country/Region":"France","Province/State":"Alpes-de-Haute-Provence","Code":"04","Population":{"Total":165197,"Under19":34281,"Under39":30814,"Under59":43423,"Under74":35681,"Over75":20998},"Beds":{"Resuscitation":6,"IntensiveCare":0,"Total":6},"Deaths":13,"Recovered":129,"Severe":4,"Emergencies":{"Total":157,"Suspected/Accumulated":300,"Total/Accumulated":16535,"Severe/Accumulated":134},"PCRTests":{"Total":94,"Total/Accumulated":4243,"Confirmed/Accumulated":15},"Confirmed":22,"MedicalTests":{"Total/Accumulated":1722,"Confirmed/Accumulated":63}},"geometry":{"type":"Point","coordinates":[6.294359440298507,44.152788992537346]}},{"type":"Feature","properties":{"Country/Region":"France","Province/State":"Hautes-Alpes","Code":"05","Population":{"Total":141756,"Under19":30280,"Under39":27715,"Under59":37829,"Under74":29047,"Over75":16885},"Beds":{"Resuscitation":8,"IntensiveCare":0,"Total":8},"Deaths":18,"Recovered":129,"Severe":7,"Emergencies":{"Total":136,"Suspected/Accumulated":1063,"Total/Accumulated":15441,"Severe/Accumulated":190},"PCRTests":{"Total":57,"Total/Accumulated":2473,"Confirmed/Accumulated":22},"Confirmed":42,"MedicalTests":{"Total/Accumulated":658,"Confirmed/Accumulated":4}},"geometry":{"type":"Point","coordinates":[6.205986298932386,44.64177099644131]}},{"type":"Feature","properties":{"Country/Region":"France","Province/State":"Alpes-Maritimes","Code":"06","Population":{"Total":1079396,"Under19":226862,"Under39":232814,"Under59":282249,"Under74":198428,"Over75":139043},"Beds":{"Resuscitation":89,"IntensiveCare":182,"Total":271},"Deaths":188,"Recovered":742,"Severe":35,"Critical":1,"Emergencies":{"Total":884,"Suspected/Accumulated":3316,"Total/Accumulated":84444,"Severe/Accumulated":1846},"MedicalActs":{"Suspected":4,"Total":130,"Suspected/Accumulated":1432,"Total/Accumulated":18600},"PCRTests":{"Total":839,"Confirmed":2,"Total/Accumulated":33820,"Confirmed/Accumulated":288},"Confirmed":194,"MedicalTests":{"Total/Accumulated":5759,"Confirmed/Accumulated":263}},"geometry":{"type":"Point","coordinates":[7.093963618090453,43.90811477386935]}},{"type":"Feature","properties":{"Country/Region":"France","Province/State":"Corse-du-Sud","Code":"2A","Population":{"Total":162421,"Under19":31630,"Under39":34910,"Under59":45312,"Under74":31004,"Over75":19565},"Beds":{"Resuscitation":10,"IntensiveCare":30,"Total":40},"Deaths":48,"Recovered":136,"Severe":13,"Emergencies":{"Suspected":1,"Total":111,"Severe":1,"Suspected/Accumulated":131,"Total/Accumulated":9288,"Severe/Accumulated":102},"MedicalActs":{"Total":13,"Suspected/Accumulated":486,"Total/Accumulated":4500},"PCRTests":{"Total":83,"Confirmed":1,"Total/Accumulated":6247,"Confirmed/Accumulated":35},"Confirmed":207},"geometry":{"type":"Point","coordinates":[8.933891598360661,41.87995627049185]}},{"type":"Feature","properties":{"Country/Region":"France","Province/State":"Haute-Corse","Code":"2B","Population":{"Total":182258,"Under19":36925,"Under39":42075,"Under59":47863,"Under74":34671,"Over75":20724},"Beds":{"Resuscitation":8,"IntensiveCare":12,"Total":20},"Deaths":11,"Recovered":108,"Severe":1,"Critical":1,"Emergencies":{"Total":135,"Suspected/Accumulated":2019,"Total/Accumulated":12468,"Severe/Accumulated":1938},"PCRTests":{"Total":92,"Total/Accumulated":3783,"Confirmed/Accumulated":18},"Confirmed":56},"geometry":{"type":"Point","coordinates":[9.12993101604278,42.44040566844919]}},{"type":"Feature","properties":{"Country/Region":"France","Province/State":"Ardèche","Code":"07","Population":{"Total":326875,"Under19":70594,"Under39":61093,"Under59":88160,"Under74":68490,"Over75":38538},"Beds":{"Resuscitation":8,"IntensiveCare":0,"Total":8},"Deaths":108,"Recovered":440,"Severe":1,"Critical":1,"Emergencies":{"Suspected":1,"Total":212,"Severe":1,"Suspected/Accumulated":790,"Total/Accumulated":18572,"Severe/Accumulated":166},"PCRTests":{"Total":132,"Total/Accumulated":5672,"Confirmed/Accumulated":115},"Confirmed":128,"MedicalTests":{"Total/Accumulated":1210,"Confirmed/Accumulated":123}},"geometry":{"type":"Point","coordinates":[4.425911157407411,44.77470101851853]}},{"type":"Feature","properties":{"Country/Region":"France","Province/State":"Ardennes","Code":"08","Population":{"Total":265531,"Under19":60337,"Under39":55870,"Under59":70459,"Under74":52021,"Over75":26844},"Beds":{"Resuscitation":12,"IntensiveCare":42,"Total":54},"Deaths":60,"Recovered":208,"Severe":8,"Critical":2,"Emergencies":{"Total":207,"Suspected/Accumulated":242,"Total/Accumulated":21624,"Severe/Accumulated":62},"PCRTests":{"Total":191,"Total/Accumulated":6437,"Confirmed/Accumulated":80},"Confirmed":3,"MedicalTests":{"Total/Accumulated":1117,"Confirmed/Accumulated":101}},"geometry":{"type":"Point","coordinates":[4.717836481481479,49.63503592592596]}},{"type":"Feature","properties":{"Country/Region":"France","Province/State":"Ariège","Code":"09","Population":{"Total":152398,"Under19":30718,"Under39":28780,"Under59":40432,"Under74":32667,"Over75":19801},"Beds":{"Resuscitation":8,"IntensiveCare":16,"Total":24},"Deaths":2,"Recovered":33,"Severe":1,"Critical":1,"Emergencies":{"Total":119,"Suspected/Accumulated":190,"Total/Accumulated":11003,"Severe/Accumulated":86},"PCRTests":{"Total":56,"Total/Accumulated":2158,"Confirmed/Accumulated":3},"Confirmed":3,"MedicalTests":{"Total/Accumulated":943,"Confirmed/Accumulated":7}},"geometry":{"type":"Point","coordinates":[1.5308575113122171,42.951783619909506]}},{"type":"Feature","properties":{"Country/Region":"France","Province/State":"Aube","Code":"10","Population":{"Total":309907,"Under19":74513,"Under39":69749,"Under59":77945,"Under74":56336,"Over75":31364},"Beds":{"Resuscitation":12,"IntensiveCare":36,"Total":48},"Deaths":136,"Recovered":620,"Severe":25,"Critical":1,"Emergencies":{"Total":162,"Suspected/Accumulated":724,"Total/Accumulated":17810,"Severe/Accumulated":343},"MedicalActs":{"Suspected":1,"Total":107,"Suspected/Accumulated":494,"Total/Accumulated":11278},"PCRTests":{"Total":138,"Total/Accumulated":5665,"Confirmed/Accumulated":60},"Confirmed":14,"MedicalTests":{"Total/Accumulated":3836,"Confirmed/Accumulated":370}},"geometry":{"type":"Point","coordinates":[4.115386826086957,48.290927782608684]}},{"type":"Feature","properties":{"Country/Region":"France","Province/State":"Aude","Code":"11","Population":{"Total":372705,"Under19":78644,"Under39":70170,"Under59":96929,"Under74":80039,"Over75":46923},"Beds":{"Resuscitation":16,"IntensiveCare":44,"Total":60},"Deaths":59,"Recovered":234,"Severe":2,"Emergencies":{"Total":300,"Suspected/Accumulated":512,"Total/Accumulated":27232,"Severe/Accumulated":215},"PCRTests":{"Total":148,"Total/Accumulated":8671,"Confirmed/Accumulated":87},"Confirmed":44,"MedicalTests":{"Total/Accumulated":3464,"Confirmed/Accumulated":194}},"geometry":{"type":"Point","coordinates":[2.3518425641025638,43.13299722222223]}},{"type":"Feature","properties":{"Country/Region":"France","Province/State":"Aveyron","Code":"12","Population":{"Total":278360,"Under19":55940,"Under39":51027,"Under59":73060,"Under74":59454,"Over75":38879},"Beds":{"Resuscitation":11,"IntensiveCare":32,"Total":43},"Deaths":24,"Recovered":143,"Severe":1,"Emergencies":{"Total":149,"Suspected/Accumulated":22,"Total/Accumulated":12197,"Severe/Accumulated":6},"PCRTests":{"Total":177,"Total/Accumulated":5476,"Confirmed/Accumulated":46},"Confirmed":29,"MedicalTests":{"Total/Accumulated":118,"Confirmed/Accumulated":5}},"geometry":{"type":"Point","coordinates":[2.66545315960912,44.28474130293157]}},{"type":"Feature","properties":{"Country/Region":"France","Province/State":"Bouches-du-Rhône","Code":"13","Population":{"Total":2034469,"Under19":480915,"Under39":483747,"Under59":522289,"Under74":342385,"Over75":205133},"Beds":{"Resuscitation":281,"IntensiveCare":476,"Total":757},"Deaths":558,"Recovered":3251,"Severe":341,"Critical":20,"Emergencies":{"Total":1386,"Suspected/Accumulated":3378,"Total/Accumulated":132161,"Severe/Accumulated":1664},"MedicalActs":{"Suspected":9,"Total":190,"Suspected/Accumulated":1271,"Total/Accumulated":24476},"PCRTests":{"Total":2315,"Confirmed":15,"Total/Accumulated":97002,"Confirmed/Accumulated":1093},"Confirmed":827,"MedicalTests":{"Total/Accumulated":53325,"Confirmed/Accumulated":3187}},"geometry":{"type":"Point","coordinates":[5.098567400881058,43.49901925110133]}},{"type":"Feature","properties":{"Country/Region":"France","Province/State":"Calvados","Code":"14","Population":{"Total":691453,"Under19":160392,"Under39":155359,"Under59":174249,"Under74":130972,"Over75":70481},"Beds":{"Resuscitation":91,"IntensiveCare":128,"Total":219},"Deaths":83,"Recovered":319,"Severe":21,"Critical":1,"Emergencies":{"Total":383,"Suspected/Accumulated":1486,"Total/Accumulated":40865,"Severe/Accumulated":508},"MedicalActs":{"Suspected":3,"Total":206,"Suspected/Accumulated":1970,"Total/Accumulated":27600},"PCRTests":{"Total":656,"Confirmed":2,"Total/Accumulated":24310,"Confirmed/Accumulated":69},"Confirmed":147,"MedicalTests":{"Total/Accumulated":1704,"Confirmed/Accumulated":157}},"geometry":{"type":"Point","coordinates":[-0.4028230593607306,49.05443785388125]}},{"type":"Feature","properties":{"Country/Region":"France","Province/State":"Cantal","Code":"15","Population":{"Total":142811,"Under19":26571,"Under39":24954,"Under59":38397,"Under74":32697,"Over75":20192},"Beds":{"Resuscitation":8,"IntensiveCare":30,"Total":38},"Deaths":9,"Recovered":50,"Severe":8,"Emergencies":{"Total":75,"Suspected/Accumulated":193,"Total/Accumulated":7764,"Severe/Accumulated":105},"PCRTests":{"Total":124,"Total/Accumulated":2741,"Confirmed/Accumulated":14},"Confirmed":33,"MedicalTests":{"Total/Accumulated":648,"Confirmed/Accumulated":44}},"geometry":{"type":"Point","coordinates":[2.7066918215613374,45.02447219330856]}},{"type":"Feature","properties":{"Country/Region":"France","Province/State":"Charente","Code":"16","Population":{"Total":348180,"Under19":71324,"Under39":69355,"Under59":91186,"Under74":72860,"Over75":43455},"Beds":{"Resuscitation":12,"IntensiveCare":36,"Total":48},"Deaths":13,"Recovered":57,"Severe":2,"Critical":1,"Emergencies":{"Suspected":1,"Total":246,"Suspected/Accumulated":629,"Total/Accumulated":23006,"Severe/Accumulated":214},"PCRTests":{"Total":75,"Total/Accumulated":4972,"Confirmed/Accumulated":42},"Confirmed":10,"MedicalTests":{"Total/Accumulated":899,"Confirmed/Accumulated":21}},"geometry":{"type":"Point","coordinates":[0.2054574390243902,45.733938821138196]}},{"type":"Feature","properties":{"Country/Region":"France","Province/State":"Charente-Maritime","Code":"17","Population":{"Total":647080,"Under19":130618,"Under39":119836,"Under59":164314,"Under74":146996,"Over75":85316},"Beds":{"Resuscitation":30,"IntensiveCare":72,"Total":102},"Deaths":51,"Recovered":145,"Severe":7,"Emergencies":{"Suspected":1,"Total":481,"Suspected/Accumulated":1157,"Total/Accumulated":43856,"Severe/Accumulated":416},"MedicalActs":{"Total":32,"Suspected/Accumulated":204,"Total/Accumulated":4930},"PCRTests":{"Total":151,"Total/Accumulated":6887,"Confirmed/Accumulated":23},"Confirmed":49,"MedicalTests":{"Total/Accumulated":8110,"Confirmed/Accumulated":167}},"geometry":{"type":"Point","coordinates":[-0.734802142857143,45.8164405357143]}},{"type":"Feature","properties":{"Country/Region":"France","Province/State":"Cher","Code":"18","Population":{"Total":296404,"Under19":61933,"Under39":57193,"Under59":76912,"Under74":62985,"Over75":37381},"Beds":{"Resuscitation":12,"IntensiveCare":32,"Total":44},"Deaths":82,"Recovered":171,"Severe":32,"Emergencies":{"Total":135,"Suspected/Accumulated":1498,"Total/Accumulated":14207,"Severe/Accumulated":25},"MedicalActs":{"Suspected":4,"Total":175,"Suspected/Accumulated":476,"Total/Accumulated":14524},"PCRTests":{"Total":165,"Confirmed":1,"Total/Accumulated":5158,"Confirmed/Accumulated":43},"Confirmed":25,"MedicalTests":{"Total/Accumulated":3157,"Confirmed/Accumulated":334}},"geometry":{"type":"Point","coordinates":[2.420866293436294,47.03802115830117]}},{"type":"Feature","properties":{"Country/Region":"France","Province/State":"Corrèze","Code":"19","Population":{"Total":240336,"Under19":48146,"Under39":45056,"Under59":62186,"Under74":52206,"Over75":32742},"Beds":{"Resuscitation":15,"IntensiveCare":42,"Total":57},"Deaths":37,"Recovered":161,"Emergencies":{"Suspected":1,"Total":182,"Severe":1,"Suspected/Accumulated":547,"Total/Accumulated":16632,"Severe/Accumulated":444},"PCRTests":{"Total":129,"Confirmed":2,"Total/Accumulated":5869,"Confirmed/Accumulated":41},"Confirmed":23,"MedicalTests":{"Total/Accumulated":315,"Confirmed/Accumulated":17}},"geometry":{"type":"Point","coordinates":[1.8952178059071727,45.37689915611812]}},{"type":"Feature","properties":{"Country/Region":"France","Province/State":"Côte-d'Or","Code":"21","Population":{"Total":532886,"Under19":121633,"Under39":128314,"Under59":134514,"Under74":95451,"Over75":52974},"Beds":{"Resuscitation":57,"IntensiveCare":190,"Total":247},"Deaths":249,"Recovered":929,"Severe":18,"Critical":1,"Emergencies":{"Suspected":5,"Total":308,"Severe":3,"Suspected/Accumulated":1560,"Total/Accumulated":27221,"Severe/Accumulated":559},"MedicalActs":{"Suspected":2,"Total":65,"Suspected/Accumulated":853,"Total/Accumulated":8893},"PCRTests":{"Total":281,"Total/Accumulated":11865,"Confirmed/Accumulated":131},"Confirmed":1,"MedicalTests":{"Total/Accumulated":1228,"Confirmed/Accumulated":98}},"geometry":{"type":"Point","coordinates":[4.781845107913668,47.44940406474819]}},{"type":"Feature","properties":{"Country/Region":"France","Province/State":"Côtes-d'Armor","Code":"22","Population":{"Total":596186,"Under19":131217,"Under39":108675,"Under59":153257,"Under74":128481,"Over75":74556},"Beds":{"Resuscitation":14,"IntensiveCare":32,"Total":46},"Deaths":38,"Recovered":212,"Severe":10,"Emergencies":{"Suspected":1,"Total":344,"Severe":1,"Suspected/Accumulated":884,"Total/Accumulated":26673,"Severe/Accumulated":696},"PCRTests":{"Total":245,"Confirmed":1,"Total/Accumulated":14640,"Confirmed/Accumulated":239},"Confirmed":107,"MedicalTests":{"Total/Accumulated":177,"Confirmed/Accumulated":3}},"geometry":{"type":"Point","coordinates":[-2.8283123411371243,48.47540434782613]}},{"type":"Feature","properties":{"Country/Region":"France","Province/State":"Creuse","Code":"23","Population":{"Total":116270,"Under19":20766,"Under39":19388,"Under59":30402,"Under74":28640,"Over75":17074},"Beds":{"Resuscitation":8,"IntensiveCare":16,"Total":24},"Deaths":13,"Recovered":75,"Severe":3,"Critical":1,"Emergencies":{"Total":58,"Suspected/Accumulated":383,"Total/Accumulated":7059,"Severe/Accumulated":78},"PCRTests":{"Total":34,"Total/Accumulated":4600,"Confirmed/Accumulated":32},"Confirmed":12,"MedicalTests":{"Total/Accumulated":1152,"Confirmed/Accumulated":11}},"geometry":{"type":"Point","coordinates":[1.9795267256637192,46.07153353982301]}},{"type":"Feature","properties":{"Country/Region":"France","Province/State":"Dordogne","Code":"24","Population":{"Total":408393,"Under19":76430,"Under39":70201,"Under59":107402,"Under74":96538,"Over75":57822},"Beds":{"Resuscitation":19,"IntensiveCare":36,"Total":55},"Deaths":14,"Recovered":97,"Severe":1,"Emergencies":{"Suspected":1,"Total":190,"Severe":1,"Suspected/Accumulated":864,"Total/Accumulated":19220,"Severe/Accumulated":440},"PCRTests":{"Total":117,"Total/Accumulated":6244,"Confirmed/Accumulated":23},"Confirmed":13,"MedicalTests":{"Total/Accumulated":586,"Confirmed/Accumulated":26}},"geometry":{"type":"Point","coordinates":[0.7502005172413793,45.100126827586195]}},{"type":"Feature","properties":{"Country/Region":"France","Province/State":"Doubs","Code":"25","Population":{"Total":539449,"Under19":132582,"Under39":130504,"Under59":135120,"Under74":90502,"Over75":50741},"Beds":{"Resuscitation":40,"IntensiveCare":262,"Total":302},"Deaths":151,"Recovered":623,"Severe":16,"Critical":2,"Emergencies":{"Suspected":1,"Total":222,"Severe":1,"Suspected/Accumulated":1476,"Total/Accumulated":22546,"Severe/Accumulated":580},"MedicalActs":{"Total":88,"Suspected/Accumulated":500,"Total/Accumulated":11055},"PCRTests":{"Total":341,"Confirmed":2,"Total/Accumulated":14084,"Confirmed/Accumulated":165},"MedicalTests":{"Total/Accumulated":2111,"Confirmed/Accumulated":213}},"geometry":{"type":"Point","coordinates":[6.359828136363636,47.17302813636364]}},{"type":"Feature","properties":{"Country/Region":"France","Province/State":"Drôme","Code":"26","Population":{"Total":520560,"Under19":125073,"Under39":110455,"Under59":134338,"Under74":95865,"Over75":54829},"Beds":{"Resuscitation":24,"IntensiveCare":68,"Total":92},"Deaths":129,"Recovered":506,"Severe":25,"Critical":1,"Emergencies":{"Suspected":1,"Total":332,"Severe":1,"Suspected/Accumulated":1332,"Total/Accumulated":29659,"Severe/Accumulated":528},"PCRTests":{"Total":225,"Confirmed":1,"Total/Accumulated":8469,"Confirmed/Accumulated":105},"Confirmed":119,"MedicalTests":{"Total/Accumulated":2066,"Confirmed/Accumulated":135}},"geometry":{"type":"Point","coordinates":[5.213618019801983,44.63170462046205]}},{"type":"Feature","properties":{"Country/Region":"France","Province/State":"Eure","Code":"27","Population":{"Total":600687,"Under19":151745,"Under39":128858,"Under59":160781,"Under74":106586,"Over75":52717},"Beds":{"Resuscitation":12,"IntensiveCare":44,"Total":56},"Deaths":84,"Recovered":234,"Severe":38,"Emergencies":{"Total":198,"Suspected/Accumulated":414,"Total/Accumulated":18541,"Severe/Accumulated":67},"PCRTests":{"Total":467,"Confirmed":4,"Total/Accumulated":9356,"Confirmed/Accumulated":96},"Confirmed":71,"MedicalTests":{"Total/Accumulated":5764,"Confirmed/Accumulated":580}},"geometry":{"type":"Point","coordinates":[0.9927279220779222,49.13064012987015]}},{"type":"Feature","properties":{"Country/Region":"France","Province/State":"Eure-et-Loir","Code":"28","Population":{"Total":429425,"Under19":106266,"Under39":90617,"Under59":113525,"Under74":76422,"Over75":42595},"Beds":{"Resuscitation":20,"IntensiveCare":44,"Total":64},"Deaths":135,"Recovered":520,"Severe":90,"Critical":8,"Emergencies":{"Total":327,"Suspected/Accumulated":653,"Total/Accumulated":31760,"Severe/Accumulated":195},"PCRTests":{"Total":239,"Confirmed":11,"Total/Accumulated":8131,"Confirmed/Accumulated":132},"Confirmed":104,"MedicalTests":{"Total/Accumulated":4351,"Confirmed/Accumulated":653}},"geometry":{"type":"Point","coordinates":[1.3718229302325597,48.39856558139533]}},{"type":"Feature","properties":{"Country/Region":"France","Province/State":"Finistère","Code":"29","Population":{"Total":906554,"Under19":201332,"Under39":189857,"Under59":237308,"Under74":178715,"Over75":99342},"Beds":{"Resuscitation":66,"IntensiveCare":142,"Total":208},"Deaths":43,"Recovered":175,"Severe":13,"Emergencies":{"Total":644,"Suspected/Accumulated":415,"Total/Accumulated":62190,"Severe/Accumulated":122},"MedicalActs":{"Total":114,"Suspected/Accumulated":351,"Total/Accumulated":13727},"PCRTests":{"Total":295,"Total/Accumulated":12436,"Confirmed/Accumulated":43},"Confirmed":230,"MedicalTests":{"Total/Accumulated":44,"Confirmed/Accumulated":9}},"geometry":{"type":"Point","coordinates":[-4.16814140056023,48.26300924369748]}},{"type":"Feature","properties":{"Country/Region":"France","Province/State":"Gard","Code":"30","Population":{"Total":748468,"Under19":170615,"Under39":154480,"Under59":195429,"Under74":147114,"Over75":80830},"Beds":{"Resuscitation":49,"IntensiveCare":108,"Total":157},"Deaths":97,"Recovered":350,"Severe":16,"Critical":1,"Emergencies":{"Total":474,"Suspected/Accumulated":724,"Total/Accumulated":46738,"Severe/Accumulated":228},"MedicalActs":{"Suspected":1,"Total":57,"Suspected/Accumulated":530,"Total/Accumulated":8097},"PCRTests":{"Total":373,"Confirmed":2,"Total/Accumulated":21239,"Confirmed/Accumulated":423},"Confirmed":44,"MedicalTests":{"Total/Accumulated":11845,"Confirmed/Accumulated":327}},"geometry":{"type":"Point","coordinates":[4.0572744791666695,44.00851614583332]}},{"type":"Feature","properties":{"Country/Region":"France","Province/State":"Haute-Garonne","Code":"31","Population":{"Total":1400935,"Under19":335750,"Under39":398589,"Under59":358515,"Under74":197921,"Over75":110160},"Beds":{"Resuscitation":161,"IntensiveCare":430,"Total":591},"Deaths":73,"Recovered":650,"Severe":28,"Critical":5,"Emergencies":{"Suspected":1,"Total":776,"Severe":1,"Suspected/Accumulated":2855,"Total/Accumulated":73996,"Severe/Accumulated":1629},"MedicalActs":{"Suspected":4,"Total":103,"Suspected/Accumulated":1169,"Total/Accumulated":15272},"PCRTests":{"Total":1008,"Confirmed":12,"Total/Accumulated":32410,"Confirmed/Accumulated":316},"Confirmed":72,"MedicalTests":{"Total/Accumulated":11810,"Confirmed/Accumulated":341}},"geometry":{"type":"Point","coordinates":[1.1686918356164382,43.33252969863011]}},{"type":"Feature","properties":{"Country/Region":"France","Province/State":"Gers","Code":"32","Population":{"Total":190040,"Under19":37581,"Under39":32714,"Under59":51231,"Under74":41871,"Over75":26643},"Beds":{"Resuscitation":8,"IntensiveCare":8,"Total":16},"Deaths":23,"Recovered":87,"Severe":2,"Critical":1,"Emergencies":{"Total":76,"Suspected/Accumulated":476,"Total/Accumulated":7924,"Severe/Accumulated":334},"PCRTests":{"Total":104,"Total/Accumulated":4787,"Confirmed/Accumulated":77},"Confirmed":14,"MedicalTests":{"Total/Accumulated":2554,"Confirmed/Accumulated":185}},"geometry":{"type":"Point","coordinates":[0.447782880658436,43.70601049382714]}},{"type":"Feature","properties":{"Country/Region":"France","Province/State":"Gironde","Code":"33","Population":{"Total":1633440,"Under19":380317,"Under39":415128,"Under59":425319,"Under74":267580,"Over75":145096},"Beds":{"Resuscitation":183,"IntensiveCare":262,"Total":445},"Deaths":156,"Recovered":939,"Severe":46,"Critical":8,"Emergencies":{"Suspected":2,"Total":903,"Severe":1,"Suspected/Accumulated":3265,"Total/Accumulated":86827,"Severe/Accumulated":1356},"MedicalActs":{"Suspected":20,"Total":622,"Suspected/Accumulated":4721,"Total/Accumulated":77670},"PCRTests":{"Total":842,"Confirmed":5,"Total/Accumulated":30764,"Confirmed/Accumulated":154},"Confirmed":106,"MedicalTests":{"Total/Accumulated":8091,"Confirmed/Accumulated":348}},"geometry":{"type":"Point","coordinates":[-0.41644369747899174,44.756299705882356]}},{"type":"Feature","properties":{"Country/Region":"France","Province/State":"Hérault","Code":"34","Population":{"Total":1176145,"Under19":268258,"Under39":286299,"Under59":292794,"Under74":208723,"Over75":120071},"Beds":{"Resuscitation":124,"IntensiveCare":342,"Total":466},"Deaths":121,"Recovered":700,"Severe":8,"Emergencies":{"Suspected":2,"Total":851,"Suspected/Accumulated":1519,"Total/Accumulated":80305,"Severe/Accumulated":604},"MedicalActs":{"Suspected":1,"Total":78,"Suspected/Accumulated":573,"Total/Accumulated":10694},"PCRTests":{"Total":803,"Confirmed":3,"Total/Accumulated":44561,"Confirmed/Accumulated":171},"Confirmed":171,"MedicalTests":{"Total/Accumulated":38656,"Confirmed/Accumulated":1264}},"geometry":{"type":"Point","coordinates":[3.2725271495327104,43.601788971962634]}},{"type":"Feature","properties":{"Country/Region":"France","Province/State":"Ille-et-Vilaine","Code":"35","Population":{"Total":1082073,"Under19":274429,"Under39":270693,"Under59":278610,"Under74":165623,"Over75":92718},"Beds":{"Resuscitation":60,"IntensiveCare":224,"Total":284},"Deaths":86,"Recovered":465,"Severe":36,"Critical":2,"Emergencies":{"Total":599,"Suspected/Accumulated":1750,"Total/Accumulated":57643,"Severe/Accumulated":966},"MedicalActs":{"Suspected":3,"Total":113,"Suspected/Accumulated":849,"Total/Accumulated":17263},"PCRTests":{"Total":499,"Confirmed":1,"Total/Accumulated":15980,"Confirmed/Accumulated":160},"Confirmed":208,"MedicalTests":{"Total/Accumulated":429,"Confirmed/Accumulated":10}},"geometry":{"type":"Point","coordinates":[-1.7401927338129495,48.18315345323742]}},{"type":"Feature","properties":{"Country/Region":"France","Province/State":"Indre","Code":"36","Population":{"Total":217139,"Under19":42951,"Under39":38506,"Under59":56292,"Under74":48986,"Over75":30404},"Beds":{"Resuscitation":10,"IntensiveCare":18,"Total":28},"Deaths":79,"Recovered":110,"Severe":81,"Critical":2,"Emergencies":{"Total":83,"Suspected/Accumulated":83,"Total/Accumulated":9833,"Severe/Accumulated":41},"PCRTests":{"Total":57,"Total/Accumulated":2910,"Confirmed/Accumulated":24},"Confirmed":80,"MedicalTests":{"Total/Accumulated":3671,"Confirmed/Accumulated":373}},"geometry":{"type":"Point","coordinates":[1.576445147679325,46.764304345991526]}},{"type":"Feature","properties":{"Country/Region":"France","Province/State":"Indre-et-Loire","Code":"37","Population":{"Total":605380,"Under19":142122,"Under39":136574,"Under59":153731,"Under74":108623,"Over75":64330},"Beds":{"Resuscitation":79,"IntensiveCare":116,"Total":195},"Deaths":85,"Recovered":320,"Severe":61,"Critical":2,"Emergencies":{"Total":365,"Suspected/Accumulated":1017,"Total/Accumulated":31831,"Severe/Accumulated":367},"MedicalActs":{"Total":127,"Suspected/Accumulated":580,"Total/Accumulated":14960},"PCRTests":{"Total":249,"Confirmed":3,"Total/Accumulated":15662,"Confirmed/Accumulated":124},"Confirmed":123,"MedicalTests":{"Total/Accumulated":4143,"Confirmed/Accumulated":118}},"geometry":{"type":"Point","coordinates":[0.6915947413793099,47.23521443965518]}},{"type":"Feature","properties":{"Country/Region":"France","Province/State":"Isère","Code":"38","Population":{"Total":1264979,"Under19":319977,"Under39":298730,"Under59":332378,"Under74":201842,"Over75":112052},"Beds":{"Resuscitation":74,"IntensiveCare":178,"Total":252},"Deaths":153,"Recovered":688,"Severe":33,"Critical":2,"Emergencies":{"Total":741,"Suspected/Accumulated":1764,"Total/Accumulated":76242,"Severe/Accumulated":628},"MedicalActs":{"Suspected":7,"Total":187,"Suspected/Accumulated":1347,"Total/Accumulated":19212},"PCRTests":{"Total":726,"Confirmed":4,"Total/Accumulated":24157,"Confirmed/Accumulated":196},"Confirmed":190,"MedicalTests":{"Total/Accumulated":1901,"Confirmed/Accumulated":138}},"geometry":{"type":"Point","coordinates":[5.557470704225359,45.27668616197182]}},{"type":"Feature","properties":{"Country/Region":"France","Province/State":"Jura","Code":"39","Population":{"Total":257849,"Under19":57639,"Under39":51064,"Under59":68521,"Under74":50575,"Over75":30050},"Beds":{"Resuscitation":8,"IntensiveCare":18,"Total":26},"Deaths":61,"Recovered":313,"Severe":6,"Emergencies":{"Suspected":2,"Total":198,"Severe":1,"Suspected/Accumulated":729,"Total/Accumulated":18764,"Severe/Accumulated":307},"PCRTests":{"Total":380,"Confirmed":1,"Total/Accumulated":5726,"Confirmed/Accumulated":45},"MedicalTests":{"Total/Accumulated":1465,"Confirmed/Accumulated":150}},"geometry":{"type":"Point","coordinates":[5.6395758823529425,46.756161447963784]}},{"type":"Feature","properties":{"Country/Region":"France","Province/State":"Landes","Code":"40","Population":{"Total":411979,"Under19":85144,"Under39":78495,"Under59":112191,"Under74":86896,"Over75":49253},"Beds":{"Resuscitation":14,"IntensiveCare":32,"Total":46},"Deaths":13,"Recovered":72,"Severe":6,"Critical":1,"Emergencies":{"Total":193,"Suspected/Accumulated":530,"Total/Accumulated":18718,"Severe/Accumulated":326},"PCRTests":{"Total":262,"Confirmed":4,"Total/Accumulated":7281,"Confirmed/Accumulated":47},"Confirmed":20,"MedicalTests":{"Total/Accumulated":870,"Confirmed/Accumulated":24}},"geometry":{"type":"Point","coordinates":[-0.5772234449760769,43.8801859808612]}},{"type":"Feature","properties":{"Country/Region":"France","Province/State":"Loir-et-Cher","Code":"41","Population":{"Total":327835,"Under19":72953,"Under39":62903,"Under59":86073,"Under74":65923,"Over75":39983},"Beds":{"Resuscitation":12,"IntensiveCare":16,"Total":28},"Deaths":63,"Recovered":236,"Severe":86,"Emergencies":{"Suspected":1,"Total":224,"Suspected/Accumulated":767,"Total/Accumulated":22037,"Severe/Accumulated":84},"PCRTests":{"Total":111,"Total/Accumulated":4880,"Confirmed/Accumulated":50},"Confirmed":55,"MedicalTests":{"Total/Accumulated":1428,"Confirmed/Accumulated":55}},"geometry":{"type":"Point","coordinates":[1.3938662132352944,47.653275698529406]}},{"type":"Feature","properties":{"Country/Region":"France","Province/State":"Loire","Code":"42","Population":{"Total":764737,"Under19":186049,"Under39":167975,"Under59":190702,"Under74":136240,"Over75":83771},"Beds":{"Resuscitation":70,"IntensiveCare":120,"Total":190},"Deaths":247,"Recovered":959,"Severe":83,"Critical":3,"Emergencies":{"Suspected":4,"Total":687,"Severe":2,"Suspected/Accumulated":1774,"Total/Accumulated":63117,"Severe/Accumulated":993},"MedicalActs":{"Suspected":4,"Total":91,"Suspected/Accumulated":495,"Total/Accumulated":11469},"PCRTests":{"Total":605,"Confirmed":1,"Total/Accumulated":21811,"Confirmed/Accumulated":152},"Confirmed":363,"MedicalTests":{"Total/Accumulated":719,"Confirmed/Accumulated":46}},"geometry":{"type":"Point","coordinates":[4.189998267716536,45.74292366141733]}},{"type":"Feature","properties":{"Country/Region":"France","Province/State":"Haute-Loire","Code":"43","Population":{"Total":226901,"Under19":49659,"Under39":43248,"Under59":60903,"Under74":46857,"Over75":26234},"Beds":{"Resuscitation":8,"IntensiveCare":20,"Total":28},"Deaths":18,"Recovered":106,"Severe":1,"Emergencies":{"Total":29,"Suspected/Accumulated":15,"Total/Accumulated":2695,"Severe/Accumulated":7},"PCRTests":{"Total":230,"Confirmed":1,"Total/Accumulated":4303,"Confirmed/Accumulated":33},"Confirmed":23,"MedicalTests":{"Total/Accumulated":1400,"Confirmed/Accumulated":50}},"geometry":{"type":"Point","coordinates":[3.7869054017857136,45.15054486607143]}},{"type":"Feature","properties":{"Country/Region":"France","Province/State":"Loire-Atlantique","Code":"44","Population":{"Total":1437137,"Under19":363681,"Under39":357664,"Under59":368059,"Under74":227458,"Over75":120275},"Beds":{"Resuscitation":77,"IntensiveCare":262,"Total":339},"Deaths":160,"Recovered":696,"Severe":35,"Critical":1,"Emergencies":{"Suspected":1,"Total":528,"Suspected/Accumulated":2562,"Total/Accumulated":51075,"Severe/Accumulated":1402},"MedicalActs":{"Suspected":11,"Total":438,"Suspected/Accumulated":3316,"Total/Accumulated":53750},"PCRTests":{"Total":881,"Confirmed":2,"Total/Accumulated":31947,"Confirmed/Accumulated":382},"Confirmed":633,"MedicalTests":{"Total/Accumulated":844,"Confirmed/Accumulated":39}},"geometry":{"type":"Point","coordinates":[-1.6902253409090902,47.33230598484852]}},{"type":"Feature","properties":{"Country/Region":"France","Province/State":"Loiret","Code":"45","Population":{"Total":682890,"Under19":172345,"Under39":155348,"Under59":174617,"Under74":115984,"Over75":64596},"Beds":{"Resuscitation":47,"IntensiveCare":120,"Total":167},"Deaths":103,"Recovered":598,"Severe":61,"Critical":4,"Emergencies":{"Suspected":1,"Total":392,"Suspected/Accumulated":1190,"Total/Accumulated":37601,"Severe/Accumulated":620},"MedicalActs":{"Total":39,"Suspected/Accumulated":271,"Total/Accumulated":5119},"PCRTests":{"Total":616,"Confirmed":2,"Total/Accumulated":20796,"Confirmed/Accumulated":460},"Confirmed":258,"MedicalTests":{"Total/Accumulated":3447,"Confirmed/Accumulated":325}},"geometry":{"type":"Point","coordinates":[2.383405222672066,47.91302979757084]}},{"type":"Feature","properties":{"Country/Region":"France","Province/State":"Lot","Code":"46","Population":{"Total":173166,"Under19":31861,"Under39":29365,"Under59":44533,"Under74":41623,"Over75":25784},"Beds":{"Resuscitation":8,"IntensiveCare":8,"Total":16},"Deaths":22,"Recovered":132,"Emergencies":{"Total":115,"Suspected/Accumulated":325,"Total/Accumulated":11744,"Severe/Accumulated":82},"PCRTests":{"Total":53,"Total/Accumulated":2349,"Confirmed/Accumulated":15},"Confirmed":4,"MedicalTests":{"Total/Accumulated":612,"Confirmed/Accumulated":19}},"geometry":{"type":"Point","coordinates":[1.5901290212765966,44.59231876595746]}},{"type":"Feature","properties":{"Country/Region":"France","Province/State":"Lot-et-Garonne","Code":"47","Population":{"Total":330336,"Under19":69990,"Under39":64149,"Under59":84272,"Under74":68912,"Over75":43013},"Beds":{"Resuscitation":11,"IntensiveCare":36,"Total":47},"Deaths":10,"Recovered":78,"Severe":2,"Emergencies":{"Total":221,"Suspected/Accumulated":882,"Total/Accumulated":23338,"Severe/Accumulated":248},"PCRTests":{"Total":233,"Total/Accumulated":5204,"Confirmed/Accumulated":22},"Confirmed":65,"MedicalTests":{"Total/Accumulated":1173,"Confirmed/Accumulated":16}},"geometry":{"type":"Point","coordinates":[0.4871552444444442,44.39576413333333]}},{"type":"Feature","properties":{"Country/Region":"France","Province/State":"Lozère","Code":"48","Population":{"Total":76286,"Under19":15582,"Under39":14895,"Under59":20255,"Under74":15962,"Over75":9592},"Beds":{"Resuscitation":3,"IntensiveCare":0,"Total":3},"Deaths":1,"Recovered":24,"Emergencies":{"Total":26,"Suspected/Accumulated":47,"Total/Accumulated":3047,"Severe/Accumulated":11},"PCRTests":{"Total":25,"Total/Accumulated":1932,"Confirmed/Accumulated":4},"Confirmed":8,"MedicalTests":{"Total/Accumulated":657,"Confirmed/Accumulated":4}},"geometry":{"type":"Point","coordinates":[3.494722131979694,44.51333609137059]}},{"type":"Feature","properties":{"Country/Region":"France","Province/State":"Maine-et-Loire","Code":"49","Population":{"Total":815881,"Under19":204162,"Under39":184600,"Under59":204421,"Under74":138603,"Over75":84095},"Beds":{"Resuscitation":61,"IntensiveCare":196,"Total":257},"Deaths":141,"Recovered":596,"Severe":54,"Critical":1,"Emergencies":{"Suspected":2,"Total":385,"Severe":2,"Suspected/Accumulated":1609,"Total/Accumulated":37346,"Severe/Accumulated":725},"PCRTests":{"Total":435,"Confirmed":1,"Total/Accumulated":17314,"Confirmed/Accumulated":304},"Confirmed":222,"MedicalTests":{"Total/Accumulated":145,"Confirmed/Accumulated":13}},"geometry":{"type":"Point","coordinates":[-0.6000336862745095,47.406434431372546]}},{"type":"Feature","properties":{"Country/Region":"France","Province/State":"Manche","Code":"50","Population":{"Total":490669,"Under19":105402,"Under39":96439,"Under59":126734,"Under74":101121,"Over75":60973},"Beds":{"Resuscitation":28,"IntensiveCare":52,"Total":80},"Deaths":47,"Recovered":141,"Severe":35,"Emergencies":{"Suspected":3,"Total":355,"Severe":3,"Suspected/Accumulated":663,"Total/Accumulated":34351,"Severe/Accumulated":555},"MedicalActs":{"Suspected":7,"Total":105,"Suspected/Accumulated":615,"Total/Accumulated":11047},"PCRTests":{"Total":301,"Total/Accumulated":9214,"Confirmed/Accumulated":29},"Confirmed":107,"MedicalTests":{"Total/Accumulated":1735,"Confirmed/Accumulated":120}},"geometry":{"type":"Point","coordinates":[-1.3097769083969464,49.05127938931302]}},{"type":"Feature","properties":{"Country/Region":"France","Province/State":"Marne","Code":"51","Population":{"Total":563823,"Under19":136695,"Under39":137533,"Under59":142415,"Under74":97015,"Over75":50165},"Beds":{"Resuscitation":54,"IntensiveCare":78,"Total":132},"Deaths":265,"Recovered":991,"Severe":82,"Critical":5,"Emergencies":{"Suspected":1,"Total":313,"Suspected/Accumulated":853,"Total/Accumulated":29328,"Severe/Accumulated":403},"MedicalActs":{"Total":31,"Suspected/Accumulated":214,"Total/Accumulated":3778},"PCRTests":{"Total":264,"Confirmed":1,"Total/Accumulated":15673,"Confirmed/Accumulated":280},"Confirmed":37,"MedicalTests":{"Total/Accumulated":1760,"Confirmed/Accumulated":353}},"geometry":{"type":"Point","coordinates":[4.209888097014927,48.936171417910444]}},{"type":"Feature","properties":{"Country/Region":"France","Province/State":"Haute-Marne","Code":"52","Population":{"Total":169250,"Under19":34865,"Under39":34065,"Under59":44268,"Under74":35981,"Over75":20071},"Beds":{"Resuscitation":8,"IntensiveCare":12,"Total":20},"Deaths":87,"Recovered":247,"Severe":27,"Emergencies":{"Total":105,"Suspected/Accumulated":786,"Total/Accumulated":11894,"Severe/Accumulated":188},"PCRTests":{"Total":80,"Total/Accumulated":3810,"Confirmed/Accumulated":40},"Confirmed":7,"MedicalTests":{"Total/Accumulated":223,"Confirmed/Accumulated":37}},"geometry":{"type":"Point","coordinates":[5.203108577075099,48.126414822134386]}},{"type":"Feature","properties":{"Country/Region":"France","Province/State":"Mayenne","Code":"53","Population":{"Total":305365,"Under19":74868,"Under39":61839,"Under59":78619,"Under74":55705,"Over75":34334},"Beds":{"Resuscitation":8,"IntensiveCare":16,"Total":24},"Deaths":44,"Recovered":180,"Severe":8,"Emergencies":{"Suspected":1,"Total":193,"Severe":1,"Suspected/Accumulated":627,"Total/Accumulated":13602,"Severe/Accumulated":218},"PCRTests":{"Total":365,"Confirmed":22,"Total/Accumulated":5301,"Confirmed/Accumulated":170},"Confirmed":182,"MedicalTests":{"Total/Accumulated":521,"Confirmed/Accumulated":14}},"geometry":{"type":"Point","coordinates":[-0.6361607305936071,48.153668493150704]}},{"type":"Feature","properties":{"Country/Region":"France","Province/State":"Meurthe-et-Moselle","Code":"54","Population":{"Total":730398,"Under19":170693,"Under39":185629,"Under59":182526,"Under74":124808,"Over75":66742},"Beds":{"Resuscitation":83,"IntensiveCare":172,"Total":255},"Deaths":358,"Recovered":1188,"Severe":79,"Critical":4,"Emergencies":{"Suspected":1,"Total":365,"Suspected/Accumulated":1399,"Total/Accumulated":38655,"Severe/Accumulated":671},"MedicalActs":{"Suspected":2,"Total":104,"Suspected/Accumulated":1203,"Total/Accumulated":14738},"PCRTests":{"Total":1083,"Confirmed":6,"Total/Accumulated":43594,"Confirmed/Accumulated":717},"Confirmed":85,"MedicalTests":{"Total/Accumulated":2356,"Confirmed/Accumulated":186}},"geometry":{"type":"Point","coordinates":[6.092894571428565,48.892416158730185]}},{"type":"Feature","properties":{"Country/Region":"France","Province/State":"Meuse","Code":"55","Population":{"Total":181641,"Under19":40375,"Under39":37641,"Under59":47696,"Under74":36898,"Over75":19031},"Beds":{"Resuscitation":8,"IntensiveCare":20,"Total":28},"Deaths":103,"Recovered":493,"Severe":6,"Emergencies":{"Total":102,"Suspected/Accumulated":421,"Total/Accumulated":9891,"Severe/Accumulated":202},"PCRTests":{"Total":161,"Confirmed":1,"Total/Accumulated":9186,"Confirmed/Accumulated":210},"Confirmed":18,"MedicalTests":{"Total/Accumulated":808,"Confirmed/Accumulated":77}},"geometry":{"type":"Point","coordinates":[5.380316626506025,49.03635373493975]}},{"type":"Feature","properties":{"Country/Region":"France","Province/State":"Morbihan","Code":"56","Population":{"Total":755566,"Under19":166653,"Under39":145287,"Under59":197813,"Under74":159285,"Over75":86528},"Beds":{"Resuscitation":22,"IntensiveCare":64,"Total":86},"Deaths":93,"Recovered":424,"Severe":25,"Emergencies":{"Suspected":8,"Total":365,"Suspected/Accumulated":2465,"Total/Accumulated":40208,"Severe/Accumulated":422},"MedicalActs":{"Suspected":4,"Total":66,"Suspected/Accumulated":233,"Total/Accumulated":8361},"PCRTests":{"Total":254,"Confirmed":1,"Total/Accumulated":11295,"Confirmed/Accumulated":89},"Confirmed":313,"MedicalTests":{"Total/Accumulated":48,"Confirmed/Accumulated":3}},"geometry":{"type":"Point","coordinates":[-2.8780210594315263,47.764317932816574]}},{"type":"Feature","properties":{"Country/Region":"France","Province/State":"Moselle","Code":"57","Population":{"Total":1035866,"Under19":229681,"Under39":243525,"Under59":278966,"Under74":186864,"Over75":96830},"Beds":{"Resuscitation":88,"IntensiveCare":112,"Total":200},"Deaths":830,"Recovered":2350,"Severe":269,"Critical":21,"Emergencies":{"Suspected":3,"Total":689,"Severe":1,"Suspected/Accumulated":4730,"Total/Accumulated":66955,"Severe/Accumulated":2159},"PCRTests":{"Total":658,"Confirmed":5,"Total/Accumulated":30859,"Confirmed/Accumulated":590},"Confirmed":295,"MedicalTests":{"Total/Accumulated":3848,"Confirmed/Accumulated":665}},"geometry":{"type":"Point","coordinates":[6.73973678343949,49.04168831210189]}},{"type":"Feature","properties":{"Country/Region":"France","Province/State":"Nièvre","Code":"58","Population":{"Total":199596,"Under19":38191,"Under39":34484,"Under59":50426,"Under74":47745,"Over75":28750},"Beds":{"Resuscitation":12,"IntensiveCare":32,"Total":44},"Deaths":27,"Recovered":91,"Severe":7,"Critical":1,"Emergencies":{"Total":167,"Suspected/Accumulated":965,"Total/Accumulated":18180,"Severe/Accumulated":370},"PCRTests":{"Total":227,"Confirmed":1,"Total/Accumulated":4965,"Confirmed/Accumulated":59},"Confirmed":2,"MedicalTests":{"Total/Accumulated":2556,"Confirmed/Accumulated":167}},"geometry":{"type":"Point","coordinates":[3.547376999999999,47.143300999999994]}},{"type":"Feature","properties":{"Country/Region":"France","Province/State":"Nord","Code":"59","Population":{"Total":2588988,"Under19":675470,"Under39":665053,"Under59":646791,"Under74":405380,"Over75":196294},"Beds":{"Resuscitation":225,"IntensiveCare":698,"Total":923},"Deaths":620,"Recovered":2220,"Severe":402,"Critical":30,"Emergencies":{"Suspected":7,"Total":1775,"Severe":2,"Suspected/Accumulated":6412,"Total/Accumulated":175332,"Severe/Accumulated":2349},"MedicalActs":{"Suspected":11,"Total":375,"Suspected/Accumulated":1802,"Total/Accumulated":42268},"PCRTests":{"Total":2609,"Confirmed":45,"Total/Accumulated":79800,"Confirmed/Accumulated":1789},"Confirmed":39,"MedicalTests":{"Total/Accumulated":5598,"Confirmed/Accumulated":535}},"geometry":{"type":"Point","coordinates":[3.1893953197674403,50.453616308139516]}},{"type":"Feature","properties":{"Country/Region":"France","Province/State":"Oise","Code":"60","Population":{"Total":825077,"Under19":214776,"Under39":193026,"Under59":221783,"Under74":134365,"Over75":61127},"Beds":{"Resuscitation":36,"IntensiveCare":92,"Total":128},"Deaths":408,"Recovered":1084,"Severe":227,"Critical":7,"Emergencies":{"Suspected":2,"Total":180,"Severe":1,"Suspected/Accumulated":668,"Total/Accumulated":19945,"Severe/Accumulated":366},"PCRTests":{"Total":770,"Confirmed":2,"Total/Accumulated":14266,"Confirmed/Accumulated":236},"Confirmed":210,"MedicalTests":{"Total/Accumulated":10089,"Confirmed/Accumulated":1313}},"geometry":{"type":"Point","coordinates":[2.463008007117438,49.41459999999999]}},{"type":"Feature","properties":{"Country/Region":"France","Province/State":"Orne","Code":"61","Population":{"Total":276903,"Under19":59830,"Under39":51781,"Under59":70741,"Under74":58679,"Over75":35872},"Beds":{"Resuscitation":16,"IntensiveCare":24,"Total":40},"Deaths":39,"Recovered":230,"Severe":33,"Critical":2,"Emergencies":{"Total":200,"Suspected/Accumulated":333,"Total/Accumulated":20021,"Severe/Accumulated":45},"PCRTests":{"Total":300,"Total/Accumulated":8835,"Confirmed/Accumulated":100},"Confirmed":28,"MedicalTests":{"Total/Accumulated":1414,"Confirmed/Accumulated":96}},"geometry":{"type":"Point","coordinates":[0.01997467181467186,48.611762664092666]}},{"type":"Feature","properties":{"Country/Region":"France","Province/State":"Pas-de-Calais","Code":"62","Population":{"Total":1452778,"Under19":367229,"Under39":336274,"Under59":374200,"Under74":255788,"Over75":119287},"Beds":{"Resuscitation":85,"IntensiveCare":274,"Total":359},"Deaths":308,"Recovered":1287,"Severe":178,"Critical":19,"Emergencies":{"Total":549,"Suspected/Accumulated":939,"Total/Accumulated":43533,"Severe/Accumulated":184},"PCRTests":{"Total":731,"Confirmed":12,"Total/Accumulated":31068,"Confirmed/Accumulated":447},"Confirmed":8,"MedicalTests":{"Total/Accumulated":6968,"Confirmed/Accumulated":567}},"geometry":{"type":"Point","coordinates":[2.4712310954063605,50.40984130742051]}},{"type":"Feature","properties":{"Country/Region":"France","Province/State":"Puy-de-Dôme","Code":"63","Population":{"Total":660240,"Under19":147680,"Under39":153022,"Under59":169492,"Under74":122442,"Over75":67604},"Beds":{"Resuscitation":77,"IntensiveCare":104,"Total":181},"Deaths":42,"Recovered":175,"Severe":17,"Critical":2,"Emergencies":{"Total":209,"Suspected/Accumulated":498,"Total/Accumulated":16069,"Severe/Accumulated":230},"MedicalActs":{"Total":73,"Suspected/Accumulated":396,"Total/Accumulated":9601},"PCRTests":{"Total":502,"Confirmed":1,"Total/Accumulated":17076,"Confirmed/Accumulated":54},"Confirmed":105,"MedicalTests":{"Total/Accumulated":8601,"Confirmed/Accumulated":234}},"geometry":{"type":"Point","coordinates":[3.143235039370079,45.73685830708661]}},{"type":"Feature","properties":{"Country/Region":"France","Province/State":"Pyrénées-Atlantiques","Code":"64","Population":{"Total":683169,"Under19":144945,"Under39":141910,"Under59":182850,"Under74":130868,"Over75":82596},"Beds":{"Resuscitation":35,"IntensiveCare":110,"Total":145},"Deaths":27,"Recovered":224,"Emergencies":{"Total":441,"Suspected/Accumulated":717,"Total/Accumulated":44688,"Severe/Accumulated":317},"MedicalActs":{"Suspected":8,"Total":263,"Suspected/Accumulated":1743,"Total/Accumulated":29694},"PCRTests":{"Total":419,"Total/Accumulated":14912,"Confirmed/Accumulated":68},"Confirmed":41,"MedicalTests":{"Total/Accumulated":9041,"Confirmed/Accumulated":231}},"geometry":{"type":"Point","coordinates":[-0.7610906397306391,43.26238828282827]}},{"type":"Feature","properties":{"Country/Region":"France","Province/State":"Hautes-Pyrénées","Code":"65","Population":{"Total":226839,"Under19":44839,"Under39":42373,"Under59":59329,"Under74":49523,"Over75":30775},"Beds":{"Resuscitation":12,"IntensiveCare":44,"Total":56},"Deaths":27,"Recovered":155,"Severe":3,"Critical":2,"Emergencies":{"Total":118,"Suspected/Accumulated":41,"Total/Accumulated":10397,"Severe/Accumulated":18},"PCRTests":{"Total":113,"Confirmed":1,"Total/Accumulated":5004,"Confirmed/Accumulated":30},"Confirmed":11,"MedicalTests":{"Total/Accumulated":2990,"Confirmed/Accumulated":182}},"geometry":{"type":"Point","coordinates":[0.15248105932203385,43.134416483050856]}},{"type":"Feature","properties":{"Country/Region":"France","Province/State":"Pyrénées-Orientales","Code":"66","Population":{"Total":479000,"Under19":102236,"Under39":93899,"Under59":121501,"Under74":99671,"Over75":61693},"Beds":{"Resuscitation":32,"IntensiveCare":64,"Total":96},"Deaths":34,"Recovered":278,"Emergencies":{"Suspected":1,"Total":323,"Suspected/Accumulated":405,"Total/Accumulated":33742,"Severe/Accumulated":173},"MedicalActs":{"Total":69,"Suspected/Accumulated":639,"Total/Accumulated":11668},"PCRTests":{"Total":177,"Total/Accumulated":7861,"Confirmed/Accumulated":3},"Confirmed":35,"MedicalTests":{"Total/Accumulated":5770,"Confirmed/Accumulated":35}},"geometry":{"type":"Point","coordinates":[2.4354706043956034,42.554231208791215]}},{"type":"Feature","properties":{"Country/Region":"France","Province/State":"Bas-Rhin","Code":"67","Population":{"Total":1132607,"Under19":258105,"Under39":285390,"Under59":300661,"Under74":188150,"Over75":100301},"Beds":{"Resuscitation":122,"IntensiveCare":208,"Total":330},"Deaths":659,"Recovered":2496,"Severe":300,"Critical":7,"Emergencies":{"Suspected":4,"Total":472,"Severe":2,"Suspected/Accumulated":2475,"Total/Accumulated":44430,"Severe/Accumulated":1553},"MedicalActs":{"Suspected":7,"Total":209,"Suspected/Accumulated":2805,"Total/Accumulated":32420},"PCRTests":{"Total":877,"Confirmed":5,"Total/Accumulated":39921,"Confirmed/Accumulated":433},"Confirmed":376,"MedicalTests":{"Total/Accumulated":3888,"Confirmed/Accumulated":553}},"geometry":{"type":"Point","coordinates":[7.447409099526063,48.70509469194314]}},{"type":"Feature","properties":{"Country/Region":"France","Province/State":"Haut-Rhin","Code":"68","Population":{"Total":763204,"Under19":175817,"Under39":172286,"Under59":209152,"Under74":134185,"Over75":71764},"Beds":{"Resuscitation":70,"IntensiveCare":136,"Total":206},"Deaths":814,"Recovered":2875,"Severe":231,"Critical":12,"Emergencies":{"Total":380,"Suspected/Accumulated":3105,"Total/Accumulated":40948,"Severe/Accumulated":1981},"MedicalActs":{"Suspected":4,"Total":80,"Suspected/Accumulated":1924,"Total/Accumulated":13086},"PCRTests":{"Total":1024,"Confirmed":4,"Total/Accumulated":24589,"Confirmed/Accumulated":397},"Confirmed":700,"MedicalTests":{"Total/Accumulated":4045,"Confirmed/Accumulated":960}},"geometry":{"type":"Point","coordinates":[7.263731571428571,47.83921192857142]}},{"type":"Feature","properties":{"Country/Region":"France","Province/State":"Rhône","Code":"69","Population":{"Total":1876051,"Under19":478142,"Under39":523161,"Under59":455898,"Under74":259877,"Over75":158973},"Beds":{"Resuscitation":192,"IntensiveCare":422,"Total":614},"Deaths":651,"Recovered":2947,"Severe":161,"Critical":13,"Emergencies":{"Suspected":4,"Total":1089,"Severe":1,"Suspected/Accumulated":5243,"Total/Accumulated":110575,"Severe/Accumulated":2345},"MedicalActs":{"Suspected":23,"Total":325,"Suspected/Accumulated":3308,"Total/Accumulated":37263},"PCRTests":{"Total":1786,"Confirmed":28,"Total/Accumulated":50473,"Confirmed/Accumulated":731},"Confirmed":532,"MedicalTests":{"Total/Accumulated":2582,"Confirmed/Accumulated":345}},"geometry":{"type":"Point","coordinates":[4.660707512690354,45.8811785786802]}},{"type":"Feature","properties":{"Country/Region":"France","Province/State":"Haute-Saône","Code":"70","Population":{"Total":233194,"Under19":52426,"Under39":45311,"Under59":62843,"Under74":47643,"Over75":24971},"Beds":{"Resuscitation":12,"IntensiveCare":24,"Total":36},"Deaths":77,"Recovered":291,"Severe":18,"Emergencies":{"Total":119,"Suspected/Accumulated":948,"Total/Accumulated":12881,"Severe/Accumulated":548},"PCRTests":{"Total":117,"Total/Accumulated":6598,"Confirmed/Accumulated":30},"MedicalTests":{"Total/Accumulated":3094,"Confirmed/Accumulated":278}},"geometry":{"type":"Point","coordinates":[6.0410172972972935,47.62793234234234]}},{"type":"Feature","properties":{"Country/Region":"France","Province/State":"Saône-et-Loire","Code":"71","Population":{"Total":547824,"Under19":117389,"Under39":104206,"Under59":141715,"Under74":114530,"Over75":69984},"Beds":{"Resuscitation":26,"IntensiveCare":44,"Total":70},"Deaths":201,"Recovered":744,"Severe":24,"Critical":2,"Emergencies":{"Suspected":1,"Total":379,"Severe":1,"Suspected/Accumulated":3016,"Total/Accumulated":39196,"Severe/Accumulated":1360},"PCRTests":{"Total":292,"Confirmed":3,"Total/Accumulated":13975,"Confirmed/Accumulated":132},"MedicalTests":{"Total/Accumulated":3733,"Confirmed/Accumulated":254}},"geometry":{"type":"Point","coordinates":[4.528318691588785,46.63876112149533]}},{"type":"Feature","properties":{"Country/Region":"France","Province/State":"Sarthe","Code":"72","Population":{"Total":560227,"Under19":135636,"Under39":116946,"Under59":143032,"Under74":103587,"Over75":61026},"Beds":{"Resuscitation":17,"IntensiveCare":54,"Total":71},"Deaths":84,"Recovered":359,"Severe":32,"Emergencies":{"Suspected":8,"Total":347,"Severe":8,"Suspected/Accumulated":2382,"Total/Accumulated":35425,"Severe/Accumulated":1380},"PCRTests":{"Total":286,"Confirmed":3,"Total/Accumulated":10141,"Confirmed/Accumulated":162},"Confirmed":422,"MedicalTests":{"Total/Accumulated":84,"Confirmed/Accumulated":3}},"geometry":{"type":"Point","coordinates":[0.1986467741935485,47.9763005529954]}},{"type":"Feature","properties":{"Country/Region":"France","Province/State":"Savoie","Code":"73","Population":{"Total":432548,"Under19":98346,"Under39":96013,"Under59":117417,"Under74":76722,"Over75":44050},"Beds":{"Resuscitation":18,"IntensiveCare":36,"Total":54},"Deaths":71,"Recovered":397,"Severe":16,"Emergencies":{"Total":208,"Suspected/Accumulated":595,"Total/Accumulated":19387,"Severe/Accumulated":255},"MedicalActs":{"Suspected":4,"Total":94,"Suspected/Accumulated":742,"Total/Accumulated":9890},"PCRTests":{"Total":209,"Confirmed":1,"Total/Accumulated":9330,"Confirmed/Accumulated":70},"Confirmed":114,"MedicalTests":{"Total/Accumulated":373,"Confirmed/Accumulated":39}},"geometry":{"type":"Point","coordinates":[6.4038603585657325,45.50301760956176]}},{"type":"Feature","properties":{"Country/Region":"France","Province/State":"Haute-Savoie","Code":"74","Population":{"Total":828405,"Under19":203837,"Under39":209477,"Under59":227355,"Under74":122439,"Over75":65297},"Beds":{"Resuscitation":34,"IntensiveCare":82,"Total":116},"Deaths":166,"Recovered":844,"Severe":78,"Critical":2,"Emergencies":{"Suspected":5,"Total":692,"Severe":1,"Suspected/Accumulated":2367,"Total/Accumulated":65705,"Severe/Accumulated":777},"MedicalActs":{"Suspected":4,"Total":115,"Suspected/Accumulated":1006,"Total/Accumulated":13630},"PCRTests":{"Total":591,"Confirmed":1,"Total/Accumulated":15341,"Confirmed/Accumulated":112},"Confirmed":310,"MedicalTests":{"Total/Accumulated":3391,"Confirmed/Accumulated":605}},"geometry":{"type":"Point","coordinates":[6.452374226804124,46.01403216494844]}},{"type":"Feature","properties":{"Country/Region":"France","Province/State":"Paris","Code":"75","Population":{"Total":2148271,"Under19":406652,"Under39":718825,"Under59":536676,"Under74":311978,"Over75":174140},"Beds":{"Resuscitation":389,"IntensiveCare":1082,"Total":1471},"Deaths":1752,"Recovered":6091,"Severe":512,"Critical":58,"Emergencies":{"Suspected":2,"Total":1285,"Severe":1,"Suspected/Accumulated":17249,"Total/Accumulated":132849,"Severe/Accumulated":3919},"MedicalActs":{"Suspected":18,"Total":725,"Suspected/Accumulated":6870,"Total/Accumulated":78012},"PCRTests":{"Total":2556,"Confirmed":32,"Total/Accumulated":74912,"Confirmed/Accumulated":1221},"Confirmed":126,"MedicalTests":{"Total/Accumulated":17676,"Confirmed/Accumulated":4072}},"geometry":{"type":"Point","coordinates":[2.3550152173913044,48.8535647826087]}},{"type":"Feature","properties":{"Country/Region":"France","Province/State":"Seine-Maritime","Code":"76","Population":{"Total":1243788,"Under19":303968,"Under39":294607,"Under59":310458,"Under74":218116,"Over75":116639},"Beds":{"Resuscitation":93,"IntensiveCare":300,"Total":393},"Deaths":181,"Recovered":736,"Severe":94,"Critical":4,"Emergencies":{"Suspected":6,"Total":908,"Severe":4,"Suspected/Accumulated":1842,"Total/Accumulated":88003,"Severe/Accumulated":830},"MedicalActs":{"Suspected":7,"Total":85,"Suspected/Accumulated":639,"Total/Accumulated":8434},"PCRTests":{"Total":1573,"Confirmed":14,"Total/Accumulated":29220,"Confirmed/Accumulated":434},"Confirmed":233,"MedicalTests":{"Total/Accumulated":6636,"Confirmed/Accumulated":432}},"geometry":{"type":"Point","coordinates":[1.114674462365592,49.5942889784946]}},{"type":"Feature","properties":{"Country/Region":"France","Province/State":"Seine-et-Marne","Code":"77","Population":{"Total":1423607,"Under19":392025,"Under39":357752,"Under59":382068,"Under74":199768,"Over75":91994},"Beds":{"Resuscitation":77,"IntensiveCare":100,"Total":177},"Deaths":683,"Recovered":2609,"Severe":254,"Critical":38,"Emergencies":{"Suspected":1,"Total":539,"Severe":1,"Suspected/Accumulated":3215,"Total/Accumulated":52916,"Severe/Accumulated":1564},"MedicalActs":{"Suspected":8,"Total":169,"Suspected/Accumulated":1647,"Total/Accumulated":21498},"PCRTests":{"Total":1214,"Confirmed":6,"Total/Accumulated":40419,"Confirmed/Accumulated":625},"Confirmed":42,"MedicalTests":{"Total/Accumulated":9452,"Confirmed/Accumulated":1736}},"geometry":{"type":"Point","coordinates":[2.9385241532258073,48.61862185483869]}},{"type":"Feature","properties":{"Country/Region":"France","Province/State":"Yvelines","Code":"78","Population":{"Total":1448625,"Under19":385814,"Under39":341694,"Under59":394186,"Under74":209492,"Over75":117439},"Beds":{"Resuscitation":84,"IntensiveCare":204,"Total":288},"Deaths":518,"Recovered":2172,"Severe":372,"Critical":21,"Emergencies":{"Suspected":6,"Total":823,"Severe":4,"Suspected/Accumulated":3318,"Total/Accumulated":76647,"Severe/Accumulated":1155},"MedicalActs":{"Suspected":3,"Total":99,"Suspected/Accumulated":1525,"Total/Accumulated":15552},"PCRTests":{"Total":1153,"Confirmed":19,"Total/Accumulated":35731,"Confirmed/Accumulated":828},"Confirmed":70,"MedicalTests":{"Total/Accumulated":8274,"Confirmed/Accumulated":1214}},"geometry":{"type":"Point","coordinates":[1.8294258823529415,48.80823257352944]}},{"type":"Feature","properties":{"Country/Region":"France","Province/State":"Deux-Sèvres","Code":"79","Population":{"Total":372627,"Under19":85106,"Under39":73604,"Under59":98839,"Under74":72067,"Over75":43011},"Beds":{"Resuscitation":8,"IntensiveCare":36,"Total":44},"Deaths":21,"Recovered":66,"Severe":3,"Emergencies":{"Suspected":5,"Total":217,"Suspected/Accumulated":439,"Total/Accumulated":22242,"Severe/Accumulated":155},"PCRTests":{"Total":157,"Total/Accumulated":9655,"Confirmed/Accumulated":153},"Confirmed":11,"MedicalTests":{"Total/Accumulated":81,"Confirmed/Accumulated":5}},"geometry":{"type":"Point","coordinates":[-0.29978133828996273,46.53994301115242]}},{"type":"Feature","properties":{"Country/Region":"France","Province/State":"Somme","Code":"80","Population":{"Total":569769,"Under19":138211,"Under39":134953,"Under59":144752,"Under74":100734,"Over75":51119},"Beds":{"Resuscitation":58,"IntensiveCare":164,"Total":222},"Deaths":223,"Recovered":725,"Severe":73,"Critical":5,"Emergencies":{"Total":375,"Suspected/Accumulated":1570,"Total/Accumulated":37026,"Severe/Accumulated":671},"MedicalActs":{"Suspected":3,"Total":186,"Suspected/Accumulated":1679,"Total/Accumulated":21580},"PCRTests":{"Total":333,"Confirmed":3,"Total/Accumulated":16145,"Confirmed/Accumulated":172},"Confirmed":54,"MedicalTests":{"Total/Accumulated":6063,"Confirmed/Accumulated":539}},"geometry":{"type":"Point","coordinates":[2.3486719850187256,49.97418277153558]}},{"type":"Feature","properties":{"Country/Region":"France","Province/State":"Tarn","Code":"81","Population":{"Total":387898,"Under19":84873,"Under39":74511,"Under59":102349,"Under74":77279,"Over75":48886},"Beds":{"Resuscitation":24,"IntensiveCare":70,"Total":94},"Deaths":23,"Recovered":122,"Severe":2,"Critical":1,"Emergencies":{"Total":277,"Suspected/Accumulated":784,"Total/Accumulated":27734,"Severe/Accumulated":208},"PCRTests":{"Total":146,"Confirmed":1,"Total/Accumulated":8801,"Confirmed/Accumulated":24},"Confirmed":14,"MedicalTests":{"Total/Accumulated":2180,"Confirmed/Accumulated":44}},"geometry":{"type":"Point","coordinates":[2.1808796818181815,43.78627254545453]}},{"type":"Feature","properties":{"Country/Region":"France","Province/State":"Tarn-et-Garonne","Code":"82","Population":{"Total":262618,"Under19":63559,"Under39":53023,"Under59":70354,"Under74":48046,"Over75":27636},"Beds":{"Resuscitation":18,"IntensiveCare":40,"Total":58},"Deaths":6,"Recovered":42,"Severe":3,"Critical":1,"Emergencies":{"Total":159,"Suspected/Accumulated":788,"Total/Accumulated":17218,"Severe/Accumulated":329},"PCRTests":{"Total":119,"Confirmed":1,"Total/Accumulated":4770,"Confirmed/Accumulated":26},"Confirmed":11,"MedicalTests":{"Total/Accumulated":2144,"Confirmed/Accumulated":73}},"geometry":{"type":"Point","coordinates":[1.3350866094420606,44.1164032618026]}},{"type":"Feature","properties":{"Country/Region":"France","Province/State":"Var","Code":"83","Population":{"Total":1073836,"Under19":224216,"Under39":215361,"Under59":276842,"Under74":218239,"Over75":139178},"Beds":{"Resuscitation":60,"IntensiveCare":84,"Total":144},"Deaths":134,"Recovered":966,"Severe":86,"Critical":4,"Emergencies":{"Suspected":4,"Total":741,"Severe":3,"Suspected/Accumulated":2154,"Total/Accumulated":67222,"Severe/Accumulated":1266},"MedicalActs":{"Suspected":9,"Total":380,"Suspected/Accumulated":3415,"Total/Accumulated":44679},"PCRTests":{"Total":658,"Confirmed":1,"Total/Accumulated":26025,"Confirmed/Accumulated":110},"Confirmed":186,"MedicalTests":{"Total/Accumulated":11196,"Confirmed/Accumulated":470}},"geometry":{"type":"Point","coordinates":[6.2341132170542615,43.37767961240309]}},{"type":"Feature","properties":{"Country/Region":"France","Province/State":"Vaucluse","Code":"84","Population":{"Total":560997,"Under19":132211,"Under39":118607,"Under59":147247,"Under74":103567,"Over75":59365},"Beds":{"Resuscitation":16,"IntensiveCare":60,"Total":76},"Deaths":38,"Recovered":257,"Severe":5,"Emergencies":{"Suspected":2,"Total":474,"Suspected/Accumulated":853,"Total/Accumulated":44996,"Severe/Accumulated":518},"MedicalActs":{"Total":33,"Suspected/Accumulated":96,"Total/Accumulated":3358},"PCRTests":{"Total":307,"Confirmed":3,"Total/Accumulated":10332,"Confirmed/Accumulated":108},"Confirmed":45,"MedicalTests":{"Total/Accumulated":8198,"Confirmed/Accumulated":217}},"geometry":{"type":"Point","coordinates":[5.137687100591716,44.08826047337278]}},{"type":"Feature","properties":{"Country/Region":"France","Province/State":"Vendée","Code":"85","Population":{"Total":683187,"Under19":155162,"Under39":132680,"Under59":176377,"Under74":142178,"Over75":76790},"Beds":{"Resuscitation":18,"IntensiveCare":44,"Total":62},"Deaths":40,"Recovered":254,"Severe":16,"Emergencies":{"Total":443,"Suspected/Accumulated":1141,"Total/Accumulated":36567,"Severe/Accumulated":542},"PCRTests":{"Total":727,"Total/Accumulated":18304,"Confirmed/Accumulated":199},"Confirmed":147,"MedicalTests":{"Total/Accumulated":347,"Confirmed/Accumulated":9}},"geometry":{"type":"Point","coordinates":[-1.3851340601503754,46.70726116541352]}},{"type":"Feature","properties":{"Country/Region":"France","Province/State":"Vienne","Code":"86","Population":{"Total":437398,"Under19":101362,"Under39":100176,"Under59":108284,"Under74":79480,"Over75":48096},"Beds":{"Resuscitation":53,"IntensiveCare":124,"Total":177},"Deaths":39,"Recovered":148,"Severe":1,"Emergencies":{"Total":273,"Suspected/Accumulated":538,"Total/Accumulated":23243,"Severe/Accumulated":252},"PCRTests":{"Total":207,"Confirmed":1,"Total/Accumulated":13290,"Confirmed/Accumulated":184},"Confirmed":53,"MedicalTests":{"Total/Accumulated":1102,"Confirmed/Accumulated":28}},"geometry":{"type":"Point","coordinates":[0.42368070921985806,46.57872638297872]}},{"type":"Feature","properties":{"Country/Region":"France","Province/State":"Haute-Vienne","Code":"87","Population":{"Total":370774,"Under19":79173,"Under39":77448,"Under59":94509,"Under74":74186,"Over75":45458},"Beds":{"Resuscitation":24,"IntensiveCare":144,"Total":168},"Deaths":25,"Recovered":127,"Severe":4,"Emergencies":{"Total":282,"Suspected/Accumulated":378,"Total/Accumulated":26566,"Severe/Accumulated":220},"MedicalActs":{"Suspected":1,"Total":139,"Suspected/Accumulated":616,"Total/Accumulated":15550},"PCRTests":{"Total":112,"Total/Accumulated":5946,"Confirmed/Accumulated":19},"Confirmed":21,"MedicalTests":{"Total/Accumulated":1623,"Confirmed/Accumulated":67}},"geometry":{"type":"Point","coordinates":[1.2410431872509962,45.895894860557746]}},{"type":"Feature","properties":{"Country/Region":"France","Province/State":"Vosges","Code":"88","Population":{"Total":359520,"Under19":77042,"Under39":70274,"Under59":94740,"Under74":75920,"Over75":41544},"Beds":{"Resuscitation":8,"IntensiveCare":24,"Total":32},"Deaths":261,"Recovered":718,"Severe":27,"Emergencies":{"Suspected":1,"Total":269,"Severe":1,"Suspected/Accumulated":2775,"Total/Accumulated":27958,"Severe/Accumulated":964},"PCRTests":{"Total":245,"Confirmed":3,"Total/Accumulated":12081,"Confirmed/Accumulated":123},"Confirmed":66,"MedicalTests":{"Total/Accumulated":3101,"Confirmed/Accumulated":400}},"geometry":{"type":"Point","coordinates":[6.2957204247104235,48.23006027027029]}},{"type":"Feature","properties":{"Country/Region":"France","Province/State":"Yonne","Code":"89","Population":{"Total":332096,"Under19":73991,"Under39":64975,"Under59":86159,"Under74":68966,"Over75":38005},"Beds":{"Resuscitation":18,"IntensiveCare":32,"Total":50},"Deaths":90,"Recovered":350,"Severe":22,"Critical":1,"Emergencies":{"Total":293,"Suspected/Accumulated":1695,"Total/Accumulated":30875,"Severe/Accumulated":521},"MedicalActs":{"Suspected":1,"Total":73,"Suspected/Accumulated":738,"Total/Accumulated":7434},"PCRTests":{"Total":280,"Confirmed":1,"Total/Accumulated":12560,"Confirmed/Accumulated":93},"MedicalTests":{"Total/Accumulated":633,"Confirmed/Accumulated":62}},"geometry":{"type":"Point","coordinates":[3.57333820338983,47.84307762711864]}},{"type":"Feature","properties":{"Country/Region":"France","Province/State":"Territoire de Belfort","Code":"90","Population":{"Total":140145,"Under19":33166,"Under39":32553,"Under59":36366,"Under74":24639,"Over75":13421},"Beds":{"Resuscitation":25,"IntensiveCare":40,"Total":65},"Deaths":187,"Recovered":531,"Severe":10,"Emergencies":{"Total":165,"Suspected/Accumulated":947,"Total/Accumulated":16116,"Severe/Accumulated":532},"PCRTests":{"Total":96,"Total/Accumulated":4417,"Confirmed/Accumulated":50},"MedicalTests":{"Total/Accumulated":853,"Confirmed/Accumulated":108}},"geometry":{"type":"Point","coordinates":[6.93897388888889,47.60873597222223]}},{"type":"Feature","properties":{"Country/Region":"France","Province/State":"Essonne","Code":"91","Population":{"Total":1319401,"Under19":360333,"Under39":338878,"Under59":349395,"Under74":176919,"Over75":93876},"Beds":{"Resuscitation":97,"IntensiveCare":164,"Total":261},"Deaths":530,"Recovered":2324,"Severe":345,"Critical":25,"Emergencies":{"Suspected":2,"Total":560,"Suspected/Accumulated":4028,"Total/Accumulated":57593,"Severe/Accumulated":1193},"MedicalActs":{"Suspected":4,"Total":140,"Suspected/Accumulated":1079,"Total/Accumulated":14164},"PCRTests":{"Total":1070,"Confirmed":10,"Total/Accumulated":34402,"Confirmed/Accumulated":610},"Confirmed":30,"MedicalTests":{"Total/Accumulated":13409,"Confirmed/Accumulated":2366}},"geometry":{"type":"Point","coordinates":[2.2519983333333338,48.50948216666667]}},{"type":"Feature","properties":{"Country/Region":"France","Province/State":"Hauts-de-Seine","Code":"92","Population":{"Total":1613762,"Under19":393984,"Under39":457571,"Under59":428782,"Under74":211036,"Over75":122389},"Beds":{"Resuscitation":184,"IntensiveCare":276,"Total":460},"Deaths":1078,"Recovered":4333,"Severe":691,"Critical":49,"Emergencies":{"Suspected":3,"Total":855,"Suspected/Accumulated":3971,"Total/Accumulated":78694,"Severe/Accumulated":1164},"PCRTests":{"Total":2072,"Confirmed":10,"Total/Accumulated":51244,"Confirmed/Accumulated":850},"Confirmed":59,"MedicalTests":{"Total/Accumulated":11950,"Confirmed/Accumulated":2683}},"geometry":{"type":"Point","coordinates":[2.2538900000000006,48.84266823529411]}},{"type":"Feature","properties":{"Country/Region":"France","Province/State":"Seine-Saint-Denis","Code":"93","Population":{"Total":1670149,"Under19":485032,"Under39":478299,"Under59":428192,"Under74":194935,"Over75":83691},"Beds":{"Resuscitation":100,"IntensiveCare":218,"Total":318},"Deaths":986,"Recovered":3660,"Severe":670,"Critical":60,"Emergencies":{"Suspected":3,"Total":932,"Suspected/Accumulated":5352,"Total/Accumulated":88588,"Severe/Accumulated":1431},"PCRTests":{"Total":1574,"Confirmed":26,"Total/Accumulated":45542,"Confirmed/Accumulated":1054},"Confirmed":45,"MedicalTests":{"Total/Accumulated":8715,"Confirmed/Accumulated":2518}},"geometry":{"type":"Point","coordinates":[2.474763409090909,48.91863045454546]}},{"type":"Feature","properties":{"Country/Region":"France","Province/State":"Val-de-Marne","Code":"94","Population":{"Total":1406041,"Under19":359600,"Under39":390124,"Under59":368199,"Under74":187814,"Over75":100304},"Beds":{"Resuscitation":156,"IntensiveCare":338,"Total":494},"Deaths":1196,"Recovered":4052,"Severe":599,"Critical":22,"Emergencies":{"Suspected":11,"Total":909,"Severe":2,"Suspected/Accumulated":7785,"Total/Accumulated":93716,"Severe/Accumulated":3009},"PCRTests":{"Total":1423,"Confirmed":16,"Total/Accumulated":45116,"Confirmed/Accumulated":902},"Confirmed":48,"MedicalTests":{"Total/Accumulated":8850,"Confirmed/Accumulated":1817}},"geometry":{"type":"Point","coordinates":[2.47453725,48.775524499999996]}},{"type":"Feature","properties":{"Country/Region":"France","Province/State":"Val-d'Oise","Code":"95","Population":{"Total":1248354,"Under19":357525,"Under39":326622,"Under59":322949,"Under74":166265,"Over75":74993},"Beds":{"Resuscitation":60,"IntensiveCare":130,"Total":190},"Deaths":705,"Recovered":2557,"Severe":303,"Critical":5,"Emergencies":{"Suspected":3,"Total":773,"Severe":1,"Suspected/Accumulated":8252,"Total/Accumulated":79342,"Severe/Accumulated":2790},"MedicalActs":{"Suspected":7,"Total":218,"Suspected/Accumulated":2037,"Total/Accumulated":24957},"PCRTests":{"Total":1053,"Confirmed":13,"Total/Accumulated":33444,"Confirmed/Accumulated":965},"Confirmed":60,"MedicalTests":{"Total/Accumulated":7014,"Confirmed/Accumulated":1871}},"geometry":{"type":"Point","coordinates":[2.092522396694214,49.08765355371902]}},{"type":"Feature","properties":{"Country/Region":"France","Province/State":"La Réunion","Code":"974","Population":{"Total":859959,"Under19":256143,"Under39":202783,"Under59":239212,"Under74":117045,"Over75":44776},"Beds":{"Resuscitation":52,"IntensiveCare":154,"Total":206},"Deaths":2,"Recovered":143,"Severe":18,"Critical":4,"Emergencies":{"Total":389,"Suspected/Accumulated":278,"Total/Accumulated":44577,"Severe/Accumulated":191},"PCRTests":{"Total":553,"Confirmed":2,"Total/Accumulated":24522,"Confirmed/Accumulated":91},"MedicalTests":{"Total/Accumulated":19,"Confirmed/Accumulated":1}},"geometry":{"type":"Point","coordinates":[55.52943947368424,-21.1374047368421]}}]}