{"type":"FeatureCollection","features":[{"type":"Feature","properties":{"Country/Region":"France","Province/State":"Guadeloupe","Code":"971","Population":{"Total":376879,"Under19":90617,"Under39":71707,"Under59":109452,"Under74":70936,"Over75":34167},"Beds":{"Resuscitation":27,"IntensiveCare":68,"Total":95},"Deaths":10,"Recovered":51,"Severe":41,"Critical":18,"Emergencies":{"Suspected":2,"Total":131,"Severe":1,"Suspected/Accumulated":127,"Total/Accumulated":7583,"Severe/Accumulated":60},"Confirmed":106,"MedicalTests":{"Total/Accumulated":27,"Confirmed/Accumulated":12}},"geometry":{"type":"Point","coordinates":[-61.493846272189366,16.20469674556213]}},{"type":"Feature","properties":{"Country/Region":"France","Province/State":"Martinique","Code":"972","Population":{"Total":358749,"Under19":77005,"Under39":65776,"Under59":105638,"Under74":72163,"Over75":38167},"Beds":{"Resuscitation":26,"IntensiveCare":58,"Total":84},"Deaths":6,"Recovered":52,"Severe":39,"Critical":16,"MedicalActs":{"Suspected":2,"Total":79,"Suspected/Accumulated":76,"Total/Accumulated":4947},"Confirmed":16,"MedicalTests":{"Total/Accumulated":15,"Confirmed/Accumulated":4}},"geometry":{"type":"Point","coordinates":[-60.98265692913386,14.6217557480315]}},{"type":"Feature","properties":{"Country/Region":"France","Province/State":"Guyane","Code":"973","Population":{"Total":290691,"Under19":120681,"Under39":80023,"Under59":61783,"Under74":22111,"Over75":6093},"Beds":{"Resuscitation":13,"IntensiveCare":12,"Total":25},"Recovered":15,"Severe":15,"Critical":1,"Emergencies":{"Suspected":1,"Total":144,"Suspected/Accumulated":42,"Total/Accumulated":8407,"Severe/Accumulated":10},"Confirmed":43,"MedicalTests":{"Total/Accumulated":26,"Confirmed/Accumulated":4}},"geometry":{"type":"Point","coordinates":[-53.41731165390502,3.588901056661561]}},{"type":"Feature","properties":{"Country/Region":"France","Province/State":"Mayotte","Code":"976","Population":{"Total":279471,"Under19":150257,"Under39":74348,"Under59":42900,"Under74":9521,"Over75":2445},"Beds":{"Resuscitation":6,"IntensiveCare":0,"Total":6},"Deaths":3,"Recovered":26,"Severe":22,"Critical":3,"Emergencies":{"Suspected":4,"Total":94,"Severe":2,"Suspected/Accumulated":206,"Total/Accumulated":4186,"Severe/Accumulated":52},"Confirmed":128,"MedicalTests":{"Total/Accumulated":2,"Confirmed/Accumulated":1}},"geometry":{"type":"Point","coordinates":[45.14160071428572,-12.835344166666673]}},{"type":"Feature","properties":{"Country/Region":"France","Province/State":"Ain","Code":"01","Population":{"Total":656955,"Under19":167666,"Under39":151084,"Under59":179469,"Under74":104453,"Over75":54283},"Beds":{"Resuscitation":22,"IntensiveCare":20,"Total":42},"Deaths":44,"Recovered":139,"Severe":120,"Critical":30,"Emergencies":{"Suspected":20,"Total":148,"Severe":13,"Suspected/Accumulated":709,"Total/Accumulated":8892,"Severe/Accumulated":302},"MedicalTests":{"Total":248,"Confirmed":68,"Total/Accumulated":1114,"Confirmed/Accumulated":229},"Confirmed":118},"geometry":{"type":"Point","coordinates":[5.430359734513273,46.106026415929215]}},{"type":"Feature","properties":{"Country/Region":"France","Province/State":"Aisne","Code":"02","Population":{"Total":526050,"Under19":129852,"Under39":114042,"Under59":135164,"Under74":98046,"Over75":48946},"Beds":{"Resuscitation":34,"IntensiveCare":110,"Total":144},"Deaths":147,"Recovered":288,"Severe":286,"Critical":44,"Emergencies":{"Suspected":20,"Total":199,"Severe":12,"Suspected/Accumulated":1625,"Total/Accumulated":12296,"Severe/Accumulated":531},"MedicalActs":{"Suspected":20,"Total":142,"Suspected/Accumulated":572,"Total/Accumulated":10149},"MedicalTests":{"Total":4,"Total/Accumulated":948,"Confirmed/Accumulated":301},"Confirmed":59},"geometry":{"type":"Point","coordinates":[3.5153965625000003,49.457888298611124]}},{"type":"Feature","properties":{"Country/Region":"France","Province/State":"Allier","Code":"03","Population":{"Total":331315,"Under19":66659,"Under39":61490,"Under59":85304,"Under74":72079,"Over75":45783},"Beds":{"Resuscitation":24,"IntensiveCare":56,"Total":80},"Deaths":13,"Recovered":82,"Severe":58,"Critical":20,"Emergencies":{"Suspected":6,"Total":94,"Severe":4,"Suspected/Accumulated":594,"Total/Accumulated":5448,"Severe/Accumulated":332},"Confirmed":38,"MedicalTests":{"Total/Accumulated":65,"Confirmed/Accumulated":4}},"geometry":{"type":"Point","coordinates":[3.1778756690140857,46.39097419014088]}},{"type":"Feature","properties":{"Country/Region":"France","Province/State":"Alpes-de-Haute-Provence","Code":"04","Population":{"Total":165197,"Under19":34281,"Under39":30814,"Under59":43423,"Under74":35681,"Over75":20998},"Beds":{"Resuscitation":6,"IntensiveCare":0,"Total":6},"Deaths":5,"Recovered":63,"Severe":33,"Critical":4,"Emergencies":{"Suspected":2,"Total":87,"Severe":1,"Suspected/Accumulated":158,"Total/Accumulated":5286,"Severe/Accumulated":75},"MedicalTests":{"Total":1,"Total/Accumulated":418,"Confirmed/Accumulated":31},"Confirmed":22},"geometry":{"type":"Point","coordinates":[6.294359440298507,44.152788992537346]}},{"type":"Feature","properties":{"Country/Region":"France","Province/State":"Hautes-Alpes","Code":"05","Population":{"Total":141756,"Under19":30280,"Under39":27715,"Under59":37829,"Under74":29047,"Over75":16885},"Beds":{"Resuscitation":8,"IntensiveCare":0,"Total":8},"Deaths":3,"Recovered":70,"Severe":49,"Critical":13,"Emergencies":{"Suspected":5,"Total":104,"Suspected/Accumulated":736,"Total/Accumulated":5322,"Severe/Accumulated":149},"Confirmed":42,"MedicalTests":{"Total/Accumulated":81,"Confirmed/Accumulated":2}},"geometry":{"type":"Point","coordinates":[6.205986298932386,44.64177099644131]}},{"type":"Feature","properties":{"Country/Region":"France","Province/State":"Alpes-Maritimes","Code":"06","Population":{"Total":1079396,"Under19":226862,"Under39":232814,"Under59":282249,"Under74":198428,"Over75":139043},"Beds":{"Resuscitation":89,"IntensiveCare":182,"Total":271},"Deaths":75,"Recovered":257,"Severe":278,"Critical":79,"Emergencies":{"Suspected":32,"Total":482,"Severe":23,"Suspected/Accumulated":2194,"Total/Accumulated":26268,"Severe/Accumulated":1245},"MedicalActs":{"Suspected":31,"Total":179,"Suspected/Accumulated":775,"Total/Accumulated":7109},"MedicalTests":{"Total":1,"Confirmed":1,"Total/Accumulated":2861,"Confirmed/Accumulated":236},"Confirmed":194},"geometry":{"type":"Point","coordinates":[7.093963618090453,43.90811477386935]}},{"type":"Feature","properties":{"Country/Region":"France","Province/State":"Corse-du-Sud","Code":"2A","Population":{"Total":162421,"Under19":31630,"Under39":34910,"Under59":45312,"Under74":31004,"Over75":19565},"Beds":{"Resuscitation":10,"IntensiveCare":30,"Total":40},"Deaths":35,"Recovered":55,"Severe":71,"Critical":15,"Emergencies":{"Suspected":1,"Total":47,"Severe":1,"Suspected/Accumulated":91,"Total/Accumulated":2445,"Severe/Accumulated":70},"MedicalActs":{"Suspected":7,"Total":50,"Suspected/Accumulated":370,"Total/Accumulated":2047},"Confirmed":207},"geometry":{"type":"Point","coordinates":[8.933891598360661,41.87995627049185]}},{"type":"Feature","properties":{"Country/Region":"France","Province/State":"Haute-Corse","Code":"2B","Population":{"Total":182258,"Under19":36925,"Under39":42075,"Under59":47863,"Under74":34671,"Over75":20724},"Beds":{"Resuscitation":8,"IntensiveCare":12,"Total":20},"Deaths":3,"Recovered":71,"Severe":4,"Emergencies":{"Suspected":10,"Total":74,"Severe":10,"Suspected/Accumulated":1247,"Total/Accumulated":4264,"Severe/Accumulated":1219},"Confirmed":56},"geometry":{"type":"Point","coordinates":[9.12993101604278,42.44040566844919]}},{"type":"Feature","properties":{"Country/Region":"France","Province/State":"Ardèche","Code":"07","Population":{"Total":326875,"Under19":70594,"Under39":61093,"Under59":88160,"Under74":68490,"Over75":38538},"Beds":{"Resuscitation":8,"IntensiveCare":0,"Total":8},"Deaths":43,"Recovered":185,"Severe":106,"Critical":24,"Emergencies":{"Suspected":14,"Total":88,"Severe":3,"Suspected/Accumulated":452,"Total/Accumulated":4870,"Severe/Accumulated":91},"Confirmed":128,"MedicalTests":{"Total/Accumulated":310,"Confirmed/Accumulated":81}},"geometry":{"type":"Point","coordinates":[4.425911157407411,44.77470101851853]}},{"type":"Feature","properties":{"Country/Region":"France","Province/State":"Ardennes","Code":"08","Population":{"Total":265531,"Under19":60337,"Under39":55870,"Under59":70459,"Under74":52021,"Over75":26844},"Beds":{"Resuscitation":12,"IntensiveCare":42,"Total":54},"Deaths":17,"Recovered":66,"Severe":79,"Critical":15,"Emergencies":{"Suspected":2,"Total":118,"Severe":1,"Suspected/Accumulated":53,"Total/Accumulated":6825,"Severe/Accumulated":29},"Confirmed":3,"MedicalTests":{"Total/Accumulated":391,"Confirmed/Accumulated":54}},"geometry":{"type":"Point","coordinates":[4.717836481481479,49.63503592592596]}},{"type":"Feature","properties":{"Country/Region":"France","Province/State":"Ariège","Code":"09","Population":{"Total":152398,"Under19":30718,"Under39":28780,"Under59":40432,"Under74":32667,"Over75":19801},"Beds":{"Resuscitation":8,"IntensiveCare":16,"Total":24},"Deaths":1,"Recovered":15,"Severe":16,"Critical":4,"Emergencies":{"Suspected":4,"Total":50,"Severe":3,"Suspected/Accumulated":117,"Total/Accumulated":3463,"Severe/Accumulated":47},"Confirmed":3,"MedicalTests":{"Total/Accumulated":114,"Confirmed/Accumulated":6}},"geometry":{"type":"Point","coordinates":[1.5308575113122171,42.951783619909506]}},{"type":"Feature","properties":{"Country/Region":"France","Province/State":"Aube","Code":"10","Population":{"Total":309907,"Under19":74513,"Under39":69749,"Under59":77945,"Under74":56336,"Over75":31364},"Beds":{"Resuscitation":12,"IntensiveCare":36,"Total":48},"Deaths":62,"Recovered":198,"Severe":260,"Critical":27,"Emergencies":{"Suspected":9,"Total":107,"Severe":5,"Suspected/Accumulated":409,"Total/Accumulated":6075,"Severe/Accumulated":217},"MedicalActs":{"Suspected":2,"Total":80,"Suspected/Accumulated":301,"Total/Accumulated":4704},"Confirmed":14,"MedicalTests":{"Total/Accumulated":1201,"Confirmed/Accumulated":253}},"geometry":{"type":"Point","coordinates":[4.115386826086957,48.290927782608684]}},{"type":"Feature","properties":{"Country/Region":"France","Province/State":"Aude","Code":"11","Population":{"Total":372705,"Under19":78644,"Under39":70170,"Under59":96929,"Under74":80039,"Over75":46923},"Beds":{"Resuscitation":16,"IntensiveCare":44,"Total":60},"Deaths":40,"Recovered":96,"Severe":91,"Critical":14,"Emergencies":{"Suspected":8,"Total":159,"Severe":3,"Suspected/Accumulated":413,"Total/Accumulated":8416,"Severe/Accumulated":171},"MedicalTests":{"Total":3,"Total/Accumulated":1062,"Confirmed/Accumulated":144},"Confirmed":44},"geometry":{"type":"Point","coordinates":[2.3518425641025638,43.13299722222223]}},{"type":"Feature","properties":{"Country/Region":"France","Province/State":"Aveyron","Code":"12","Population":{"Total":278360,"Under19":55940,"Under39":51027,"Under59":73060,"Under74":59454,"Over75":38879},"Beds":{"Resuscitation":11,"IntensiveCare":32,"Total":43},"Deaths":19,"Recovered":59,"Severe":57,"Critical":5,"Emergencies":{"Total":70,"Suspected/Accumulated":8,"Total/Accumulated":3601,"Severe/Accumulated":1},"Confirmed":29,"MedicalTests":{"Total/Accumulated":29,"Confirmed/Accumulated":3}},"geometry":{"type":"Point","coordinates":[2.66545315960912,44.28474130293157]}},{"type":"Feature","properties":{"Country/Region":"France","Province/State":"Bouches-du-Rhône","Code":"13","Population":{"Total":2034469,"Under19":480915,"Under39":483747,"Under59":522289,"Under74":342385,"Over75":205133},"Beds":{"Resuscitation":281,"IntensiveCare":476,"Total":757},"Deaths":182,"Recovered":1250,"Severe":1147,"Critical":270,"Emergencies":{"Suspected":39,"Total":713,"Severe":26,"Suspected/Accumulated":2139,"Total/Accumulated":42842,"Severe/Accumulated":1121},"MedicalActs":{"Suspected":21,"Total":250,"Suspected/Accumulated":770,"Total/Accumulated":9281},"MedicalTests":{"Total":63,"Confirmed":9,"Total/Accumulated":18051,"Confirmed/Accumulated":2307},"Confirmed":827},"geometry":{"type":"Point","coordinates":[5.098567400881058,43.49901925110133]}},{"type":"Feature","properties":{"Country/Region":"France","Province/State":"Calvados","Code":"14","Population":{"Total":691453,"Under19":160392,"Under39":155359,"Under59":174249,"Under74":130972,"Over75":70481},"Beds":{"Resuscitation":91,"IntensiveCare":128,"Total":219},"Deaths":36,"Recovered":94,"Severe":156,"Critical":49,"Emergencies":{"Suspected":5,"Total":229,"Severe":3,"Suspected/Accumulated":1057,"Total/Accumulated":13066,"Severe/Accumulated":300},"MedicalActs":{"Suspected":9,"Total":202,"Suspected/Accumulated":1287,"Total/Accumulated":11434},"MedicalTests":{"Total":1,"Total/Accumulated":1054,"Confirmed/Accumulated":139},"Confirmed":147},"geometry":{"type":"Point","coordinates":[-0.4028230593607306,49.05443785388125]}},{"type":"Feature","properties":{"Country/Region":"France","Province/State":"Cantal","Code":"15","Population":{"Total":142811,"Under19":26571,"Under39":24954,"Under59":38397,"Under74":32697,"Over75":20192},"Beds":{"Resuscitation":8,"IntensiveCare":30,"Total":38},"Recovered":9,"Severe":29,"Critical":7,"Emergencies":{"Suspected":1,"Total":34,"Severe":1,"Suspected/Accumulated":124,"Total/Accumulated":2346,"Severe/Accumulated":62},"MedicalTests":{"Total":3,"Confirmed":2,"Total/Accumulated":131,"Confirmed/Accumulated":14},"Confirmed":33},"geometry":{"type":"Point","coordinates":[2.7066918215613374,45.02447219330856]}},{"type":"Feature","properties":{"Country/Region":"France","Province/State":"Charente","Code":"16","Population":{"Total":348180,"Under19":71324,"Under39":69355,"Under59":91186,"Under74":72860,"Over75":43455},"Beds":{"Resuscitation":12,"IntensiveCare":36,"Total":48},"Deaths":9,"Recovered":31,"Severe":14,"Critical":6,"Emergencies":{"Suspected":8,"Total":133,"Severe":3,"Suspected/Accumulated":365,"Total/Accumulated":6794,"Severe/Accumulated":112},"Confirmed":10,"MedicalTests":{"Total/Accumulated":197,"Confirmed/Accumulated":19}},"geometry":{"type":"Point","coordinates":[0.2054574390243902,45.733938821138196]}},{"type":"Feature","properties":{"Country/Region":"France","Province/State":"Charente-Maritime","Code":"17","Population":{"Total":647080,"Under19":130618,"Under39":119836,"Under59":164314,"Under74":146996,"Over75":85316},"Beds":{"Resuscitation":30,"IntensiveCare":72,"Total":102},"Deaths":23,"Recovered":58,"Severe":85,"Critical":19,"Emergencies":{"Suspected":8,"Total":243,"Severe":2,"Suspected/Accumulated":725,"Total/Accumulated":13303,"Severe/Accumulated":235},"MedicalActs":{"Suspected":2,"Total":58,"Suspected/Accumulated":106,"Total/Accumulated":1911},"MedicalTests":{"Total":10,"Confirmed":1,"Total/Accumulated":1469,"Confirmed/Accumulated":77},"Confirmed":49},"geometry":{"type":"Point","coordinates":[-0.734802142857143,45.8164405357143]}},{"type":"Feature","properties":{"Country/Region":"France","Province/State":"Cher","Code":"18","Population":{"Total":296404,"Under19":61933,"Under39":57193,"Under59":76912,"Under74":62985,"Over75":37381},"Beds":{"Resuscitation":12,"IntensiveCare":32,"Total":44},"Deaths":35,"Recovered":35,"Severe":72,"Critical":14,"Emergencies":{"Suspected":36,"Total":113,"Suspected/Accumulated":599,"Total/Accumulated":4410,"Severe/Accumulated":12},"MedicalActs":{"Suspected":5,"Total":61,"Suspected/Accumulated":160,"Total/Accumulated":5652},"MedicalTests":{"Total":1,"Total/Accumulated":813,"Confirmed/Accumulated":227},"Confirmed":25},"geometry":{"type":"Point","coordinates":[2.420866293436294,47.03802115830117]}},{"type":"Feature","properties":{"Country/Region":"France","Province/State":"Corrèze","Code":"19","Population":{"Total":240336,"Under19":48146,"Under39":45056,"Under59":62186,"Under74":52206,"Over75":32742},"Beds":{"Resuscitation":15,"IntensiveCare":42,"Total":57},"Deaths":14,"Recovered":38,"Severe":51,"Critical":13,"Emergencies":{"Suspected":1,"Total":99,"Suspected/Accumulated":372,"Total/Accumulated":4944,"Severe/Accumulated":334},"Confirmed":23,"MedicalTests":{"Total/Accumulated":114,"Confirmed/Accumulated":13}},"geometry":{"type":"Point","coordinates":[1.8952178059071727,45.37689915611812]}},{"type":"Feature","properties":{"Country/Region":"France","Province/State":"Côte-d'Or","Code":"21","Population":{"Total":532886,"Under19":121633,"Under39":128314,"Under59":134514,"Under74":95451,"Over75":52974},"Beds":{"Resuscitation":57,"IntensiveCare":190,"Total":247},"Deaths":119,"Recovered":418,"Severe":340,"Critical":73,"Emergencies":{"Suspected":16,"Total":145,"Severe":4,"Suspected/Accumulated":760,"Total/Accumulated":8571,"Severe/Accumulated":299},"MedicalActs":{"Suspected":15,"Total":66,"Suspected/Accumulated":578,"Total/Accumulated":3672},"Confirmed":1,"MedicalTests":{"Total/Accumulated":372,"Confirmed/Accumulated":73}},"geometry":{"type":"Point","coordinates":[4.781845107913668,47.44940406474819]}},{"type":"Feature","properties":{"Country/Region":"France","Province/State":"Côtes-d'Armor","Code":"22","Population":{"Total":596186,"Under19":131217,"Under39":108675,"Under59":153257,"Under74":128481,"Over75":74556},"Beds":{"Resuscitation":14,"IntensiveCare":32,"Total":46},"Deaths":20,"Recovered":62,"Severe":74,"Critical":11,"Emergencies":{"Suspected":11,"Total":151,"Severe":10,"Suspected/Accumulated":297,"Total/Accumulated":7978,"Severe/Accumulated":188},"Confirmed":107,"MedicalTests":{"Total/Accumulated":35}},"geometry":{"type":"Point","coordinates":[-2.8283123411371243,48.47540434782613]}},{"type":"Feature","properties":{"Country/Region":"France","Province/State":"Creuse","Code":"23","Population":{"Total":116270,"Under19":20766,"Under39":19388,"Under59":30402,"Under74":28640,"Over75":17074},"Beds":{"Resuscitation":8,"IntensiveCare":16,"Total":24},"Deaths":4,"Recovered":9,"Severe":34,"Critical":15,"Emergencies":{"Suspected":4,"Total":43,"Severe":4,"Suspected/Accumulated":348,"Total/Accumulated":2443,"Severe/Accumulated":48},"Confirmed":12,"MedicalTests":{"Total/Accumulated":59,"Confirmed/Accumulated":5}},"geometry":{"type":"Point","coordinates":[1.9795267256637192,46.07153353982301]}},{"type":"Feature","properties":{"Country/Region":"France","Province/State":"Dordogne","Code":"24","Population":{"Total":408393,"Under19":76430,"Under39":70201,"Under59":107402,"Under74":96538,"Over75":57822},"Beds":{"Resuscitation":19,"IntensiveCare":36,"Total":55},"Deaths":1,"Recovered":32,"Severe":31,"Critical":7,"Emergencies":{"Suspected":12,"Total":124,"Severe":8,"Suspected/Accumulated":496,"Total/Accumulated":5967,"Severe/Accumulated":216},"MedicalTests":{"Total":16,"Total/Accumulated":419,"Confirmed/Accumulated":24},"Confirmed":13},"geometry":{"type":"Point","coordinates":[0.7502005172413793,45.100126827586195]}},{"type":"Feature","properties":{"Country/Region":"France","Province/State":"Doubs","Code":"25","Population":{"Total":539449,"Under19":132582,"Under39":130504,"Under59":135120,"Under74":90502,"Over75":50741},"Beds":{"Resuscitation":40,"IntensiveCare":262,"Total":302},"Deaths":72,"Recovered":268,"Severe":212,"Critical":75,"Emergencies":{"Suspected":11,"Total":128,"Severe":7,"Suspected/Accumulated":1100,"Total/Accumulated":7249,"Severe/Accumulated":415},"MedicalActs":{"Suspected":4,"Total":95,"Suspected/Accumulated":319,"Total/Accumulated":4758},"MedicalTests":{"Total/Accumulated":533,"Confirmed/Accumulated":144}},"geometry":{"type":"Point","coordinates":[6.359828136363636,47.17302813636364]}},{"type":"Feature","properties":{"Country/Region":"France","Province/State":"Drôme","Code":"26","Population":{"Total":520560,"Under19":125073,"Under39":110455,"Under59":134338,"Under74":95865,"Over75":54829},"Beds":{"Resuscitation":24,"IntensiveCare":68,"Total":92},"Deaths":80,"Recovered":213,"Severe":234,"Critical":56,"Emergencies":{"Suspected":19,"Total":197,"Severe":6,"Suspected/Accumulated":881,"Total/Accumulated":9400,"Severe/Accumulated":368},"Confirmed":119,"MedicalTests":{"Total/Accumulated":602,"Confirmed/Accumulated":105}},"geometry":{"type":"Point","coordinates":[5.213618019801983,44.63170462046205]}},{"type":"Feature","properties":{"Country/Region":"France","Province/State":"Eure","Code":"27","Population":{"Total":600687,"Under19":151745,"Under39":128858,"Under59":160781,"Under74":106586,"Over75":52717},"Beds":{"Resuscitation":12,"IntensiveCare":44,"Total":56},"Deaths":35,"Recovered":49,"Severe":92,"Critical":7,"Emergencies":{"Suspected":6,"Total":133,"Severe":2,"Suspected/Accumulated":153,"Total/Accumulated":5713,"Severe/Accumulated":24},"MedicalTests":{"Total":3,"Total/Accumulated":1461,"Confirmed/Accumulated":308},"Confirmed":71},"geometry":{"type":"Point","coordinates":[0.9927279220779222,49.13064012987015]}},{"type":"Feature","properties":{"Country/Region":"France","Province/State":"Eure-et-Loir","Code":"28","Population":{"Total":429425,"Under19":106266,"Under39":90617,"Under59":113525,"Under74":76422,"Over75":42595},"Beds":{"Resuscitation":20,"IntensiveCare":44,"Total":64},"Deaths":42,"Recovered":149,"Severe":232,"Critical":25,"Emergencies":{"Suspected":2,"Total":179,"Severe":2,"Suspected/Accumulated":323,"Total/Accumulated":9932,"Severe/Accumulated":97},"MedicalTests":{"Total":3,"Confirmed":1,"Total/Accumulated":1499,"Confirmed/Accumulated":515},"Confirmed":104},"geometry":{"type":"Point","coordinates":[1.3718229302325597,48.39856558139533]}},{"type":"Feature","properties":{"Country/Region":"France","Province/State":"Finistère","Code":"29","Population":{"Total":906554,"Under19":201332,"Under39":189857,"Under59":237308,"Under74":178715,"Over75":99342},"Beds":{"Resuscitation":66,"IntensiveCare":142,"Total":208},"Deaths":16,"Recovered":84,"Severe":121,"Critical":37,"Emergencies":{"Suspected":3,"Total":356,"Severe":2,"Suspected/Accumulated":272,"Total/Accumulated":19672,"Severe/Accumulated":67},"MedicalActs":{"Suspected":4,"Total":127,"Suspected/Accumulated":240,"Total/Accumulated":6148},"MedicalTests":{"Total":1,"Total/Accumulated":21,"Confirmed/Accumulated":7},"Confirmed":230},"geometry":{"type":"Point","coordinates":[-4.16814140056023,48.26300924369748]}},{"type":"Feature","properties":{"Country/Region":"France","Province/State":"Gard","Code":"30","Population":{"Total":748468,"Under19":170615,"Under39":154480,"Under59":195429,"Under74":147114,"Over75":80830},"Beds":{"Resuscitation":49,"IntensiveCare":108,"Total":157},"Deaths":27,"Recovered":99,"Severe":92,"Critical":40,"Emergencies":{"Suspected":16,"Total":250,"Severe":5,"Suspected/Accumulated":343,"Total/Accumulated":14511,"Severe/Accumulated":104},"MedicalActs":{"Suspected":8,"Total":90,"Suspected/Accumulated":300,"Total/Accumulated":3339},"MedicalTests":{"Total":20,"Confirmed":1,"Total/Accumulated":2620,"Confirmed/Accumulated":180},"Confirmed":44},"geometry":{"type":"Point","coordinates":[4.0572744791666695,44.00851614583332]}},{"type":"Feature","properties":{"Country/Region":"France","Province/State":"Haute-Garonne","Code":"31","Population":{"Total":1400935,"Under19":335750,"Under39":398589,"Under59":358515,"Under74":197921,"Over75":110160},"Beds":{"Resuscitation":161,"IntensiveCare":430,"Total":591},"Deaths":28,"Recovered":263,"Severe":243,"Critical":95,"Emergencies":{"Suspected":42,"Total":422,"Severe":23,"Suspected/Accumulated":1701,"Total/Accumulated":23382,"Severe/Accumulated":934},"MedicalActs":{"Suspected":13,"Total":154,"Suspected/Accumulated":733,"Total/Accumulated":5967},"MedicalTests":{"Total":6,"Confirmed":2,"Total/Accumulated":2771,"Confirmed/Accumulated":207},"Confirmed":72},"geometry":{"type":"Point","coordinates":[1.1686918356164382,43.33252969863011]}},{"type":"Feature","properties":{"Country/Region":"France","Province/State":"Gers","Code":"32","Population":{"Total":190040,"Under19":37581,"Under39":32714,"Under59":51231,"Under74":41871,"Over75":26643},"Beds":{"Resuscitation":8,"IntensiveCare":8,"Total":16},"Deaths":9,"Recovered":21,"Severe":31,"Critical":4,"Emergencies":{"Suspected":1,"Total":53,"Severe":1,"Suspected/Accumulated":271,"Total/Accumulated":2603,"Severe/Accumulated":179},"Confirmed":14,"MedicalTests":{"Total/Accumulated":571,"Confirmed/Accumulated":75}},"geometry":{"type":"Point","coordinates":[0.447782880658436,43.70601049382714]}},{"type":"Feature","properties":{"Country/Region":"France","Province/State":"Gironde","Code":"33","Population":{"Total":1633440,"Under19":380317,"Under39":415128,"Under59":425319,"Under74":267580,"Over75":145096},"Beds":{"Resuscitation":183,"IntensiveCare":262,"Total":445},"Deaths":69,"Recovered":423,"Severe":311,"Critical":103,"Emergencies":{"Suspected":44,"Total":487,"Severe":28,"Suspected/Accumulated":1994,"Total/Accumulated":27442,"Severe/Accumulated":801},"MedicalActs":{"Suspected":55,"Total":603,"Suspected/Accumulated":3281,"Total/Accumulated":31962},"MedicalTests":{"Total":1,"Total/Accumulated":3169,"Confirmed/Accumulated":297},"Confirmed":106},"geometry":{"type":"Point","coordinates":[-0.41644369747899174,44.756299705882356]}},{"type":"Feature","properties":{"Country/Region":"France","Province/State":"Hérault","Code":"34","Population":{"Total":1176145,"Under19":268258,"Under39":286299,"Under59":292794,"Under74":208723,"Over75":120071},"Beds":{"Resuscitation":124,"IntensiveCare":342,"Total":466},"Deaths":76,"Recovered":386,"Severe":198,"Critical":58,"Emergencies":{"Suspected":19,"Total":447,"Severe":5,"Suspected/Accumulated":942,"Total/Accumulated":24939,"Severe/Accumulated":423},"MedicalActs":{"Suspected":7,"Total":100,"Suspected/Accumulated":426,"Total/Accumulated":4135},"MedicalTests":{"Total":58,"Confirmed":5,"Total/Accumulated":9240,"Confirmed/Accumulated":903},"Confirmed":171},"geometry":{"type":"Point","coordinates":[3.2725271495327104,43.601788971962634]}},{"type":"Feature","properties":{"Country/Region":"France","Province/State":"Ille-et-Vilaine","Code":"35","Population":{"Total":1082073,"Under19":274429,"Under39":270693,"Under59":278610,"Under74":165623,"Over75":92718},"Beds":{"Resuscitation":60,"IntensiveCare":224,"Total":284},"Deaths":40,"Recovered":144,"Severe":184,"Critical":35,"Emergencies":{"Suspected":16,"Total":319,"Severe":6,"Suspected/Accumulated":1181,"Total/Accumulated":18615,"Severe/Accumulated":555},"MedicalActs":{"Suspected":6,"Total":174,"Suspected/Accumulated":455,"Total/Accumulated":6748},"Confirmed":208,"MedicalTests":{"Total/Accumulated":59,"Confirmed/Accumulated":7}},"geometry":{"type":"Point","coordinates":[-1.7401927338129495,48.18315345323742]}},{"type":"Feature","properties":{"Country/Region":"France","Province/State":"Indre","Code":"36","Population":{"Total":217139,"Under19":42951,"Under39":38506,"Under59":56292,"Under74":48986,"Over75":30404},"Beds":{"Resuscitation":10,"IntensiveCare":18,"Total":28},"Deaths":38,"Recovered":24,"Severe":94,"Critical":9,"Emergencies":{"Total":53,"Suspected/Accumulated":49,"Total/Accumulated":3271,"Severe/Accumulated":28},"Confirmed":80,"MedicalTests":{"Total/Accumulated":794,"Confirmed/Accumulated":205}},"geometry":{"type":"Point","coordinates":[1.576445147679325,46.764304345991526]}},{"type":"Feature","properties":{"Country/Region":"France","Province/State":"Indre-et-Loire","Code":"37","Population":{"Total":605380,"Under19":142122,"Under39":136574,"Under59":153731,"Under74":108623,"Over75":64330},"Beds":{"Resuscitation":79,"IntensiveCare":116,"Total":195},"Deaths":36,"Recovered":108,"Severe":196,"Critical":57,"Emergencies":{"Suspected":11,"Total":162,"Severe":1,"Suspected/Accumulated":548,"Total/Accumulated":10053,"Severe/Accumulated":217},"MedicalActs":{"Suspected":10,"Total":129,"Suspected/Accumulated":309,"Total/Accumulated":5968},"MedicalTests":{"Total":113,"Total/Accumulated":726,"Confirmed/Accumulated":80},"Confirmed":123},"geometry":{"type":"Point","coordinates":[0.6915947413793099,47.23521443965518]}},{"type":"Feature","properties":{"Country/Region":"France","Province/State":"Isère","Code":"38","Population":{"Total":1264979,"Under19":319977,"Under39":298730,"Under59":332378,"Under74":201842,"Over75":112052},"Beds":{"Resuscitation":74,"IntensiveCare":178,"Total":252},"Deaths":48,"Recovered":220,"Severe":255,"Critical":49,"Emergencies":{"Suspected":33,"Total":479,"Severe":9,"Suspected/Accumulated":1152,"Total/Accumulated":24631,"Severe/Accumulated":399},"MedicalActs":{"Suspected":14,"Total":161,"Suspected/Accumulated":845,"Total/Accumulated":7206},"MedicalTests":{"Total":3,"Total/Accumulated":1265,"Confirmed/Accumulated":125},"Confirmed":190},"geometry":{"type":"Point","coordinates":[5.557470704225359,45.27668616197182]}},{"type":"Feature","properties":{"Country/Region":"France","Province/State":"Jura","Code":"39","Population":{"Total":257849,"Under19":57639,"Under39":51064,"Under59":68521,"Under74":50575,"Over75":30050},"Beds":{"Resuscitation":8,"IntensiveCare":18,"Total":26},"Deaths":28,"Recovered":65,"Severe":124,"Critical":17,"Emergencies":{"Suspected":30,"Total":117,"Severe":7,"Suspected/Accumulated":496,"Total/Accumulated":5981,"Severe/Accumulated":189},"MedicalTests":{"Total/Accumulated":403,"Confirmed/Accumulated":85}},"geometry":{"type":"Point","coordinates":[5.6395758823529425,46.756161447963784]}},{"type":"Feature","properties":{"Country/Region":"France","Province/State":"Landes","Code":"40","Population":{"Total":411979,"Under19":85144,"Under39":78495,"Under59":112191,"Under74":86896,"Over75":49253},"Beds":{"Resuscitation":14,"IntensiveCare":32,"Total":46},"Deaths":10,"Recovered":31,"Severe":24,"Critical":12,"Emergencies":{"Suspected":14,"Total":118,"Severe":9,"Suspected/Accumulated":322,"Total/Accumulated":5622,"Severe/Accumulated":190},"Confirmed":20,"MedicalTests":{"Total/Accumulated":292,"Confirmed/Accumulated":18}},"geometry":{"type":"Point","coordinates":[-0.5772234449760769,43.8801859808612]}},{"type":"Feature","properties":{"Country/Region":"France","Province/State":"Loir-et-Cher","Code":"41","Population":{"Total":327835,"Under19":72953,"Under39":62903,"Under59":86073,"Under74":65923,"Over75":39983},"Beds":{"Resuscitation":12,"IntensiveCare":16,"Total":28},"Deaths":22,"Recovered":62,"Severe":97,"Critical":14,"Emergencies":{"Suspected":8,"Total":124,"Suspected/Accumulated":331,"Total/Accumulated":6997,"Severe/Accumulated":34},"Confirmed":55,"MedicalTests":{"Total/Accumulated":207,"Confirmed/Accumulated":37}},"geometry":{"type":"Point","coordinates":[1.3938662132352944,47.653275698529406]}},{"type":"Feature","properties":{"Country/Region":"France","Province/State":"Loire","Code":"42","Population":{"Total":764737,"Under19":186049,"Under39":167975,"Under59":190702,"Under74":136240,"Over75":83771},"Beds":{"Resuscitation":70,"IntensiveCare":120,"Total":190},"Deaths":110,"Recovered":335,"Severe":490,"Critical":103,"Emergencies":{"Suspected":32,"Total":328,"Severe":22,"Suspected/Accumulated":1102,"Total/Accumulated":19616,"Severe/Accumulated":663},"MedicalActs":{"Suspected":6,"Total":104,"Suspected/Accumulated":309,"Total/Accumulated":4907},"Confirmed":363,"MedicalTests":{"Total/Accumulated":88,"Confirmed/Accumulated":13}},"geometry":{"type":"Point","coordinates":[4.189998267716536,45.74292366141733]}},{"type":"Feature","properties":{"Country/Region":"France","Province/State":"Haute-Loire","Code":"43","Population":{"Total":226901,"Under19":49659,"Under39":43248,"Under59":60903,"Under74":46857,"Over75":26234},"Beds":{"Resuscitation":8,"IntensiveCare":20,"Total":28},"Deaths":6,"Recovered":46,"Severe":31,"Critical":6,"Emergencies":{"Total":12,"Suspected/Accumulated":9,"Total/Accumulated":830,"Severe/Accumulated":3},"MedicalTests":{"Total":3,"Total/Accumulated":249,"Confirmed/Accumulated":21},"Confirmed":23},"geometry":{"type":"Point","coordinates":[3.7869054017857136,45.15054486607143]}},{"type":"Feature","properties":{"Country/Region":"France","Province/State":"Loire-Atlantique","Code":"44","Population":{"Total":1437137,"Under19":363681,"Under39":357664,"Under59":368059,"Under74":227458,"Over75":120275},"Beds":{"Resuscitation":77,"IntensiveCare":262,"Total":339},"Deaths":71,"Recovered":236,"Severe":299,"Critical":64,"Emergencies":{"Suspected":36,"Total":317,"Severe":22,"Suspected/Accumulated":1499,"Total/Accumulated":16221,"Severe/Accumulated":721},"MedicalActs":{"Suspected":44,"Total":486,"Suspected/Accumulated":2045,"Total/Accumulated":20318},"Confirmed":633,"MedicalTests":{"Total/Accumulated":352,"Confirmed/Accumulated":38}},"geometry":{"type":"Point","coordinates":[-1.6902253409090902,47.33230598484852]}},{"type":"Feature","properties":{"Country/Region":"France","Province/State":"Loiret","Code":"45","Population":{"Total":682890,"Under19":172345,"Under39":155348,"Under59":174617,"Under74":115984,"Over75":64596},"Beds":{"Resuscitation":47,"IntensiveCare":120,"Total":167},"Deaths":41,"Recovered":218,"Severe":292,"Critical":77,"Emergencies":{"Suspected":15,"Total":230,"Severe":9,"Suspected/Accumulated":540,"Total/Accumulated":12001,"Severe/Accumulated":311},"MedicalActs":{"Suspected":4,"Total":48,"Suspected/Accumulated":136,"Total/Accumulated":1871},"Confirmed":258,"MedicalTests":{"Total/Accumulated":1716,"Confirmed/Accumulated":295}},"geometry":{"type":"Point","coordinates":[2.383405222672066,47.91302979757084]}},{"type":"Feature","properties":{"Country/Region":"France","Province/State":"Lot","Code":"46","Population":{"Total":173166,"Under19":31861,"Under39":29365,"Under59":44533,"Under74":41623,"Over75":25784},"Beds":{"Resuscitation":8,"IntensiveCare":8,"Total":16},"Deaths":2,"Recovered":53,"Severe":20,"Critical":10,"Emergencies":{"Suspected":5,"Total":65,"Severe":3,"Suspected/Accumulated":82,"Total/Accumulated":3638,"Severe/Accumulated":40},"Confirmed":4,"MedicalTests":{"Total/Accumulated":150,"Confirmed/Accumulated":17}},"geometry":{"type":"Point","coordinates":[1.5901290212765966,44.59231876595746]}},{"type":"Feature","properties":{"Country/Region":"France","Province/State":"Lot-et-Garonne","Code":"47","Population":{"Total":330336,"Under19":69990,"Under39":64149,"Under59":84272,"Under74":68912,"Over75":43013},"Beds":{"Resuscitation":11,"IntensiveCare":36,"Total":47},"Deaths":4,"Recovered":18,"Severe":30,"Critical":6,"Emergencies":{"Suspected":3,"Total":149,"Severe":1,"Suspected/Accumulated":711,"Total/Accumulated":7355,"Severe/Accumulated":157},"Confirmed":65,"MedicalTests":{"Total/Accumulated":269,"Confirmed/Accumulated":11}},"geometry":{"type":"Point","coordinates":[0.4871552444444442,44.39576413333333]}},{"type":"Feature","properties":{"Country/Region":"France","Province/State":"Lozère","Code":"48","Population":{"Total":76286,"Under19":15582,"Under39":14895,"Under59":20255,"Under74":15962,"Over75":9592},"Beds":{"Resuscitation":3,"IntensiveCare":0,"Total":3},"Recovered":11,"Severe":6,"Critical":1,"Emergencies":{"Total":33,"Suspected/Accumulated":34,"Total/Accumulated":1085,"Severe/Accumulated":6},"Confirmed":8,"MedicalTests":{"Total/Accumulated":33,"Confirmed/Accumulated":2}},"geometry":{"type":"Point","coordinates":[3.494722131979694,44.51333609137059]}},{"type":"Feature","properties":{"Country/Region":"France","Province/State":"Maine-et-Loire","Code":"49","Population":{"Total":815881,"Under19":204162,"Under39":184600,"Under59":204421,"Under74":138603,"Over75":84095},"Beds":{"Resuscitation":61,"IntensiveCare":196,"Total":257},"Deaths":54,"Recovered":253,"Severe":222,"Critical":45,"Emergencies":{"Suspected":24,"Total":218,"Severe":8,"Suspected/Accumulated":1014,"Total/Accumulated":12299,"Severe/Accumulated":377},"Confirmed":222,"MedicalTests":{"Total/Accumulated":59,"Confirmed/Accumulated":8}},"geometry":{"type":"Point","coordinates":[-0.6000336862745095,47.406434431372546]}},{"type":"Feature","properties":{"Country/Region":"France","Province/State":"Manche","Code":"50","Population":{"Total":490669,"Under19":105402,"Under39":96439,"Under59":126734,"Under74":101121,"Over75":60973},"Beds":{"Resuscitation":28,"IntensiveCare":52,"Total":80},"Deaths":21,"Recovered":55,"Severe":73,"Critical":20,"Emergencies":{"Suspected":16,"Total":206,"Severe":13,"Suspected/Accumulated":286,"Total/Accumulated":10816,"Severe/Accumulated":216},"MedicalActs":{"Suspected":2,"Total":81,"Suspected/Accumulated":329,"Total/Accumulated":4528},"Confirmed":107,"MedicalTests":{"Total/Accumulated":785,"Confirmed/Accumulated":81}},"geometry":{"type":"Point","coordinates":[-1.3097769083969464,49.05127938931302]}},{"type":"Feature","properties":{"Country/Region":"France","Province/State":"Marne","Code":"51","Population":{"Total":563823,"Under19":136695,"Under39":137533,"Under59":142415,"Under74":97015,"Over75":50165},"Beds":{"Resuscitation":54,"IntensiveCare":78,"Total":132},"Deaths":139,"Recovered":432,"Severe":395,"Critical":60,"Emergencies":{"Suspected":2,"Total":144,"Severe":1,"Suspected/Accumulated":524,"Total/Accumulated":9614,"Severe/Accumulated":240},"MedicalActs":{"Suspected":4,"Total":34,"Suspected/Accumulated":143,"Total/Accumulated":1555},"MedicalTests":{"Total":21,"Confirmed":2,"Total/Accumulated":1065,"Confirmed/Accumulated":261},"Confirmed":37},"geometry":{"type":"Point","coordinates":[4.209888097014927,48.936171417910444]}},{"type":"Feature","properties":{"Country/Region":"France","Province/State":"Haute-Marne","Code":"52","Population":{"Total":169250,"Under19":34865,"Under39":34065,"Under59":44268,"Under74":35981,"Over75":20071},"Beds":{"Resuscitation":8,"IntensiveCare":12,"Total":20},"Deaths":42,"Recovered":83,"Severe":100,"Critical":18,"Emergencies":{"Suspected":3,"Total":70,"Severe":3,"Suspected/Accumulated":446,"Total/Accumulated":3858,"Severe/Accumulated":131},"Confirmed":7,"MedicalTests":{"Total/Accumulated":112,"Confirmed/Accumulated":29}},"geometry":{"type":"Point","coordinates":[5.203108577075099,48.126414822134386]}},{"type":"Feature","properties":{"Country/Region":"France","Province/State":"Mayenne","Code":"53","Population":{"Total":305365,"Under19":74868,"Under39":61839,"Under59":78619,"Under74":55705,"Over75":34334},"Beds":{"Resuscitation":8,"IntensiveCare":16,"Total":24},"Deaths":19,"Recovered":41,"Severe":68,"Critical":11,"Emergencies":{"Suspected":5,"Total":38,"Severe":1,"Suspected/Accumulated":255,"Total/Accumulated":2400,"Severe/Accumulated":96},"Confirmed":182,"MedicalTests":{"Total/Accumulated":23,"Confirmed/Accumulated":3}},"geometry":{"type":"Point","coordinates":[-0.6361607305936071,48.153668493150704]}},{"type":"Feature","properties":{"Country/Region":"France","Province/State":"Meurthe-et-Moselle","Code":"54","Population":{"Total":730398,"Under19":170693,"Under39":185629,"Under59":182526,"Under74":124808,"Over75":66742},"Beds":{"Resuscitation":83,"IntensiveCare":172,"Total":255},"Deaths":179,"Recovered":426,"Severe":506,"Critical":149,"Emergencies":{"Suspected":20,"Total":237,"Severe":9,"Suspected/Accumulated":934,"Total/Accumulated":12473,"Severe/Accumulated":455},"MedicalActs":{"Suspected":18,"Total":169,"Suspected/Accumulated":664,"Total/Accumulated":6230},"Confirmed":85,"MedicalTests":{"Total/Accumulated":1026,"Confirmed/Accumulated":146}},"geometry":{"type":"Point","coordinates":[6.092894571428565,48.892416158730185]}},{"type":"Feature","properties":{"Country/Region":"France","Province/State":"Meuse","Code":"55","Population":{"Total":181641,"Under19":40375,"Under39":37641,"Under59":47696,"Under74":36898,"Over75":19031},"Beds":{"Resuscitation":8,"IntensiveCare":20,"Total":28},"Deaths":49,"Recovered":191,"Severe":143,"Critical":20,"Emergencies":{"Total":47,"Suspected/Accumulated":290,"Total/Accumulated":3230,"Severe/Accumulated":137},"Confirmed":18,"MedicalTests":{"Total/Accumulated":264,"Confirmed/Accumulated":47}},"geometry":{"type":"Point","coordinates":[5.380316626506025,49.03635373493975]}},{"type":"Feature","properties":{"Country/Region":"France","Province/State":"Morbihan","Code":"56","Population":{"Total":755566,"Under19":166653,"Under39":145287,"Under59":197813,"Under74":159285,"Over75":86528},"Beds":{"Resuscitation":22,"IntensiveCare":64,"Total":86},"Deaths":60,"Recovered":200,"Severe":131,"Critical":35,"Emergencies":{"Suspected":6,"Total":259,"Severe":4,"Suspected/Accumulated":1500,"Total/Accumulated":13325,"Severe/Accumulated":194},"MedicalActs":{"Suspected":2,"Total":73,"Suspected/Accumulated":85,"Total/Accumulated":3108},"Confirmed":313,"MedicalTests":{"Total/Accumulated":22,"Confirmed/Accumulated":2}},"geometry":{"type":"Point","coordinates":[-2.8780210594315263,47.764317932816574]}},{"type":"Feature","properties":{"Country/Region":"France","Province/State":"Moselle","Code":"57","Population":{"Total":1035866,"Under19":229681,"Under39":243525,"Under59":278966,"Under74":186864,"Over75":96830},"Beds":{"Resuscitation":88,"IntensiveCare":112,"Total":200},"Deaths":497,"Recovered":856,"Severe":1047,"Critical":164,"Emergencies":{"Suspected":40,"Total":365,"Severe":18,"Suspected/Accumulated":3111,"Total/Accumulated":23057,"Severe/Accumulated":1417},"MedicalTests":{"Total":1,"Confirmed":1,"Total/Accumulated":1812,"Confirmed/Accumulated":465},"Confirmed":295},"geometry":{"type":"Point","coordinates":[6.73973678343949,49.04168831210189]}},{"type":"Feature","properties":{"Country/Region":"France","Province/State":"Nièvre","Code":"58","Population":{"Total":199596,"Under19":38191,"Under39":34484,"Under59":50426,"Under74":47745,"Over75":28750},"Beds":{"Resuscitation":12,"IntensiveCare":32,"Total":44},"Deaths":8,"Recovered":16,"Severe":60,"Critical":11,"Emergencies":{"Suspected":21,"Total":114,"Severe":10,"Suspected/Accumulated":557,"Total/Accumulated":5801,"Severe/Accumulated":232},"Confirmed":2,"MedicalTests":{"Total/Accumulated":593,"Confirmed/Accumulated":103}},"geometry":{"type":"Point","coordinates":[3.547376999999999,47.143300999999994]}},{"type":"Feature","properties":{"Country/Region":"France","Province/State":"Nord","Code":"59","Population":{"Total":2588988,"Under19":675470,"Under39":665053,"Under59":646791,"Under74":405380,"Over75":196294},"Beds":{"Resuscitation":225,"IntensiveCare":698,"Total":923},"Deaths":274,"Recovered":698,"Severe":970,"Critical":266,"Emergencies":{"Suspected":77,"Total":1001,"Severe":27,"Suspected/Accumulated":3802,"Total/Accumulated":56153,"Severe/Accumulated":1309},"MedicalActs":{"Suspected":21,"Total":305,"Suspected/Accumulated":1133,"Total/Accumulated":19633},"Confirmed":39,"MedicalTests":{"Total/Accumulated":1322,"Confirmed/Accumulated":271}},"geometry":{"type":"Point","coordinates":[3.1893953197674403,50.453616308139516]}},{"type":"Feature","properties":{"Country/Region":"France","Province/State":"Oise","Code":"60","Population":{"Total":825077,"Under19":214776,"Under39":193026,"Under59":221783,"Under74":134365,"Over75":61127},"Beds":{"Resuscitation":36,"IntensiveCare":92,"Total":128},"Deaths":221,"Recovered":444,"Severe":461,"Critical":72,"Emergencies":{"Suspected":2,"Total":72,"Severe":1,"Suspected/Accumulated":348,"Total/Accumulated":6044,"Severe/Accumulated":155},"MedicalTests":{"Total":1,"Total/Accumulated":2550,"Confirmed/Accumulated":894},"Confirmed":210},"geometry":{"type":"Point","coordinates":[2.463008007117438,49.41459999999999]}},{"type":"Feature","properties":{"Country/Region":"France","Province/State":"Orne","Code":"61","Population":{"Total":276903,"Under19":59830,"Under39":51781,"Under59":70741,"Under74":58679,"Over75":35872},"Beds":{"Resuscitation":16,"IntensiveCare":24,"Total":40},"Deaths":19,"Recovered":101,"Severe":71,"Critical":14,"Emergencies":{"Suspected":9,"Total":124,"Severe":1,"Suspected/Accumulated":217,"Total/Accumulated":6828,"Severe/Accumulated":29},"Confirmed":28,"MedicalTests":{"Total/Accumulated":471,"Confirmed/Accumulated":48}},"geometry":{"type":"Point","coordinates":[0.01997467181467186,48.611762664092666]}},{"type":"Feature","properties":{"Country/Region":"France","Province/State":"Pas-de-Calais","Code":"62","Population":{"Total":1452778,"Under19":367229,"Under39":336274,"Under59":374200,"Under74":255788,"Over75":119287},"Beds":{"Resuscitation":85,"IntensiveCare":274,"Total":359},"Deaths":105,"Recovered":385,"Severe":447,"Critical":92,"Emergencies":{"Suspected":13,"Total":261,"Severe":1,"Suspected/Accumulated":598,"Total/Accumulated":13068,"Severe/Accumulated":127},"Confirmed":8,"MedicalTests":{"Total/Accumulated":1235,"Confirmed/Accumulated":253}},"geometry":{"type":"Point","coordinates":[2.4712310954063605,50.40984130742051]}},{"type":"Feature","properties":{"Country/Region":"France","Province/State":"Puy-de-Dôme","Code":"63","Population":{"Total":660240,"Under19":147680,"Under39":153022,"Under59":169492,"Under74":122442,"Over75":67604},"Beds":{"Resuscitation":77,"IntensiveCare":104,"Total":181},"Deaths":18,"Recovered":79,"Severe":80,"Critical":27,"Emergencies":{"Suspected":11,"Total":104,"Severe":4,"Suspected/Accumulated":356,"Total/Accumulated":5090,"Severe/Accumulated":167},"MedicalActs":{"Suspected":8,"Total":77,"Suspected/Accumulated":199,"Total/Accumulated":3907},"MedicalTests":{"Total":109,"Confirmed":2,"Total/Accumulated":2251,"Confirmed/Accumulated":159},"Confirmed":105},"geometry":{"type":"Point","coordinates":[3.143235039370079,45.73685830708661]}},{"type":"Feature","properties":{"Country/Region":"France","Province/State":"Pyrénées-Atlantiques","Code":"64","Population":{"Total":683169,"Under19":144945,"Under39":141910,"Under59":182850,"Under74":130868,"Over75":82596},"Beds":{"Resuscitation":35,"IntensiveCare":110,"Total":145},"Deaths":19,"Recovered":98,"Severe":92,"Critical":24,"Emergencies":{"Suspected":6,"Total":229,"Severe":3,"Suspected/Accumulated":536,"Total/Accumulated":12826,"Severe/Accumulated":191},"MedicalActs":{"Suspected":21,"Total":274,"Suspected/Accumulated":1162,"Total/Accumulated":11793},"Confirmed":41,"MedicalTests":{"Total/Accumulated":1299,"Confirmed/Accumulated":103}},"geometry":{"type":"Point","coordinates":[-0.7610906397306391,43.26238828282827]}},{"type":"Feature","properties":{"Country/Region":"France","Province/State":"Hautes-Pyrénées","Code":"65","Population":{"Total":226839,"Under19":44839,"Under39":42373,"Under59":59329,"Under74":49523,"Over75":30775},"Beds":{"Resuscitation":12,"IntensiveCare":44,"Total":56},"Deaths":10,"Recovered":48,"Severe":83,"Critical":5,"Emergencies":{"Total":50,"Suspected/Accumulated":36,"Total/Accumulated":3188,"Severe/Accumulated":15},"MedicalTests":{"Total":2,"Total/Accumulated":646,"Confirmed/Accumulated":87},"Confirmed":11},"geometry":{"type":"Point","coordinates":[0.15248105932203385,43.134416483050856]}},{"type":"Feature","properties":{"Country/Region":"France","Province/State":"Pyrénées-Orientales","Code":"66","Population":{"Total":479000,"Under19":102236,"Under39":93899,"Under59":121501,"Under74":99671,"Over75":61693},"Beds":{"Resuscitation":32,"IntensiveCare":64,"Total":96},"Deaths":22,"Recovered":196,"Severe":74,"Critical":26,"Emergencies":{"Total":181,"Suspected/Accumulated":281,"Total/Accumulated":10357,"Severe/Accumulated":131},"MedicalActs":{"Suspected":10,"Total":100,"Suspected/Accumulated":383,"Total/Accumulated":4640},"MedicalTests":{"Total":1,"Total/Accumulated":480,"Confirmed/Accumulated":22},"Confirmed":35},"geometry":{"type":"Point","coordinates":[2.4354706043956034,42.554231208791215]}},{"type":"Feature","properties":{"Country/Region":"France","Province/State":"Bas-Rhin","Code":"67","Population":{"Total":1132607,"Under19":258105,"Under39":285390,"Under59":300661,"Under74":188150,"Over75":100301},"Beds":{"Resuscitation":122,"IntensiveCare":208,"Total":330},"Deaths":357,"Recovered":1003,"Severe":1106,"Critical":256,"Emergencies":{"Suspected":22,"Total":229,"Severe":15,"Suspected/Accumulated":1860,"Total/Accumulated":14895,"Severe/Accumulated":1173},"MedicalActs":{"Suspected":32,"Total":346,"Suspected/Accumulated":1980,"Total/Accumulated":14360},"MedicalTests":{"Total":1,"Total/Accumulated":1148,"Confirmed/Accumulated":314},"Confirmed":376},"geometry":{"type":"Point","coordinates":[7.447409099526063,48.70509469194314]}},{"type":"Feature","properties":{"Country/Region":"France","Province/State":"Haut-Rhin","Code":"68","Population":{"Total":763204,"Under19":175817,"Under39":172286,"Under59":209152,"Under74":134185,"Over75":71764},"Beds":{"Resuscitation":70,"IntensiveCare":136,"Total":206},"Deaths":595,"Recovered":1261,"Severe":1023,"Critical":140,"Emergencies":{"Suspected":19,"Total":283,"Severe":8,"Suspected/Accumulated":2541,"Total/Accumulated":13702,"Severe/Accumulated":1618},"MedicalActs":{"Suspected":32,"Total":139,"Suspected/Accumulated":1357,"Total/Accumulated":5411},"Confirmed":700,"MedicalTests":{"Total/Accumulated":2399,"Confirmed/Accumulated":780}},"geometry":{"type":"Point","coordinates":[7.263731571428571,47.83921192857142]}},{"type":"Feature","properties":{"Country/Region":"France","Province/State":"Rhône","Code":"69","Population":{"Total":1876051,"Under19":478142,"Under39":523161,"Under59":455898,"Under74":259877,"Over75":158973},"Beds":{"Resuscitation":192,"IntensiveCare":422,"Total":614},"Deaths":320,"Recovered":1063,"Severe":1252,"Critical":252,"Emergencies":{"Suspected":51,"Total":597,"Severe":23,"Suspected/Accumulated":3785,"Total/Accumulated":35810,"Severe/Accumulated":1747},"MedicalActs":{"Suspected":56,"Total":360,"Suspected/Accumulated":2119,"Total/Accumulated":14396},"MedicalTests":{"Total":21,"Confirmed":2,"Total/Accumulated":1264,"Confirmed/Accumulated":245},"Confirmed":532},"geometry":{"type":"Point","coordinates":[4.660707512690354,45.8811785786802]}},{"type":"Feature","properties":{"Country/Region":"France","Province/State":"Haute-Saône","Code":"70","Population":{"Total":233194,"Under19":52426,"Under39":45311,"Under59":62843,"Under74":47643,"Over75":24971},"Beds":{"Resuscitation":12,"IntensiveCare":24,"Total":36},"Deaths":50,"Recovered":102,"Severe":85,"Critical":17,"Emergencies":{"Suspected":17,"Total":71,"Severe":10,"Suspected/Accumulated":671,"Total/Accumulated":4182,"Severe/Accumulated":375},"MedicalTests":{"Total/Accumulated":666,"Confirmed/Accumulated":173}},"geometry":{"type":"Point","coordinates":[6.0410172972972935,47.62793234234234]}},{"type":"Feature","properties":{"Country/Region":"France","Province/State":"Saône-et-Loire","Code":"71","Population":{"Total":547824,"Under19":117389,"Under39":104206,"Under59":141715,"Under74":114530,"Over75":69984},"Beds":{"Resuscitation":26,"IntensiveCare":44,"Total":70},"Deaths":92,"Recovered":263,"Severe":176,"Critical":34,"Emergencies":{"Suspected":38,"Total":265,"Severe":22,"Suspected/Accumulated":1966,"Total/Accumulated":12637,"Severe/Accumulated":840},"MedicalTests":{"Total":44,"Confirmed":6,"Total/Accumulated":1287,"Confirmed/Accumulated":172}},"geometry":{"type":"Point","coordinates":[4.528318691588785,46.63876112149533]}},{"type":"Feature","properties":{"Country/Region":"France","Province/State":"Sarthe","Code":"72","Population":{"Total":560227,"Under19":135636,"Under39":116946,"Under59":143032,"Under74":103587,"Over75":61026},"Beds":{"Resuscitation":17,"IntensiveCare":54,"Total":71},"Deaths":27,"Recovered":122,"Severe":155,"Critical":22,"Emergencies":{"Suspected":45,"Total":204,"Severe":19,"Suspected/Accumulated":1214,"Total/Accumulated":11374,"Severe/Accumulated":599},"Confirmed":422,"MedicalTests":{"Total/Accumulated":17,"Confirmed/Accumulated":2}},"geometry":{"type":"Point","coordinates":[0.1986467741935485,47.9763005529954]}},{"type":"Feature","properties":{"Country/Region":"France","Province/State":"Savoie","Code":"73","Population":{"Total":432548,"Under19":98346,"Under39":96013,"Under59":117417,"Under74":76722,"Over75":44050},"Beds":{"Resuscitation":18,"IntensiveCare":36,"Total":54},"Deaths":24,"Recovered":198,"Severe":111,"Critical":25,"Emergencies":{"Suspected":25,"Total":115,"Severe":4,"Suspected/Accumulated":339,"Total/Accumulated":6490,"Severe/Accumulated":163},"MedicalActs":{"Suspected":14,"Total":83,"Suspected/Accumulated":428,"Total/Accumulated":3844},"MedicalTests":{"Total":1,"Total/Accumulated":217,"Confirmed/Accumulated":35},"Confirmed":114},"geometry":{"type":"Point","coordinates":[6.4038603585657325,45.50301760956176]}},{"type":"Feature","properties":{"Country/Region":"France","Province/State":"Haute-Savoie","Code":"74","Population":{"Total":828405,"Under19":203837,"Under39":209477,"Under59":227355,"Under74":122439,"Over75":65297},"Beds":{"Resuscitation":34,"IntensiveCare":82,"Total":116},"Deaths":88,"Recovered":401,"Severe":289,"Critical":72,"Emergencies":{"Suspected":24,"Total":391,"Severe":10,"Suspected/Accumulated":1494,"Total/Accumulated":21123,"Severe/Accumulated":545},"MedicalActs":{"Suspected":7,"Total":109,"Suspected/Accumulated":588,"Total/Accumulated":5316},"Confirmed":310,"MedicalTests":{"Total/Accumulated":1785,"Confirmed/Accumulated":459}},"geometry":{"type":"Point","coordinates":[6.452374226804124,46.01403216494844]}},{"type":"Feature","properties":{"Country/Region":"France","Province/State":"Paris","Code":"75","Population":{"Total":2148271,"Under19":406652,"Under39":718825,"Under59":536676,"Under74":311978,"Over75":174140},"Beds":{"Resuscitation":389,"IntensiveCare":1082,"Total":1471},"Deaths":959,"Recovered":2287,"Severe":3266,"Critical":796,"Emergencies":{"Suspected":142,"Total":753,"Severe":46,"Suspected/Accumulated":10973,"Total/Accumulated":47846,"Severe/Accumulated":3172},"MedicalActs":{"Suspected":89,"Total":602,"Suspected/Accumulated":4895,"Total/Accumulated":34976},"MedicalTests":{"Total":122,"Confirmed":35,"Total/Accumulated":8922,"Confirmed/Accumulated":3167},"Confirmed":126},"geometry":{"type":"Point","coordinates":[2.3550152173913044,48.8535647826087]}},{"type":"Feature","properties":{"Country/Region":"France","Province/State":"Seine-Maritime","Code":"76","Population":{"Total":1243788,"Under19":303968,"Under39":294607,"Under59":310458,"Under74":218116,"Over75":116639},"Beds":{"Resuscitation":93,"IntensiveCare":300,"Total":393},"Deaths":100,"Recovered":298,"Severe":321,"Critical":99,"Emergencies":{"Suspected":24,"Total":535,"Severe":12,"Suspected/Accumulated":1002,"Total/Accumulated":28456,"Severe/Accumulated":334},"MedicalActs":{"Suspected":10,"Total":77,"Suspected/Accumulated":297,"Total/Accumulated":3572},"MedicalTests":{"Total":2,"Confirmed":1,"Total/Accumulated":1579,"Confirmed/Accumulated":301},"Confirmed":233},"geometry":{"type":"Point","coordinates":[1.114674462365592,49.5942889784946]}},{"type":"Feature","properties":{"Country/Region":"France","Province/State":"Seine-et-Marne","Code":"77","Population":{"Total":1423607,"Under19":392025,"Under39":357752,"Under59":382068,"Under74":199768,"Over75":91994},"Beds":{"Resuscitation":77,"IntensiveCare":100,"Total":177},"Deaths":240,"Recovered":851,"Severe":828,"Critical":206,"Emergencies":{"Suspected":49,"Total":301,"Severe":35,"Suspected/Accumulated":2296,"Total/Accumulated":18603,"Severe/Accumulated":1037},"MedicalActs":{"Suspected":33,"Total":195,"Suspected/Accumulated":1116,"Total/Accumulated":9964},"MedicalTests":{"Total":8,"Confirmed":5,"Total/Accumulated":3086,"Confirmed/Accumulated":1097},"Confirmed":42},"geometry":{"type":"Point","coordinates":[2.9385241532258073,48.61862185483869]}},{"type":"Feature","properties":{"Country/Region":"France","Province/State":"Yvelines","Code":"78","Population":{"Total":1448625,"Under19":385814,"Under39":341694,"Under59":394186,"Under74":209492,"Over75":117439},"Beds":{"Resuscitation":84,"IntensiveCare":204,"Total":288},"Deaths":276,"Recovered":774,"Severe":1070,"Critical":183,"Emergencies":{"Suspected":40,"Total":393,"Severe":19,"Suspected/Accumulated":2015,"Total/Accumulated":25754,"Severe/Accumulated":771},"MedicalActs":{"Suspected":15,"Total":141,"Suspected/Accumulated":972,"Total/Accumulated":6871},"MedicalTests":{"Total":4,"Confirmed":3,"Total/Accumulated":2261,"Confirmed/Accumulated":793},"Confirmed":70},"geometry":{"type":"Point","coordinates":[1.8294258823529415,48.80823257352944]}},{"type":"Feature","properties":{"Country/Region":"France","Province/State":"Deux-Sèvres","Code":"79","Population":{"Total":372627,"Under19":85106,"Under39":73604,"Under59":98839,"Under74":72067,"Over75":43011},"Beds":{"Resuscitation":8,"IntensiveCare":36,"Total":44},"Deaths":10,"Recovered":27,"Severe":36,"Critical":7,"Emergencies":{"Suspected":4,"Total":105,"Severe":3,"Suspected/Accumulated":239,"Total/Accumulated":7005,"Severe/Accumulated":85},"Confirmed":11,"MedicalTests":{"Total/Accumulated":20,"Confirmed/Accumulated":4}},"geometry":{"type":"Point","coordinates":[-0.29978133828996273,46.53994301115242]}},{"type":"Feature","properties":{"Country/Region":"France","Province/State":"Somme","Code":"80","Population":{"Total":569769,"Under19":138211,"Under39":134953,"Under59":144752,"Under74":100734,"Over75":51119},"Beds":{"Resuscitation":58,"IntensiveCare":164,"Total":222},"Deaths":126,"Recovered":287,"Severe":361,"Critical":69,"Emergencies":{"Suspected":13,"Total":221,"Severe":8,"Suspected/Accumulated":1083,"Total/Accumulated":12217,"Severe/Accumulated":490},"MedicalActs":{"Suspected":30,"Total":132,"Suspected/Accumulated":1175,"Total/Accumulated":9306},"MedicalTests":{"Total":6,"Total/Accumulated":1010,"Confirmed/Accumulated":296},"Confirmed":54},"geometry":{"type":"Point","coordinates":[2.3486719850187256,49.97418277153558]}},{"type":"Feature","properties":{"Country/Region":"France","Province/State":"Tarn","Code":"81","Population":{"Total":387898,"Under19":84873,"Under39":74511,"Under59":102349,"Under74":77279,"Over75":48886},"Beds":{"Resuscitation":24,"IntensiveCare":70,"Total":94},"Deaths":11,"Recovered":53,"Severe":45,"Critical":19,"Emergencies":{"Suspected":11,"Total":151,"Suspected/Accumulated":365,"Total/Accumulated":8167,"Severe/Accumulated":105},"Confirmed":14,"MedicalTests":{"Total/Accumulated":337,"Confirmed/Accumulated":29}},"geometry":{"type":"Point","coordinates":[2.1808796818181815,43.78627254545453]}},{"type":"Feature","properties":{"Country/Region":"France","Province/State":"Tarn-et-Garonne","Code":"82","Population":{"Total":262618,"Under19":63559,"Under39":53023,"Under59":70354,"Under74":48046,"Over75":27636},"Beds":{"Resuscitation":18,"IntensiveCare":40,"Total":58},"Deaths":3,"Recovered":13,"Severe":18,"Critical":10,"Emergencies":{"Total":94,"Suspected/Accumulated":579,"Total/Accumulated":4828,"Severe/Accumulated":202},"MedicalTests":{"Total":1,"Total/Accumulated":845,"Confirmed/Accumulated":56},"Confirmed":11},"geometry":{"type":"Point","coordinates":[1.3350866094420606,44.1164032618026]}},{"type":"Feature","properties":{"Country/Region":"France","Province/State":"Var","Code":"83","Population":{"Total":1073836,"Under19":224216,"Under39":215361,"Under59":276842,"Under74":218239,"Over75":139178},"Beds":{"Resuscitation":60,"IntensiveCare":84,"Total":144},"Deaths":61,"Recovered":363,"Severe":279,"Critical":54,"Emergencies":{"Suspected":34,"Total":401,"Severe":14,"Suspected/Accumulated":1301,"Total/Accumulated":20544,"Severe/Accumulated":718},"MedicalActs":{"Suspected":45,"Total":378,"Suspected/Accumulated":2336,"Total/Accumulated":18409},"MedicalTests":{"Total":42,"Total/Accumulated":2886,"Confirmed/Accumulated":333},"Confirmed":186},"geometry":{"type":"Point","coordinates":[6.2341132170542615,43.37767961240309]}},{"type":"Feature","properties":{"Country/Region":"France","Province/State":"Vaucluse","Code":"84","Population":{"Total":560997,"Under19":132211,"Under39":118607,"Under59":147247,"Under74":103567,"Over75":59365},"Beds":{"Resuscitation":16,"IntensiveCare":60,"Total":76},"Deaths":22,"Recovered":123,"Severe":73,"Critical":17,"Emergencies":{"Suspected":7,"Total":242,"Severe":6,"Suspected/Accumulated":497,"Total/Accumulated":14501,"Severe/Accumulated":294},"MedicalActs":{"Suspected":4,"Total":44,"Suspected/Accumulated":51,"Total/Accumulated":1209},"Confirmed":45,"MedicalTests":{"Total/Accumulated":2155,"Confirmed/Accumulated":165}},"geometry":{"type":"Point","coordinates":[5.137687100591716,44.08826047337278]}},{"type":"Feature","properties":{"Country/Region":"France","Province/State":"Vendée","Code":"85","Population":{"Total":683187,"Under19":155162,"Under39":132680,"Under59":176377,"Under74":142178,"Over75":76790},"Beds":{"Resuscitation":18,"IntensiveCare":44,"Total":62},"Deaths":21,"Recovered":67,"Severe":79,"Critical":20,"Emergencies":{"Suspected":6,"Total":212,"Severe":2,"Suspected/Accumulated":637,"Total/Accumulated":11212,"Severe/Accumulated":266},"Confirmed":147,"MedicalTests":{"Total/Accumulated":90,"Confirmed/Accumulated":8}},"geometry":{"type":"Point","coordinates":[-1.3851340601503754,46.70726116541352]}},{"type":"Feature","properties":{"Country/Region":"France","Province/State":"Vienne","Code":"86","Population":{"Total":437398,"Under19":101362,"Under39":100176,"Under59":108284,"Under74":79480,"Over75":48096},"Beds":{"Resuscitation":53,"IntensiveCare":124,"Total":177},"Deaths":21,"Recovered":56,"Severe":71,"Critical":29,"Emergencies":{"Suspected":3,"Total":140,"Severe":2,"Suspected/Accumulated":276,"Total/Accumulated":7091,"Severe/Accumulated":146},"Confirmed":53,"MedicalTests":{"Total/Accumulated":91,"Confirmed/Accumulated":16}},"geometry":{"type":"Point","coordinates":[0.42368070921985806,46.57872638297872]}},{"type":"Feature","properties":{"Country/Region":"France","Province/State":"Haute-Vienne","Code":"87","Population":{"Total":370774,"Under19":79173,"Under39":77448,"Under59":94509,"Under74":74186,"Over75":45458},"Beds":{"Resuscitation":24,"IntensiveCare":144,"Total":168},"Deaths":11,"Recovered":52,"Severe":78,"Critical":18,"Emergencies":{"Suspected":14,"Total":154,"Severe":4,"Suspected/Accumulated":250,"Total/Accumulated":8587,"Severe/Accumulated":167},"MedicalActs":{"Suspected":7,"Total":115,"Suspected/Accumulated":398,"Total/Accumulated":6055},"Confirmed":21,"MedicalTests":{"Total/Accumulated":325,"Confirmed/Accumulated":44}},"geometry":{"type":"Point","coordinates":[1.2410431872509962,45.895894860557746]}},{"type":"Feature","properties":{"Country/Region":"France","Province/State":"Vosges","Code":"88","Population":{"Total":359520,"Under19":77042,"Under39":70274,"Under59":94740,"Under74":75920,"Over75":41544},"Beds":{"Resuscitation":8,"IntensiveCare":24,"Total":32},"Deaths":168,"Recovered":272,"Severe":269,"Critical":31,"Emergencies":{"Suspected":28,"Total":174,"Severe":15,"Suspected/Accumulated":1973,"Total/Accumulated":9530,"Severe/Accumulated":707},"MedicalTests":{"Total":1,"Total/Accumulated":963,"Confirmed/Accumulated":335},"Confirmed":66},"geometry":{"type":"Point","coordinates":[6.2957204247104235,48.23006027027029]}},{"type":"Feature","properties":{"Country/Region":"France","Province/State":"Yonne","Code":"89","Population":{"Total":332096,"Under19":73991,"Under39":64975,"Under59":86159,"Under74":68966,"Over75":38005},"Beds":{"Resuscitation":18,"IntensiveCare":32,"Total":50},"Deaths":28,"Recovered":85,"Severe":83,"Critical":20,"Emergencies":{"Suspected":23,"Total":164,"Severe":10,"Suspected/Accumulated":922,"Total/Accumulated":10276,"Severe/Accumulated":219},"MedicalActs":{"Suspected":20,"Total":61,"Suspected/Accumulated":372,"Total/Accumulated":2906},"MedicalTests":{"Total/Accumulated":220,"Confirmed/Accumulated":35}},"geometry":{"type":"Point","coordinates":[3.57333820338983,47.84307762711864]}},{"type":"Feature","properties":{"Country/Region":"France","Province/State":"Territoire de Belfort","Code":"90","Population":{"Total":140145,"Under19":33166,"Under39":32553,"Under59":36366,"Under74":24639,"Over75":13421},"Beds":{"Resuscitation":25,"IntensiveCare":40,"Total":65},"Deaths":115,"Recovered":246,"Severe":229,"Critical":37,"Emergencies":{"Suspected":8,"Total":83,"Severe":4,"Suspected/Accumulated":695,"Total/Accumulated":4797,"Severe/Accumulated":408},"MedicalTests":{"Total/Accumulated":384,"Confirmed/Accumulated":88}},"geometry":{"type":"Point","coordinates":[6.93897388888889,47.60873597222223]}},{"type":"Feature","properties":{"Country/Region":"France","Province/State":"Essonne","Code":"91","Population":{"Total":1319401,"Under19":360333,"Under39":338878,"Under59":349395,"Under74":176919,"Over75":93876},"Beds":{"Resuscitation":97,"IntensiveCare":164,"Total":261},"Deaths":220,"Recovered":586,"Severe":1231,"Critical":237,"Emergencies":{"Suspected":45,"Total":354,"Severe":20,"Suspected/Accumulated":2793,"Total/Accumulated":19977,"Severe/Accumulated":830},"MedicalActs":{"Suspected":14,"Total":130,"Suspected/Accumulated":711,"Total/Accumulated":6042},"MedicalTests":{"Total":75,"Confirmed":17,"Total/Accumulated":3596,"Confirmed/Accumulated":1535},"Confirmed":30},"geometry":{"type":"Point","coordinates":[2.2519983333333338,48.50948216666667]}},{"type":"Feature","properties":{"Country/Region":"France","Province/State":"Hauts-de-Seine","Code":"92","Population":{"Total":1613762,"Under19":393984,"Under39":457571,"Under59":428782,"Under74":211036,"Over75":122389},"Beds":{"Resuscitation":184,"IntensiveCare":276,"Total":460},"Deaths":527,"Recovered":1575,"Severe":2005,"Critical":436,"Emergencies":{"Suspected":40,"Total":436,"Severe":13,"Suspected/Accumulated":2803,"Total/Accumulated":27634,"Severe/Accumulated":911},"MedicalTests":{"Total":18,"Confirmed":4,"Total/Accumulated":5938,"Confirmed/Accumulated":2140},"Confirmed":59},"geometry":{"type":"Point","coordinates":[2.2538900000000006,48.84266823529411]}},{"type":"Feature","properties":{"Country/Region":"France","Province/State":"Seine-Saint-Denis","Code":"93","Population":{"Total":1670149,"Under19":485032,"Under39":478299,"Under59":428192,"Under74":194935,"Over75":83691},"Beds":{"Resuscitation":100,"IntensiveCare":218,"Total":318},"Deaths":527,"Recovered":1099,"Severe":1619,"Critical":245,"Emergencies":{"Suspected":68,"Total":443,"Severe":16,"Suspected/Accumulated":3803,"Total/Accumulated":32482,"Severe/Accumulated":1104},"MedicalTests":{"Total":21,"Confirmed":7,"Total/Accumulated":4244,"Confirmed/Accumulated":1863},"Confirmed":45},"geometry":{"type":"Point","coordinates":[2.474763409090909,48.91863045454546]}},{"type":"Feature","properties":{"Country/Region":"France","Province/State":"Val-de-Marne","Code":"94","Population":{"Total":1406041,"Under19":359600,"Under39":390124,"Under59":368199,"Under74":187814,"Over75":100304},"Beds":{"Resuscitation":156,"IntensiveCare":338,"Total":494},"Deaths":570,"Recovered":1150,"Severe":2249,"Critical":323,"Emergencies":{"Suspected":88,"Total":542,"Severe":42,"Suspected/Accumulated":5659,"Total/Accumulated":33617,"Severe/Accumulated":2336},"MedicalTests":{"Total":36,"Confirmed":6,"Total/Accumulated":3445,"Confirmed/Accumulated":1289},"Confirmed":48},"geometry":{"type":"Point","coordinates":[2.47453725,48.775524499999996]}},{"type":"Feature","properties":{"Country/Region":"France","Province/State":"Val-d'Oise","Code":"95","Population":{"Total":1248354,"Under19":357525,"Under39":326622,"Under59":322949,"Under74":166265,"Over75":74993},"Beds":{"Resuscitation":60,"IntensiveCare":130,"Total":190},"Deaths":385,"Recovered":1065,"Severe":928,"Critical":178,"Emergencies":{"Suspected":83,"Total":470,"Severe":26,"Suspected/Accumulated":5627,"Total/Accumulated":29222,"Severe/Accumulated":2014},"MedicalActs":{"Suspected":17,"Total":210,"Suspected/Accumulated":1476,"Total/Accumulated":11412},"MedicalTests":{"Total":56,"Confirmed":25,"Total/Accumulated":3623,"Confirmed/Accumulated":1528},"Confirmed":60},"geometry":{"type":"Point","coordinates":[2.092522396694214,49.08765355371902]}},{"type":"Feature","properties":{"Country/Region":"France","Province/State":"La Réunion","Code":"974","Population":{"Total":859959,"Under19":256143,"Under39":202783,"Under59":239212,"Under74":117045,"Over75":44776},"Beds":{"Resuscitation":52,"IntensiveCare":154,"Total":206},"Recovered":72,"Severe":28,"Critical":3,"Emergencies":{"Suspected":7,"Total":297,"Severe":3,"Suspected/Accumulated":211,"Total/Accumulated":15405,"Severe/Accumulated":149},"MedicalTests":{"Total/Accumulated":4}},"geometry":{"type":"Point","coordinates":[55.52943947368424,-21.1374047368421]}}]}