{"type":"FeatureCollection","features":[{"type":"Feature","properties":{"Country/Region":"France","Province/State":"Guadeloupe","Code":"971","Population":{"Total":376879,"Under19":90617,"Under39":71707,"Under59":109452,"Under74":70936,"Over75":34167},"Beds":{"Resuscitation":27,"IntensiveCare":68,"Total":95},"Confirmed":45,"Severe":8,"Critical":3,"Emergencies":{"Suspected":1,"Total":118,"Severe":1,"Suspected/Accumulated":1,"Total/Accumulated":4153,"Severe/Accumulated":1},"MedicalTests":{"Total/Accumulated":2,"Confirmed/Accumulated":1}},"geometry":{"type":"Point","coordinates":[-61.493846272189366,16.20469674556213]}},{"type":"Feature","properties":{"Country/Region":"France","Province/State":"Martinique","Code":"972","Population":{"Total":358749,"Under19":77005,"Under39":65776,"Under59":105638,"Under74":72163,"Over75":38167},"Beds":{"Resuscitation":26,"IntensiveCare":58,"Total":84},"Deaths":1,"Severe":17,"Critical":5,"MedicalActs":{"Total":113,"Total/Accumulated":2497},"Confirmed":16},"geometry":{"type":"Point","coordinates":[-60.98265692913386,14.6217557480315]}},{"type":"Feature","properties":{"Country/Region":"France","Province/State":"Guyane","Code":"973","Population":{"Total":290691,"Under19":120681,"Under39":80023,"Under59":61783,"Under74":22111,"Over75":6093},"Beds":{"Resuscitation":13,"IntensiveCare":12,"Total":25},"Confirmed":15,"Recovered":5,"Emergencies":{"Total":171,"Suspected/Accumulated":3,"Total/Accumulated":4735},"MedicalTests":{"Total":4,"Total/Accumulated":4}},"geometry":{"type":"Point","coordinates":[-53.41731165390502,3.588901056661561]}},{"type":"Feature","properties":{"Country/Region":"France","Province/State":"Mayotte","Code":"976","Population":{"Total":279471,"Under19":150257,"Under39":74348,"Under59":42900,"Under74":9521,"Over75":2445},"Beds":{"Resuscitation":6,"IntensiveCare":0,"Total":6},"Confirmed":4,"Severe":3,"Emergencies":{"Suspected":2,"Total":103,"Suspected/Accumulated":6,"Total/Accumulated":2207}},"geometry":{"type":"Point","coordinates":[45.14160071428572,-12.835344166666673]}},{"type":"Feature","properties":{"Country/Region":"France","Province/State":"Ain","Code":"01","Population":{"Total":656955,"Under19":167666,"Under39":151084,"Under59":179469,"Under74":104453,"Over75":54283},"Beds":{"Resuscitation":22,"IntensiveCare":20,"Total":42},"Confirmed":84,"Deaths":5,"Recovered":1,"Severe":2,"Emergencies":{"Suspected":8,"Total":155,"Severe":4,"Suspected/Accumulated":69,"Total/Accumulated":4567,"Severe/Accumulated":19},"MedicalTests":{"Total":82,"Confirmed":13,"Total/Accumulated":132,"Confirmed/Accumulated":29}},"geometry":{"type":"Point","coordinates":[5.430359734513273,46.106026415929215]}},{"type":"Feature","properties":{"Country/Region":"France","Province/State":"Aisne","Code":"02","Population":{"Total":526050,"Under19":129852,"Under39":114042,"Under59":135164,"Under74":98046,"Over75":48946},"Beds":{"Resuscitation":34,"IntensiveCare":110,"Total":144},"Deaths":19,"Recovered":33,"Severe":43,"Critical":15,"Emergencies":{"Suspected":21,"Total":216,"Severe":11,"Suspected/Accumulated":243,"Total/Accumulated":6564,"Severe/Accumulated":85},"MedicalActs":{"Suspected":23,"Total":224,"Suspected/Accumulated":98,"Total/Accumulated":6071},"MedicalTests":{"Total":6,"Confirmed":1,"Total/Accumulated":10,"Confirmed/Accumulated":3},"Confirmed":59},"geometry":{"type":"Point","coordinates":[3.5153965625000003,49.457888298611124]}},{"type":"Feature","properties":{"Country/Region":"France","Province/State":"Allier","Code":"03","Population":{"Total":331315,"Under19":66659,"Under39":61490,"Under59":85304,"Under74":72079,"Over75":45783},"Beds":{"Resuscitation":24,"IntensiveCare":56,"Total":80},"Confirmed":10,"Recovered":7,"Emergencies":{"Suspected":25,"Total":106,"Severe":20,"Suspected/Accumulated":87,"Total/Accumulated":2838,"Severe/Accumulated":54},"MedicalTests":{"Total/Accumulated":3}},"geometry":{"type":"Point","coordinates":[3.1778756690140857,46.39097419014088]}},{"type":"Feature","properties":{"Country/Region":"France","Province/State":"Alpes-de-Haute-Provence","Code":"04","Population":{"Total":165197,"Under19":34281,"Under39":30814,"Under59":43423,"Under74":35681,"Over75":20998},"Beds":{"Resuscitation":6,"IntensiveCare":0,"Total":6},"Confirmed":8,"Recovered":3,"Severe":3,"Critical":1,"Emergencies":{"Suspected":2,"Total":109,"Severe":1,"Suspected/Accumulated":14,"Total/Accumulated":2759,"Severe/Accumulated":11},"MedicalTests":{"Total":1,"Total/Accumulated":1}},"geometry":{"type":"Point","coordinates":[6.294359440298507,44.152788992537346]}},{"type":"Feature","properties":{"Country/Region":"France","Province/State":"Hautes-Alpes","Code":"05","Population":{"Total":141756,"Under19":30280,"Under39":27715,"Under59":37829,"Under74":29047,"Over75":16885},"Beds":{"Resuscitation":8,"IntensiveCare":0,"Total":8},"Confirmed":32,"Recovered":10,"Severe":10,"Critical":1,"Emergencies":{"Suspected":13,"Total":104,"Severe":4,"Suspected/Accumulated":225,"Total/Accumulated":2700,"Severe/Accumulated":37},"MedicalTests":{"Total":1,"Total/Accumulated":1}},"geometry":{"type":"Point","coordinates":[6.205986298932386,44.64177099644131]}},{"type":"Feature","properties":{"Country/Region":"France","Province/State":"Alpes-Maritimes","Code":"06","Population":{"Total":1079396,"Under19":226862,"Under39":232814,"Under59":282249,"Under74":198428,"Over75":139043},"Beds":{"Resuscitation":89,"IntensiveCare":182,"Total":271},"Confirmed":133,"Deaths":2,"Recovered":48,"Severe":33,"Critical":5,"Emergencies":{"Suspected":42,"Total":482,"Severe":28,"Suspected/Accumulated":536,"Total/Accumulated":14195,"Severe/Accumulated":357},"MedicalActs":{"Suspected":15,"Total":168,"Suspected/Accumulated":31,"Total/Accumulated":3092},"MedicalTests":{"Total":25,"Confirmed":7,"Total/Accumulated":170,"Confirmed/Accumulated":19}},"geometry":{"type":"Point","coordinates":[7.093963618090453,43.90811477386935]}},{"type":"Feature","properties":{"Country/Region":"France","Province/State":"Corse-du-Sud","Code":"2A","Population":{"Total":162421,"Under19":31630,"Under39":34910,"Under59":45312,"Under74":31004,"Over75":19565},"Beds":{"Resuscitation":10,"IntensiveCare":30,"Total":40},"Confirmed":138,"Deaths":7,"Recovered":1,"Severe":1,"Emergencies":{"Total":46,"Suspected/Accumulated":51,"Total/Accumulated":1350,"Severe/Accumulated":42},"MedicalActs":{"Suspected":9,"Total":38,"Suspected/Accumulated":86,"Total/Accumulated":1101}},"geometry":{"type":"Point","coordinates":[8.933891598360661,41.87995627049185]}},{"type":"Feature","properties":{"Country/Region":"France","Province/State":"Haute-Corse","Code":"2B","Population":{"Total":182258,"Under19":36925,"Under39":42075,"Under59":47863,"Under74":34671,"Over75":20724},"Beds":{"Resuscitation":8,"IntensiveCare":12,"Total":20},"Confirmed":26,"Emergencies":{"Suspected":39,"Total":92,"Severe":39,"Suspected/Accumulated":350,"Total/Accumulated":2038,"Severe/Accumulated":348}},"geometry":{"type":"Point","coordinates":[9.12993101604278,42.44040566844919]}},{"type":"Feature","properties":{"Country/Region":"France","Province/State":"Ardèche","Code":"07","Population":{"Total":326875,"Under19":70594,"Under39":61093,"Under59":88160,"Under74":68490,"Over75":38538},"Beds":{"Resuscitation":8,"IntensiveCare":0,"Total":8},"Confirmed":48,"Severe":11,"Critical":2,"Emergencies":{"Suspected":7,"Total":101,"Suspected/Accumulated":23,"Total/Accumulated":2441,"Severe/Accumulated":1},"MedicalTests":{"Total":38,"Confirmed":8,"Total/Accumulated":91,"Confirmed/Accumulated":24}},"geometry":{"type":"Point","coordinates":[4.425911157407411,44.77470101851853]}},{"type":"Feature","properties":{"Country/Region":"France","Province/State":"Ardennes","Code":"08","Population":{"Total":265531,"Under19":60337,"Under39":55870,"Under59":70459,"Under74":52021,"Over75":26844},"Beds":{"Resuscitation":12,"IntensiveCare":42,"Total":54},"Recovered":1,"Emergencies":{"Total":115,"Suspected/Accumulated":2,"Total/Accumulated":3707},"MedicalTests":{"Total":1,"Total/Accumulated":4},"Confirmed":3},"geometry":{"type":"Point","coordinates":[4.717836481481479,49.63503592592596]}},{"type":"Feature","properties":{"Country/Region":"France","Province/State":"Ariège","Code":"09","Population":{"Total":152398,"Under19":30718,"Under39":28780,"Under59":40432,"Under74":32667,"Over75":19801},"Beds":{"Resuscitation":8,"IntensiveCare":16,"Total":24},"Confirmed":3,"Recovered":2,"Severe":1,"Critical":1,"Emergencies":{"Total":72,"Suspected/Accumulated":16,"Total/Accumulated":1988,"Severe/Accumulated":2},"MedicalTests":{"Total":4,"Confirmed":2,"Total/Accumulated":5,"Confirmed/Accumulated":2}},"geometry":{"type":"Point","coordinates":[1.5308575113122171,42.951783619909506]}},{"type":"Feature","properties":{"Country/Region":"France","Province/State":"Aube","Code":"10","Population":{"Total":309907,"Under19":74513,"Under39":69749,"Under59":77945,"Under74":56336,"Over75":31364},"Beds":{"Resuscitation":12,"IntensiveCare":36,"Total":48},"Severe":6,"Critical":1,"Emergencies":{"Suspected":11,"Total":112,"Severe":3,"Suspected/Accumulated":28,"Total/Accumulated":3216,"Severe/Accumulated":10},"MedicalActs":{"Suspected":4,"Total":123,"Suspected/Accumulated":34,"Total/Accumulated":2555},"MedicalTests":{"Total":8,"Total/Accumulated":26,"Confirmed/Accumulated":2},"Confirmed":14},"geometry":{"type":"Point","coordinates":[4.115386826086957,48.290927782608684]}},{"type":"Feature","properties":{"Country/Region":"France","Province/State":"Aude","Code":"11","Population":{"Total":372705,"Under19":78644,"Under39":70170,"Under59":96929,"Under74":80039,"Over75":46923},"Beds":{"Resuscitation":16,"IntensiveCare":44,"Total":60},"Confirmed":44,"Deaths":6,"Recovered":9,"Severe":18,"Critical":11,"Emergencies":{"Suspected":15,"Total":148,"Severe":6,"Suspected/Accumulated":79,"Total/Accumulated":4677,"Severe/Accumulated":26},"MedicalTests":{"Total":23,"Confirmed":5,"Total/Accumulated":45,"Confirmed/Accumulated":9}},"geometry":{"type":"Point","coordinates":[2.3518425641025638,43.13299722222223]}},{"type":"Feature","properties":{"Country/Region":"France","Province/State":"Aveyron","Code":"12","Population":{"Total":278360,"Under19":55940,"Under39":51027,"Under59":73060,"Under74":59454,"Over75":38879},"Beds":{"Resuscitation":11,"IntensiveCare":32,"Total":43},"Confirmed":29,"Deaths":1,"Recovered":2,"Severe":9,"Critical":2,"Emergencies":{"Total":63,"Total/Accumulated":2129},"MedicalTests":{"Total":2,"Confirmed":1,"Total/Accumulated":2,"Confirmed/Accumulated":1}},"geometry":{"type":"Point","coordinates":[2.66545315960912,44.28474130293157]}},{"type":"Feature","properties":{"Country/Region":"France","Province/State":"Bouches-du-Rhône","Code":"13","Population":{"Total":2034469,"Under19":480915,"Under39":483747,"Under59":522289,"Under74":342385,"Over75":205133},"Beds":{"Resuscitation":281,"IntensiveCare":476,"Total":757},"Confirmed":377,"Deaths":4,"Recovered":97,"Severe":128,"Critical":20,"Emergencies":{"Suspected":33,"Total":820,"Severe":19,"Suspected/Accumulated":206,"Total/Accumulated":22651,"Severe/Accumulated":84},"MedicalActs":{"Suspected":26,"Total":180,"Suspected/Accumulated":130,"Total/Accumulated":4009},"MedicalTests":{"Total":174,"Confirmed":22,"Total/Accumulated":321,"Confirmed/Accumulated":45}},"geometry":{"type":"Point","coordinates":[5.098567400881058,43.49901925110133]}},{"type":"Feature","properties":{"Country/Region":"France","Province/State":"Calvados","Code":"14","Population":{"Total":691453,"Under19":160392,"Under39":155359,"Under59":174249,"Under74":130972,"Over75":70481},"Beds":{"Resuscitation":91,"IntensiveCare":128,"Total":219},"Confirmed":76,"Recovered":1,"Severe":4,"Critical":1,"Emergencies":{"Suspected":73,"Total":301,"Severe":4,"Suspected/Accumulated":392,"Total/Accumulated":7115,"Severe/Accumulated":40},"MedicalActs":{"Suspected":34,"Total":211,"Suspected/Accumulated":198,"Total/Accumulated":6391},"MedicalTests":{"Total":17,"Confirmed":1,"Total/Accumulated":43,"Confirmed/Accumulated":3}},"geometry":{"type":"Point","coordinates":[-0.4028230593607306,49.05443785388125]}},{"type":"Feature","properties":{"Country/Region":"France","Province/State":"Cantal","Code":"15","Population":{"Total":142811,"Under19":26571,"Under39":24954,"Under59":38397,"Under74":32697,"Over75":20192},"Beds":{"Resuscitation":8,"IntensiveCare":30,"Total":38},"Confirmed":10,"Severe":3,"Critical":1,"Emergencies":{"Suspected":3,"Total":30,"Severe":1,"Suspected/Accumulated":7,"Total/Accumulated":1309,"Severe/Accumulated":4},"MedicalTests":{"Total":1,"Total/Accumulated":2}},"geometry":{"type":"Point","coordinates":[2.7066918215613374,45.02447219330856]}},{"type":"Feature","properties":{"Country/Region":"France","Province/State":"Charente","Code":"16","Population":{"Total":348180,"Under19":71324,"Under39":69355,"Under59":91186,"Under74":72860,"Over75":43455},"Beds":{"Resuscitation":12,"IntensiveCare":36,"Total":48},"Confirmed":5,"Recovered":2,"Emergencies":{"Suspected":2,"Total":137,"Severe":1,"Suspected/Accumulated":4,"Total/Accumulated":3722,"Severe/Accumulated":3},"MedicalTests":{"Total":2,"Total/Accumulated":2}},"geometry":{"type":"Point","coordinates":[0.2054574390243902,45.733938821138196]}},{"type":"Feature","properties":{"Country/Region":"France","Province/State":"Charente-Maritime","Code":"17","Population":{"Total":647080,"Under19":130618,"Under39":119836,"Under59":164314,"Under74":146996,"Over75":85316},"Beds":{"Resuscitation":30,"IntensiveCare":72,"Total":102},"Confirmed":33,"Recovered":2,"Severe":7,"Critical":2,"Emergencies":{"Suspected":29,"Total":269,"Severe":5,"Suspected/Accumulated":194,"Total/Accumulated":6950,"Severe/Accumulated":38},"MedicalActs":{"Total":32,"Total/Accumulated":986},"MedicalTests":{"Total":8,"Total/Accumulated":20}},"geometry":{"type":"Point","coordinates":[-0.734802142857143,45.8164405357143]}},{"type":"Feature","properties":{"Country/Region":"France","Province/State":"Cher","Code":"18","Population":{"Total":296404,"Under19":61933,"Under39":57193,"Under59":76912,"Under74":62985,"Over75":37381},"Beds":{"Resuscitation":12,"IntensiveCare":32,"Total":44},"Confirmed":8,"Emergencies":{"Suspected":20,"Total":87,"Severe":1,"Suspected/Accumulated":95,"Total/Accumulated":2142,"Severe/Accumulated":2},"MedicalActs":{"Suspected":1,"Total":99,"Suspected/Accumulated":7,"Total/Accumulated":3705},"MedicalTests":{"Total":6,"Confirmed":3,"Total/Accumulated":12,"Confirmed/Accumulated":3}},"geometry":{"type":"Point","coordinates":[2.420866293436294,47.03802115830117]}},{"type":"Feature","properties":{"Country/Region":"France","Province/State":"Corrèze","Code":"19","Population":{"Total":240336,"Under19":48146,"Under39":45056,"Under59":62186,"Under74":52206,"Over75":32742},"Beds":{"Resuscitation":15,"IntensiveCare":42,"Total":57},"Confirmed":12,"Severe":1,"Emergencies":{"Suspected":2,"Total":99,"Severe":2,"Suspected/Accumulated":12,"Total/Accumulated":2740,"Severe/Accumulated":11},"MedicalTests":{"Total":2,"Total/Accumulated":4}},"geometry":{"type":"Point","coordinates":[1.8952178059071727,45.37689915611812]}},{"type":"Feature","properties":{"Country/Region":"France","Province/State":"Côte-d'Or","Code":"21","Population":{"Total":532886,"Under19":121633,"Under39":128314,"Under59":134514,"Under74":95451,"Over75":52974},"Beds":{"Resuscitation":57,"IntensiveCare":190,"Total":247},"Deaths":2,"Recovered":28,"Severe":53,"Critical":19,"Emergencies":{"Suspected":14,"Total":157,"Severe":6,"Suspected/Accumulated":165,"Total/Accumulated":4768,"Severe/Accumulated":84},"MedicalActs":{"Suspected":25,"Total":70,"Suspected/Accumulated":135,"Total/Accumulated":2168},"MedicalTests":{"Total":6,"Total/Accumulated":15,"Confirmed/Accumulated":1},"Confirmed":1},"geometry":{"type":"Point","coordinates":[4.781845107913668,47.44940406474819]}},{"type":"Feature","properties":{"Country/Region":"France","Province/State":"Côtes-d'Armor","Code":"22","Population":{"Total":596186,"Under19":131217,"Under39":108675,"Under59":153257,"Under74":128481,"Over75":74556},"Beds":{"Resuscitation":14,"IntensiveCare":32,"Total":46},"Confirmed":16,"Recovered":3,"Severe":2,"Critical":1,"Emergencies":{"Suspected":3,"Total":171,"Severe":2,"Suspected/Accumulated":31,"Total/Accumulated":4421,"Severe/Accumulated":10},"MedicalTests":{"Total":1,"Total/Accumulated":2}},"geometry":{"type":"Point","coordinates":[-2.8283123411371243,48.47540434782613]}},{"type":"Feature","properties":{"Country/Region":"France","Province/State":"Creuse","Code":"23","Population":{"Total":116270,"Under19":20766,"Under39":19388,"Under59":30402,"Under74":28640,"Over75":17074},"Beds":{"Resuscitation":8,"IntensiveCare":16,"Total":24},"Confirmed":5,"Emergencies":{"Suspected":16,"Total":44,"Suspected/Accumulated":57,"Total/Accumulated":1150,"Severe/Accumulated":2}},"geometry":{"type":"Point","coordinates":[1.9795267256637192,46.07153353982301]}},{"type":"Feature","properties":{"Country/Region":"France","Province/State":"Dordogne","Code":"24","Population":{"Total":408393,"Under19":76430,"Under39":70201,"Under59":107402,"Under74":96538,"Over75":57822},"Beds":{"Resuscitation":19,"IntensiveCare":36,"Total":55},"Confirmed":7,"Recovered":1,"Severe":2,"Critical":1,"Emergencies":{"Suspected":4,"Total":75,"Severe":4,"Suspected/Accumulated":17,"Total/Accumulated":2920,"Severe/Accumulated":13},"MedicalTests":{"Total/Accumulated":10,"Confirmed/Accumulated":1}},"geometry":{"type":"Point","coordinates":[0.7502005172413793,45.100126827586195]}},{"type":"Feature","properties":{"Country/Region":"France","Province/State":"Doubs","Code":"25","Population":{"Total":539449,"Under19":132582,"Under39":130504,"Under59":135120,"Under74":90502,"Over75":50741},"Beds":{"Resuscitation":40,"IntensiveCare":262,"Total":302},"Deaths":2,"Recovered":10,"Severe":33,"Critical":11,"Emergencies":{"Suspected":36,"Total":154,"Severe":11,"Suspected/Accumulated":204,"Total/Accumulated":3693,"Severe/Accumulated":71},"MedicalActs":{"Suspected":4,"Total":86,"Suspected/Accumulated":51,"Total/Accumulated":2481},"MedicalTests":{"Total":1,"Total/Accumulated":2,"Confirmed/Accumulated":1}},"geometry":{"type":"Point","coordinates":[6.359828136363636,47.17302813636364]}},{"type":"Feature","properties":{"Country/Region":"France","Province/State":"Drôme","Code":"26","Population":{"Total":520560,"Under19":125073,"Under39":110455,"Under59":134338,"Under74":95865,"Over75":54829},"Beds":{"Resuscitation":24,"IntensiveCare":68,"Total":92},"Confirmed":86,"Deaths":3,"Recovered":2,"Severe":32,"Critical":8,"Emergencies":{"Suspected":19,"Total":204,"Severe":9,"Suspected/Accumulated":102,"Total/Accumulated":5295,"Severe/Accumulated":46},"MedicalTests":{"Total":23,"Confirmed":6,"Total/Accumulated":40,"Confirmed/Accumulated":10}},"geometry":{"type":"Point","coordinates":[5.213618019801983,44.63170462046205]}},{"type":"Feature","properties":{"Country/Region":"France","Province/State":"Eure","Code":"27","Population":{"Total":600687,"Under19":151745,"Under39":128858,"Under59":160781,"Under74":106586,"Over75":52717},"Beds":{"Resuscitation":12,"IntensiveCare":44,"Total":56},"Confirmed":35,"Deaths":1,"Severe":1,"Critical":1,"Emergencies":{"Suspected":4,"Total":88,"Suspected/Accumulated":10,"Total/Accumulated":3041},"MedicalTests":{"Total":2,"Total/Accumulated":19,"Confirmed/Accumulated":1}},"geometry":{"type":"Point","coordinates":[0.9927279220779222,49.13064012987015]}},{"type":"Feature","properties":{"Country/Region":"France","Province/State":"Eure-et-Loir","Code":"28","Population":{"Total":429425,"Under19":106266,"Under39":90617,"Under59":113525,"Under74":76422,"Over75":42595},"Beds":{"Resuscitation":20,"IntensiveCare":44,"Total":64},"Confirmed":41,"Deaths":1,"Severe":11,"Critical":4,"Emergencies":{"Suspected":8,"Total":156,"Severe":1,"Suspected/Accumulated":43,"Total/Accumulated":5404,"Severe/Accumulated":6},"MedicalTests":{"Total":9,"Confirmed":5,"Total/Accumulated":26,"Confirmed/Accumulated":9}},"geometry":{"type":"Point","coordinates":[1.3718229302325597,48.39856558139533]}},{"type":"Feature","properties":{"Country/Region":"France","Province/State":"Finistère","Code":"29","Population":{"Total":906554,"Under19":201332,"Under39":189857,"Under59":237308,"Under74":178715,"Over75":99342},"Beds":{"Resuscitation":66,"IntensiveCare":142,"Total":208},"Confirmed":60,"Recovered":6,"Severe":17,"Critical":5,"Emergencies":{"Suspected":2,"Total":435,"Suspected/Accumulated":26,"Total/Accumulated":10339,"Severe/Accumulated":4},"MedicalActs":{"Suspected":10,"Total":158,"Suspected/Accumulated":56,"Total/Accumulated":3629},"MedicalTests":{"Total":1,"Confirmed":1,"Total/Accumulated":7,"Confirmed/Accumulated":3}},"geometry":{"type":"Point","coordinates":[-4.16814140056023,48.26300924369748]}},{"type":"Feature","properties":{"Country/Region":"France","Province/State":"Gard","Code":"30","Population":{"Total":748468,"Under19":170615,"Under39":154480,"Under59":195429,"Under74":147114,"Over75":80830},"Beds":{"Resuscitation":49,"IntensiveCare":108,"Total":157},"Confirmed":44,"Deaths":1,"Recovered":7,"Severe":4,"Critical":1,"Emergencies":{"Suspected":2,"Total":254,"Suspected/Accumulated":6,"Total/Accumulated":7891},"MedicalActs":{"Suspected":3,"Total":55,"Suspected/Accumulated":22,"Total/Accumulated":1704},"MedicalTests":{"Total":17,"Confirmed":1,"Total/Accumulated":31,"Confirmed/Accumulated":3}},"geometry":{"type":"Point","coordinates":[4.0572744791666695,44.00851614583332]}},{"type":"Feature","properties":{"Country/Region":"France","Province/State":"Haute-Garonne","Code":"31","Population":{"Total":1400935,"Under19":335750,"Under39":398589,"Under59":358515,"Under74":197921,"Over75":110160},"Beds":{"Resuscitation":161,"IntensiveCare":430,"Total":591},"Confirmed":72,"Deaths":1,"Recovered":13,"Severe":26,"Critical":6,"Emergencies":{"Suspected":28,"Total":398,"Severe":12,"Suspected/Accumulated":383,"Total/Accumulated":12893,"Severe/Accumulated":188},"MedicalActs":{"Suspected":21,"Total":109,"Suspected/Accumulated":176,"Total/Accumulated":2898},"MedicalTests":{"Total":62,"Confirmed":10,"Total/Accumulated":160,"Confirmed/Accumulated":20}},"geometry":{"type":"Point","coordinates":[1.1686918356164382,43.33252969863011]}},{"type":"Feature","properties":{"Country/Region":"France","Province/State":"Gers","Code":"32","Population":{"Total":190040,"Under19":37581,"Under39":32714,"Under59":51231,"Under74":41871,"Over75":26643},"Beds":{"Resuscitation":8,"IntensiveCare":8,"Total":16},"Confirmed":14,"Severe":3,"Critical":3,"Emergencies":{"Suspected":2,"Total":49,"Severe":1,"Suspected/Accumulated":36,"Total/Accumulated":1225,"Severe/Accumulated":19},"MedicalTests":{"Total":9,"Confirmed":1,"Total/Accumulated":17,"Confirmed/Accumulated":3}},"geometry":{"type":"Point","coordinates":[0.447782880658436,43.70601049382714]}},{"type":"Feature","properties":{"Country/Region":"France","Province/State":"Gironde","Code":"33","Population":{"Total":1633440,"Under19":380317,"Under39":415128,"Under59":425319,"Under74":267580,"Over75":145096},"Beds":{"Resuscitation":183,"IntensiveCare":262,"Total":445},"Confirmed":54,"Deaths":2,"Recovered":7,"Severe":7,"Critical":5,"Emergencies":{"Suspected":46,"Total":549,"Severe":16,"Suspected/Accumulated":172,"Total/Accumulated":13919,"Severe/Accumulated":53},"MedicalActs":{"Suspected":114,"Total":729,"Suspected/Accumulated":833,"Total/Accumulated":16725},"MedicalTests":{"Total":82,"Confirmed":6,"Total/Accumulated":257,"Confirmed/Accumulated":18}},"geometry":{"type":"Point","coordinates":[-0.41644369747899174,44.756299705882356]}},{"type":"Feature","properties":{"Country/Region":"France","Province/State":"Hérault","Code":"34","Population":{"Total":1176145,"Under19":268258,"Under39":286299,"Under59":292794,"Under74":208723,"Over75":120071},"Beds":{"Resuscitation":124,"IntensiveCare":342,"Total":466},"Confirmed":171,"Deaths":4,"Recovered":21,"Severe":49,"Critical":18,"Emergencies":{"Suspected":30,"Total":457,"Severe":12,"Suspected/Accumulated":173,"Total/Accumulated":13499,"Severe/Accumulated":76},"MedicalActs":{"Suspected":16,"Total":91,"Suspected/Accumulated":75,"Total/Accumulated":2117},"MedicalTests":{"Total":151,"Confirmed":23,"Total/Accumulated":292,"Confirmed/Accumulated":52}},"geometry":{"type":"Point","coordinates":[3.2725271495327104,43.601788971962634]}},{"type":"Feature","properties":{"Country/Region":"France","Province/State":"Ille-et-Vilaine","Code":"35","Population":{"Total":1082073,"Under19":274429,"Under39":270693,"Under59":278610,"Under74":165623,"Over75":92718},"Beds":{"Resuscitation":60,"IntensiveCare":224,"Total":284},"Confirmed":58,"Recovered":15,"Severe":16,"Critical":8,"Emergencies":{"Suspected":23,"Total":354,"Severe":14,"Suspected/Accumulated":124,"Total/Accumulated":9667,"Severe/Accumulated":55},"MedicalActs":{"Suspected":11,"Total":137,"Suspected/Accumulated":53,"Total/Accumulated":3200},"MedicalTests":{"Total":1,"Total/Accumulated":2}},"geometry":{"type":"Point","coordinates":[-1.7401927338129495,48.18315345323742]}},{"type":"Feature","properties":{"Country/Region":"France","Province/State":"Indre","Code":"36","Population":{"Total":217139,"Under19":42951,"Under39":38506,"Under59":56292,"Under74":48986,"Over75":30404},"Beds":{"Resuscitation":10,"IntensiveCare":18,"Total":28},"Confirmed":5,"Severe":3,"Emergencies":{"Total":83,"Total/Accumulated":1893},"MedicalTests":{"Total":4,"Total/Accumulated":10,"Confirmed/Accumulated":1}},"geometry":{"type":"Point","coordinates":[1.576445147679325,46.764304345991526]}},{"type":"Feature","properties":{"Country/Region":"France","Province/State":"Indre-et-Loire","Code":"37","Population":{"Total":605380,"Under19":142122,"Under39":136574,"Under59":153731,"Under74":108623,"Over75":64330},"Beds":{"Resuscitation":79,"IntensiveCare":116,"Total":195},"Confirmed":41,"Severe":6,"Critical":3,"Emergencies":{"Suspected":11,"Total":189,"Severe":10,"Suspected/Accumulated":66,"Total/Accumulated":5502,"Severe/Accumulated":35},"MedicalActs":{"Suspected":12,"Total":94,"Suspected/Accumulated":32,"Total/Accumulated":3381},"MedicalTests":{"Total":11,"Confirmed":2,"Total/Accumulated":30,"Confirmed/Accumulated":2}},"geometry":{"type":"Point","coordinates":[0.6915947413793099,47.23521443965518]}},{"type":"Feature","properties":{"Country/Region":"France","Province/State":"Isère","Code":"38","Population":{"Total":1264979,"Under19":319977,"Under39":298730,"Under59":332378,"Under74":201842,"Over75":112052},"Beds":{"Resuscitation":74,"IntensiveCare":178,"Total":252},"Confirmed":66,"Deaths":1,"Recovered":3,"Severe":22,"Critical":2,"Emergencies":{"Suspected":1,"Total":459,"Severe":1,"Suspected/Accumulated":23,"Total/Accumulated":13403,"Severe/Accumulated":5},"MedicalActs":{"Suspected":25,"Total":122,"Suspected/Accumulated":170,"Total/Accumulated":3600},"MedicalTests":{"Total":142,"Confirmed":13,"Total/Accumulated":205,"Confirmed/Accumulated":18}},"geometry":{"type":"Point","coordinates":[5.557470704225359,45.27668616197182]}},{"type":"Feature","properties":{"Country/Region":"France","Province/State":"Jura","Code":"39","Population":{"Total":257849,"Under19":57639,"Under39":51064,"Under59":68521,"Under74":50575,"Over75":30050},"Beds":{"Resuscitation":8,"IntensiveCare":18,"Total":26},"Recovered":1,"Severe":2,"Critical":1,"Emergencies":{"Suspected":8,"Total":105,"Severe":2,"Suspected/Accumulated":87,"Total/Accumulated":3112,"Severe/Accumulated":27},"MedicalTests":{"Total":1,"Total/Accumulated":5,"Confirmed/Accumulated":1},"Deaths":1},"geometry":{"type":"Point","coordinates":[5.6395758823529425,46.756161447963784]}},{"type":"Feature","properties":{"Country/Region":"France","Province/State":"Landes","Code":"40","Population":{"Total":411979,"Under19":85144,"Under39":78495,"Under59":112191,"Under74":86896,"Over75":49253},"Beds":{"Resuscitation":14,"IntensiveCare":32,"Total":46},"Confirmed":14,"Emergencies":{"Suspected":8,"Total":110,"Severe":5,"Suspected/Accumulated":73,"Total/Accumulated":2983,"Severe/Accumulated":22},"MedicalTests":{"Total":1,"Total/Accumulated":18,"Confirmed/Accumulated":1}},"geometry":{"type":"Point","coordinates":[-0.5772234449760769,43.8801859808612]}},{"type":"Feature","properties":{"Country/Region":"France","Province/State":"Loir-et-Cher","Code":"41","Population":{"Total":327835,"Under19":72953,"Under39":62903,"Under59":86073,"Under74":65923,"Over75":39983},"Beds":{"Resuscitation":12,"IntensiveCare":16,"Total":28},"Confirmed":12,"Recovered":1,"Severe":2,"Emergencies":{"Total":132,"Suspected/Accumulated":1,"Total/Accumulated":3744},"MedicalTests":{"Total":1,"Confirmed":1,"Total/Accumulated":1,"Confirmed/Accumulated":1}},"geometry":{"type":"Point","coordinates":[1.3938662132352944,47.653275698529406]}},{"type":"Feature","properties":{"Country/Region":"France","Province/State":"Loire","Code":"42","Population":{"Total":764737,"Under19":186049,"Under39":167975,"Under59":190702,"Under74":136240,"Over75":83771},"Beds":{"Resuscitation":70,"IntensiveCare":120,"Total":190},"Confirmed":145,"Deaths":3,"Recovered":8,"Severe":48,"Critical":18,"Emergencies":{"Suspected":13,"Total":379,"Severe":11,"Suspected/Accumulated":37,"Total/Accumulated":10908,"Severe/Accumulated":24},"MedicalActs":{"Suspected":2,"Total":71,"Suspected/Accumulated":62,"Total/Accumulated":2559},"MedicalTests":{"Total":3,"Total/Accumulated":3}},"geometry":{"type":"Point","coordinates":[4.189998267716536,45.74292366141733]}},{"type":"Feature","properties":{"Country/Region":"France","Province/State":"Haute-Loire","Code":"43","Population":{"Total":226901,"Under19":49659,"Under39":43248,"Under59":60903,"Under74":46857,"Over75":26234},"Beds":{"Resuscitation":8,"IntensiveCare":20,"Total":28},"Confirmed":8,"Recovered":5,"Severe":1,"Critical":1,"Emergencies":{"Total":8,"Total/Accumulated":430},"MedicalTests":{"Total":6,"Confirmed":1,"Total/Accumulated":10,"Confirmed/Accumulated":1}},"geometry":{"type":"Point","coordinates":[3.7869054017857136,45.15054486607143]}},{"type":"Feature","properties":{"Country/Region":"France","Province/State":"Loire-Atlantique","Code":"44","Population":{"Total":1437137,"Under19":363681,"Under39":357664,"Under59":368059,"Under74":227458,"Over75":120275},"Beds":{"Resuscitation":77,"IntensiveCare":262,"Total":339},"Deaths":1,"Recovered":9,"Severe":24,"Critical":6,"Emergencies":{"Suspected":20,"Total":310,"Severe":11,"Suspected/Accumulated":275,"Total/Accumulated":8487,"Severe/Accumulated":26},"MedicalActs":{"Suspected":71,"Total":462,"Suspected/Accumulated":357,"Total/Accumulated":10281},"MedicalTests":{"Total":1,"Total/Accumulated":5,"Confirmed/Accumulated":2},"Confirmed":39},"geometry":{"type":"Point","coordinates":[-1.6902253409090902,47.33230598484852]}},{"type":"Feature","properties":{"Country/Region":"France","Province/State":"Loiret","Code":"45","Population":{"Total":682890,"Under19":172345,"Under39":155348,"Under59":174617,"Under74":115984,"Over75":64596},"Beds":{"Resuscitation":47,"IntensiveCare":120,"Total":167},"Confirmed":50,"Severe":9,"Critical":3,"Emergencies":{"Suspected":1,"Total":189,"Severe":1,"Suspected/Accumulated":5,"Total/Accumulated":6296,"Severe/Accumulated":3},"MedicalActs":{"Suspected":4,"Total":37,"Suspected/Accumulated":28,"Total/Accumulated":1002},"MedicalTests":{"Total":13,"Confirmed":3,"Total/Accumulated":45,"Confirmed/Accumulated":7}},"geometry":{"type":"Point","coordinates":[2.383405222672066,47.91302979757084]}},{"type":"Feature","properties":{"Country/Region":"France","Province/State":"Lot","Code":"46","Population":{"Total":173166,"Under19":31861,"Under39":29365,"Under59":44533,"Under74":41623,"Over75":25784},"Beds":{"Resuscitation":8,"IntensiveCare":8,"Total":16},"Confirmed":4,"Recovered":1,"Emergencies":{"Total":67,"Total/Accumulated":1846},"MedicalTests":{"Total":2,"Total/Accumulated":7,"Confirmed/Accumulated":1}},"geometry":{"type":"Point","coordinates":[1.5901290212765966,44.59231876595746]}},{"type":"Feature","properties":{"Country/Region":"France","Province/State":"Lot-et-Garonne","Code":"47","Population":{"Total":330336,"Under19":69990,"Under39":64149,"Under59":84272,"Under74":68912,"Over75":43013},"Beds":{"Resuscitation":11,"IntensiveCare":36,"Total":47},"Confirmed":59,"Recovered":1,"Severe":10,"Critical":1,"Emergencies":{"Suspected":36,"Total":140,"Severe":4,"Suspected/Accumulated":397,"Total/Accumulated":3964,"Severe/Accumulated":31},"MedicalTests":{"Total":4,"Total/Accumulated":22}},"geometry":{"type":"Point","coordinates":[0.4871552444444442,44.39576413333333]}},{"type":"Feature","properties":{"Country/Region":"France","Province/State":"Lozère","Code":"48","Population":{"Total":76286,"Under19":15582,"Under39":14895,"Under59":20255,"Under74":15962,"Over75":9592},"Beds":{"Resuscitation":3,"IntensiveCare":0,"Total":3},"Confirmed":8,"Severe":1,"Emergencies":{"Suspected":1,"Total":18,"Suspected/Accumulated":11,"Total/Accumulated":560,"Severe/Accumulated":3}},"geometry":{"type":"Point","coordinates":[3.494722131979694,44.51333609137059]}},{"type":"Feature","properties":{"Country/Region":"France","Province/State":"Maine-et-Loire","Code":"49","Population":{"Total":815881,"Under19":204162,"Under39":184600,"Under59":204421,"Under74":138603,"Over75":84095},"Beds":{"Resuscitation":61,"IntensiveCare":196,"Total":257},"Recovered":28,"Severe":16,"Critical":3,"Emergencies":{"Suspected":23,"Total":235,"Severe":3,"Suspected/Accumulated":181,"Total/Accumulated":6385,"Severe/Accumulated":53},"MedicalTests":{"Total":3,"Confirmed":2,"Total/Accumulated":7,"Confirmed/Accumulated":3},"Confirmed":27},"geometry":{"type":"Point","coordinates":[-0.6000336862745095,47.406434431372546]}},{"type":"Feature","properties":{"Country/Region":"France","Province/State":"Manche","Code":"50","Population":{"Total":490669,"Under19":105402,"Under39":96439,"Under59":126734,"Under74":101121,"Over75":60973},"Beds":{"Resuscitation":28,"IntensiveCare":52,"Total":80},"Confirmed":44,"Recovered":2,"Severe":6,"Emergencies":{"Suspected":4,"Total":186,"Severe":3,"Suspected/Accumulated":28,"Total/Accumulated":5913,"Severe/Accumulated":18},"MedicalActs":{"Suspected":12,"Total":94,"Suspected/Accumulated":70,"Total/Accumulated":2898},"MedicalTests":{"Total":3,"Confirmed":1,"Total/Accumulated":9,"Confirmed/Accumulated":1}},"geometry":{"type":"Point","coordinates":[-1.3097769083969464,49.05127938931302]}},{"type":"Feature","properties":{"Country/Region":"France","Province/State":"Marne","Code":"51","Population":{"Total":563823,"Under19":136695,"Under39":137533,"Under59":142415,"Under74":97015,"Over75":50165},"Beds":{"Resuscitation":54,"IntensiveCare":78,"Total":132},"Deaths":2,"Recovered":14,"Severe":39,"Critical":7,"Emergencies":{"Suspected":14,"Total":164,"Severe":9,"Suspected/Accumulated":64,"Total/Accumulated":5394,"Severe/Accumulated":31},"MedicalActs":{"Suspected":4,"Total":25,"Suspected/Accumulated":26,"Total/Accumulated":734},"MedicalTests":{"Total":14,"Confirmed":3,"Total/Accumulated":17,"Confirmed/Accumulated":4},"Confirmed":37},"geometry":{"type":"Point","coordinates":[4.209888097014927,48.936171417910444]}},{"type":"Feature","properties":{"Country/Region":"France","Province/State":"Haute-Marne","Code":"52","Population":{"Total":169250,"Under19":34865,"Under39":34065,"Under59":44268,"Under74":35981,"Over75":20071},"Beds":{"Resuscitation":8,"IntensiveCare":12,"Total":20},"Deaths":1,"Severe":4,"Emergencies":{"Suspected":16,"Total":83,"Severe":1,"Suspected/Accumulated":30,"Total/Accumulated":2031,"Severe/Accumulated":2},"MedicalTests":{"Total":8,"Total/Accumulated":14,"Confirmed/Accumulated":1},"Confirmed":7},"geometry":{"type":"Point","coordinates":[5.203108577075099,48.126414822134386]}},{"type":"Feature","properties":{"Country/Region":"France","Province/State":"Mayenne","Code":"53","Population":{"Total":305365,"Under19":74868,"Under39":61839,"Under59":78619,"Under74":55705,"Over75":34334},"Beds":{"Resuscitation":8,"IntensiveCare":16,"Total":24},"Recovered":3,"Severe":5,"Critical":1,"Emergencies":{"Total":36,"Suspected/Accumulated":3,"Total/Accumulated":1143},"Confirmed":5,"MedicalTests":{"Total/Accumulated":1}},"geometry":{"type":"Point","coordinates":[-0.6361607305936071,48.153668493150704]}},{"type":"Feature","properties":{"Country/Region":"France","Province/State":"Meurthe-et-Moselle","Code":"54","Population":{"Total":730398,"Under19":170693,"Under39":185629,"Under59":182526,"Under74":124808,"Over75":66742},"Beds":{"Resuscitation":83,"IntensiveCare":172,"Total":255},"Deaths":6,"Recovered":1,"Severe":54,"Critical":23,"Emergencies":{"Suspected":23,"Total":265,"Severe":9,"Suspected/Accumulated":65,"Total/Accumulated":6642,"Severe/Accumulated":29},"MedicalActs":{"Suspected":8,"Total":129,"Suspected/Accumulated":22,"Total/Accumulated":2939},"MedicalTests":{"Total":6,"Confirmed":3,"Total/Accumulated":18,"Confirmed/Accumulated":8},"Confirmed":85},"geometry":{"type":"Point","coordinates":[6.092894571428565,48.892416158730185]}},{"type":"Feature","properties":{"Country/Region":"France","Province/State":"Meuse","Code":"55","Population":{"Total":181641,"Under19":40375,"Under39":37641,"Under59":47696,"Under74":36898,"Over75":19031},"Beds":{"Resuscitation":8,"IntensiveCare":20,"Total":28},"Recovered":4,"Severe":35,"Critical":3,"Emergencies":{"Total":85,"Suspected/Accumulated":23,"Total/Accumulated":1834,"Severe/Accumulated":5},"Confirmed":18,"MedicalTests":{"Total/Accumulated":2}},"geometry":{"type":"Point","coordinates":[5.380316626506025,49.03635373493975]}},{"type":"Feature","properties":{"Country/Region":"France","Province/State":"Morbihan","Code":"56","Population":{"Total":755566,"Under19":166653,"Under39":145287,"Under59":197813,"Under74":159285,"Over75":86528},"Beds":{"Resuscitation":22,"IntensiveCare":64,"Total":86},"Confirmed":134,"Deaths":9,"Recovered":63,"Severe":42,"Critical":12,"Emergencies":{"Suspected":52,"Total":314,"Severe":9,"Suspected/Accumulated":874,"Total/Accumulated":6884,"Severe/Accumulated":26},"MedicalActs":{"Suspected":1,"Total":75,"Suspected/Accumulated":12,"Total/Accumulated":1645}},"geometry":{"type":"Point","coordinates":[-2.8780210594315263,47.764317932816574]}},{"type":"Feature","properties":{"Country/Region":"France","Province/State":"Moselle","Code":"57","Population":{"Total":1035866,"Under19":229681,"Under39":243525,"Under59":278966,"Under74":186864,"Over75":96830},"Beds":{"Resuscitation":88,"IntensiveCare":112,"Total":200},"Deaths":19,"Recovered":15,"Severe":194,"Critical":46,"Emergencies":{"Suspected":43,"Total":456,"Severe":28,"Suspected/Accumulated":418,"Total/Accumulated":11873,"Severe/Accumulated":121},"MedicalTests":{"Total":6,"Confirmed":2,"Total/Accumulated":58,"Confirmed/Accumulated":17},"Confirmed":295},"geometry":{"type":"Point","coordinates":[6.73973678343949,49.04168831210189]}},{"type":"Feature","properties":{"Country/Region":"France","Province/State":"Nièvre","Code":"58","Population":{"Total":199596,"Under19":38191,"Under39":34484,"Under59":50426,"Under74":47745,"Over75":28750},"Beds":{"Resuscitation":12,"IntensiveCare":32,"Total":44},"Emergencies":{"Suspected":9,"Total":104,"Severe":6,"Suspected/Accumulated":79,"Total/Accumulated":2886,"Severe/Accumulated":48},"MedicalTests":{"Total":2,"Confirmed":1,"Total/Accumulated":15,"Confirmed/Accumulated":1},"Confirmed":2},"geometry":{"type":"Point","coordinates":[3.547376999999999,47.143300999999994]}},{"type":"Feature","properties":{"Country/Region":"France","Province/State":"Nord","Code":"59","Population":{"Total":2588988,"Under19":675470,"Under39":665053,"Under59":646791,"Under74":405380,"Over75":196294},"Beds":{"Resuscitation":225,"IntensiveCare":698,"Total":923},"Deaths":5,"Recovered":36,"Severe":138,"Critical":35,"Emergencies":{"Suspected":74,"Total":876,"Severe":19,"Suspected/Accumulated":517,"Total/Accumulated":30442,"Severe/Accumulated":112},"MedicalActs":{"Suspected":37,"Total":356,"Suspected/Accumulated":154,"Total/Accumulated":12604},"MedicalTests":{"Total":8,"Total/Accumulated":34,"Confirmed/Accumulated":1},"Confirmed":39},"geometry":{"type":"Point","coordinates":[3.1893953197674403,50.453616308139516]}},{"type":"Feature","properties":{"Country/Region":"France","Province/State":"Oise","Code":"60","Population":{"Total":825077,"Under19":214776,"Under39":193026,"Under59":221783,"Under74":134365,"Over75":61127},"Beds":{"Resuscitation":36,"IntensiveCare":92,"Total":128},"Deaths":39,"Recovered":23,"Severe":109,"Critical":21,"Emergencies":{"Total":135,"Total/Accumulated":2870},"MedicalTests":{"Total":15,"Confirmed":6,"Total/Accumulated":50,"Confirmed/Accumulated":16},"Confirmed":210},"geometry":{"type":"Point","coordinates":[2.463008007117438,49.41459999999999]}},{"type":"Feature","properties":{"Country/Region":"France","Province/State":"Orne","Code":"61","Population":{"Total":276903,"Under19":59830,"Under39":51781,"Under59":70741,"Under74":58679,"Over75":35872},"Beds":{"Resuscitation":16,"IntensiveCare":24,"Total":40},"Confirmed":9,"Recovered":3,"Severe":2,"Emergencies":{"Suspected":2,"Total":141,"Suspected/Accumulated":9,"Total/Accumulated":3628,"Severe/Accumulated":1},"MedicalTests":{"Total":7,"Confirmed":2,"Total/Accumulated":41,"Confirmed/Accumulated":4}},"geometry":{"type":"Point","coordinates":[0.01997467181467186,48.611762664092666]}},{"type":"Feature","properties":{"Country/Region":"France","Province/State":"Pas-de-Calais","Code":"62","Population":{"Total":1452778,"Under19":367229,"Under39":336274,"Under59":374200,"Under74":255788,"Over75":119287},"Beds":{"Resuscitation":85,"IntensiveCare":274,"Total":359},"Deaths":1,"Recovered":25,"Severe":30,"Critical":11,"Emergencies":{"Suspected":11,"Total":237,"Severe":2,"Suspected/Accumulated":50,"Total/Accumulated":6861,"Severe/Accumulated":15},"MedicalTests":{"Total":6,"Confirmed":1,"Total/Accumulated":18,"Confirmed/Accumulated":2},"Confirmed":8},"geometry":{"type":"Point","coordinates":[2.4712310954063605,50.40984130742051]}},{"type":"Feature","properties":{"Country/Region":"France","Province/State":"Puy-de-Dôme","Code":"63","Population":{"Total":660240,"Under19":147680,"Under39":153022,"Under59":169492,"Under74":122442,"Over75":67604},"Beds":{"Resuscitation":77,"IntensiveCare":104,"Total":181},"Confirmed":34,"Recovered":4,"Severe":9,"Critical":1,"Emergencies":{"Suspected":2,"Total":91,"Severe":1,"Suspected/Accumulated":3,"Total/Accumulated":2650,"Severe/Accumulated":1},"MedicalActs":{"Suspected":5,"Total":68,"Suspected/Accumulated":22,"Total/Accumulated":2094},"MedicalTests":{"Total":17,"Confirmed":2,"Total/Accumulated":62,"Confirmed/Accumulated":3}},"geometry":{"type":"Point","coordinates":[3.143235039370079,45.73685830708661]}},{"type":"Feature","properties":{"Country/Region":"France","Province/State":"Pyrénées-Atlantiques","Code":"64","Population":{"Total":683169,"Under19":144945,"Under39":141910,"Under59":182850,"Under74":130868,"Over75":82596},"Beds":{"Resuscitation":35,"IntensiveCare":110,"Total":145},"Confirmed":27,"Deaths":1,"Recovered":1,"Severe":9,"Emergencies":{"Suspected":6,"Total":221,"Severe":4,"Suspected/Accumulated":203,"Total/Accumulated":7053,"Severe/Accumulated":22},"MedicalActs":{"Suspected":43,"Total":259,"Suspected/Accumulated":275,"Total/Accumulated":6152},"MedicalTests":{"Total":30,"Confirmed":4,"Total/Accumulated":185,"Confirmed/Accumulated":15}},"geometry":{"type":"Point","coordinates":[-0.7610906397306391,43.26238828282827]}},{"type":"Feature","properties":{"Country/Region":"France","Province/State":"Hautes-Pyrénées","Code":"65","Population":{"Total":226839,"Under19":44839,"Under39":42373,"Under59":59329,"Under74":49523,"Over75":30775},"Beds":{"Resuscitation":12,"IntensiveCare":44,"Total":56},"Confirmed":11,"Severe":2,"Critical":1,"Emergencies":{"Total":46,"Suspected/Accumulated":3,"Total/Accumulated":1883,"Severe/Accumulated":2},"MedicalTests":{"Total":1,"Total/Accumulated":26,"Confirmed/Accumulated":1}},"geometry":{"type":"Point","coordinates":[0.15248105932203385,43.134416483050856]}},{"type":"Feature","properties":{"Country/Region":"France","Province/State":"Pyrénées-Orientales","Code":"66","Population":{"Total":479000,"Under19":102236,"Under39":93899,"Under59":121501,"Under74":99671,"Over75":61693},"Beds":{"Resuscitation":32,"IntensiveCare":64,"Total":96},"Confirmed":35,"Deaths":3,"Recovered":3,"Severe":19,"Critical":11,"Emergencies":{"Suspected":7,"Total":176,"Severe":2,"Suspected/Accumulated":42,"Total/Accumulated":6029,"Severe/Accumulated":12},"MedicalActs":{"Suspected":8,"Total":92,"Suspected/Accumulated":19,"Total/Accumulated":2494},"MedicalTests":{"Total":3,"Total/Accumulated":4}},"geometry":{"type":"Point","coordinates":[2.4354706043956034,42.554231208791215]}},{"type":"Feature","properties":{"Country/Region":"France","Province/State":"Bas-Rhin","Code":"67","Population":{"Total":1132607,"Under19":258105,"Under39":285390,"Under59":300661,"Under74":188150,"Over75":100301},"Beds":{"Resuscitation":122,"IntensiveCare":208,"Total":330},"Deaths":18,"Recovered":13,"Severe":302,"Critical":82,"Emergencies":{"Suspected":45,"Total":278,"Severe":27,"Suspected/Accumulated":331,"Total/Accumulated":8124,"Severe/Accumulated":175},"MedicalActs":{"Suspected":29,"Total":364,"Suspected/Accumulated":195,"Total/Accumulated":6585},"MedicalTests":{"Total":7,"Confirmed":3,"Total/Accumulated":19,"Confirmed/Accumulated":4},"Confirmed":376},"geometry":{"type":"Point","coordinates":[7.447409099526063,48.70509469194314]}},{"type":"Feature","properties":{"Country/Region":"France","Province/State":"Haut-Rhin","Code":"68","Population":{"Total":763204,"Under19":175817,"Under39":172286,"Under59":209152,"Under74":134185,"Over75":71764},"Beds":{"Resuscitation":70,"IntensiveCare":136,"Total":206},"Deaths":91,"Recovered":131,"Severe":437,"Critical":73,"Emergencies":{"Suspected":69,"Total":291,"Severe":48,"Suspected/Accumulated":606,"Total/Accumulated":6898,"Severe/Accumulated":403},"MedicalActs":{"Suspected":34,"Total":116,"Suspected/Accumulated":345,"Total/Accumulated":2305},"MedicalTests":{"Total":42,"Confirmed":21,"Total/Accumulated":149,"Confirmed/Accumulated":67},"Confirmed":700},"geometry":{"type":"Point","coordinates":[7.263731571428571,47.83921192857142]}},{"type":"Feature","properties":{"Country/Region":"France","Province/State":"Rhône","Code":"69","Population":{"Total":1876051,"Under19":478142,"Under39":523161,"Under59":455898,"Under74":259877,"Over75":158973},"Beds":{"Resuscitation":192,"IntensiveCare":422,"Total":614},"Confirmed":267,"Deaths":20,"Recovered":48,"Severe":210,"Critical":33,"Emergencies":{"Suspected":60,"Total":656,"Severe":26,"Suspected/Accumulated":577,"Total/Accumulated":19707,"Severe/Accumulated":265},"MedicalActs":{"Suspected":45,"Total":312,"Suspected/Accumulated":397,"Total/Accumulated":6270},"MedicalTests":{"Total":110,"Confirmed":24,"Total/Accumulated":218,"Confirmed/Accumulated":35}},"geometry":{"type":"Point","coordinates":[4.660707512690354,45.8811785786802]}},{"type":"Feature","properties":{"Country/Region":"France","Province/State":"Haute-Saône","Code":"70","Population":{"Total":233194,"Under19":52426,"Under39":45311,"Under59":62843,"Under74":47643,"Over75":24971},"Beds":{"Resuscitation":12,"IntensiveCare":24,"Total":36},"Recovered":3,"Severe":14,"Critical":3,"Emergencies":{"Suspected":19,"Total":86,"Severe":11,"Suspected/Accumulated":96,"Total/Accumulated":2282,"Severe/Accumulated":40},"MedicalTests":{"Total":16,"Confirmed":7,"Total/Accumulated":37,"Confirmed/Accumulated":16},"Deaths":1},"geometry":{"type":"Point","coordinates":[6.0410172972972935,47.62793234234234]}},{"type":"Feature","properties":{"Country/Region":"France","Province/State":"Saône-et-Loire","Code":"71","Population":{"Total":547824,"Under19":117389,"Under39":104206,"Under59":141715,"Under74":114530,"Over75":69984},"Beds":{"Resuscitation":26,"IntensiveCare":44,"Total":70},"Deaths":5,"Recovered":7,"Severe":48,"Critical":3,"Emergencies":{"Suspected":52,"Total":241,"Severe":11,"Suspected/Accumulated":504,"Total/Accumulated":6531,"Severe/Accumulated":177},"MedicalTests":{"Total":15,"Confirmed":2,"Total/Accumulated":31,"Confirmed/Accumulated":3}},"geometry":{"type":"Point","coordinates":[4.528318691588785,46.63876112149533]}},{"type":"Feature","properties":{"Country/Region":"France","Province/State":"Sarthe","Code":"72","Population":{"Total":560227,"Under19":135636,"Under39":116946,"Under59":143032,"Under74":103587,"Over75":61026},"Beds":{"Resuscitation":17,"IntensiveCare":54,"Total":71},"Recovered":5,"Severe":8,"Emergencies":{"Suspected":33,"Total":236,"Severe":10,"Suspected/Accumulated":296,"Total/Accumulated":5796,"Severe/Accumulated":117},"Confirmed":19,"MedicalTests":{"Total/Accumulated":1}},"geometry":{"type":"Point","coordinates":[0.1986467741935485,47.9763005529954]}},{"type":"Feature","properties":{"Country/Region":"France","Province/State":"Savoie","Code":"73","Population":{"Total":432548,"Under19":98346,"Under39":96013,"Under59":117417,"Under74":76722,"Over75":44050},"Beds":{"Resuscitation":18,"IntensiveCare":36,"Total":54},"Confirmed":47,"Deaths":1,"Recovered":5,"Severe":10,"Critical":2,"Emergencies":{"Total":112,"Total/Accumulated":3898},"MedicalActs":{"Suspected":17,"Total":64,"Suspected/Accumulated":71,"Total/Accumulated":2358},"MedicalTests":{"Total":7,"Confirmed":1,"Total/Accumulated":16,"Confirmed/Accumulated":2}},"geometry":{"type":"Point","coordinates":[6.4038603585657325,45.50301760956176]}},{"type":"Feature","properties":{"Country/Region":"France","Province/State":"Haute-Savoie","Code":"74","Population":{"Total":828405,"Under19":203837,"Under39":209477,"Under59":227355,"Under74":122439,"Over75":65297},"Beds":{"Resuscitation":34,"IntensiveCare":82,"Total":116},"Confirmed":199,"Deaths":7,"Recovered":49,"Severe":37,"Critical":11,"Emergencies":{"Suspected":21,"Total":410,"Severe":9,"Suspected/Accumulated":115,"Total/Accumulated":11669,"Severe/Accumulated":27},"MedicalActs":{"Suspected":16,"Total":105,"Suspected/Accumulated":109,"Total/Accumulated":2795},"MedicalTests":{"Total":64,"Confirmed":16,"Total/Accumulated":233,"Confirmed/Accumulated":46}},"geometry":{"type":"Point","coordinates":[6.452374226804124,46.01403216494844]}},{"type":"Feature","properties":{"Country/Region":"France","Province/State":"Paris","Code":"75","Population":{"Total":2148271,"Under19":406652,"Under39":718825,"Under59":536676,"Under74":311978,"Over75":174140},"Beds":{"Resuscitation":389,"IntensiveCare":1082,"Total":1471},"Deaths":22,"Recovered":62,"Severe":453,"Critical":122,"Emergencies":{"Suspected":273,"Total":1045,"Severe":66,"Suspected/Accumulated":1713,"Total/Accumulated":23965,"Severe/Accumulated":379},"MedicalActs":{"Suspected":147,"Total":710,"Suspected/Accumulated":865,"Total/Accumulated":19565},"MedicalTests":{"Total":173,"Confirmed":83,"Total/Accumulated":706,"Confirmed/Accumulated":269},"Confirmed":126},"geometry":{"type":"Point","coordinates":[2.3550152173913044,48.8535647826087]}},{"type":"Feature","properties":{"Country/Region":"France","Province/State":"Seine-Maritime","Code":"76","Population":{"Total":1243788,"Under19":303968,"Under39":294607,"Under59":310458,"Under74":218116,"Over75":116639},"Beds":{"Resuscitation":93,"IntensiveCare":300,"Total":393},"Confirmed":77,"Deaths":4,"Recovered":3,"Severe":33,"Critical":4,"Emergencies":{"Suspected":7,"Total":522,"Severe":2,"Suspected/Accumulated":52,"Total/Accumulated":15868,"Severe/Accumulated":8},"MedicalActs":{"Suspected":7,"Total":102,"Suspected/Accumulated":19,"Total/Accumulated":2069},"MedicalTests":{"Total":33,"Confirmed":2,"Total/Accumulated":46,"Confirmed/Accumulated":3}},"geometry":{"type":"Point","coordinates":[1.114674462365592,49.5942889784946]}},{"type":"Feature","properties":{"Country/Region":"France","Province/State":"Seine-et-Marne","Code":"77","Population":{"Total":1423607,"Under19":392025,"Under39":357752,"Under59":382068,"Under74":199768,"Over75":91994},"Beds":{"Resuscitation":77,"IntensiveCare":100,"Total":177},"Recovered":15,"Severe":48,"Critical":13,"Emergencies":{"Suspected":69,"Total":396,"Severe":32,"Suspected/Accumulated":520,"Total/Accumulated":9994,"Severe/Accumulated":108},"MedicalActs":{"Suspected":26,"Total":219,"Suspected/Accumulated":179,"Total/Accumulated":5438},"MedicalTests":{"Total":39,"Confirmed":14,"Total/Accumulated":112,"Confirmed/Accumulated":33},"Confirmed":42},"geometry":{"type":"Point","coordinates":[2.9385241532258073,48.61862185483869]}},{"type":"Feature","properties":{"Country/Region":"France","Province/State":"Yvelines","Code":"78","Population":{"Total":1448625,"Under19":385814,"Under39":341694,"Under59":394186,"Under74":209492,"Over75":117439},"Beds":{"Resuscitation":84,"IntensiveCare":204,"Total":288},"Deaths":6,"Recovered":7,"Severe":92,"Critical":20,"Emergencies":{"Suspected":26,"Total":488,"Severe":11,"Suspected/Accumulated":226,"Total/Accumulated":13969,"Severe/Accumulated":61},"MedicalActs":{"Suspected":32,"Total":150,"Suspected/Accumulated":204,"Total/Accumulated":3548},"MedicalTests":{"Total":33,"Confirmed":7,"Total/Accumulated":228,"Confirmed/Accumulated":60},"Confirmed":70},"geometry":{"type":"Point","coordinates":[1.8294258823529415,48.80823257352944]}},{"type":"Feature","properties":{"Country/Region":"France","Province/State":"Deux-Sèvres","Code":"79","Population":{"Total":372627,"Under19":85106,"Under39":73604,"Under59":98839,"Under74":72067,"Over75":43011},"Beds":{"Resuscitation":8,"IntensiveCare":36,"Total":44},"Confirmed":7,"Recovered":3,"Severe":3,"Critical":1,"Emergencies":{"Suspected":2,"Total":114,"Severe":1,"Suspected/Accumulated":44,"Total/Accumulated":3787,"Severe/Accumulated":4},"MedicalTests":{"Total":3,"Total/Accumulated":4}},"geometry":{"type":"Point","coordinates":[-0.29978133828996273,46.53994301115242]}},{"type":"Feature","properties":{"Country/Region":"France","Province/State":"Somme","Code":"80","Population":{"Total":569769,"Under19":138211,"Under39":134953,"Under59":144752,"Under74":100734,"Over75":51119},"Beds":{"Resuscitation":58,"IntensiveCare":164,"Total":222},"Deaths":13,"Recovered":12,"Severe":74,"Critical":23,"Emergencies":{"Suspected":45,"Total":287,"Severe":17,"Suspected/Accumulated":199,"Total/Accumulated":6601,"Severe/Accumulated":80},"MedicalActs":{"Suspected":36,"Total":231,"Suspected/Accumulated":142,"Total/Accumulated":5356},"MedicalTests":{"Total":11,"Confirmed":8,"Total/Accumulated":29,"Confirmed/Accumulated":16},"Confirmed":54},"geometry":{"type":"Point","coordinates":[2.3486719850187256,49.97418277153558]}},{"type":"Feature","properties":{"Country/Region":"France","Province/State":"Tarn","Code":"81","Population":{"Total":387898,"Under19":84873,"Under39":74511,"Under59":102349,"Under74":77279,"Over75":48886},"Beds":{"Resuscitation":24,"IntensiveCare":70,"Total":94},"Confirmed":14,"Recovered":2,"Severe":5,"Critical":1,"Emergencies":{"Suspected":1,"Total":143,"Suspected/Accumulated":95,"Total/Accumulated":4602,"Severe/Accumulated":19},"MedicalTests":{"Total":8,"Total/Accumulated":14}},"geometry":{"type":"Point","coordinates":[2.1808796818181815,43.78627254545453]}},{"type":"Feature","properties":{"Country/Region":"France","Province/State":"Tarn-et-Garonne","Code":"82","Population":{"Total":262618,"Under19":63559,"Under39":53023,"Under59":70354,"Under74":48046,"Over75":27636},"Beds":{"Resuscitation":18,"IntensiveCare":40,"Total":58},"Confirmed":11,"Deaths":1,"Severe":1,"Emergencies":{"Suspected":30,"Total":99,"Severe":4,"Suspected/Accumulated":146,"Total/Accumulated":2483,"Severe/Accumulated":33},"MedicalTests":{"Total":21,"Confirmed":3,"Total/Accumulated":71,"Confirmed/Accumulated":3}},"geometry":{"type":"Point","coordinates":[1.3350866094420606,44.1164032618026]}},{"type":"Feature","properties":{"Country/Region":"France","Province/State":"Var","Code":"83","Population":{"Total":1073836,"Under19":224216,"Under39":215361,"Under59":276842,"Under74":218239,"Over75":139178},"Beds":{"Resuscitation":60,"IntensiveCare":84,"Total":144},"Confirmed":124,"Deaths":2,"Recovered":86,"Severe":27,"Critical":13,"Emergencies":{"Suspected":24,"Total":379,"Severe":11,"Suspected/Accumulated":100,"Total/Accumulated":10945,"Severe/Accumulated":50},"MedicalActs":{"Suspected":112,"Total":423,"Suspected/Accumulated":544,"Total/Accumulated":9712},"MedicalTests":{"Total":50,"Confirmed":4,"Total/Accumulated":122,"Confirmed/Accumulated":9}},"geometry":{"type":"Point","coordinates":[6.2341132170542615,43.37767961240309]}},{"type":"Feature","properties":{"Country/Region":"France","Province/State":"Vaucluse","Code":"84","Population":{"Total":560997,"Under19":132211,"Under39":118607,"Under59":147247,"Under74":103567,"Over75":59365},"Beds":{"Resuscitation":16,"IntensiveCare":60,"Total":76},"Confirmed":17,"Deaths":1,"Recovered":9,"Severe":12,"Critical":4,"Emergencies":{"Suspected":26,"Total":287,"Severe":7,"Suspected/Accumulated":73,"Total/Accumulated":8136,"Severe/Accumulated":38},"MedicalActs":{"Total":17,"Suspected/Accumulated":7,"Total/Accumulated":594},"MedicalTests":{"Total":10,"Confirmed":2,"Total/Accumulated":31,"Confirmed/Accumulated":3}},"geometry":{"type":"Point","coordinates":[5.137687100591716,44.08826047337278]}},{"type":"Feature","properties":{"Country/Region":"France","Province/State":"Vendée","Code":"85","Population":{"Total":683187,"Under19":155162,"Under39":132680,"Under59":176377,"Under74":142178,"Over75":76790},"Beds":{"Resuscitation":18,"IntensiveCare":44,"Total":62},"Recovered":5,"Severe":5,"Critical":1,"Emergencies":{"Suspected":8,"Total":177,"Severe":4,"Suspected/Accumulated":126,"Total/Accumulated":5966,"Severe/Accumulated":21},"MedicalTests":{"Total":2,"Confirmed":1,"Total/Accumulated":3,"Confirmed/Accumulated":1},"Confirmed":9},"geometry":{"type":"Point","coordinates":[-1.3851340601503754,46.70726116541352]}},{"type":"Feature","properties":{"Country/Region":"France","Province/State":"Vienne","Code":"86","Population":{"Total":437398,"Under19":101362,"Under39":100176,"Under59":108284,"Under74":79480,"Over75":48096},"Beds":{"Resuscitation":53,"IntensiveCare":124,"Total":177},"Confirmed":33,"Deaths":1,"Severe":7,"Emergencies":{"Total":114,"Suspected/Accumulated":3,"Total/Accumulated":3763,"Severe/Accumulated":1},"MedicalTests":{"Total/Accumulated":6,"Confirmed/Accumulated":1}},"geometry":{"type":"Point","coordinates":[0.42368070921985806,46.57872638297872]}},{"type":"Feature","properties":{"Country/Region":"France","Province/State":"Haute-Vienne","Code":"87","Population":{"Total":370774,"Under19":79173,"Under39":77448,"Under59":94509,"Under74":74186,"Over75":45458},"Beds":{"Resuscitation":24,"IntensiveCare":144,"Total":168},"Confirmed":8,"Recovered":2,"Severe":6,"Critical":1,"Emergencies":{"Suspected":2,"Total":166,"Severe":1,"Suspected/Accumulated":14,"Total/Accumulated":4669,"Severe/Accumulated":8},"MedicalActs":{"Suspected":2,"Total":80,"Suspected/Accumulated":16,"Total/Accumulated":3437},"MedicalTests":{"Total":2,"Total/Accumulated":3}},"geometry":{"type":"Point","coordinates":[1.2410431872509962,45.895894860557746]}},{"type":"Feature","properties":{"Country/Region":"France","Province/State":"Vosges","Code":"88","Population":{"Total":359520,"Under19":77042,"Under39":70274,"Under59":94740,"Under74":75920,"Over75":41544},"Beds":{"Resuscitation":8,"IntensiveCare":24,"Total":32},"Deaths":11,"Recovered":8,"Severe":38,"Critical":6,"Emergencies":{"Suspected":44,"Total":216,"Severe":21,"Suspected/Accumulated":403,"Total/Accumulated":4973,"Severe/Accumulated":122},"MedicalTests":{"Total":6,"Confirmed":4,"Total/Accumulated":10,"Confirmed/Accumulated":5},"Confirmed":66},"geometry":{"type":"Point","coordinates":[6.2957204247104235,48.23006027027029]}},{"type":"Feature","properties":{"Country/Region":"France","Province/State":"Yonne","Code":"89","Population":{"Total":332096,"Under19":73991,"Under39":64975,"Under59":86159,"Under74":68966,"Over75":38005},"Beds":{"Resuscitation":18,"IntensiveCare":32,"Total":50},"Deaths":2,"Recovered":1,"Severe":5,"Critical":1,"Emergencies":{"Suspected":27,"Total":223,"Severe":7,"Suspected/Accumulated":166,"Total/Accumulated":5591,"Severe/Accumulated":21},"MedicalActs":{"Suspected":19,"Total":79,"Suspected/Accumulated":78,"Total/Accumulated":1626},"MedicalTests":{"Total":11,"Confirmed":2,"Total/Accumulated":56,"Confirmed/Accumulated":5}},"geometry":{"type":"Point","coordinates":[3.57333820338983,47.84307762711864]}},{"type":"Feature","properties":{"Country/Region":"France","Province/State":"Territoire de Belfort","Code":"90","Population":{"Total":140145,"Under19":33166,"Under39":32553,"Under59":36366,"Under74":24639,"Over75":13421},"Beds":{"Resuscitation":25,"IntensiveCare":40,"Total":65},"Deaths":3,"Severe":39,"Critical":9,"Emergencies":{"Suspected":22,"Total":87,"Severe":12,"Suspected/Accumulated":69,"Total/Accumulated":2374,"Severe/Accumulated":40},"MedicalTests":{"Total":1,"Confirmed":1,"Total/Accumulated":2,"Confirmed/Accumulated":1}},"geometry":{"type":"Point","coordinates":[6.93897388888889,47.60873597222223]}},{"type":"Feature","properties":{"Country/Region":"France","Province/State":"Essonne","Code":"91","Population":{"Total":1319401,"Under19":360333,"Under39":338878,"Under59":349395,"Under74":176919,"Over75":93876},"Beds":{"Resuscitation":97,"IntensiveCare":164,"Total":261},"Deaths":1,"Recovered":4,"Severe":82,"Critical":22,"Emergencies":{"Suspected":92,"Total":419,"Severe":18,"Suspected/Accumulated":469,"Total/Accumulated":10319,"Severe/Accumulated":110},"MedicalActs":{"Suspected":18,"Total":110,"Suspected/Accumulated":75,"Total/Accumulated":2809},"MedicalTests":{"Total":75,"Confirmed":39,"Total/Accumulated":288,"Confirmed/Accumulated":112},"Confirmed":30},"geometry":{"type":"Point","coordinates":[2.2519983333333338,48.50948216666667]}},{"type":"Feature","properties":{"Country/Region":"France","Province/State":"Hauts-de-Seine","Code":"92","Population":{"Total":1613762,"Under19":393984,"Under39":457571,"Under59":428782,"Under74":211036,"Over75":122389},"Beds":{"Resuscitation":184,"IntensiveCare":276,"Total":460},"Deaths":7,"Recovered":31,"Severe":206,"Critical":54,"Emergencies":{"Suspected":50,"Total":484,"Severe":14,"Suspected/Accumulated":367,"Total/Accumulated":15121,"Severe/Accumulated":113},"MedicalTests":{"Total":75,"Confirmed":30,"Total/Accumulated":315,"Confirmed/Accumulated":111},"Confirmed":59},"geometry":{"type":"Point","coordinates":[2.2538900000000006,48.84266823529411]}},{"type":"Feature","properties":{"Country/Region":"France","Province/State":"Seine-Saint-Denis","Code":"93","Population":{"Total":1670149,"Under19":485032,"Under39":478299,"Under59":428192,"Under74":194935,"Over75":83691},"Beds":{"Resuscitation":100,"IntensiveCare":218,"Total":318},"Deaths":5,"Recovered":21,"Severe":143,"Critical":45,"Emergencies":{"Suspected":85,"Total":750,"Severe":20,"Suspected/Accumulated":314,"Total/Accumulated":17193,"Severe/Accumulated":57},"MedicalTests":{"Total":52,"Confirmed":23,"Total/Accumulated":212,"Confirmed/Accumulated":93},"Confirmed":45},"geometry":{"type":"Point","coordinates":[2.474763409090909,48.91863045454546]}},{"type":"Feature","properties":{"Country/Region":"France","Province/State":"Val-de-Marne","Code":"94","Population":{"Total":1406041,"Under19":359600,"Under39":390124,"Under59":368199,"Under74":187814,"Over75":100304},"Beds":{"Resuscitation":156,"IntensiveCare":338,"Total":494},"Deaths":10,"Recovered":41,"Severe":182,"Critical":47,"Emergencies":{"Suspected":137,"Total":682,"Severe":64,"Suspected/Accumulated":848,"Total/Accumulated":17136,"Severe/Accumulated":292},"MedicalTests":{"Total":23,"Confirmed":14,"Total/Accumulated":71,"Confirmed/Accumulated":25},"Confirmed":48},"geometry":{"type":"Point","coordinates":[2.47453725,48.775524499999996]}},{"type":"Feature","properties":{"Country/Region":"France","Province/State":"Val-d'Oise","Code":"95","Population":{"Total":1248354,"Under19":357525,"Under39":326622,"Under59":322949,"Under74":166265,"Over75":74993},"Beds":{"Resuscitation":60,"IntensiveCare":130,"Total":190},"Deaths":5,"Recovered":32,"Severe":150,"Critical":37,"Emergencies":{"Suspected":130,"Total":636,"Severe":46,"Suspected/Accumulated":821,"Total/Accumulated":15218,"Severe/Accumulated":274},"MedicalActs":{"Suspected":50,"Total":321,"Suspected/Accumulated":352,"Total/Accumulated":6096},"MedicalTests":{"Total":121,"Confirmed":54,"Total/Accumulated":799,"Confirmed/Accumulated":266},"Confirmed":60},"geometry":{"type":"Point","coordinates":[2.092522396694214,49.08765355371902]}},{"type":"Feature","properties":{"Country/Region":"France","Province/State":"La Réunion","Code":"974","Population":{"Total":859959,"Under19":256143,"Under39":202783,"Under59":239212,"Under74":117045,"Over75":44776},"Beds":{"Resuscitation":52,"IntensiveCare":154,"Total":206},"Severe":2,"Critical":2,"Emergencies":{"Suspected":1,"Total":349,"Severe":1,"Suspected/Accumulated":58,"Total/Accumulated":8578,"Severe/Accumulated":54}},"geometry":{"type":"Point","coordinates":[55.52943947368424,-21.1374047368421]}}]}