{"type":"FeatureCollection","features":[{"type":"Feature","properties":{"Country/Region":"France","Province/State":"Guadeloupe","Code":"971","Population":{"Total":376879,"Under19":90617,"Under39":71707,"Under59":109452,"Under74":70936,"Over75":34167},"Beds":{"Resuscitation":27,"IntensiveCare":68,"Total":95},"Confirmed":58,"Severe":16,"Critical":6,"Emergencies":{"Total":111,"Suspected/Accumulated":5,"Total/Accumulated":4556,"Severe/Accumulated":3},"Deaths":1,"MedicalTests":{"Total/Accumulated":1,"Confirmed/Accumulated":1}},"geometry":{"type":"Point","coordinates":[-61.493846272189366,16.20469674556213]}},{"type":"Feature","properties":{"Country/Region":"France","Province/State":"Martinique","Code":"972","Population":{"Total":358749,"Under19":77005,"Under39":65776,"Under59":105638,"Under74":72163,"Over75":38167},"Beds":{"Resuscitation":26,"IntensiveCare":58,"Total":84},"Deaths":1,"Severe":19,"Critical":5,"MedicalActs":{"Total":97,"Total/Accumulated":2797},"Confirmed":16},"geometry":{"type":"Point","coordinates":[-60.98265692913386,14.6217557480315]}},{"type":"Feature","properties":{"Country/Region":"France","Province/State":"Guyane","Code":"973","Population":{"Total":290691,"Under19":120681,"Under39":80023,"Under59":61783,"Under74":22111,"Over75":6093},"Beds":{"Resuscitation":13,"IntensiveCare":12,"Total":25},"Confirmed":20,"Recovered":6,"Emergencies":{"Total":153,"Suspected/Accumulated":3,"Total/Accumulated":5203},"MedicalTests":{"Total/Accumulated":8}},"geometry":{"type":"Point","coordinates":[-53.41731165390502,3.588901056661561]}},{"type":"Feature","properties":{"Country/Region":"France","Province/State":"Mayotte","Code":"976","Population":{"Total":279471,"Under19":150257,"Under39":74348,"Under59":42900,"Under74":9521,"Over75":2445},"Beds":{"Resuscitation":6,"IntensiveCare":0,"Total":6},"Confirmed":11,"Severe":4,"Critical":1,"Emergencies":{"Total":72,"Suspected/Accumulated":8,"Total/Accumulated":2441,"Severe/Accumulated":1}},"geometry":{"type":"Point","coordinates":[45.14160071428572,-12.835344166666673]}},{"type":"Feature","properties":{"Country/Region":"France","Province/State":"Ain","Code":"01","Population":{"Total":656955,"Under19":167666,"Under39":151084,"Under59":179469,"Under74":104453,"Over75":54283},"Beds":{"Resuscitation":22,"IntensiveCare":20,"Total":42},"Confirmed":97,"Deaths":5,"Recovered":2,"Severe":8,"Critical":1,"Emergencies":{"Suspected":20,"Total":145,"Severe":12,"Suspected/Accumulated":113,"Total/Accumulated":5024,"Severe/Accumulated":44},"MedicalTests":{"Total":12,"Total/Accumulated":205,"Confirmed/Accumulated":40}},"geometry":{"type":"Point","coordinates":[5.430359734513273,46.106026415929215]}},{"type":"Feature","properties":{"Country/Region":"France","Province/State":"Aisne","Code":"02","Population":{"Total":526050,"Under19":129852,"Under39":114042,"Under59":135164,"Under74":98046,"Over75":48946},"Beds":{"Resuscitation":34,"IntensiveCare":110,"Total":144},"Deaths":28,"Recovered":55,"Severe":69,"Critical":21,"Emergencies":{"Suspected":25,"Total":196,"Severe":13,"Suspected/Accumulated":330,"Total/Accumulated":7213,"Severe/Accumulated":122},"MedicalActs":{"Suspected":14,"Total":164,"Suspected/Accumulated":154,"Total/Accumulated":6657},"MedicalTests":{"Total":2,"Total/Accumulated":22,"Confirmed/Accumulated":8},"Confirmed":59},"geometry":{"type":"Point","coordinates":[3.5153965625000003,49.457888298611124]}},{"type":"Feature","properties":{"Country/Region":"France","Province/State":"Allier","Code":"03","Population":{"Total":331315,"Under19":66659,"Under39":61490,"Under59":85304,"Under74":72079,"Over75":45783},"Beds":{"Resuscitation":24,"IntensiveCare":56,"Total":80},"Confirmed":27,"Deaths":1,"Recovered":10,"Severe":5,"Emergencies":{"Suspected":7,"Total":73,"Severe":6,"Suspected/Accumulated":133,"Total/Accumulated":3113,"Severe/Accumulated":92},"MedicalTests":{"Total/Accumulated":3}},"geometry":{"type":"Point","coordinates":[3.1778756690140857,46.39097419014088]}},{"type":"Feature","properties":{"Country/Region":"France","Province/State":"Alpes-de-Haute-Provence","Code":"04","Population":{"Total":165197,"Under19":34281,"Under39":30814,"Under59":43423,"Under74":35681,"Over75":20998},"Beds":{"Resuscitation":6,"IntensiveCare":0,"Total":6},"Confirmed":22,"Recovered":3,"Severe":4,"Critical":1,"Emergencies":{"Suspected":4,"Total":105,"Severe":2,"Suspected/Accumulated":35,"Total/Accumulated":3080,"Severe/Accumulated":20},"MedicalTests":{"Total/Accumulated":1}},"geometry":{"type":"Point","coordinates":[6.294359440298507,44.152788992537346]}},{"type":"Feature","properties":{"Country/Region":"France","Province/State":"Hautes-Alpes","Code":"05","Population":{"Total":141756,"Under19":30280,"Under39":27715,"Under59":37829,"Under74":29047,"Over75":16885},"Beds":{"Resuscitation":8,"IntensiveCare":0,"Total":8},"Confirmed":42,"Recovered":11,"Severe":14,"Critical":1,"Emergencies":{"Suspected":32,"Total":128,"Severe":14,"Suspected/Accumulated":310,"Total/Accumulated":3036,"Severe/Accumulated":57},"MedicalTests":{"Total/Accumulated":1}},"geometry":{"type":"Point","coordinates":[6.205986298932386,44.64177099644131]}},{"type":"Feature","properties":{"Country/Region":"France","Province/State":"Alpes-Maritimes","Code":"06","Population":{"Total":1079396,"Under19":226862,"Under39":232814,"Under59":282249,"Under74":198428,"Over75":139043},"Beds":{"Resuscitation":89,"IntensiveCare":182,"Total":271},"Confirmed":194,"Deaths":7,"Recovered":63,"Severe":46,"Critical":8,"Emergencies":{"Suspected":79,"Total":423,"Severe":44,"Suspected/Accumulated":735,"Total/Accumulated":15628,"Severe/Accumulated":457},"MedicalActs":{"Suspected":38,"Total":185,"Suspected/Accumulated":109,"Total/Accumulated":3656},"MedicalTests":{"Total":1,"Total/Accumulated":186,"Confirmed/Accumulated":23}},"geometry":{"type":"Point","coordinates":[7.093963618090453,43.90811477386935]}},{"type":"Feature","properties":{"Country/Region":"France","Province/State":"Corse-du-Sud","Code":"2A","Population":{"Total":162421,"Under19":31630,"Under39":34910,"Under59":45312,"Under74":31004,"Over75":19565},"Beds":{"Resuscitation":10,"IntensiveCare":30,"Total":40},"Deaths":7,"Recovered":13,"Severe":62,"Critical":14,"Emergencies":{"Total":35,"Suspected/Accumulated":51,"Total/Accumulated":1474,"Severe/Accumulated":42},"MedicalActs":{"Suspected":19,"Total":50,"Suspected/Accumulated":132,"Total/Accumulated":1246},"Confirmed":142},"geometry":{"type":"Point","coordinates":[8.933891598360661,41.87995627049185]}},{"type":"Feature","properties":{"Country/Region":"France","Province/State":"Haute-Corse","Code":"2B","Population":{"Total":182258,"Under19":36925,"Under39":42075,"Under59":47863,"Under74":34671,"Over75":20724},"Beds":{"Resuscitation":8,"IntensiveCare":12,"Total":20},"Recovered":23,"Severe":6,"Emergencies":{"Suspected":40,"Total":96,"Severe":40,"Suspected/Accumulated":455,"Total/Accumulated":2320,"Severe/Accumulated":451},"Confirmed":26},"geometry":{"type":"Point","coordinates":[9.12993101604278,42.44040566844919]}},{"type":"Feature","properties":{"Country/Region":"France","Province/State":"Ardèche","Code":"07","Population":{"Total":326875,"Under19":70594,"Under39":61093,"Under59":88160,"Under74":68490,"Over75":38538},"Beds":{"Resuscitation":8,"IntensiveCare":0,"Total":8},"Confirmed":57,"Deaths":2,"Recovered":3,"Severe":22,"Critical":3,"Emergencies":{"Suspected":5,"Total":69,"Severe":1,"Suspected/Accumulated":33,"Total/Accumulated":2693,"Severe/Accumulated":3},"MedicalTests":{"Total":9,"Confirmed":4,"Total/Accumulated":133,"Confirmed/Accumulated":40}},"geometry":{"type":"Point","coordinates":[4.425911157407411,44.77470101851853]}},{"type":"Feature","properties":{"Country/Region":"France","Province/State":"Ardennes","Code":"08","Population":{"Total":265531,"Under19":60337,"Under39":55870,"Under59":70459,"Under74":52021,"Over75":26844},"Beds":{"Resuscitation":12,"IntensiveCare":42,"Total":54},"Recovered":1,"Severe":4,"Critical":1,"Emergencies":{"Total":90,"Suspected/Accumulated":4,"Total/Accumulated":3999},"MedicalTests":{"Total":1,"Total/Accumulated":7,"Confirmed/Accumulated":1},"Confirmed":3},"geometry":{"type":"Point","coordinates":[4.717836481481479,49.63503592592596]}},{"type":"Feature","properties":{"Country/Region":"France","Province/State":"Ariège","Code":"09","Population":{"Total":152398,"Under19":30718,"Under39":28780,"Under59":40432,"Under74":32667,"Over75":19801},"Beds":{"Resuscitation":8,"IntensiveCare":16,"Total":24},"Recovered":3,"Severe":3,"Critical":2,"Emergencies":{"Total":46,"Suspected/Accumulated":16,"Total/Accumulated":2142,"Severe/Accumulated":2},"Confirmed":3,"MedicalTests":{"Total/Accumulated":12,"Confirmed/Accumulated":3}},"geometry":{"type":"Point","coordinates":[1.5308575113122171,42.951783619909506]}},{"type":"Feature","properties":{"Country/Region":"France","Province/State":"Aube","Code":"10","Population":{"Total":309907,"Under19":74513,"Under39":69749,"Under59":77945,"Under74":56336,"Over75":31364},"Beds":{"Resuscitation":12,"IntensiveCare":36,"Total":48},"Severe":21,"Critical":4,"Emergencies":{"Suspected":7,"Total":94,"Severe":5,"Suspected/Accumulated":52,"Total/Accumulated":3520,"Severe/Accumulated":21},"MedicalActs":{"Suspected":14,"Total":116,"Suspected/Accumulated":69,"Total/Accumulated":2889},"MedicalTests":{"Total":1,"Total/Accumulated":47,"Confirmed/Accumulated":7},"Confirmed":14},"geometry":{"type":"Point","coordinates":[4.115386826086957,48.290927782608684]}},{"type":"Feature","properties":{"Country/Region":"France","Province/State":"Aude","Code":"11","Population":{"Total":372705,"Under19":78644,"Under39":70170,"Under59":96929,"Under74":80039,"Over75":46923},"Beds":{"Resuscitation":16,"IntensiveCare":44,"Total":60},"Deaths":11,"Recovered":13,"Severe":32,"Critical":11,"Emergencies":{"Suspected":3,"Total":128,"Severe":1,"Suspected/Accumulated":116,"Total/Accumulated":5102,"Severe/Accumulated":41},"Confirmed":44,"MedicalTests":{"Total/Accumulated":67,"Confirmed/Accumulated":11}},"geometry":{"type":"Point","coordinates":[2.3518425641025638,43.13299722222223]}},{"type":"Feature","properties":{"Country/Region":"France","Province/State":"Aveyron","Code":"12","Population":{"Total":278360,"Under19":55940,"Under39":51027,"Under59":73060,"Under74":59454,"Over75":38879},"Beds":{"Resuscitation":11,"IntensiveCare":32,"Total":43},"Deaths":1,"Recovered":4,"Severe":14,"Critical":2,"Emergencies":{"Total":59,"Suspected/Accumulated":3,"Total/Accumulated":2318},"Confirmed":29,"MedicalTests":{"Total/Accumulated":2,"Confirmed/Accumulated":1}},"geometry":{"type":"Point","coordinates":[2.66545315960912,44.28474130293157]}},{"type":"Feature","properties":{"Country/Region":"France","Province/State":"Bouches-du-Rhône","Code":"13","Population":{"Total":2034469,"Under19":480915,"Under39":483747,"Under59":522289,"Under74":342385,"Over75":205133},"Beds":{"Resuscitation":281,"IntensiveCare":476,"Total":757},"Confirmed":827,"Deaths":4,"Recovered":133,"Severe":247,"Critical":41,"Emergencies":{"Suspected":34,"Total":862,"Severe":14,"Suspected/Accumulated":333,"Total/Accumulated":25165,"Severe/Accumulated":153},"MedicalActs":{"Suspected":45,"Total":262,"Suspected/Accumulated":230,"Total/Accumulated":4727},"MedicalTests":{"Total":2,"Confirmed":2,"Total/Accumulated":321,"Confirmed/Accumulated":46}},"geometry":{"type":"Point","coordinates":[5.098567400881058,43.49901925110133]}},{"type":"Feature","properties":{"Country/Region":"France","Province/State":"Calvados","Code":"14","Population":{"Total":691453,"Under19":160392,"Under39":155359,"Under59":174249,"Under74":130972,"Over75":70481},"Beds":{"Resuscitation":91,"IntensiveCare":128,"Total":219},"Confirmed":129,"Deaths":1,"Recovered":3,"Severe":20,"Critical":4,"Emergencies":{"Suspected":13,"Total":185,"Severe":5,"Suspected/Accumulated":450,"Total/Accumulated":7773,"Severe/Accumulated":56},"MedicalActs":{"Suspected":76,"Total":333,"Suspected/Accumulated":384,"Total/Accumulated":7249},"MedicalTests":{"Total":2,"Total/Accumulated":75,"Confirmed/Accumulated":7}},"geometry":{"type":"Point","coordinates":[-0.4028230593607306,49.05443785388125]}},{"type":"Feature","properties":{"Country/Region":"France","Province/State":"Cantal","Code":"15","Population":{"Total":142811,"Under19":26571,"Under39":24954,"Under59":38397,"Under74":32697,"Over75":20192},"Beds":{"Resuscitation":8,"IntensiveCare":30,"Total":38},"Confirmed":17,"Severe":5,"Critical":1,"Emergencies":{"Suspected":3,"Total":40,"Severe":3,"Suspected/Accumulated":14,"Total/Accumulated":1434,"Severe/Accumulated":10},"MedicalTests":{"Total/Accumulated":2}},"geometry":{"type":"Point","coordinates":[2.7066918215613374,45.02447219330856]}},{"type":"Feature","properties":{"Country/Region":"France","Province/State":"Charente","Code":"16","Population":{"Total":348180,"Under19":71324,"Under39":69355,"Under59":91186,"Under74":72860,"Over75":43455},"Beds":{"Resuscitation":12,"IntensiveCare":36,"Total":48},"Confirmed":10,"Deaths":1,"Recovered":2,"Severe":5,"Critical":3,"Emergencies":{"Suspected":10,"Total":98,"Severe":3,"Suspected/Accumulated":30,"Total/Accumulated":4056,"Severe/Accumulated":11},"MedicalTests":{"Total/Accumulated":2}},"geometry":{"type":"Point","coordinates":[0.2054574390243902,45.733938821138196]}},{"type":"Feature","properties":{"Country/Region":"France","Province/State":"Charente-Maritime","Code":"17","Population":{"Total":647080,"Under19":130618,"Under39":119836,"Under59":164314,"Under74":146996,"Over75":85316},"Beds":{"Resuscitation":30,"IntensiveCare":72,"Total":102},"Confirmed":49,"Deaths":1,"Recovered":5,"Severe":12,"Critical":4,"Emergencies":{"Suspected":21,"Total":233,"Severe":6,"Suspected/Accumulated":274,"Total/Accumulated":7697,"Severe/Accumulated":57},"MedicalActs":{"Suspected":4,"Total":67,"Suspected/Accumulated":6,"Total/Accumulated":1136},"MedicalTests":{"Total/Accumulated":40,"Confirmed/Accumulated":4}},"geometry":{"type":"Point","coordinates":[-0.734802142857143,45.8164405357143]}},{"type":"Feature","properties":{"Country/Region":"France","Province/State":"Cher","Code":"18","Population":{"Total":296404,"Under19":61933,"Under39":57193,"Under59":76912,"Under74":62985,"Over75":37381},"Beds":{"Resuscitation":12,"IntensiveCare":32,"Total":44},"Confirmed":12,"Emergencies":{"Suspected":12,"Total":75,"Suspected/Accumulated":133,"Total/Accumulated":2400,"Severe/Accumulated":2},"MedicalActs":{"Suspected":4,"Total":96,"Suspected/Accumulated":13,"Total/Accumulated":4063},"MedicalTests":{"Total":10,"Confirmed":2,"Total/Accumulated":45,"Confirmed/Accumulated":10}},"geometry":{"type":"Point","coordinates":[2.420866293436294,47.03802115830117]}},{"type":"Feature","properties":{"Country/Region":"France","Province/State":"Corrèze","Code":"19","Population":{"Total":240336,"Under19":48146,"Under39":45056,"Under59":62186,"Under74":52206,"Over75":32742},"Beds":{"Resuscitation":15,"IntensiveCare":42,"Total":57},"Confirmed":23,"Deaths":1,"Severe":4,"Emergencies":{"Suspected":14,"Total":74,"Severe":14,"Suspected/Accumulated":44,"Total/Accumulated":2980,"Severe/Accumulated":43},"MedicalTests":{"Total/Accumulated":5}},"geometry":{"type":"Point","coordinates":[1.8952178059071727,45.37689915611812]}},{"type":"Feature","properties":{"Country/Region":"France","Province/State":"Côte-d'Or","Code":"21","Population":{"Total":532886,"Under19":121633,"Under39":128314,"Under59":134514,"Under74":95451,"Over75":52974},"Beds":{"Resuscitation":57,"IntensiveCare":190,"Total":247},"Deaths":4,"Recovered":73,"Severe":101,"Critical":31,"Emergencies":{"Suspected":14,"Total":126,"Severe":8,"Suspected/Accumulated":214,"Total/Accumulated":5234,"Severe/Accumulated":108},"MedicalActs":{"Suspected":28,"Total":89,"Suspected/Accumulated":211,"Total/Accumulated":2423},"MedicalTests":{"Total":1,"Total/Accumulated":34,"Confirmed/Accumulated":6},"Confirmed":1},"geometry":{"type":"Point","coordinates":[4.781845107913668,47.44940406474819]}},{"type":"Feature","properties":{"Country/Region":"France","Province/State":"Côtes-d'Armor","Code":"22","Population":{"Total":596186,"Under19":131217,"Under39":108675,"Under59":153257,"Under74":128481,"Over75":74556},"Beds":{"Resuscitation":14,"IntensiveCare":32,"Total":46},"Confirmed":33,"Deaths":1,"Recovered":3,"Severe":7,"Critical":1,"Emergencies":{"Total":111,"Suspected/Accumulated":40,"Total/Accumulated":4827,"Severe/Accumulated":14},"MedicalTests":{"Total/Accumulated":2}},"geometry":{"type":"Point","coordinates":[-2.8283123411371243,48.47540434782613]}},{"type":"Feature","properties":{"Country/Region":"France","Province/State":"Creuse","Code":"23","Population":{"Total":116270,"Under19":20766,"Under39":19388,"Under59":30402,"Under74":28640,"Over75":17074},"Beds":{"Resuscitation":8,"IntensiveCare":16,"Total":24},"Confirmed":12,"Severe":1,"Emergencies":{"Suspected":13,"Total":57,"Suspected/Accumulated":86,"Total/Accumulated":1293,"Severe/Accumulated":3}},"geometry":{"type":"Point","coordinates":[1.9795267256637192,46.07153353982301]}},{"type":"Feature","properties":{"Country/Region":"France","Province/State":"Dordogne","Code":"24","Population":{"Total":408393,"Under19":76430,"Under39":70201,"Under59":107402,"Under74":96538,"Over75":57822},"Beds":{"Resuscitation":19,"IntensiveCare":36,"Total":55},"Confirmed":13,"Recovered":2,"Severe":6,"Critical":3,"Emergencies":{"Suspected":7,"Total":111,"Severe":5,"Suspected/Accumulated":34,"Total/Accumulated":3256,"Severe/Accumulated":26},"MedicalTests":{"Total/Accumulated":17,"Confirmed/Accumulated":2}},"geometry":{"type":"Point","coordinates":[0.7502005172413793,45.100126827586195]}},{"type":"Feature","properties":{"Country/Region":"France","Province/State":"Doubs","Code":"25","Population":{"Total":539449,"Under19":132582,"Under39":130504,"Under59":135120,"Under74":90502,"Over75":50741},"Beds":{"Resuscitation":40,"IntensiveCare":262,"Total":302},"Deaths":8,"Recovered":20,"Severe":63,"Critical":21,"Emergencies":{"Suspected":31,"Total":124,"Severe":9,"Suspected/Accumulated":314,"Total/Accumulated":4135,"Severe/Accumulated":107},"MedicalActs":{"Suspected":33,"Total":149,"Suspected/Accumulated":120,"Total/Accumulated":2887},"MedicalTests":{"Total/Accumulated":9,"Confirmed/Accumulated":2}},"geometry":{"type":"Point","coordinates":[6.359828136363636,47.17302813636364]}},{"type":"Feature","properties":{"Country/Region":"France","Province/State":"Drôme","Code":"26","Population":{"Total":520560,"Under19":125073,"Under39":110455,"Under59":134338,"Under74":95865,"Over75":54829},"Beds":{"Resuscitation":24,"IntensiveCare":68,"Total":92},"Confirmed":99,"Deaths":7,"Recovered":3,"Severe":46,"Critical":11,"Emergencies":{"Suspected":40,"Total":163,"Severe":21,"Suspected/Accumulated":214,"Total/Accumulated":5799,"Severe/Accumulated":96},"MedicalTests":{"Total/Accumulated":73,"Confirmed/Accumulated":20}},"geometry":{"type":"Point","coordinates":[5.213618019801983,44.63170462046205]}},{"type":"Feature","properties":{"Country/Region":"France","Province/State":"Eure","Code":"27","Population":{"Total":600687,"Under19":151745,"Under39":128858,"Under59":160781,"Under74":106586,"Over75":52717},"Beds":{"Resuscitation":12,"IntensiveCare":44,"Total":56},"Confirmed":53,"Severe":12,"Critical":4,"Emergencies":{"Total":85,"Suspected/Accumulated":14,"Total/Accumulated":3304,"Severe/Accumulated":1},"MedicalTests":{"Total":3,"Confirmed":1,"Total/Accumulated":42,"Confirmed/Accumulated":6},"Deaths":1},"geometry":{"type":"Point","coordinates":[0.9927279220779222,49.13064012987015]}},{"type":"Feature","properties":{"Country/Region":"France","Province/State":"Eure-et-Loir","Code":"28","Population":{"Total":429425,"Under19":106266,"Under39":90617,"Under59":113525,"Under74":76422,"Over75":42595},"Beds":{"Resuscitation":20,"IntensiveCare":44,"Total":64},"Confirmed":58,"Deaths":2,"Recovered":2,"Severe":15,"Critical":4,"Emergencies":{"Suspected":5,"Total":165,"Severe":2,"Suspected/Accumulated":74,"Total/Accumulated":5935,"Severe/Accumulated":17},"MedicalTests":{"Total":3,"Total/Accumulated":39,"Confirmed/Accumulated":10}},"geometry":{"type":"Point","coordinates":[1.3718229302325597,48.39856558139533]}},{"type":"Feature","properties":{"Country/Region":"France","Province/State":"Finistère","Code":"29","Population":{"Total":906554,"Under19":201332,"Under39":189857,"Under59":237308,"Under74":178715,"Over75":99342},"Beds":{"Resuscitation":66,"IntensiveCare":142,"Total":208},"Confirmed":99,"Deaths":2,"Recovered":9,"Severe":20,"Critical":5,"Emergencies":{"Suspected":26,"Total":279,"Suspected/Accumulated":65,"Total/Accumulated":11443,"Severe/Accumulated":5},"MedicalActs":{"Suspected":17,"Total":169,"Suspected/Accumulated":97,"Total/Accumulated":4096},"MedicalTests":{"Total/Accumulated":7,"Confirmed/Accumulated":3}},"geometry":{"type":"Point","coordinates":[-4.16814140056023,48.26300924369748]}},{"type":"Feature","properties":{"Country/Region":"France","Province/State":"Gard","Code":"30","Population":{"Total":748468,"Under19":170615,"Under39":154480,"Under59":195429,"Under74":147114,"Over75":80830},"Beds":{"Resuscitation":49,"IntensiveCare":108,"Total":157},"Deaths":2,"Recovered":11,"Severe":14,"Critical":3,"Emergencies":{"Suspected":13,"Total":228,"Severe":3,"Suspected/Accumulated":41,"Total/Accumulated":8642,"Severe/Accumulated":8},"MedicalActs":{"Suspected":18,"Total":97,"Suspected/Accumulated":50,"Total/Accumulated":1943},"Confirmed":44,"MedicalTests":{"Total/Accumulated":13,"Confirmed/Accumulated":1}},"geometry":{"type":"Point","coordinates":[4.0572744791666695,44.00851614583332]}},{"type":"Feature","properties":{"Country/Region":"France","Province/State":"Haute-Garonne","Code":"31","Population":{"Total":1400935,"Under19":335750,"Under39":398589,"Under59":358515,"Under74":197921,"Over75":110160},"Beds":{"Resuscitation":161,"IntensiveCare":430,"Total":591},"Deaths":2,"Recovered":23,"Severe":65,"Critical":18,"Emergencies":{"Suspected":21,"Total":404,"Severe":5,"Suspected/Accumulated":452,"Total/Accumulated":14148,"Severe/Accumulated":206},"MedicalActs":{"Suspected":42,"Total":197,"Suspected/Accumulated":270,"Total/Accumulated":3404},"MedicalTests":{"Total":1,"Confirmed":1,"Total/Accumulated":12,"Confirmed/Accumulated":3},"Confirmed":72},"geometry":{"type":"Point","coordinates":[1.1686918356164382,43.33252969863011]}},{"type":"Feature","properties":{"Country/Region":"France","Province/State":"Gers","Code":"32","Population":{"Total":190040,"Under19":37581,"Under39":32714,"Under59":51231,"Under74":41871,"Over75":26643},"Beds":{"Resuscitation":8,"IntensiveCare":8,"Total":16},"Severe":4,"Critical":3,"Emergencies":{"Suspected":6,"Total":48,"Severe":2,"Suspected/Accumulated":55,"Total/Accumulated":1381,"Severe/Accumulated":26},"Confirmed":14,"MedicalTests":{"Total/Accumulated":36,"Confirmed/Accumulated":8}},"geometry":{"type":"Point","coordinates":[0.447782880658436,43.70601049382714]}},{"type":"Feature","properties":{"Country/Region":"France","Province/State":"Gironde","Code":"33","Population":{"Total":1633440,"Under19":380317,"Under39":415128,"Under59":425319,"Under74":267580,"Over75":145096},"Beds":{"Resuscitation":183,"IntensiveCare":262,"Total":445},"Confirmed":106,"Deaths":3,"Recovered":13,"Severe":54,"Critical":23,"Emergencies":{"Suspected":65,"Total":470,"Severe":24,"Suspected/Accumulated":356,"Total/Accumulated":15512,"Severe/Accumulated":112},"MedicalActs":{"Suspected":190,"Total":893,"Suspected/Accumulated":1299,"Total/Accumulated":19260},"MedicalTests":{"Total":1,"Confirmed":1,"Total/Accumulated":331,"Confirmed/Accumulated":23}},"geometry":{"type":"Point","coordinates":[-0.41644369747899174,44.756299705882356]}},{"type":"Feature","properties":{"Country/Region":"France","Province/State":"Hérault","Code":"34","Population":{"Total":1176145,"Under19":268258,"Under39":286299,"Under59":292794,"Under74":208723,"Over75":120071},"Beds":{"Resuscitation":124,"IntensiveCare":342,"Total":466},"Deaths":7,"Recovered":53,"Severe":74,"Critical":24,"Emergencies":{"Suspected":15,"Total":419,"Severe":10,"Suspected/Accumulated":216,"Total/Accumulated":14829,"Severe/Accumulated":105},"MedicalActs":{"Suspected":29,"Total":122,"Suspected/Accumulated":137,"Total/Accumulated":2422},"Confirmed":171,"MedicalTests":{"Total/Accumulated":13}},"geometry":{"type":"Point","coordinates":[3.2725271495327104,43.601788971962634]}},{"type":"Feature","properties":{"Country/Region":"France","Province/State":"Ille-et-Vilaine","Code":"35","Population":{"Total":1082073,"Under19":274429,"Under39":270693,"Under59":278610,"Under74":165623,"Over75":92718},"Beds":{"Resuscitation":60,"IntensiveCare":224,"Total":284},"Confirmed":91,"Deaths":1,"Recovered":18,"Severe":27,"Critical":13,"Emergencies":{"Suspected":41,"Total":316,"Severe":19,"Suspected/Accumulated":218,"Total/Accumulated":10679,"Severe/Accumulated":102},"MedicalActs":{"Suspected":11,"Total":209,"Suspected/Accumulated":97,"Total/Accumulated":3777},"MedicalTests":{"Total":1,"Total/Accumulated":7}},"geometry":{"type":"Point","coordinates":[-1.7401927338129495,48.18315345323742]}},{"type":"Feature","properties":{"Country/Region":"France","Province/State":"Indre","Code":"36","Population":{"Total":217139,"Under19":42951,"Under39":38506,"Under59":56292,"Under74":48986,"Over75":30404},"Beds":{"Resuscitation":10,"IntensiveCare":18,"Total":28},"Confirmed":27,"Severe":5,"Critical":2,"Emergencies":{"Suspected":2,"Total":62,"Severe":2,"Suspected/Accumulated":6,"Total/Accumulated":2097,"Severe/Accumulated":4},"MedicalTests":{"Total":1,"Total/Accumulated":17,"Confirmed/Accumulated":3}},"geometry":{"type":"Point","coordinates":[1.576445147679325,46.764304345991526]}},{"type":"Feature","properties":{"Country/Region":"France","Province/State":"Indre-et-Loire","Code":"37","Population":{"Total":605380,"Under19":142122,"Under39":136574,"Under59":153731,"Under74":108623,"Over75":64330},"Beds":{"Resuscitation":79,"IntensiveCare":116,"Total":195},"Confirmed":64,"Deaths":1,"Recovered":1,"Severe":13,"Critical":5,"Emergencies":{"Suspected":16,"Total":138,"Severe":8,"Suspected/Accumulated":121,"Total/Accumulated":6040,"Severe/Accumulated":63},"MedicalActs":{"Suspected":15,"Total":156,"Suspected/Accumulated":67,"Total/Accumulated":3801},"MedicalTests":{"Total/Accumulated":45,"Confirmed/Accumulated":3}},"geometry":{"type":"Point","coordinates":[0.6915947413793099,47.23521443965518]}},{"type":"Feature","properties":{"Country/Region":"France","Province/State":"Isère","Code":"38","Population":{"Total":1264979,"Under19":319977,"Under39":298730,"Under59":332378,"Under74":201842,"Over75":112052},"Beds":{"Resuscitation":74,"IntensiveCare":178,"Total":252},"Confirmed":117,"Deaths":2,"Recovered":14,"Severe":36,"Critical":2,"Emergencies":{"Suspected":4,"Total":371,"Severe":3,"Suspected/Accumulated":47,"Total/Accumulated":14685,"Severe/Accumulated":14},"MedicalActs":{"Suspected":52,"Total":177,"Suspected/Accumulated":311,"Total/Accumulated":4117},"MedicalTests":{"Total/Accumulated":363,"Confirmed/Accumulated":34}},"geometry":{"type":"Point","coordinates":[5.557470704225359,45.27668616197182]}},{"type":"Feature","properties":{"Country/Region":"France","Province/State":"Jura","Code":"39","Population":{"Total":257849,"Under19":57639,"Under39":51064,"Under59":68521,"Under74":50575,"Over75":30050},"Beds":{"Resuscitation":8,"IntensiveCare":18,"Total":26},"Recovered":2,"Severe":8,"Critical":1,"Emergencies":{"Suspected":11,"Total":113,"Severe":3,"Suspected/Accumulated":128,"Total/Accumulated":3423,"Severe/Accumulated":40},"Deaths":1,"MedicalTests":{"Total/Accumulated":6,"Confirmed/Accumulated":1}},"geometry":{"type":"Point","coordinates":[5.6395758823529425,46.756161447963784]}},{"type":"Feature","properties":{"Country/Region":"France","Province/State":"Landes","Code":"40","Population":{"Total":411979,"Under19":85144,"Under39":78495,"Under59":112191,"Under74":86896,"Over75":49253},"Beds":{"Resuscitation":14,"IntensiveCare":32,"Total":46},"Confirmed":20,"Emergencies":{"Suspected":11,"Total":91,"Severe":7,"Suspected/Accumulated":107,"Total/Accumulated":3286,"Severe/Accumulated":44},"MedicalTests":{"Total/Accumulated":19,"Confirmed/Accumulated":1}},"geometry":{"type":"Point","coordinates":[-0.5772234449760769,43.8801859808612]}},{"type":"Feature","properties":{"Country/Region":"France","Province/State":"Loir-et-Cher","Code":"41","Population":{"Total":327835,"Under19":72953,"Under39":62903,"Under59":86073,"Under74":65923,"Over75":39983},"Beds":{"Resuscitation":12,"IntensiveCare":16,"Total":28},"Confirmed":28,"Severe":4,"Emergencies":{"Suspected":14,"Total":112,"Suspected/Accumulated":22,"Total/Accumulated":4112},"Recovered":1,"MedicalTests":{"Total/Accumulated":6,"Confirmed/Accumulated":4}},"geometry":{"type":"Point","coordinates":[1.3938662132352944,47.653275698529406]}},{"type":"Feature","properties":{"Country/Region":"France","Province/State":"Loire","Code":"42","Population":{"Total":764737,"Under19":186049,"Under39":167975,"Under59":190702,"Under74":136240,"Over75":83771},"Beds":{"Resuscitation":70,"IntensiveCare":120,"Total":190},"Confirmed":217,"Deaths":8,"Recovered":16,"Severe":98,"Critical":23,"Emergencies":{"Suspected":16,"Total":304,"Severe":6,"Suspected/Accumulated":75,"Total/Accumulated":11981,"Severe/Accumulated":42},"MedicalActs":{"Suspected":8,"Total":132,"Suspected/Accumulated":78,"Total/Accumulated":2928},"MedicalTests":{"Total":1,"Total/Accumulated":6}},"geometry":{"type":"Point","coordinates":[4.189998267716536,45.74292366141733]}},{"type":"Feature","properties":{"Country/Region":"France","Province/State":"Haute-Loire","Code":"43","Population":{"Total":226901,"Under19":49659,"Under39":43248,"Under59":60903,"Under74":46857,"Over75":26234},"Beds":{"Resuscitation":8,"IntensiveCare":20,"Total":28},"Confirmed":13,"Recovered":7,"Severe":5,"Critical":2,"Emergencies":{"Total":13,"Total/Accumulated":480},"MedicalTests":{"Total/Accumulated":8,"Confirmed/Accumulated":1}},"geometry":{"type":"Point","coordinates":[3.7869054017857136,45.15054486607143]}},{"type":"Feature","properties":{"Country/Region":"France","Province/State":"Loire-Atlantique","Code":"44","Population":{"Total":1437137,"Under19":363681,"Under39":357664,"Under59":368059,"Under74":227458,"Over75":120275},"Beds":{"Resuscitation":77,"IntensiveCare":262,"Total":339},"Deaths":2,"Recovered":14,"Severe":50,"Critical":12,"Emergencies":{"Suspected":29,"Total":222,"Severe":18,"Suspected/Accumulated":341,"Total/Accumulated":9304,"Severe/Accumulated":71},"MedicalActs":{"Suspected":101,"Total":562,"Suspected/Accumulated":647,"Total/Accumulated":11807},"MedicalTests":{"Total":1,"Confirmed":1,"Total/Accumulated":14,"Confirmed/Accumulated":5},"Confirmed":39},"geometry":{"type":"Point","coordinates":[-1.6902253409090902,47.33230598484852]}},{"type":"Feature","properties":{"Country/Region":"France","Province/State":"Loiret","Code":"45","Population":{"Total":682890,"Under19":172345,"Under39":155348,"Under59":174617,"Under74":115984,"Over75":64596},"Beds":{"Resuscitation":47,"IntensiveCare":120,"Total":167},"Confirmed":102,"Deaths":1,"Recovered":7,"Severe":37,"Critical":12,"Emergencies":{"Suspected":3,"Total":223,"Severe":1,"Suspected/Accumulated":9,"Total/Accumulated":6954,"Severe/Accumulated":6},"MedicalActs":{"Suspected":9,"Total":55,"Suspected/Accumulated":50,"Total/Accumulated":1146},"MedicalTests":{"Total/Accumulated":61,"Confirmed/Accumulated":11}},"geometry":{"type":"Point","coordinates":[2.383405222672066,47.91302979757084]}},{"type":"Feature","properties":{"Country/Region":"France","Province/State":"Lot","Code":"46","Population":{"Total":173166,"Under19":31861,"Under39":29365,"Under59":44533,"Under74":41623,"Over75":25784},"Beds":{"Resuscitation":8,"IntensiveCare":8,"Total":16},"Recovered":5,"Severe":1,"Emergencies":{"Total":68,"Total/Accumulated":2048},"Confirmed":4,"MedicalTests":{"Total/Accumulated":3}},"geometry":{"type":"Point","coordinates":[1.5901290212765966,44.59231876595746]}},{"type":"Feature","properties":{"Country/Region":"France","Province/State":"Lot-et-Garonne","Code":"47","Population":{"Total":330336,"Under19":69990,"Under39":64149,"Under59":84272,"Under74":68912,"Over75":43013},"Beds":{"Resuscitation":11,"IntensiveCare":36,"Total":47},"Confirmed":65,"Recovered":1,"Severe":15,"Critical":4,"Emergencies":{"Suspected":10,"Total":98,"Severe":3,"Suspected/Accumulated":426,"Total/Accumulated":4328,"Severe/Accumulated":41},"MedicalTests":{"Total/Accumulated":28}},"geometry":{"type":"Point","coordinates":[0.4871552444444442,44.39576413333333]}},{"type":"Feature","properties":{"Country/Region":"France","Province/State":"Lozère","Code":"48","Population":{"Total":76286,"Under19":15582,"Under39":14895,"Under59":20255,"Under74":15962,"Over75":9592},"Beds":{"Resuscitation":3,"IntensiveCare":0,"Total":3},"Recovered":1,"Severe":2,"Emergencies":{"Suspected":1,"Total":3,"Suspected/Accumulated":12,"Total/Accumulated":590,"Severe/Accumulated":3},"MedicalTests":{"Total":1,"Confirmed":1,"Total/Accumulated":1,"Confirmed/Accumulated":1},"Confirmed":8},"geometry":{"type":"Point","coordinates":[3.494722131979694,44.51333609137059]}},{"type":"Feature","properties":{"Country/Region":"France","Province/State":"Maine-et-Loire","Code":"49","Population":{"Total":815881,"Under19":204162,"Under39":184600,"Under59":204421,"Under74":138603,"Over75":84095},"Beds":{"Resuscitation":61,"IntensiveCare":196,"Total":257},"Deaths":2,"Recovered":40,"Severe":22,"Critical":6,"Emergencies":{"Suspected":38,"Total":218,"Severe":9,"Suspected/Accumulated":261,"Total/Accumulated":7113,"Severe/Accumulated":80},"Confirmed":27,"MedicalTests":{"Total/Accumulated":10,"Confirmed/Accumulated":2}},"geometry":{"type":"Point","coordinates":[-0.6000336862745095,47.406434431372546]}},{"type":"Feature","properties":{"Country/Region":"France","Province/State":"Manche","Code":"50","Population":{"Total":490669,"Under19":105402,"Under39":96439,"Under59":126734,"Under74":101121,"Over75":60973},"Beds":{"Resuscitation":28,"IntensiveCare":52,"Total":80},"Confirmed":87,"Recovered":3,"Severe":19,"Critical":5,"Emergencies":{"Suspected":1,"Total":154,"Severe":1,"Suspected/Accumulated":44,"Total/Accumulated":6448,"Severe/Accumulated":28},"MedicalActs":{"Suspected":16,"Total":91,"Suspected/Accumulated":112,"Total/Accumulated":3164},"MedicalTests":{"Total/Accumulated":25,"Confirmed/Accumulated":4}},"geometry":{"type":"Point","coordinates":[-1.3097769083969464,49.05127938931302]}},{"type":"Feature","properties":{"Country/Region":"France","Province/State":"Marne","Code":"51","Population":{"Total":563823,"Under19":136695,"Under39":137533,"Under59":142415,"Under74":97015,"Over75":50165},"Beds":{"Resuscitation":54,"IntensiveCare":78,"Total":132},"Deaths":3,"Recovered":27,"Severe":92,"Critical":19,"Emergencies":{"Suspected":21,"Total":190,"Severe":7,"Suspected/Accumulated":113,"Total/Accumulated":5945,"Severe/Accumulated":44},"MedicalActs":{"Suspected":8,"Total":60,"Suspected/Accumulated":49,"Total/Accumulated":886},"Confirmed":37,"MedicalTests":{"Total/Accumulated":36,"Confirmed/Accumulated":6}},"geometry":{"type":"Point","coordinates":[4.209888097014927,48.936171417910444]}},{"type":"Feature","properties":{"Country/Region":"France","Province/State":"Haute-Marne","Code":"52","Population":{"Total":169250,"Under19":34865,"Under39":34065,"Under59":44268,"Under74":35981,"Over75":20071},"Beds":{"Resuscitation":8,"IntensiveCare":12,"Total":20},"Deaths":4,"Recovered":5,"Severe":13,"Critical":2,"Emergencies":{"Suspected":17,"Total":70,"Severe":3,"Suspected/Accumulated":71,"Total/Accumulated":2268,"Severe/Accumulated":12},"Confirmed":7,"MedicalTests":{"Total/Accumulated":19,"Confirmed/Accumulated":3}},"geometry":{"type":"Point","coordinates":[5.203108577075099,48.126414822134386]}},{"type":"Feature","properties":{"Country/Region":"France","Province/State":"Mayenne","Code":"53","Population":{"Total":305365,"Under19":74868,"Under39":61839,"Under59":78619,"Under74":55705,"Over75":34334},"Beds":{"Resuscitation":8,"IntensiveCare":16,"Total":24},"Recovered":3,"Severe":9,"Critical":2,"Emergencies":{"Suspected":6,"Total":32,"Severe":1,"Suspected/Accumulated":10,"Total/Accumulated":1252,"Severe/Accumulated":2},"Confirmed":5,"MedicalTests":{"Total/Accumulated":3}},"geometry":{"type":"Point","coordinates":[-0.6361607305936071,48.153668493150704]}},{"type":"Feature","properties":{"Country/Region":"France","Province/State":"Meurthe-et-Moselle","Code":"54","Population":{"Total":730398,"Under19":170693,"Under39":185629,"Under59":182526,"Under74":124808,"Over75":66742},"Beds":{"Resuscitation":83,"IntensiveCare":172,"Total":255},"Deaths":16,"Recovered":12,"Severe":105,"Critical":57,"Emergencies":{"Suspected":36,"Total":222,"Severe":18,"Suspected/Accumulated":166,"Total/Accumulated":7290,"Severe/Accumulated":77},"MedicalActs":{"Suspected":19,"Total":184,"Suspected/Accumulated":58,"Total/Accumulated":3424},"Confirmed":85,"MedicalTests":{"Total/Accumulated":21,"Confirmed/Accumulated":9}},"geometry":{"type":"Point","coordinates":[6.092894571428565,48.892416158730185]}},{"type":"Feature","properties":{"Country/Region":"France","Province/State":"Meuse","Code":"55","Population":{"Total":181641,"Under19":40375,"Under39":37641,"Under59":47696,"Under74":36898,"Over75":19031},"Beds":{"Resuscitation":8,"IntensiveCare":20,"Total":28},"Deaths":1,"Recovered":7,"Severe":60,"Critical":6,"Emergencies":{"Suspected":8,"Total":37,"Severe":5,"Suspected/Accumulated":80,"Total/Accumulated":2021,"Severe/Accumulated":23},"Confirmed":18,"MedicalTests":{"Total/Accumulated":2}},"geometry":{"type":"Point","coordinates":[5.380316626506025,49.03635373493975]}},{"type":"Feature","properties":{"Country/Region":"France","Province/State":"Morbihan","Code":"56","Population":{"Total":755566,"Under19":166653,"Under39":145287,"Under59":197813,"Under74":159285,"Over75":86528},"Beds":{"Resuscitation":22,"IntensiveCare":64,"Total":86},"Confirmed":174,"Deaths":13,"Recovered":63,"Severe":77,"Critical":15,"Emergencies":{"Suspected":24,"Total":216,"Severe":1,"Suspected/Accumulated":983,"Total/Accumulated":7744,"Severe/Accumulated":36},"MedicalActs":{"Suspected":7,"Total":84,"Suspected/Accumulated":26,"Total/Accumulated":1894},"MedicalTests":{"Total/Accumulated":1}},"geometry":{"type":"Point","coordinates":[-2.8780210594315263,47.764317932816574]}},{"type":"Feature","properties":{"Country/Region":"France","Province/State":"Moselle","Code":"57","Population":{"Total":1035866,"Under19":229681,"Under39":243525,"Under59":278966,"Under74":186864,"Over75":96830},"Beds":{"Resuscitation":88,"IntensiveCare":112,"Total":200},"Deaths":32,"Recovered":51,"Severe":332,"Critical":72,"Emergencies":{"Suspected":120,"Total":506,"Severe":45,"Suspected/Accumulated":745,"Total/Accumulated":13336,"Severe/Accumulated":228},"Confirmed":295,"MedicalTests":{"Total/Accumulated":58,"Confirmed/Accumulated":18}},"geometry":{"type":"Point","coordinates":[6.73973678343949,49.04168831210189]}},{"type":"Feature","properties":{"Country/Region":"France","Province/State":"Nièvre","Code":"58","Population":{"Total":199596,"Under19":38191,"Under39":34484,"Under59":50426,"Under74":47745,"Over75":28750},"Beds":{"Resuscitation":12,"IntensiveCare":32,"Total":44},"Severe":1,"Critical":1,"Emergencies":{"Total":89,"Suspected/Accumulated":100,"Total/Accumulated":3246,"Severe/Accumulated":57},"Confirmed":2,"MedicalTests":{"Total/Accumulated":24,"Confirmed/Accumulated":1}},"geometry":{"type":"Point","coordinates":[3.547376999999999,47.143300999999994]}},{"type":"Feature","properties":{"Country/Region":"France","Province/State":"Nord","Code":"59","Population":{"Total":2588988,"Under19":675470,"Under39":665053,"Under59":646791,"Under74":405380,"Over75":196294},"Beds":{"Resuscitation":225,"IntensiveCare":698,"Total":923},"Deaths":11,"Recovered":36,"Severe":138,"Critical":43,"Emergencies":{"Suspected":82,"Total":877,"Severe":25,"Suspected/Accumulated":730,"Total/Accumulated":33098,"Severe/Accumulated":186},"MedicalActs":{"Suspected":70,"Total":461,"Suspected/Accumulated":348,"Total/Accumulated":13964},"MedicalTests":{"Total":2,"Total/Accumulated":55,"Confirmed/Accumulated":8},"Confirmed":39},"geometry":{"type":"Point","coordinates":[3.1893953197674403,50.453616308139516]}},{"type":"Feature","properties":{"Country/Region":"France","Province/State":"Oise","Code":"60","Population":{"Total":825077,"Under19":214776,"Under39":193026,"Under59":221783,"Under74":134365,"Over75":61127},"Beds":{"Resuscitation":36,"IntensiveCare":92,"Total":128},"Deaths":50,"Recovered":47,"Severe":147,"Critical":28,"Emergencies":{"Suspected":2,"Total":129,"Suspected/Accumulated":5,"Total/Accumulated":3225,"Severe/Accumulated":1},"MedicalTests":{"Total":7,"Confirmed":4,"Total/Accumulated":77,"Confirmed/Accumulated":29},"Confirmed":210},"geometry":{"type":"Point","coordinates":[2.463008007117438,49.41459999999999]}},{"type":"Feature","properties":{"Country/Region":"France","Province/State":"Orne","Code":"61","Population":{"Total":276903,"Under19":59830,"Under39":51781,"Under59":70741,"Under74":58679,"Over75":35872},"Beds":{"Resuscitation":16,"IntensiveCare":24,"Total":40},"Confirmed":23,"Recovered":4,"Severe":4,"Critical":1,"Emergencies":{"Suspected":6,"Total":98,"Suspected/Accumulated":38,"Total/Accumulated":3977,"Severe/Accumulated":2},"MedicalTests":{"Total":1,"Total/Accumulated":70,"Confirmed/Accumulated":8}},"geometry":{"type":"Point","coordinates":[0.01997467181467186,48.611762664092666]}},{"type":"Feature","properties":{"Country/Region":"France","Province/State":"Pas-de-Calais","Code":"62","Population":{"Total":1452778,"Under19":367229,"Under39":336274,"Under59":374200,"Under74":255788,"Over75":119287},"Beds":{"Resuscitation":85,"IntensiveCare":274,"Total":359},"Deaths":2,"Recovered":35,"Severe":50,"Critical":20,"Emergencies":{"Suspected":12,"Total":145,"Severe":1,"Suspected/Accumulated":96,"Total/Accumulated":7337,"Severe/Accumulated":25},"MedicalTests":{"Total":1,"Total/Accumulated":23,"Confirmed/Accumulated":3},"Confirmed":8},"geometry":{"type":"Point","coordinates":[2.4712310954063605,50.40984130742051]}},{"type":"Feature","properties":{"Country/Region":"France","Province/State":"Puy-de-Dôme","Code":"63","Population":{"Total":660240,"Under19":147680,"Under39":153022,"Under59":169492,"Under74":122442,"Over75":67604},"Beds":{"Resuscitation":77,"IntensiveCare":104,"Total":181},"Confirmed":57,"Recovered":11,"Severe":10,"Critical":2,"Emergencies":{"Suspected":4,"Total":72,"Severe":1,"Suspected/Accumulated":13,"Total/Accumulated":2886,"Severe/Accumulated":5},"MedicalActs":{"Suspected":7,"Total":82,"Suspected/Accumulated":36,"Total/Accumulated":2339},"MedicalTests":{"Total/Accumulated":2}},"geometry":{"type":"Point","coordinates":[3.143235039370079,45.73685830708661]}},{"type":"Feature","properties":{"Country/Region":"France","Province/State":"Pyrénées-Atlantiques","Code":"64","Population":{"Total":683169,"Under19":144945,"Under39":141910,"Under59":182850,"Under74":130868,"Over75":82596},"Beds":{"Resuscitation":35,"IntensiveCare":110,"Total":145},"Confirmed":41,"Deaths":1,"Recovered":2,"Severe":15,"Critical":1,"Emergencies":{"Suspected":7,"Total":191,"Severe":4,"Suspected/Accumulated":236,"Total/Accumulated":7752,"Severe/Accumulated":39},"MedicalActs":{"Suspected":56,"Total":328,"Suspected/Accumulated":438,"Total/Accumulated":7072},"MedicalTests":{"Total":10,"Confirmed":4,"Total/Accumulated":110,"Confirmed/Accumulated":11}},"geometry":{"type":"Point","coordinates":[-0.7610906397306391,43.26238828282827]}},{"type":"Feature","properties":{"Country/Region":"France","Province/State":"Hautes-Pyrénées","Code":"65","Population":{"Total":226839,"Under19":44839,"Under39":42373,"Under59":59329,"Under74":49523,"Over75":30775},"Beds":{"Resuscitation":12,"IntensiveCare":44,"Total":56},"Recovered":1,"Severe":6,"Critical":1,"Emergencies":{"Total":51,"Suspected/Accumulated":3,"Total/Accumulated":2033,"Severe/Accumulated":2},"Confirmed":11,"MedicalTests":{"Total/Accumulated":22,"Confirmed/Accumulated":2}},"geometry":{"type":"Point","coordinates":[0.15248105932203385,43.134416483050856]}},{"type":"Feature","properties":{"Country/Region":"France","Province/State":"Pyrénées-Orientales","Code":"66","Population":{"Total":479000,"Under19":102236,"Under39":93899,"Under59":121501,"Under74":99671,"Over75":61693},"Beds":{"Resuscitation":32,"IntensiveCare":64,"Total":96},"Deaths":5,"Recovered":5,"Severe":68,"Critical":21,"Emergencies":{"Suspected":21,"Total":166,"Severe":7,"Suspected/Accumulated":77,"Total/Accumulated":6526,"Severe/Accumulated":24},"MedicalActs":{"Suspected":25,"Total":136,"Suspected/Accumulated":74,"Total/Accumulated":2870},"Confirmed":35,"MedicalTests":{"Total/Accumulated":3}},"geometry":{"type":"Point","coordinates":[2.4354706043956034,42.554231208791215]}},{"type":"Feature","properties":{"Country/Region":"France","Province/State":"Bas-Rhin","Code":"67","Population":{"Total":1132607,"Under19":258105,"Under39":285390,"Under59":300661,"Under74":188150,"Over75":100301},"Beds":{"Resuscitation":122,"IntensiveCare":208,"Total":330},"Deaths":38,"Recovered":51,"Severe":463,"Critical":110,"Emergencies":{"Suspected":78,"Total":278,"Severe":59,"Suspected/Accumulated":562,"Total/Accumulated":9038,"Severe/Accumulated":344},"MedicalActs":{"Suspected":91,"Total":430,"Suspected/Accumulated":434,"Total/Accumulated":7840},"Confirmed":376,"MedicalTests":{"Total/Accumulated":20,"Confirmed/Accumulated":5}},"geometry":{"type":"Point","coordinates":[7.447409099526063,48.70509469194314]}},{"type":"Feature","properties":{"Country/Region":"France","Province/State":"Haut-Rhin","Code":"68","Population":{"Total":763204,"Under19":175817,"Under39":172286,"Under59":209152,"Under74":134185,"Over75":71764},"Beds":{"Resuscitation":70,"IntensiveCare":136,"Total":206},"Deaths":136,"Recovered":221,"Severe":538,"Critical":94,"Emergencies":{"Suspected":76,"Total":274,"Severe":48,"Suspected/Accumulated":885,"Total/Accumulated":7764,"Severe/Accumulated":585},"MedicalActs":{"Suspected":64,"Total":151,"Suspected/Accumulated":494,"Total/Accumulated":2721},"MedicalTests":{"Total":5,"Confirmed":4,"Total/Accumulated":204,"Confirmed/Accumulated":96},"Confirmed":700},"geometry":{"type":"Point","coordinates":[7.263731571428571,47.83921192857142]}},{"type":"Feature","properties":{"Country/Region":"France","Province/State":"Rhône","Code":"69","Population":{"Total":1876051,"Under19":478142,"Under39":523161,"Under59":455898,"Under74":259877,"Over75":158973},"Beds":{"Resuscitation":192,"IntensiveCare":422,"Total":614},"Confirmed":381,"Deaths":35,"Recovered":80,"Severe":326,"Critical":48,"Emergencies":{"Suspected":106,"Total":564,"Severe":54,"Suspected/Accumulated":892,"Total/Accumulated":21629,"Severe/Accumulated":411},"MedicalActs":{"Suspected":97,"Total":417,"Suspected/Accumulated":657,"Total/Accumulated":7465},"MedicalTests":{"Total":14,"Confirmed":7,"Total/Accumulated":313,"Confirmed/Accumulated":70}},"geometry":{"type":"Point","coordinates":[4.660707512690354,45.8811785786802]}},{"type":"Feature","properties":{"Country/Region":"France","Province/State":"Haute-Saône","Code":"70","Population":{"Total":233194,"Under19":52426,"Under39":45311,"Under59":62843,"Under74":47643,"Over75":24971},"Beds":{"Resuscitation":12,"IntensiveCare":24,"Total":36},"Recovered":5,"Severe":26,"Critical":6,"Emergencies":{"Suspected":29,"Total":64,"Severe":11,"Suspected/Accumulated":169,"Total/Accumulated":2505,"Severe/Accumulated":82},"Deaths":1,"MedicalTests":{"Total/Accumulated":58,"Confirmed/Accumulated":23}},"geometry":{"type":"Point","coordinates":[6.0410172972972935,47.62793234234234]}},{"type":"Feature","properties":{"Country/Region":"France","Province/State":"Saône-et-Loire","Code":"71","Population":{"Total":547824,"Under19":117389,"Under39":104206,"Under59":141715,"Under74":114530,"Over75":69984},"Beds":{"Resuscitation":26,"IntensiveCare":44,"Total":70},"Deaths":12,"Recovered":36,"Severe":65,"Critical":6,"Emergencies":{"Suspected":38,"Total":205,"Severe":21,"Suspected/Accumulated":627,"Total/Accumulated":7203,"Severe/Accumulated":231},"MedicalTests":{"Total":1,"Total/Accumulated":47,"Confirmed/Accumulated":6}},"geometry":{"type":"Point","coordinates":[4.528318691588785,46.63876112149533]}},{"type":"Feature","properties":{"Country/Region":"France","Province/State":"Sarthe","Code":"72","Population":{"Total":560227,"Under19":135636,"Under39":116946,"Under59":143032,"Under74":103587,"Over75":61026},"Beds":{"Resuscitation":17,"IntensiveCare":54,"Total":71},"Recovered":6,"Severe":11,"Emergencies":{"Suspected":24,"Total":176,"Severe":13,"Suspected/Accumulated":376,"Total/Accumulated":6443,"Severe/Accumulated":149},"Confirmed":19,"MedicalTests":{"Total/Accumulated":3,"Confirmed/Accumulated":1}},"geometry":{"type":"Point","coordinates":[0.1986467741935485,47.9763005529954]}},{"type":"Feature","properties":{"Country/Region":"France","Province/State":"Savoie","Code":"73","Population":{"Total":432548,"Under19":98346,"Under39":96013,"Under59":117417,"Under74":76722,"Over75":44050},"Beds":{"Resuscitation":18,"IntensiveCare":36,"Total":54},"Confirmed":72,"Deaths":2,"Recovered":8,"Severe":22,"Critical":2,"Emergencies":{"Suspected":7,"Total":82,"Severe":4,"Suspected/Accumulated":16,"Total/Accumulated":4176,"Severe/Accumulated":6},"MedicalActs":{"Suspected":21,"Total":69,"Suspected/Accumulated":120,"Total/Accumulated":2569},"MedicalTests":{"Total/Accumulated":33,"Confirmed/Accumulated":3}},"geometry":{"type":"Point","coordinates":[6.4038603585657325,45.50301760956176]}},{"type":"Feature","properties":{"Country/Region":"France","Province/State":"Haute-Savoie","Code":"74","Population":{"Total":828405,"Under19":203837,"Under39":209477,"Under59":227355,"Under74":122439,"Over75":65297},"Beds":{"Resuscitation":34,"IntensiveCare":82,"Total":116},"Confirmed":256,"Deaths":10,"Recovered":58,"Severe":64,"Critical":11,"Emergencies":{"Suspected":24,"Total":332,"Severe":9,"Suspected/Accumulated":213,"Total/Accumulated":12824,"Severe/Accumulated":64},"MedicalActs":{"Suspected":31,"Total":136,"Suspected/Accumulated":186,"Total/Accumulated":3190},"MedicalTests":{"Total":5,"Confirmed":2,"Total/Accumulated":367,"Confirmed/Accumulated":77}},"geometry":{"type":"Point","coordinates":[6.452374226804124,46.01403216494844]}},{"type":"Feature","properties":{"Country/Region":"France","Province/State":"Paris","Code":"75","Population":{"Total":2148271,"Under19":406652,"Under39":718825,"Under59":536676,"Under74":311978,"Over75":174140},"Beds":{"Resuscitation":389,"IntensiveCare":1082,"Total":1471},"Deaths":40,"Recovered":145,"Severe":728,"Critical":195,"Emergencies":{"Suspected":392,"Total":996,"Severe":82,"Suspected/Accumulated":2798,"Total/Accumulated":27049,"Severe/Accumulated":642},"MedicalActs":{"Suspected":208,"Total":706,"Suspected/Accumulated":1413,"Total/Accumulated":21630},"MedicalTests":{"Total":145,"Confirmed":63,"Total/Accumulated":1185,"Confirmed/Accumulated":483},"Confirmed":126},"geometry":{"type":"Point","coordinates":[2.3550152173913044,48.8535647826087]}},{"type":"Feature","properties":{"Country/Region":"France","Province/State":"Seine-Maritime","Code":"76","Population":{"Total":1243788,"Under19":303968,"Under39":294607,"Under59":310458,"Under74":218116,"Over75":116639},"Beds":{"Resuscitation":93,"IntensiveCare":300,"Total":393},"Confirmed":170,"Deaths":8,"Recovered":6,"Severe":72,"Critical":11,"Emergencies":{"Suspected":20,"Total":397,"Severe":9,"Suspected/Accumulated":122,"Total/Accumulated":17210,"Severe/Accumulated":34},"MedicalActs":{"Suspected":11,"Total":88,"Suspected/Accumulated":66,"Total/Accumulated":2314},"MedicalTests":{"Total":1,"Confirmed":1,"Total/Accumulated":76,"Confirmed/Accumulated":10}},"geometry":{"type":"Point","coordinates":[1.114674462365592,49.5942889784946]}},{"type":"Feature","properties":{"Country/Region":"France","Province/State":"Seine-et-Marne","Code":"77","Population":{"Total":1423607,"Under19":392025,"Under39":357752,"Under59":382068,"Under74":199768,"Over75":91994},"Beds":{"Resuscitation":77,"IntensiveCare":100,"Total":177},"Deaths":3,"Recovered":23,"Severe":127,"Critical":41,"Emergencies":{"Suspected":44,"Total":319,"Severe":28,"Suspected/Accumulated":636,"Total/Accumulated":10992,"Severe/Accumulated":175},"MedicalActs":{"Suspected":63,"Total":285,"Suspected/Accumulated":295,"Total/Accumulated":6160},"MedicalTests":{"Total":10,"Confirmed":7,"Total/Accumulated":165,"Confirmed/Accumulated":53},"Confirmed":42},"geometry":{"type":"Point","coordinates":[2.9385241532258073,48.61862185483869]}},{"type":"Feature","properties":{"Country/Region":"France","Province/State":"Yvelines","Code":"78","Population":{"Total":1448625,"Under19":385814,"Under39":341694,"Under59":394186,"Under74":209492,"Over75":117439},"Beds":{"Resuscitation":84,"IntensiveCare":204,"Total":288},"Deaths":14,"Recovered":34,"Severe":206,"Critical":43,"Emergencies":{"Suspected":30,"Total":460,"Severe":11,"Suspected/Accumulated":314,"Total/Accumulated":15430,"Severe/Accumulated":95},"MedicalActs":{"Suspected":39,"Total":185,"Suspected/Accumulated":309,"Total/Accumulated":4080},"MedicalTests":{"Total":12,"Confirmed":3,"Total/Accumulated":287,"Confirmed/Accumulated":84},"Confirmed":70},"geometry":{"type":"Point","coordinates":[1.8294258823529415,48.80823257352944]}},{"type":"Feature","properties":{"Country/Region":"France","Province/State":"Deux-Sèvres","Code":"79","Population":{"Total":372627,"Under19":85106,"Under39":73604,"Under59":98839,"Under74":72067,"Over75":43011},"Beds":{"Resuscitation":8,"IntensiveCare":36,"Total":44},"Confirmed":11,"Deaths":1,"Recovered":11,"Severe":8,"Critical":1,"Emergencies":{"Suspected":5,"Total":91,"Severe":1,"Suspected/Accumulated":52,"Total/Accumulated":4110,"Severe/Accumulated":7},"MedicalTests":{"Total/Accumulated":5}},"geometry":{"type":"Point","coordinates":[-0.29978133828996273,46.53994301115242]}},{"type":"Feature","properties":{"Country/Region":"France","Province/State":"Somme","Code":"80","Population":{"Total":569769,"Under19":138211,"Under39":134953,"Under59":144752,"Under74":100734,"Over75":51119},"Beds":{"Resuscitation":58,"IntensiveCare":164,"Total":222},"Deaths":20,"Recovered":21,"Severe":124,"Critical":39,"Emergencies":{"Suspected":27,"Total":184,"Severe":9,"Suspected/Accumulated":299,"Total/Accumulated":7211,"Severe/Accumulated":119},"MedicalActs":{"Suspected":58,"Total":188,"Suspected/Accumulated":312,"Total/Accumulated":5991},"MedicalTests":{"Total":6,"Confirmed":2,"Total/Accumulated":48,"Confirmed/Accumulated":22},"Confirmed":54},"geometry":{"type":"Point","coordinates":[2.3486719850187256,49.97418277153558]}},{"type":"Feature","properties":{"Country/Region":"France","Province/State":"Tarn","Code":"81","Population":{"Total":387898,"Under19":84873,"Under39":74511,"Under59":102349,"Under74":77279,"Over75":48886},"Beds":{"Resuscitation":24,"IntensiveCare":70,"Total":94},"Deaths":1,"Recovered":4,"Severe":10,"Critical":3,"Emergencies":{"Suspected":2,"Total":117,"Suspected/Accumulated":97,"Total/Accumulated":4998,"Severe/Accumulated":19},"Confirmed":14,"MedicalTests":{"Total/Accumulated":16,"Confirmed/Accumulated":1}},"geometry":{"type":"Point","coordinates":[2.1808796818181815,43.78627254545453]}},{"type":"Feature","properties":{"Country/Region":"France","Province/State":"Tarn-et-Garonne","Code":"82","Population":{"Total":262618,"Under19":63559,"Under39":53023,"Under59":70354,"Under74":48046,"Over75":27636},"Beds":{"Resuscitation":18,"IntensiveCare":40,"Total":58},"Deaths":1,"Recovered":1,"Severe":3,"Critical":1,"Emergencies":{"Suspected":15,"Total":83,"Severe":4,"Suspected/Accumulated":195,"Total/Accumulated":2758,"Severe/Accumulated":48},"Confirmed":11,"MedicalTests":{"Total/Accumulated":2}},"geometry":{"type":"Point","coordinates":[1.3350866094420606,44.1164032618026]}},{"type":"Feature","properties":{"Country/Region":"France","Province/State":"Var","Code":"83","Population":{"Total":1073836,"Under19":224216,"Under39":215361,"Under59":276842,"Under74":218239,"Over75":139178},"Beds":{"Resuscitation":60,"IntensiveCare":84,"Total":144},"Confirmed":186,"Deaths":2,"Recovered":106,"Severe":56,"Critical":22,"Emergencies":{"Suspected":20,"Total":337,"Severe":9,"Suspected/Accumulated":191,"Total/Accumulated":12062,"Severe/Accumulated":96},"MedicalActs":{"Suspected":99,"Total":431,"Suspected/Accumulated":837,"Total/Accumulated":11084},"MedicalTests":{"Total":1,"Total/Accumulated":170,"Confirmed/Accumulated":22}},"geometry":{"type":"Point","coordinates":[6.2341132170542615,43.37767961240309]}},{"type":"Feature","properties":{"Country/Region":"France","Province/State":"Vaucluse","Code":"84","Population":{"Total":560997,"Under19":132211,"Under39":118607,"Under59":147247,"Under74":103567,"Over75":59365},"Beds":{"Resuscitation":16,"IntensiveCare":60,"Total":76},"Confirmed":45,"Deaths":1,"Recovered":11,"Severe":22,"Critical":5,"Emergencies":{"Suspected":17,"Total":248,"Severe":7,"Suspected/Accumulated":123,"Total/Accumulated":8931,"Severe/Accumulated":58},"MedicalActs":{"Total":25,"Suspected/Accumulated":7,"Total/Accumulated":699},"MedicalTests":{"Total":1,"Confirmed":1,"Total/Accumulated":48,"Confirmed/Accumulated":10}},"geometry":{"type":"Point","coordinates":[5.137687100591716,44.08826047337278]}},{"type":"Feature","properties":{"Country/Region":"France","Province/State":"Vendée","Code":"85","Population":{"Total":683187,"Under19":155162,"Under39":132680,"Under59":176377,"Under74":142178,"Over75":76790},"Beds":{"Resuscitation":18,"IntensiveCare":44,"Total":62},"Recovered":8,"Severe":7,"Critical":5,"Emergencies":{"Suspected":14,"Total":162,"Severe":7,"Suspected/Accumulated":169,"Total/Accumulated":6521,"Severe/Accumulated":40},"Confirmed":9,"MedicalTests":{"Total/Accumulated":5,"Confirmed/Accumulated":1}},"geometry":{"type":"Point","coordinates":[-1.3851340601503754,46.70726116541352]}},{"type":"Feature","properties":{"Country/Region":"France","Province/State":"Vienne","Code":"86","Population":{"Total":437398,"Under19":101362,"Under39":100176,"Under59":108284,"Under74":79480,"Over75":48096},"Beds":{"Resuscitation":53,"IntensiveCare":124,"Total":177},"Confirmed":53,"Deaths":1,"Recovered":1,"Severe":13,"Critical":1,"Emergencies":{"Suspected":1,"Total":111,"Severe":1,"Suspected/Accumulated":5,"Total/Accumulated":4130,"Severe/Accumulated":2},"MedicalTests":{"Total/Accumulated":8,"Confirmed/Accumulated":2}},"geometry":{"type":"Point","coordinates":[0.42368070921985806,46.57872638297872]}},{"type":"Feature","properties":{"Country/Region":"France","Province/State":"Haute-Vienne","Code":"87","Population":{"Total":370774,"Under19":79173,"Under39":77448,"Under59":94509,"Under74":74186,"Over75":45458},"Beds":{"Resuscitation":24,"IntensiveCare":144,"Total":168},"Confirmed":21,"Deaths":1,"Recovered":2,"Severe":13,"Critical":2,"Emergencies":{"Suspected":3,"Total":125,"Severe":2,"Suspected/Accumulated":29,"Total/Accumulated":5128,"Severe/Accumulated":20},"MedicalActs":{"Suspected":22,"Total":128,"Suspected/Accumulated":69,"Total/Accumulated":3805},"MedicalTests":{"Total/Accumulated":2,"Confirmed/Accumulated":1}},"geometry":{"type":"Point","coordinates":[1.2410431872509962,45.895894860557746]}},{"type":"Feature","properties":{"Country/Region":"France","Province/State":"Vosges","Code":"88","Population":{"Total":359520,"Under19":77042,"Under39":70274,"Under59":94740,"Under74":75920,"Over75":41544},"Beds":{"Resuscitation":8,"IntensiveCare":24,"Total":32},"Deaths":22,"Recovered":16,"Severe":62,"Critical":9,"Emergencies":{"Suspected":53,"Total":157,"Severe":17,"Suspected/Accumulated":545,"Total/Accumulated":5428,"Severe/Accumulated":173},"Confirmed":66,"MedicalTests":{"Total/Accumulated":22,"Confirmed/Accumulated":9}},"geometry":{"type":"Point","coordinates":[6.2957204247104235,48.23006027027029]}},{"type":"Feature","properties":{"Country/Region":"France","Province/State":"Yonne","Code":"89","Population":{"Total":332096,"Under19":73991,"Under39":64975,"Under59":86159,"Under74":68966,"Over75":38005},"Beds":{"Resuscitation":18,"IntensiveCare":32,"Total":50},"Deaths":2,"Recovered":1,"Severe":13,"Critical":3,"Emergencies":{"Suspected":27,"Total":176,"Severe":6,"Suspected/Accumulated":241,"Total/Accumulated":6177,"Severe/Accumulated":34},"MedicalActs":{"Suspected":2,"Total":73,"Suspected/Accumulated":98,"Total/Accumulated":1796},"MedicalTests":{"Total":2,"Total/Accumulated":53,"Confirmed/Accumulated":8}},"geometry":{"type":"Point","coordinates":[3.57333820338983,47.84307762711864]}},{"type":"Feature","properties":{"Country/Region":"France","Province/State":"Territoire de Belfort","Code":"90","Population":{"Total":140145,"Under19":33166,"Under39":32553,"Under59":36366,"Under74":24639,"Over75":13421},"Beds":{"Resuscitation":25,"IntensiveCare":40,"Total":65},"Deaths":14,"Recovered":28,"Severe":68,"Critical":14,"Emergencies":{"Suspected":34,"Total":84,"Severe":23,"Suspected/Accumulated":155,"Total/Accumulated":2656,"Severe/Accumulated":96},"MedicalTests":{"Total/Accumulated":12,"Confirmed/Accumulated":3}},"geometry":{"type":"Point","coordinates":[6.93897388888889,47.60873597222223]}},{"type":"Feature","properties":{"Country/Region":"France","Province/State":"Essonne","Code":"91","Population":{"Total":1319401,"Under19":360333,"Under39":338878,"Under59":349395,"Under74":176919,"Over75":93876},"Beds":{"Resuscitation":97,"IntensiveCare":164,"Total":261},"Deaths":5,"Recovered":12,"Severe":196,"Critical":47,"Emergencies":{"Suspected":79,"Total":384,"Severe":35,"Suspected/Accumulated":706,"Total/Accumulated":11508,"Severe/Accumulated":173},"MedicalActs":{"Suspected":29,"Total":166,"Suspected/Accumulated":156,"Total/Accumulated":3271},"MedicalTests":{"Total":39,"Confirmed":22,"Total/Accumulated":428,"Confirmed/Accumulated":198},"Confirmed":30},"geometry":{"type":"Point","coordinates":[2.2519983333333338,48.50948216666667]}},{"type":"Feature","properties":{"Country/Region":"France","Province/State":"Hauts-de-Seine","Code":"92","Population":{"Total":1613762,"Under19":393984,"Under39":457571,"Under59":428782,"Under74":211036,"Over75":122389},"Beds":{"Resuscitation":184,"IntensiveCare":276,"Total":460},"Deaths":21,"Recovered":87,"Severe":378,"Critical":95,"Emergencies":{"Suspected":69,"Total":451,"Severe":12,"Suspected/Accumulated":570,"Total/Accumulated":16626,"Severe/Accumulated":176},"MedicalTests":{"Total":34,"Confirmed":17,"Total/Accumulated":504,"Confirmed/Accumulated":207},"Confirmed":59},"geometry":{"type":"Point","coordinates":[2.2538900000000006,48.84266823529411]}},{"type":"Feature","properties":{"Country/Region":"France","Province/State":"Seine-Saint-Denis","Code":"93","Population":{"Total":1670149,"Under19":485032,"Under39":478299,"Under59":428192,"Under74":194935,"Over75":83691},"Beds":{"Resuscitation":100,"IntensiveCare":218,"Total":318},"Deaths":23,"Recovered":41,"Severe":263,"Critical":75,"Emergencies":{"Suspected":78,"Total":664,"Severe":23,"Suspected/Accumulated":635,"Total/Accumulated":19287,"Severe/Accumulated":118},"MedicalTests":{"Total":50,"Confirmed":26,"Total/Accumulated":395,"Confirmed/Accumulated":200},"Confirmed":45},"geometry":{"type":"Point","coordinates":[2.474763409090909,48.91863045454546]}},{"type":"Feature","properties":{"Country/Region":"France","Province/State":"Val-de-Marne","Code":"94","Population":{"Total":1406041,"Under19":359600,"Under39":390124,"Under59":368199,"Under74":187814,"Over75":100304},"Beds":{"Resuscitation":156,"IntensiveCare":338,"Total":494},"Deaths":17,"Recovered":90,"Severe":306,"Critical":78,"Emergencies":{"Suspected":152,"Total":568,"Severe":70,"Suspected/Accumulated":1299,"Total/Accumulated":17996,"Severe/Accumulated":486},"MedicalTests":{"Total":11,"Confirmed":5,"Total/Accumulated":132,"Confirmed/Accumulated":57},"Confirmed":48},"geometry":{"type":"Point","coordinates":[2.47453725,48.775524499999996]}},{"type":"Feature","properties":{"Country/Region":"France","Province/State":"Val-d'Oise","Code":"95","Population":{"Total":1248354,"Under19":357525,"Under39":326622,"Under59":322949,"Under74":166265,"Over75":74993},"Beds":{"Resuscitation":60,"IntensiveCare":130,"Total":190},"Deaths":18,"Recovered":81,"Severe":281,"Critical":66,"Emergencies":{"Suspected":170,"Total":526,"Severe":50,"Suspected/Accumulated":1272,"Total/Accumulated":16896,"Severe/Accumulated":429},"MedicalActs":{"Suspected":82,"Total":346,"Suspected/Accumulated":557,"Total/Accumulated":7045},"MedicalTests":{"Total":75,"Confirmed":52,"Total/Accumulated":1115,"Confirmed/Accumulated":440},"Confirmed":60},"geometry":{"type":"Point","coordinates":[2.092522396694214,49.08765355371902]}},{"type":"Feature","properties":{"Country/Region":"France","Province/State":"La Réunion","Code":"974","Population":{"Total":859959,"Under19":256143,"Under39":202783,"Under59":239212,"Under74":117045,"Over75":44776},"Beds":{"Resuscitation":52,"IntensiveCare":154,"Total":206},"Severe":2,"Critical":2,"Emergencies":{"Total":223,"Suspected/Accumulated":59,"Total/Accumulated":9402,"Severe/Accumulated":54}},"geometry":{"type":"Point","coordinates":[55.52943947368424,-21.1374047368421]}}]}